community,group,round,item,shape,producer,word,correct
big,g10,1,28,4,1,huk,1
big,g10,1,28,4,3,huk,0
big,g10,1,28,4,5,huipo,0
big,g10,1,28,4,7,tuk,0
big,g10,1,25,4,2,keton,0
big,g10,1,25,4,4,hukk,0
big,g10,1,25,4,6,gnot,0
big,g10,1,25,4,8,wuk,0
big,g10,1,8,2,1,kuiton,0
big,g10,1,8,2,3,kito,0
big,g10,1,8,2,5,wangi,0
big,g10,1,8,2,7,gmimpi,0
big,g10,1,11,2,2,gak,0
big,g10,1,11,2,4,kitoo,1
big,g10,1,11,2,6,gnot,0
big,g10,1,11,2,8,gmip,0
big,g10,1,16,3,1,wangi,1
big,g10,1,16,3,3,kitooo,0
big,g10,1,16,3,5,wangi,1
big,g10,1,16,3,7,gmip,0
big,g10,1,2,1,2,keton,0
big,g10,1,2,1,4,keton,1
big,g10,1,2,1,6,gsew,0
big,g10,1,2,1,8,kwop,1
big,g10,1,24,4,1,huikop,0
big,g10,1,24,4,3,ketan,0
big,g10,1,24,4,5,tug,0
big,g10,1,24,4,7,houk,0
big,g10,1,4,1,2,tuing,0
big,g10,1,4,1,4,ketonn,0
big,g10,1,4,1,6,tug-tug,0
big,g10,1,4,1,8,kwot,1
big,g10,1,25,4,1,gukip,0
big,g10,1,25,4,3,ketonn,0
big,g10,1,25,4,5,gnot,0
big,g10,1,25,4,7,houki,0
big,g10,1,24,4,2,waust,0
big,g10,1,24,4,4,ketann,1
big,g10,1,24,4,6,gnot,0
big,g10,1,24,4,8,hougi,0
big,g10,1,2,1,1,tuing,0
big,g10,1,2,1,3,huk,0
big,g10,1,2,1,5,teg,0
big,g10,1,2,1,7,tuing,0
big,g10,1,16,3,2,wangi,1
big,g10,1,16,3,4,hukk,0
big,g10,1,16,3,6,wangi,1
big,g10,1,16,3,8,tuing,1
big,g10,1,28,4,1,hukop,0
big,g10,1,28,4,3,huk,0
big,g10,1,28,4,5,huip,0
big,g10,1,28,4,7,houki,0
big,g10,1,11,2,2,twep,0
big,g10,1,11,2,4,kito,0
big,g10,1,11,2,6,huip,0
big,g10,1,11,2,8,gmip,0
big,g10,1,8,2,1,twupok,0
big,g10,1,8,2,3,kitoo,1
big,g10,1,8,2,5,huipup,1
big,g10,1,8,2,7,gmimp,1
big,g10,1,28,4,2,gak,0
big,g10,1,28,4,4,tukk,0
big,g10,1,28,4,6,tug,1
big,g10,1,28,4,8,houki,0
big,g10,1,24,4,1,huikop,0
big,g10,1,24,4,3,tuki,0
big,g10,1,24,4,5,tugg,0
big,g10,1,24,4,7,houkie,0
big,g10,1,2,1,2,keton,1
big,g10,1,2,1,4,ketonn,0
big,g10,1,2,1,6,tug-tug,0
big,g10,1,2,1,8,kwop,0
big,g10,1,11,2,1,gak,0
big,g10,1,11,2,3,kito,0
big,g10,1,11,2,5,tugtug,0
big,g10,1,11,2,7,gmimpi,0
big,g10,1,8,2,2,huikop,0
big,g10,1,8,2,4,kitoo,0
big,g10,1,8,2,6,tuggg,0
big,g10,1,8,2,8,gmip,0
big,g10,1,16,3,1,wangi,1
big,g10,1,16,3,3,wiang,1
big,g10,1,16,3,5,wangi,1
big,g10,1,16,3,7,huiki,0
big,g10,1,25,4,2,oowet,0
big,g10,1,25,4,4,tukk,0
big,g10,1,25,4,6,knuip,0
big,g10,1,25,4,8,houki,0
big,g10,1,4,1,1,keton,0
big,g10,1,4,1,3,skig,0
big,g10,1,4,1,5,kiot,0
big,g10,1,4,1,7,kwop,1
big,g10,2,13,2,2,wangi,1
big,g10,2,13,2,4,tuk,0
big,g10,2,13,2,6,knuip,0
big,g10,2,13,2,8,gmipi,1
big,g10,2,11,2,1,gumo,0
big,g10,2,11,2,3,huk,0
big,g10,2,11,2,5,tukk,0
big,g10,2,11,2,7,wangu,0
big,g10,2,8,2,2,natog,0
big,g10,2,8,2,4,tukk,1
big,g10,2,8,2,6,hug,1
big,g10,2,8,2,8,gmip,0
big,g10,2,2,1,1,keton,0
big,g10,2,2,1,3,keton,0
big,g10,2,2,1,5,gnot,0
big,g10,2,2,1,7,kwot,0
big,g10,2,25,4,2,keton,0
big,g10,2,25,4,4,gnot,0
big,g10,2,25,4,6,huipo,0
big,g10,2,25,4,8,huigi,0
big,g10,2,16,3,1,wangi,0
big,g10,2,16,3,3,wiang,0
big,g10,2,16,3,5,wangi,0
big,g10,2,16,3,7,wangi,1
big,g10,2,13,2,2,wangi,0
big,g10,2,13,2,4,tuk,1
big,g10,2,13,2,6,tugg,0
big,g10,2,13,2,8,gmipi,1
big,g10,2,4,1,1,kotin,0
big,g10,2,4,1,3,skif,0
big,g10,2,4,1,5,gnott,0
big,g10,2,4,1,7,kwot,0
big,g10,2,15,3,2,kwest,0
big,g10,2,15,3,4,wangii,1
big,g10,2,15,3,6,wuigi,0
big,g10,2,15,3,8,wangu,1
big,g10,2,6,1,1,kiton,1
big,g10,2,6,1,3,wuigah,0
big,g10,2,6,1,5,gnot,0
big,g10,2,6,1,7,kwoti,0
big,g10,2,24,4,2,knewt,1
big,g10,2,24,4,4,gnott,0
big,g10,2,24,4,6,huipoo,0
big,g10,2,24,4,8,huigua,1
big,g10,2,28,4,1,hagui,1
big,g10,2,28,4,3,huipah,1
big,g10,2,28,4,5,gnot,0
big,g10,2,28,4,7,knewti,0
big,g10,2,6,1,2,kwoti,0
big,g10,2,6,1,4,keton,0
big,g10,2,6,1,6,wanguia,0
big,g10,2,6,1,8,keton,0
big,g10,2,8,2,1,wogtu,0
big,g10,2,8,2,3,keton,0
big,g10,2,8,2,5,wangiii,0
big,g10,2,8,2,7,gmimpi,0
big,g10,2,16,3,2,wangi,1
big,g10,2,16,3,4,wangi,1
big,g10,2,16,3,6,wangi,0
big,g10,2,16,3,8,wangi,1
big,g10,2,25,4,1,huikop,0
big,g10,2,25,4,3,wangto,0
big,g10,2,25,4,5,gnott,0
big,g10,2,25,4,7,huigi,1
big,g10,2,4,1,2,kwot,0
big,g10,2,4,1,4,ketonn,0
big,g10,2,4,1,6,wangto,0
big,g10,2,4,1,8,kotin,0
big,g10,2,15,3,1,wingu,1
big,g10,2,15,3,3,wangtoo,0
big,g10,2,15,3,5,wangii,1
big,g10,2,15,3,7,gmimpi,0
big,g10,2,28,4,2,gak,0
big,g10,2,28,4,4,gnottt,1
big,g10,2,28,4,6,huipo,1
big,g10,2,28,4,8,huiga,0
big,g10,2,13,2,1,kotin,0
big,g10,2,13,2,3,wiang,0
big,g10,2,13,2,5,tug,1
big,g10,2,13,2,7,gmimpi,0
big,g10,2,11,2,2,gak,0
big,g10,2,11,2,4,tuk,0
big,g10,2,11,2,6,wiang,0
big,g10,2,11,2,8,gmip,1
big,g10,2,24,4,1,huikop,0
big,g10,2,24,4,3,wiangg,0
big,g10,2,24,4,5,gnot,0
big,g10,2,24,4,7,houki,1
big,g10,2,2,1,2,kwoti,1
big,g10,2,2,1,4,keton,0
big,g10,2,2,1,6,wanga,1
big,g10,2,2,1,8,katin,0
big,g10,3,24,4,1,huikop,0
big,g10,3,24,4,3,keton,0
big,g10,3,24,4,5,gnot,0
big,g10,3,24,4,7,huigi,1
big,g10,3,13,2,2,wangi,0
big,g10,3,13,2,4,tukk,1
big,g10,3,13,2,6,tug,0
big,g10,3,13,2,8,gmipi,0
big,g10,3,7,1,1,katin,0
big,g10,3,7,1,3,ketonn,0
big,g10,3,7,1,5,gnot,0
big,g10,3,7,1,7,kwoti,0
big,g10,3,1,1,2,kwotu,0
big,g10,3,1,1,4,katinnn,1
big,g10,3,1,1,6,kwooti,1
big,g10,3,1,1,8,katon,0
big,g10,3,4,1,1,kutin,0
big,g10,3,4,1,3,katin,0
big,g10,3,4,1,5,kiot,0
big,g10,3,4,1,7,kwoeti,0
big,g10,3,8,2,2,keton,0
big,g10,3,8,2,4,tug,0
big,g10,3,8,2,6,tugg,0
big,g10,3,8,2,8,gmip,0
big,g10,3,26,4,1,hukop,1
big,g10,3,26,4,3,gmip,0
big,g10,3,26,4,5,gnot,0
big,g10,3,26,4,7,huigi,0
big,g10,3,25,4,2,gnoti,0
big,g10,3,25,4,4,hukup,1
big,g10,3,25,4,6,huigii,1
big,g10,3,25,4,8,huigi,0
big,g10,3,2,1,1,kotin,0
big,g10,3,2,1,3,huigi,0
big,g10,3,2,1,5,kioti,0
big,g10,3,2,1,7,kwoeti,0
big,g10,3,4,1,2,kwot,0
big,g10,3,4,1,4,katinn,0
big,g10,3,4,1,6,kwooti,1
big,g10,3,4,1,8,katin,0
big,g10,3,8,2,1,wagtin,0
big,g10,3,8,2,3,katiin,0
big,g10,3,8,2,5,tuk,0
big,g10,3,8,2,7,tugi,0
big,g10,3,26,4,2,gooon,0
big,g10,3,26,4,4,huukop,1
big,g10,3,26,4,6,huipoo,0
big,g10,3,26,4,8,huigo,0
big,g10,3,15,3,1,wingu,1
big,g10,3,15,3,3,huiga,0
big,g10,3,15,3,5,wangi,0
big,g10,3,15,3,7,huipo,0
big,g10,3,24,4,2,wasi,0
big,g10,3,24,4,4,huikop,1
big,g10,3,24,4,6,huipoo,0
big,g10,3,24,4,8,huige,0
big,g10,3,13,2,1,wagtu,0
big,g10,3,13,2,3,wiang,0
big,g10,3,13,2,5,wangi,0
big,g10,3,13,2,7,tugi,0
big,g10,3,7,1,2,kwota,1
big,g10,3,7,1,4,katon,0
big,g10,3,7,1,6,wuigi,0
big,g10,3,7,1,8,ketin,0
big,g10,3,1,1,1,katin,0
big,g10,3,1,1,3,ketuin,0
big,g10,3,1,1,5,kwotu,1
big,g10,3,1,1,7,kwotie,0
big,g10,3,2,1,2,kwoti,0
big,g10,3,2,1,4,katin,0
big,g10,3,2,1,6,kwotie,0
big,g10,3,2,1,8,kuutin,0
big,g10,3,26,4,1,huukop,1
big,g10,3,26,4,3,gmip,0
big,g10,3,26,4,5,gnot,1
big,g10,3,26,4,7,huigo,0
big,g10,3,11,2,2,gak,0
big,g10,3,11,2,4,tukk,1
big,g10,3,11,2,6,tugg,1
big,g10,3,11,2,8,gmipi,0
big,g10,3,25,4,1,hokop,0
big,g10,3,25,4,3,ketuin,0
big,g10,3,25,4,5,gnotii,0
big,g10,3,25,4,7,huigo,1
big,g10,3,6,1,2,kwoti,0
big,g10,3,6,1,4,ketan,1
big,g10,3,6,1,6,kwoetii,0
big,g10,3,6,1,8,kootin,0
big,g10,3,28,4,1,huikop,0
big,g10,3,28,4,3,kotuin,0
big,g10,3,28,4,5,gnotiii,1
big,g10,3,28,4,7,huigioe,1
big,g10,4,15,3,2,gaki,0
big,g10,4,15,3,3,hukuin,0
big,g10,4,15,3,5,wangii,1
big,g10,4,15,3,6,wangii,0
big,g10,4,17,3,1,wongu,0
big,g10,4,17,3,4,wangi,0
big,g10,4,17,3,7,wangu,1
big,g10,4,17,3,8,wangi,1
big,g10,4,14,2,2,gak,0
big,g10,4,14,2,3,wonguin,0
big,g10,4,14,2,5,tuk,1
big,g10,4,14,2,6,tuigg,0
big,g10,4,6,1,1,katinn,0
big,g10,4,6,1,4,keton,0
big,g10,4,6,1,7,kwoti,1
big,g10,4,6,1,8,kotin,0
big,g10,4,4,1,2,kwot,0
big,g10,4,4,1,3,ketin,0
big,g10,4,4,1,5,kwotii,0
big,g10,4,4,1,6,kotini,0
big,g10,4,10,2,1,wagtu,0
big,g10,4,10,2,4,tuk,0
big,g10,4,10,2,7,huigi,0
big,g10,4,10,2,8,gmip,0
big,g10,4,13,2,2,wangi,0
big,g10,4,13,2,3,wuigi,0
big,g10,4,13,2,5,huigu,1
big,g10,4,13,2,6,knipp,0
big,g10,4,8,2,1,wuga,0
big,g10,4,8,2,4,tukk,0
big,g10,4,8,2,7,huigo,0
big,g10,4,8,2,8,gmipi,1
big,g10,4,25,4,2,gwoti,0
big,g10,4,25,4,3,ketuin,0
big,g10,4,25,4,5,gnot,0
big,g10,4,25,4,6,huipo,0
big,g10,4,11,2,1,wugtu,0
big,g10,4,11,2,4,tuk,1
big,g10,4,11,2,7,tuki,0
big,g10,4,11,2,8,gmipi,0
big,g10,4,17,3,2,gak,0
big,g10,4,17,3,3,wugto,0
big,g10,4,17,3,5,wangu,1
big,g10,4,17,3,6,wwangi,0
big,g10,4,14,2,1,wugtu,0
big,g10,4,14,2,4,tug,0
big,g10,4,14,2,7,tuki,0
big,g10,4,14,2,8,knipp,0
big,g10,4,24,4,2,gwotu,0
big,g10,4,24,4,3,wugtuin,0
big,g10,4,24,4,5,gnot,1
big,g10,4,24,4,6,huuipo,1
big,g10,4,26,4,1,huukop,0
big,g10,4,26,4,4,gwotu,0
big,g10,4,26,4,7,gnoti,0
big,g10,4,26,4,8,huipo,1
big,g10,4,2,1,2,kwoti,0
big,g10,4,2,1,3,ketuin,0
big,g10,4,2,1,5,huigo,0
big,g10,4,2,1,6,gnuipi,0
big,g10,4,7,1,1,kutin,1
big,g10,4,7,1,4,ketan,0
big,g10,4,7,1,7,kwoti,0
big,g10,4,7,1,8,ketin,0
big,g10,4,16,3,2,wangi,1
big,g10,4,16,3,3,wiang,1
big,g10,4,16,3,5,wangi,0
big,g10,4,16,3,6,wangi,1
big,g10,4,28,4,1,huikop,0
big,g10,4,28,4,4,huikop,0
big,g10,4,28,4,7,huigo,0
big,g10,4,28,4,8,huipoo,1
big,g10,4,10,2,2,gakkkk,1
big,g10,4,10,2,3,ketuin,1
big,g10,4,10,2,5,huigi,0
big,g10,4,10,2,6,gnuipi,1
big,g10,4,1,1,1,kotin,0
big,g10,4,1,1,4,ketonn,1
big,g10,4,1,1,7,kwotu,1
big,g10,4,1,1,8,kotin,0
big,g10,4,4,1,2,keton,1
big,g10,4,4,1,3,hekop,0
big,g10,4,4,1,5,kwotie,0
big,g10,4,4,1,6,kotinn,1
big,g10,4,15,3,1,wingu,0
big,g10,4,15,3,4,wangii,0
big,g10,4,15,3,7,wangu,1
big,g10,4,15,3,8,wangii,0
big,g10,4,6,1,2,ketoni-kwot,0
big,g10,4,6,1,3,wiangg,0
big,g10,4,6,1,5,kwotu,1
big,g10,4,6,1,6,gnuipi,0
big,g10,5,21,3,1,wungu,0
big,g10,5,21,3,2,teppo,0
big,g10,5,21,3,4,wangii,0
big,g10,5,21,3,7,wangi,0
big,g10,5,3,1,3,ketongi,0
big,g10,5,3,1,5,huig,0
big,g10,5,3,1,6,gnuiga,0
big,g10,5,3,1,8,huigggh,0
big,g10,5,26,4,1,huukop,0
big,g10,5,26,4,2,gnota,0
big,g10,5,26,4,4,huikop,0
big,g10,5,26,4,7,huigi,0
big,g10,5,28,4,3,huiguin,0
big,g10,5,28,4,5,gnot,0
big,g10,5,28,4,6,huipo,0
big,g10,5,28,4,8,huitop,1
big,g10,5,15,3,1,wingu,0
big,g10,5,15,3,2,huipi,0
big,g10,5,15,3,4,wangu,0
big,g10,5,15,3,7,woeki,1
big,g10,5,10,2,3,katuin,0
big,g10,5,10,2,5,huigo,0
big,g10,5,10,2,6,tugg,0
big,g10,5,10,2,8,gmip,0
big,g10,5,16,3,1,wangu,0
big,g10,5,16,3,2,wangi,1
big,g10,5,16,3,4,wangii,1
big,g10,5,16,3,7,woeku,0
big,g10,5,11,2,3,haki,0
big,g10,5,11,2,5,huigi,0
big,g10,5,11,2,6,tuggi,1
big,g10,5,11,2,8,gmop,1
big,g10,5,8,2,1,huigu,1
big,g10,5,8,2,2,tuggu,0
big,g10,5,8,2,4,gmup,0
big,g10,5,8,2,7,hoeki,0
big,g10,5,6,1,3,wiango,0
big,g10,5,6,1,5,tuk,0
big,g10,5,6,1,6,guipi,0
big,g10,5,6,1,8,kotin,0
big,g10,5,7,1,1,higu,0
big,g10,5,7,1,2,kwota,0
big,g10,5,7,1,4,ketan,1
big,g10,5,7,1,7,wiango,0
big,g10,5,17,3,3,wiangoo,0
big,g10,5,17,3,5,wangu,0
big,g10,5,17,3,6,wwangi,0
big,g10,5,17,3,8,wanga,1
big,g10,5,23,4,1,huuki,0
big,g10,5,23,4,2,gwotu,0
big,g10,5,23,4,4,huikip,0
big,g10,5,23,4,7,waugu,0
big,g10,5,14,2,3,wiaguin,0
big,g10,5,14,2,5,huigo,0
big,g10,5,14,2,6,tugg,1
big,g10,5,14,2,8,gmipp,0
big,g10,5,13,2,1,hoigu,0
big,g10,5,13,2,2,tuggg,0
big,g10,5,13,2,4,gmopp,1
big,g10,5,13,2,7,wiangoo,0
big,g10,5,24,4,3,wianoh,0
big,g10,5,24,4,5,gnot,1
big,g10,5,24,4,6,huipoo,1
big,g10,5,24,4,8,huike,1
big,g10,5,4,1,1,huiki,0
big,g10,5,4,1,2,kwot-keton,1
big,g10,5,4,1,4,katin,1
big,g10,5,4,1,7,kwoti,1
big,g10,5,21,3,3,kwota,0
big,g10,5,21,3,5,wangu,0
big,g10,5,21,3,6,wangii,0
big,g10,5,21,3,8,waoangi,0
big,g10,5,3,1,1,huugi,1
big,g10,5,3,1,2,kwotu,0
big,g10,5,3,1,4,kotin,1
big,g10,5,3,1,7,kwoeti,0
big,g10,5,2,1,3,kwotui,0
big,g10,5,2,1,5,huugo,0
big,g10,5,2,1,6,kwotu,0
big,g10,5,2,1,8,keutin,1
big,g10,5,25,4,1,gnit,1
big,g10,5,25,4,2,gwoti,0
big,g10,5,25,4,4,huikap,1
big,g10,5,25,4,7,waumgi,0
big,g10,5,23,4,3,waumgi,1
big,g10,5,23,4,5,gnet,0
big,g10,5,23,4,6,gwoti,0
big,g10,5,23,4,8,huikep,1
big,g10,5,1,1,1,huuga,0
big,g10,5,1,1,2,kwotu,0
big,g10,5,1,1,4,kitan,0
big,g10,5,1,1,7,kwoeti,0
big,g10,6,5,1,3,wangui,0
big,g10,6,5,1,5,tuk,0
big,g10,6,5,1,6,gnuipi,0
big,g10,6,5,1,7,kwotie,0
big,g10,6,24,4,1,huiko,0
big,g10,6,24,4,2,gwota,0
big,g10,6,24,4,4,huikop,0
big,g10,6,24,4,8,huigee,0
big,g10,6,16,3,3,wiang,0
big,g10,6,16,3,5,wangi,0
big,g10,6,16,3,6,wangi,1
big,g10,6,16,3,7,wangi,1
big,g10,6,10,2,1,gnuupo,0
big,g10,6,10,2,2,gakk,0
big,g10,6,10,2,4,tug,0
big,g10,6,10,2,8,gmip,0
big,g10,6,2,1,3,wonga,0
big,g10,6,2,1,5,huug,0
big,g10,6,2,1,6,tugg,0
big,g10,6,2,1,7,kwoti,0
big,g10,6,13,2,1,gnopi,0
big,g10,6,13,2,2,wangi,0
big,g10,6,13,2,4,tog,0
big,g10,6,13,2,8,gmop,1
big,g10,6,21,3,3,wangon,0
big,g10,6,21,3,5,wangoe,1
big,g10,6,21,3,6,wwangi,1
big,g10,6,21,3,7,wangi,1
big,g10,6,28,4,1,huupi,0
big,g10,6,28,4,2,gwotii,0
big,g10,6,28,4,4,huikop,0
big,g10,6,28,4,8,huige,0
big,g10,6,9,2,3,tompi,0
big,g10,6,9,2,5,gmope,1
big,g10,6,9,2,6,gnuipi,0
big,g10,6,9,2,7,tukg,1
big,g10,6,1,1,1,gtogi,0
big,g10,6,1,1,2,kwotu-ketonu,0
big,g10,6,1,1,4,skoti,1
big,g10,6,1,1,8,took,1
big,g10,6,7,1,3,wanguin,1
big,g10,6,7,1,5,tooki,0
big,g10,6,7,1,6,gtogi,0
big,g10,6,7,1,7,kwoeti,0
big,g10,6,6,1,1,gtopi,1
big,g10,6,6,1,2,wangi,0
big,g10,6,6,1,4,kwati,1
big,g10,6,6,1,8,tookei,1
big,g10,6,14,2,3,tiki-tako,0
big,g10,6,14,2,5,gmopp,0
big,g10,6,14,2,6,tugg,0
big,g10,6,14,2,7,tugki,0
big,g10,6,11,2,1,tugi,1
big,g10,6,11,2,2,tiki-takooo,0
big,g10,6,11,2,4,tugi,1
big,g10,6,11,2,8,gmip,0
big,g10,6,3,1,3,wangoh,1
big,g10,6,3,1,5,took,1
big,g10,6,3,1,6,gnuipi,0
big,g10,6,3,1,7,kwotp,1
big,g10,6,17,3,1,wingu,1
big,g10,6,17,3,2,gak,0
big,g10,6,17,3,4,wangu,0
big,g10,6,17,3,8,wangi,0
big,g10,6,23,4,3,gak-i,0
big,g10,6,23,4,5,huug,1
big,g10,6,23,4,6,huipoo,0
big,g10,6,23,4,7,huikopi,0
big,g10,6,25,4,1,hopi,0
big,g10,6,25,4,2,gwoti,0
big,g10,6,25,4,4,huikop,0
big,g10,6,25,4,8,huoge,0
big,g10,6,22,4,3,gwot-iii,0
big,g10,6,22,4,5,huoge,1
big,g10,6,22,4,6,hupo,1
big,g10,6,22,4,7,huikop,1
big,g10,6,26,4,1,hopo,1
big,g10,6,26,4,2,gwot-i,1
big,g10,6,26,4,4,huikap,0
big,g10,6,26,4,8,huige,0
big,g10,6,8,2,3,tiki-tikih,1
big,g10,6,8,2,5,gmop,0
big,g10,6,8,2,6,tugg,1
big,g10,6,8,2,7,tugki,1
big,g10,6,4,1,1,guupi,0
big,g10,6,4,1,2,kwot-keton,0
big,g10,6,4,1,4,kwati,1
big,g10,6,4,1,8,takk,0
big,g10,6,15,3,3,kweton-tup,0
big,g10,6,15,3,5,wangoe,1
big,g10,6,15,3,6,wwangi,1
big,g10,6,15,3,7,wangi,0
big,g10,7,3,1,4,kenton,0
big,g10,7,3,1,5,tuk,0
big,g10,7,3,1,7,kwoeti,1
big,g10,7,3,1,8,tooku,0
big,g10,7,7,1,1,gwoepi,0
big,g10,7,7,1,2,tooka,0
big,g10,7,7,1,3,tuk-o,0
big,g10,7,7,1,6,kenton,0
big,g10,7,8,2,4,tugg,0
big,g10,7,8,2,5,gmop,1
big,g10,7,8,2,7,tugki,0
big,g10,7,8,2,8,gmip,0
big,g10,7,24,4,1,hoiki,1
big,g10,7,24,4,2,kwip,0
big,g10,7,24,4,3,wang-o,0
big,g10,7,24,4,6,huipoo,1
big,g10,7,10,2,4,tugg,0
big,g10,7,10,2,5,gemop-u,0
big,g10,7,10,2,7,teugki,0
big,g10,7,10,2,8,gmap,0
big,g10,7,16,3,1,wangu,0
big,g10,7,16,3,2,wangi,1
big,g10,7,16,3,3,wiang,0
big,g10,7,16,3,6,wwangi,0
big,g10,7,6,1,4,katin,1
big,g10,7,6,1,5,tukk,1
big,g10,7,6,1,7,kwoeti,1
big,g10,7,6,1,8,tooko,0
big,g10,7,21,3,1,wango,1
big,g10,7,21,3,2,gwip-ii,0
big,g10,7,21,3,3,keton,0
big,g10,7,21,3,6,wwangi,1
big,g10,7,13,2,4,tukk,0
big,g10,7,13,2,5,gmop,0
big,g10,7,13,2,7,tougki,1
big,g10,7,13,2,8,gmop,0
big,g10,7,26,4,1,hooki,1
big,g10,7,26,4,2,gwuipa,0
big,g10,7,26,4,3,wango,0
big,g10,7,26,4,6,hhuipo,0
big,g10,7,25,4,4,huipup,0
big,g10,7,25,4,5,gnot,0
big,g10,7,25,4,7,houikei,1
big,g10,7,25,4,8,gwuipo,1
big,g10,7,9,2,1,tiigu,0
big,g10,7,9,2,2,tiki-taki,0
big,g10,7,9,2,3,gnoti,0
big,g10,7,9,2,6,tugg,1
big,g10,7,11,2,4,tokk,1
big,g10,7,11,2,5,gmopu,1
big,g10,7,11,2,7,tiogi,1
big,g10,7,11,2,8,tiki-taki,0
big,g10,7,2,1,1,tuigpi,0
big,g10,7,2,1,2,kwoki,0
big,g10,7,2,1,3,tuk-ui,0
big,g10,7,2,1,6,knuipi,1
big,g10,7,4,1,4,knopi,1
big,g10,7,4,1,5,tuku,0
big,g10,7,4,1,7,kwouiti,1
big,g10,7,4,1,8,gwapui,0
big,g10,7,22,4,1,huupi,1
big,g10,7,22,4,2,gwuip,0
big,g10,7,22,4,3,gnotu,0
big,g10,7,22,4,6,huuiipo,1
big,g10,7,17,3,4,wangu,1
big,g10,7,17,3,5,wangoe,1
big,g10,7,17,3,7,wanugi,1
big,g10,7,17,3,8,wangao,0
big,g10,7,1,1,1,kwoupte,0
big,g10,7,1,1,2,kwokiii,0
big,g10,7,1,1,3,tuku,0
big,g10,7,1,1,6,knupi,0
big,g10,7,15,3,4,wango,1
big,g10,7,15,3,5,wangu,0
big,g10,7,15,3,7,waungui,0
big,g10,7,15,3,8,wangoo,0
big,g10,7,28,4,1,huopi,1
big,g10,7,28,4,2,gwuipi,1
big,g10,7,28,4,3,gnotu,0
big,g10,7,28,4,6,huipo,0
big,g10,7,23,4,4,huipu,1
big,g10,7,23,4,5,gnotuu,0
big,g10,7,23,4,7,hooikie,0
big,g10,7,23,4,8,gwuipa,1
big,g10,7,5,1,1,kwoupto,1
big,g10,7,5,1,2,kwoka,0
big,g10,7,5,1,3,tuk-oh,0
big,g10,7,5,1,6,knuupi,1
big,g10,7,14,2,4,tag,1
big,g10,7,14,2,5,gmop,0
big,g10,7,14,2,7,tugki,0
big,g10,7,14,2,8,gwip,0
big,g10,8,3,1,2,kwokau,0
big,g10,8,3,1,4,keton,0
big,g10,8,3,1,6,gnuipi,0
big,g10,8,3,1,8,kaatin,0
big,g10,8,1,1,1,kwokua,0
big,g10,8,1,1,3,keta,1
big,g10,8,1,1,5,gnuipo,0
big,g10,8,1,1,7,kwoti,0
big,g10,8,28,4,2,gwokiu,0
big,g10,8,28,4,4,huikop,0
big,g10,8,28,4,6,huipo,0
big,g10,8,28,4,8,kweti,1
big,g10,8,11,2,1,togpo,1
big,g10,8,11,2,3,gopui,0
big,g10,8,11,2,5,huigo,0
big,g10,8,11,2,7,tugki,0
big,g10,8,23,4,2,gwokuu,1
big,g10,8,23,4,4,huitop,1
big,g10,8,23,4,6,huigo,0
big,g10,8,23,4,8,huige,0
big,g10,8,14,2,1,togpo,1
big,g10,8,14,2,3,huk,0
big,g10,8,14,2,5,tuk,0
big,g10,8,14,2,7,tugkit,0
big,g10,8,21,3,2,tiki-takia,0
big,g10,8,21,3,4,wangi,0
big,g10,8,21,3,6,wangii,0
big,g10,8,21,3,8,waoangi,0
big,g10,8,25,4,1,huupi,0
big,g10,8,25,4,3,huitop,1
big,g10,8,25,4,5,huipi,1
big,g10,8,25,4,7,huikop,0
big,g10,8,17,3,2,tiki-takia,0
big,g10,8,17,3,4,wangu,0
big,g10,8,17,3,6,wwangi,1
big,g10,8,17,3,8,wange,0
big,g10,8,24,4,1,hoopua,0
big,g10,8,24,4,3,huikop,0
big,g10,8,24,4,5,huipo,0
big,g10,8,24,4,7,huikopi,0
big,g10,8,9,2,2,tiki-takii,0
big,g10,8,9,2,4,tugg,0
big,g10,8,9,2,6,tugg,0
big,g10,8,9,2,8,gmiip,1
big,g10,8,13,2,1,tikku-tooku,0
big,g10,8,13,2,3,tug,0
big,g10,8,13,2,5,tuggug,0
big,g10,8,13,2,7,gmimpi,0
big,g10,8,16,3,2,tiki-takiu,0
big,g10,8,16,3,4,wanga,1
big,g10,8,16,3,6,wangi,1
big,g10,8,16,3,8,wangi,1
big,g10,8,2,1,1,kwuupio,0
big,g10,8,2,1,3,huki,0
big,g10,8,2,1,5,tuk,0
big,g10,8,2,1,7,kwoeti,0
big,g10,8,8,2,2,tiki-takiuu,1
big,g10,8,8,2,4,togg,0
big,g10,8,8,2,6,tugg,1
big,g10,8,8,2,8,gmip,0
big,g10,8,5,1,1,kwoopio,0
big,g10,8,5,1,3,wangoh,1
big,g10,8,5,1,5,tuku,0
big,g10,8,5,1,7,kwouti,0
big,g10,8,7,1,2,kwoopia,1
big,g10,8,7,1,4,keton,0
big,g10,8,7,1,6,tugu,0
big,g10,8,7,1,8,kweti,0
big,g10,8,6,1,1,kwoopio,0
big,g10,8,6,1,3,wiangu,0
big,g10,8,6,1,5,keton,0
big,g10,8,6,1,7,kwoetu,0
big,g10,8,15,3,2,tiki-takiio,0
big,g10,8,15,3,4,wangii,0
big,g10,8,15,3,6,wwangii,1
big,g10,8,15,3,8,wangu,1
big,g10,8,26,4,1,hoopio,0
big,g10,8,26,4,3,tukop,1
big,g10,8,26,4,5,huigu,0
big,g10,8,26,4,7,huikopi,1
big,g10,8,22,4,2,hoop,0
big,g10,8,22,4,4,tukup,1
big,g10,8,22,4,6,huigii,0
big,g10,8,22,4,8,huigipi,0
big,g10,8,10,2,1,tikko-tukio,0
big,g10,8,10,2,3,wangui,0
big,g10,8,10,2,5,tugg,0
big,g10,8,10,2,7,gmimpi,1
big,g10,8,4,1,2,kwoopi,1
big,g10,8,4,1,4,ketan,1
big,g10,8,4,1,6,tugg,0
big,g10,8,4,1,8,kwati,1
big,g10,9,24,4,1,hooka,1
big,g10,9,24,4,3,tugui,1
big,g10,9,24,4,5,gnot,0
big,g10,9,24,4,7,huikopi,0
big,g10,9,21,3,2,tiki-takia,0
big,g10,9,21,3,4,wangi,1
big,g10,9,21,3,6,wanggi,0
big,g10,9,21,3,8,woaongi,0
big,g10,9,17,3,1,woanangi,1
big,g10,9,17,3,3,wanguu,1
big,g10,9,17,3,5,wangu,0
big,g10,9,17,3,7,tiki-takia,0
big,g10,9,11,2,2,gak,0
big,g10,9,11,2,4,tugg,0
big,g10,9,11,2,6,tugg,0
big,g10,9,11,2,8,gmup,0
big,g10,9,23,4,1,huupe,1
big,g10,9,23,4,3,tuko,0
big,g10,9,23,4,5,gnoti,1
big,g10,9,23,4,7,huikopi,0
big,g10,9,25,4,2,huiki,0
big,g10,9,25,4,4,gnati,0
big,g10,9,25,4,6,tukopp,0
big,g10,9,25,4,8,huipo,1
big,g10,9,5,1,1,kwaponi,0
big,g10,9,5,1,3,wango,0
big,g10,9,5,1,5,kiot,1
big,g10,9,5,1,7,kwoti,0
big,g10,9,2,1,2,kwotii,0
big,g10,9,2,1,4,koit,0
big,g10,9,2,1,6,tuggi,0
big,g10,9,2,1,8,kwapeni,0
big,g10,9,22,4,1,huuki,1
big,g10,9,22,4,3,tuggi,0
big,g10,9,22,4,5,gnot,1
big,g10,9,22,4,7,huikopie,0
big,g10,9,3,1,2,kwokau,1
big,g10,9,3,1,4,kiop,0
big,g10,9,3,1,6,tuiga,0
big,g10,9,3,1,8,kwapa,1
big,g10,9,15,3,1,wangoi,1
big,g10,9,15,3,3,wangop,1
big,g10,9,15,3,5,wangu,1
big,g10,9,15,3,7,tiki-takia,1
big,g10,9,9,2,2,gaki,0
big,g10,9,9,2,4,tukk,0
big,g10,9,9,2,6,tuggi,0
big,g10,9,9,2,8,gmiip,1
big,g10,9,16,3,1,wangu,1
big,g10,9,16,3,3,wiang,1
big,g10,9,16,3,5,wangi,1
big,g10,9,16,3,7,tika-takka,1
big,g10,9,26,4,2,huikopia,1
big,g10,9,26,4,4,huikop,0
big,g10,9,26,4,6,huigooo,0
big,g10,9,26,4,8,huig,0
big,g10,9,7,1,1,kwapeno,1
big,g10,9,7,1,3,wangui,0
big,g10,9,7,1,5,tugg,0
big,g10,9,7,1,7,kwoetu,0
big,g10,9,10,2,2,gakkk,0
big,g10,9,10,2,4,tug,1
big,g10,9,10,2,6,tugg,1
big,g10,9,10,2,8,gmopu,1
big,g10,9,4,1,1,kwupinu,1
big,g10,9,4,1,3,huikop,0
big,g10,9,4,1,5,kiot,0
big,g10,9,4,1,7,kwoutie,0
big,g10,9,6,1,2,kwoki,1
big,g10,9,6,1,4,kios,1
big,g10,9,6,1,6,huikoo,0
big,g10,9,6,1,8,kwoepi,1
big,g10,9,8,2,1,gmupie,1
big,g10,9,8,2,3,tuku-tuku,0
big,g10,9,8,2,5,huigs,0
big,g10,9,8,2,7,gakip,0
big,g10,9,14,2,2,gakip,1
big,g10,9,14,2,4,tugg,1
big,g10,9,14,2,6,tuku-tuku,1
big,g10,9,14,2,8,gmip,0
big,g10,9,1,1,1,kwapenu,0
big,g10,9,1,1,3,wanghoi,0
big,g10,9,1,1,5,kiots,1
big,g10,9,1,1,7,kwouti,1
big,g10,9,28,4,2,gwokia,0
big,g10,9,28,4,4,huioo,1
big,g10,9,28,4,6,huigo,0
big,g10,9,28,4,8,huege,0
big,g10,9,13,2,1,gmupa,1
big,g10,9,13,2,3,huig,0
big,g10,9,13,2,5,tugg,0
big,g10,9,13,2,7,thuki,0
big,g10,10,7,1,2,kwoka,0
big,g10,10,7,1,4,skopi,0
big,g10,10,7,1,6,tugg,0
big,g10,10,7,1,8,keti,0
big,g10,10,14,2,1,gmupi,0
big,g10,10,14,2,3,tom-u,0
big,g10,10,14,2,5,huig,0
big,g10,10,14,2,7,tugi,1
big,g10,10,8,2,2,hagu,0
big,g10,10,8,2,4,tugg,0
big,g10,10,8,2,6,tuggii,0
big,g10,10,8,2,8,tom-a,0
big,g10,10,5,1,1,skopoi,1
big,g10,10,5,1,3,keto,0
big,g10,10,5,1,5,kiot,0
big,g10,10,5,1,7,kwotti,0
big,g10,10,17,3,2,tiki-takii,0
big,g10,10,17,3,4,wangi,0
big,g10,10,17,3,6,wwanggi,1
big,g10,10,17,3,8,wango,0
big,g10,10,13,2,1,gmepa,0
big,g10,10,13,2,3,tom,1
big,g10,10,13,2,5,huig,0
big,g10,10,13,2,7,tugki,0
big,g10,10,10,2,2,huigau,0
big,g10,10,10,2,4,gmepa,0
big,g10,10,10,2,6,tukgi,0
big,g10,10,10,2,8,tom-aau,0
big,g10,10,6,1,1,skupio,0
big,g10,10,6,1,3,ket,0
big,g10,10,6,1,5,kiot,1
big,g10,10,6,1,7,kwotui,0
big,g10,10,2,1,2,kiot,0
big,g10,10,2,1,4,skiupp,1
big,g10,10,2,1,6,kwotigi,0
big,g10,10,2,1,8,kkeit,0
big,g10,10,1,1,1,skiepu,0
big,g10,10,1,1,3,kkkeit,0
big,g10,10,1,1,5,kiotoe,1
big,g10,10,1,1,7,kwotigi,0
big,g10,10,16,3,2,tiki-takiu,0
big,g10,10,16,3,4,wangu,1
big,g10,10,16,3,6,wangii,0
big,g10,10,16,3,8,wangi,0
big,g10,10,26,4,1,hoopio,0
big,g10,10,26,4,3,keton-on,0
big,g10,10,26,4,5,huigo,0
big,g10,10,26,4,7,huikopi,0
big,g10,10,11,2,2,gak,0
big,g10,10,11,2,4,tugg,0
big,g10,10,11,2,6,tuggg,1
big,g10,10,11,2,8,gmep,0
big,g10,10,23,4,1,huepi,1
big,g10,10,23,4,3,ktona,0
big,g10,10,23,4,5,huigi,1
big,g10,10,23,4,7,huikopi,1
big,g10,10,22,4,2,huigg,0
big,g10,10,22,4,4,huioo,0
big,g10,10,22,4,6,huikoopi,0
big,g10,10,22,4,8,ktina,1
big,g10,10,21,3,1,wango,1
big,g10,10,21,3,3,kawaa,0
big,g10,10,21,3,5,tikituki,0
big,g10,10,21,3,7,wangui,1
big,g10,10,24,4,2,huigau,0
big,g10,10,24,4,4,huiuu,0
big,g10,10,24,4,6,tuigo,0
big,g10,10,24,4,8,huigee,0
big,g10,10,4,1,1,skuupi,1
big,g10,10,4,1,3,kawaaa,0
big,g10,10,4,1,5,kiot,1
big,g10,10,4,1,7,kwuti,0
big,g10,10,3,1,2,kiotau,0
big,g10,10,3,1,4,skupus,1
big,g10,10,3,1,6,kwuti,0
big,g10,10,3,1,8,kawu,1
big,g10,10,9,2,1,kwupiu,0
big,g10,10,9,2,3,kiti,0
big,g10,10,9,2,5,tugg,0
big,g10,10,9,2,7,tugi,1
big,g10,10,15,3,2,tiki-toki,1
big,g10,10,15,3,4,wangio,1
big,g10,10,15,3,6,wwangi,1
big,g10,10,15,3,8,wanguu,0
big,g10,10,25,4,1,huupi,0
big,g10,10,25,4,3,kwaa,0
big,g10,10,25,4,5,huigo,0
big,g10,10,25,4,7,huikoppie,1
big,g10,10,28,4,2,huiga,0
big,g10,10,28,4,4,huiok,1
big,g10,10,28,4,6,huikpohi,0
big,g10,10,28,4,8,kwete,0
big,g10,11,6,1,1,skuupio,0
big,g10,11,6,1,4,skopi,0
big,g10,11,6,1,7,kwoeti,0
big,g10,11,6,1,8,kote,1
big,g10,11,14,2,2,gak,0
big,g10,11,14,2,3,toteh,0
big,g10,11,14,2,5,huigo,0
big,g10,11,14,2,6,tuggi,1
big,g10,11,24,4,1,haapio,0
big,g10,11,24,4,4,huioop,1
big,g10,11,24,4,7,huikop,0
big,g10,11,24,4,8,huege,1
big,g10,11,17,3,2,tiki-takia,0
big,g10,11,17,3,3,steeku,0
big,g10,11,17,3,5,wangu,1
big,g10,11,17,3,6,wwangi,1
big,g10,11,7,1,1,skoopui,0
big,g10,11,7,1,4,skopia,0
big,g10,11,7,1,7,kwotti,0
big,g10,11,7,1,8,koete,0
big,g10,11,9,2,2,gok,1
big,g10,11,9,2,3,tomui,1
big,g10,11,9,2,5,huigu,1
big,g10,11,9,2,6,tuggie,1
big,g10,11,16,3,1,wangu,1
big,g10,11,16,3,4,wangi,1
big,g10,11,16,3,7,wanguu,0
big,g10,11,16,3,8,wangi,1
big,g10,11,15,3,2,tiki-takii,0
big,g10,11,15,3,3,stekui,0
big,g10,11,15,3,5,wanguu,0
big,g10,11,15,3,6,wwangi,1
big,g10,11,21,3,1,wango,1
big,g10,11,21,3,4,wangu,0
big,g10,11,21,3,7,wanguui,0
big,g10,11,21,3,8,waoangi,1
big,g10,11,11,2,2,gak,1
big,g10,11,11,2,3,totui,0
big,g10,11,11,2,5,huiggow,0
big,g10,11,11,2,6,tuggg,0
big,g10,11,10,2,1,tetoi,0
big,g10,11,10,2,4,gak,0
big,g10,11,10,2,7,huigoi,0
big,g10,11,10,2,8,tugga,1
big,g10,11,22,4,2,huipi,1
big,g10,11,22,4,3,ketop,1
big,g10,11,22,4,5,huig,0
big,g10,11,22,4,6,huigoo,0
big,g10,11,4,1,1,sketop,0
big,g10,11,4,1,4,skopi,1
big,g10,11,4,1,7,kwotti,1
big,g10,11,4,1,8,kaaato,0
big,g10,11,2,1,2,skopio,1
big,g10,11,2,1,3,skuupui,1
big,g10,11,2,1,5,kwotteu,0
big,g10,11,2,1,6,kaatoo,0
big,g10,11,26,4,1,hoopio,0
big,g10,11,26,4,4,huigu,1
big,g10,11,26,4,7,huikop,0
big,g10,11,26,4,8,huig,0
big,g10,11,5,1,2,skopiou,0
big,g10,11,5,1,3,skuupui,0
big,g10,11,5,1,5,kwottio,0
big,g10,11,5,1,6,tugii,0
big,g10,11,25,4,1,huupi,1
big,g10,11,25,4,4,huiop,0
big,g10,11,25,4,7,hikopi,0
big,g10,11,25,4,8,huiggo,0
big,g10,11,28,4,2,huipio,1
big,g10,11,28,4,3,huupui,1
big,g10,11,28,4,5,huikipi,0
big,g10,11,28,4,6,huuiigo,1
big,g10,11,3,1,1,skapa,0
big,g10,11,3,1,4,skopas,1
big,g10,11,3,1,7,kwoti,0
big,g10,11,3,1,8,kutaa,0
big,g10,11,1,1,2,skopan,0
big,g10,11,1,1,3,skepe,1
big,g10,11,1,1,5,kwotit,0
big,g10,11,1,1,6,kuutaa,0
big,g10,11,8,2,1,tupie,1
big,g10,11,8,2,4,tugw,0
big,g10,11,8,2,7,tugki,1
big,g10,11,8,2,8,gmoup,1
big,g10,11,23,4,2,huipan,0
big,g10,11,23,4,3,wangoo,0
big,g10,11,23,4,5,huigi,0
big,g10,11,23,4,6,huigooe,0
big,g10,11,13,2,1,tetai,0
big,g10,11,13,2,4,tuga,1
big,g10,11,13,2,7,tuigki,0
big,g10,11,13,2,8,tuggo,0
big,g10,12,21,3,3,stekui,0
big,g10,12,21,3,5,wangu,0
big,g10,12,21,3,6,wwangi,0
big,g10,12,21,3,8,waoangi,0
big,g10,12,16,3,1,wange,1
big,g10,12,16,3,2,wwangi,1
big,g10,12,16,3,4,wangas,1
big,g10,12,16,3,7,stekuiu,0
big,g10,12,7,1,3,skuupui,0
big,g10,12,7,1,5,kiots,0
big,g10,12,7,1,6,hugii,0
big,g10,12,7,1,8,toeke,0
big,g10,12,9,2,1,tatio,0
big,g10,12,9,2,2,goki,0
big,g10,12,9,2,4,tugi,1
big,g10,12,9,2,7,tugki,1
big,g10,12,11,2,3,tugko,0
big,g10,12,11,2,5,tatioo,1
big,g10,12,11,2,6,hugg,0
big,g10,12,11,2,8,tuige,0
big,g10,12,25,4,1,huuki,1
big,g10,12,25,4,2,skopio,0
big,g10,12,25,4,4,huioo,1
big,g10,12,25,4,7,huikop,0
big,g10,12,17,3,3,stekui,1
big,g10,12,17,3,5,wangsu,1
big,g10,12,17,3,6,wwanggi,1
big,g10,12,17,3,8,wango,1
big,g10,12,6,1,1,skiopu,1
big,g10,12,6,1,2,skopio,0
big,g10,12,6,1,4,skopum,0
big,g10,12,6,1,7,kwotti,1
big,g10,12,14,2,3,tugui,0
big,g10,12,14,2,5,tatios,0
big,g10,12,14,2,6,tugg,0
big,g10,12,14,2,8,tuigee,0
big,g10,12,1,1,1,skepui,0
big,g10,12,1,1,2,skopiu,0
big,g10,12,1,1,4,skopia,1
big,g10,12,1,1,7,kwootti,0
big,g10,12,4,1,3,kwotkop,0
big,g10,12,4,1,5,skepo,0
big,g10,12,4,1,6,skopio,1
big,g10,12,4,1,8,skapia,0
big,g10,12,23,4,1,huukei,1
big,g10,12,23,4,2,huigu,0
big,g10,12,23,4,4,huitas,1
big,g10,12,23,4,7,houkip,0
big,g10,12,15,3,3,stekopui,1
big,g10,12,15,3,5,wangsuu,1
big,g10,12,15,3,6,wwangii,1
big,g10,12,15,3,8,wanguu,0
big,g10,12,28,4,1,huupiu,0
big,g10,12,28,4,2,huigoa,0
big,g10,12,28,4,4,huioon,1
big,g10,12,28,4,7,hooukwop,0
big,g10,12,8,2,3,tuguiiii,1
big,g10,12,8,2,5,skuip,0
big,g10,12,8,2,6,tuggi,1
big,g10,12,8,2,8,tuigou,0
big,g10,12,2,1,1,skuipo,0
big,g10,12,2,1,2,skopio,1
big,g10,12,2,1,4,skopip,1
big,g10,12,2,1,7,kwoutkop,0
big,g10,12,3,1,3,kwouton,0
big,g10,12,3,1,5,skuipi,1
big,g10,12,3,1,6,skopioo,0
big,g10,12,3,1,8,skapap,0
big,g10,12,10,2,1,totoa,1
big,g10,12,10,2,2,guk,1
big,g10,12,10,2,4,tugs,1
big,g10,12,10,2,7,tugki,0
big,g10,12,22,4,3,kwoutop,0
big,g10,12,22,4,5,huupo,1
big,g10,12,22,4,6,huigooo,1
big,g10,12,22,4,8,hiigii,1
big,g10,12,26,4,1,hoopu,0
big,g10,12,26,4,2,huigaaa,0
big,g10,12,26,4,4,huiguu,0
big,g10,12,26,4,7,houkip,0
big,g10,12,5,1,3,kwoutui,0
big,g10,12,5,1,5,skepto,0
big,g10,12,5,1,6,kniopio,0
big,g10,12,5,1,8,skiupop,0
big,g10,12,13,2,1,totua,0
big,g10,12,13,2,2,gukk,1
big,g10,12,13,2,4,tugsa,1
big,g10,12,13,2,7,tugkei,0
big,g10,12,24,4,3,kwouteiiii,1
big,g10,12,24,4,5,huups,0
big,g10,12,24,4,6,hhuuiipoo,0
big,g10,12,24,4,8,huuguu,1
big,g10,13,26,4,1,hoopo,1
big,g10,13,26,4,2,guikaa,0
big,g10,13,26,4,4,huiun,0
big,g10,13,26,4,8,hueg,0
big,g10,13,21,3,3,stekui,0
big,g10,13,21,3,5,wangsu,1
big,g10,13,21,3,6,wwangi,0
big,g10,13,21,3,7,wangu,0
big,g10,13,4,1,1,skuupi,0
big,g10,13,4,1,2,skopi,1
big,g10,13,4,1,4,skopi,1
big,g10,13,4,1,8,kauta,0
big,g10,13,24,4,3,gwotui,1
big,g10,13,24,4,5,huipsu,0
big,g10,13,24,4,6,huigooi,1
big,g10,13,24,4,7,huikop,0
big,g10,13,13,2,1,totue,0
big,g10,13,13,2,2,guk,1
big,g10,13,13,2,4,tugs,0
big,g10,13,13,2,8,gmop,0
big,g10,13,7,1,3,kwouton,0
big,g10,13,7,1,5,sketa,0
big,g10,13,7,1,6,skopi,0
big,g10,13,7,1,7,kwotti,0
big,g10,13,15,3,1,wangio,1
big,g10,13,15,3,2,stekio,1
big,g10,13,15,3,4,wangip,1
big,g10,13,15,3,8,wanguu,0
big,g10,13,23,4,3,gwotui,1
big,g10,13,23,4,5,huipsuu,0
big,g10,13,23,4,6,hhuigoo,0
big,g10,13,23,4,7,heukip,0
big,g10,13,1,1,1,skepa,1
big,g10,13,1,1,2,skopui,1
big,g10,13,1,1,4,skopias,0
big,g10,13,1,1,8,skata,0
big,g10,13,25,4,3,gwotui,1
big,g10,13,25,4,5,huupsu,1
big,g10,13,25,4,6,hhuigo,1
big,g10,13,25,4,7,huikep,1
big,g10,13,9,2,1,totuo,1
big,g10,13,9,2,2,gakio,1
big,g10,13,9,2,4,tugop,1
big,g10,13,9,2,8,gmiip,1
big,g10,13,6,1,3,kwout,0
big,g10,13,6,1,5,sketa,1
big,g10,13,6,1,6,skopi,1
big,g10,13,6,1,7,skopi,0
big,g10,13,16,3,1,wangu,1
big,g10,13,16,3,2,stekuu,1
big,g10,13,16,3,4,wangas,1
big,g10,13,16,3,8,wangi,1
big,g10,13,3,1,3,kwout-ui,0
big,g10,13,3,1,5,sketass,1
big,g10,13,3,1,6,skokiia,1
big,g10,13,3,1,7,skopkit,0
big,g10,13,11,2,1,totio,1
big,g10,13,11,2,2,gak,0
big,g10,13,11,2,4,tugan,0
big,g10,13,11,2,8,gmip,1
big,g10,13,28,4,3,gwotuihh,0
big,g10,13,28,4,5,huupsuu,1
big,g10,13,28,4,6,hhuigo,1
big,g10,13,28,4,7,huikoppi,0
big,g10,13,5,1,1,skopoi,0
big,g10,13,5,1,2,skopao,1
big,g10,13,5,1,4,skopum,0
big,g10,13,5,1,8,skeetee,0
big,g10,13,10,2,3,gukonui,1
big,g10,13,10,2,5,gmipsu,1
big,g10,13,10,2,6,tugg,0
big,g10,13,10,2,7,tughi,0
big,g10,13,8,2,1,tegga,0
big,g10,13,8,2,2,gukiii,1
big,g10,13,8,2,4,tuge,0
big,g10,13,8,2,8,gumpsu,1
big,g10,13,17,3,3,stekonui,1
big,g10,13,17,3,5,wangsuu,1
big,g10,13,17,3,6,wwangii,0
big,g10,13,17,3,7,wangui,0
big,g10,13,14,2,1,togio,0
big,g10,13,14,2,2,gak,1
big,g10,13,14,2,4,tugun,0
big,g10,13,14,2,8,gmip,1
big,g10,13,2,1,3,kwouto,0
big,g10,13,2,1,5,sketas,0
big,g10,13,2,1,6,skopia,0
big,g10,13,2,1,7,skopkie,1
big,g10,13,22,4,1,huupi,0
big,g10,13,22,4,2,skopi,0
big,g10,13,22,4,4,huiio,1
big,g10,13,22,4,8,hiigii,0
big,g10,14,9,2,1,tutio,0
big,g10,14,9,2,2,giko,0
big,g10,14,9,2,3,gakop,0
big,g10,14,9,2,6,tuggi,0
big,g10,14,10,2,4,tuga,0
big,g10,14,10,2,5,gakops,0
big,g10,14,10,2,7,tugki,1
big,g10,14,10,2,8,gako,0
big,g10,14,26,4,1,hoopio,0
big,g10,14,26,4,2,huigaa,1
big,g10,14,26,4,3,gnoton,1
big,g10,14,26,4,6,huiggoi,0
big,g10,14,11,2,4,tugon,0
big,g10,14,11,2,5,gakoks,0
big,g10,14,11,2,7,tuigki,0
big,g10,14,11,2,8,gikka,0
big,g10,14,14,2,1,tuigki,0
big,g10,14,14,2,2,gak,0
big,g10,14,14,2,3,gakoks,1
big,g10,14,14,2,6,tugon,0
big,g10,14,28,4,4,huiuk,0
big,g10,14,28,4,5,gnotsu,1
big,g10,14,28,4,7,heukip,0
big,g10,14,28,4,8,heegee,0
big,g10,14,25,4,1,huukip,1
big,g10,14,25,4,2,huigio,0
big,g10,14,25,4,3,gnotopui,0
big,g10,14,25,4,6,huiggoo,1
big,g10,14,8,2,4,tugee,1
big,g10,14,8,2,5,gnaksu,0
big,g10,14,8,2,7,tugkie,1
big,g10,14,8,2,8,guuko,0
big,g10,14,17,3,1,wango,0
big,g10,14,17,3,2,stekoa,0
big,g10,14,17,3,3,stekui,0
big,g10,14,17,3,6,wwangi,0
big,g10,14,6,1,4,skopik,0
big,g10,14,6,1,5,stekui,0
big,g10,14,6,1,7,kwotti,1
big,g10,14,6,1,8,kooto,1
big,g10,14,21,3,1,wangua,1
big,g10,14,21,3,2,stekau,1
big,g10,14,21,3,3,stekon,0
big,g10,14,21,3,6,wwangii,0
big,g10,14,5,1,4,skopun,0
big,g10,14,5,1,5,stekon,1
big,g10,14,5,1,7,kwotma,1
big,g10,14,5,1,8,keeto,0
big,g10,14,1,1,1,kwotme,1
big,g10,14,1,1,2,skopiui,0
big,g10,14,1,1,3,stekopui,0
big,g10,14,1,1,6,skopi,0
big,g10,14,15,3,4,wangip,1
big,g10,14,15,3,5,wangsu,1
big,g10,14,15,3,7,wanga,1
big,g10,14,15,3,8,wanguu,1
big,g10,14,24,4,1,huukia,1
big,g10,14,24,4,2,huigau,0
big,g10,14,24,4,3,gnotui,0
big,g10,14,24,4,6,huiggoo,0
big,g10,14,16,3,4,wangas,0
big,g10,14,16,3,5,wangsi,0
big,g10,14,16,3,7,wangka,0
big,g10,14,16,3,8,wangi,1
big,g10,14,23,4,1,huukie,1
big,g10,14,23,4,2,huiguii,0
big,g10,14,23,4,3,gnotui,1
big,g10,14,23,4,6,hhuigo,0
big,g10,14,7,1,4,skpun,0
big,g10,14,7,1,5,sketonsu,1
big,g10,14,7,1,7,kwotui,0
big,g10,14,7,1,8,koeto,0
big,g10,14,2,1,1,kwutai,1
big,g10,14,2,1,2,skopioi,0
big,g10,14,2,1,3,stekopu,1
big,g10,14,2,1,6,skopin,0
big,g10,14,13,2,4,tugas,0
big,g10,14,13,2,5,gnaki,0
big,g10,14,13,2,7,tugnu,0
big,g10,14,13,2,8,gmop,1
big,g10,14,3,1,1,skupia,1
big,g10,14,3,1,2,skopiau,0
big,g10,14,3,1,3,stekonu,0
big,g10,14,3,1,6,skopia,1
big,g10,14,22,4,4,huii,1
big,g10,14,22,4,5,gnot,1
big,g10,14,22,4,7,houkipi,0
big,g10,14,22,4,8,hiigii,1
big,g10,14,4,1,1,skuupiu,0
big,g10,14,4,1,2,skopii,1
big,g10,14,4,1,3,stek,1
big,g10,14,4,1,6,skopii,1
big,g11,1,25,4,1,muif,1
big,g11,1,25,4,3,muif,1
big,g11,1,25,4,5,muif,0
big,g11,1,25,4,7,huia,0
big,g11,1,9,2,2,guio,1
big,g11,1,9,2,4,woi,0
big,g11,1,9,2,6,wifo,0
big,g11,1,9,2,8,pok,0
big,g11,1,13,2,1,pok,1
big,g11,1,13,2,3,pok,0
big,g11,1,13,2,5,fas,0
big,g11,1,13,2,7,pok,1
big,g11,1,8,2,2,wahe,0
big,g11,1,8,2,4,pok,0
big,g11,1,8,2,6,pok,0
big,g11,1,8,2,8,wuit,0
big,g11,1,15,3,1,huia,0
big,g11,1,15,3,3,guia,1
big,g11,1,15,3,5,huiwa,1
big,g11,1,15,3,7,giwo,0
big,g11,1,4,1,2,huiwo,1
big,g11,1,4,1,4,wui,0
big,g11,1,4,1,6,fas,0
big,g11,1,4,1,8,hiwa,1
big,g11,1,16,3,1,wuif,1
big,g11,1,16,3,3,wuit,1
big,g11,1,16,3,5,sha,0
big,g11,1,16,3,7,huia,0
big,g11,1,3,1,2,guio,0
big,g11,1,3,1,4,fas,1
big,g11,1,3,1,6,huia,0
big,g11,1,3,1,8,guia,0
big,g11,1,15,3,1,huia,1
big,g11,1,15,3,3,guia,1
big,g11,1,15,3,5,huia,0
big,g11,1,15,3,7,huie,0
big,g11,1,16,3,2,wuif,0
big,g11,1,16,3,4,guio,0
big,g11,1,16,3,6,wuif,0
big,g11,1,16,3,8,wuit,0
big,g11,1,25,4,1,muif-wuif,1
big,g11,1,25,4,3,muif,0
big,g11,1,25,4,5,muif,0
big,g11,1,25,4,7,huio,0
big,g11,1,13,2,2,pok,1
big,g11,1,13,2,4,mua,0
big,g11,1,13,2,6,pok,1
big,g11,1,13,2,8,pok,1
big,g11,1,3,1,1,waf,0
big,g11,1,3,1,3,fas,1
big,g11,1,3,1,5,fas,1
big,g11,1,3,1,7,fas,0
big,g11,1,8,2,2,hafe,1
big,g11,1,8,2,4,muif,0
big,g11,1,8,2,6,huia,0
big,g11,1,8,2,8,pok,0
big,g11,1,4,1,1,huiwo,1
big,g11,1,4,1,3,guiwa,0
big,g11,1,4,1,5,huiw,0
big,g11,1,4,1,7,huia,0
big,g11,1,9,2,2,guio,1
big,g11,1,9,2,4,fuo,0
big,g11,1,9,2,6,wuif,0
big,g11,1,9,2,8,fas,0
big,g11,1,8,2,1,guio,0
big,g11,1,8,2,3,fui,0
big,g11,1,8,2,5,wif,0
big,g11,1,8,2,7,pom,1
big,g11,1,15,3,2,guif,0
big,g11,1,15,3,4,guia,0
big,g11,1,15,3,6,wuif,0
big,g11,1,15,3,8,guia,0
big,g11,1,4,1,1,huiwo,1
big,g11,1,4,1,3,fua,0
big,g11,1,4,1,5,huif,0
big,g11,1,4,1,7,guio,0
big,g11,1,25,4,2,wuif,0
big,g11,1,25,4,4,guiwo,0
big,g11,1,25,4,6,wuif,0
big,g11,1,25,4,8,muif,0
big,g11,1,9,2,1,guio,0
big,g11,1,9,2,3,fuo,0
big,g11,1,9,2,5,huif,0
big,g11,1,9,2,7,pop,1
big,g11,1,16,3,2,guif,0
big,g11,1,16,3,4,wuit,1
big,g11,1,16,3,6,fas,0
big,g11,1,16,3,8,guia,1
big,g11,1,13,2,1,pok,1
big,g11,1,13,2,3,pok,0
big,g11,1,13,2,5,pok,0
big,g11,1,13,2,7,pok,1
big,g11,2,15,3,2,wuif,0
big,g11,2,15,3,4,guia,1
big,g11,2,15,3,6,wuif,0
big,g11,2,15,3,8,huwa,0
big,g11,2,25,4,1,muif-wuif,0
big,g11,2,25,4,3,muif,0
big,g11,2,25,4,5,muif,0
big,g11,2,25,4,7,huia,0
big,g11,2,16,3,2,guif,0
big,g11,2,16,3,4,guio,0
big,g11,2,16,3,6,pok,0
big,g11,2,16,3,8,guia,0
big,g11,2,8,2,1,wif,0
big,g11,2,8,2,3,guia,0
big,g11,2,8,2,5,wif,1
big,g11,2,8,2,7,pom,0
big,g11,2,3,1,2,pok,0
big,g11,2,3,1,4,fas,1
big,g11,2,3,1,6,fas,1
big,g11,2,3,1,8,pok,0
big,g11,2,9,2,1,pik,1
big,g11,2,9,2,3,huiwo,0
big,g11,2,9,2,5,huiwo,0
big,g11,2,9,2,7,pop,1
big,g11,2,5,1,2,guio,0
big,g11,2,5,1,4,fui,0
big,g11,2,5,1,6,huia,0
big,g11,2,5,1,8,huia,0
big,g11,2,21,3,1,huiu,0
big,g11,2,21,3,3,wuim,0
big,g11,2,21,3,5,sto,0
big,g11,2,21,3,7,guif,0
big,g11,2,4,1,2,huiwo,0
big,g11,2,4,1,4,fuio,0
big,g11,2,4,1,6,wif,0
big,g11,2,4,1,8,mif,0
big,g11,2,13,2,1,pok,1
big,g11,2,13,2,3,pok,1
big,g11,2,13,2,5,pok,1
big,g11,2,13,2,7,pok,1
big,g11,2,23,4,2,wuif-kuif,1
big,g11,2,23,4,4,wuit,0
big,g11,2,23,4,6,wuif,0
big,g11,2,23,4,8,muif,1
big,g11,2,5,1,1,guia,0
big,g11,2,5,1,3,pon,0
big,g11,2,5,1,5,huiwa,0
big,g11,2,5,1,7,huio,0
big,g11,2,21,3,2,wuit,1
big,g11,2,21,3,4,muf,0
big,g11,2,21,3,6,wif,1
big,g11,2,21,3,8,sif-nif,0
big,g11,2,16,3,1,muif,0
big,g11,2,16,3,3,wuit,1
big,g11,2,16,3,5,stuia,0
big,g11,2,16,3,7,wuito,0
big,g11,2,25,4,2,wuif-nuif,0
big,g11,2,25,4,4,wuit,0
big,g11,2,25,4,6,muif,1
big,g11,2,25,4,8,muif-muif,1
big,g11,2,23,4,1,wuif,0
big,g11,2,23,4,3,muin,0
big,g11,2,23,4,5,wuiap,0
big,g11,2,23,4,7,wuif-kuif,1
big,g11,2,4,1,2,huiwo,1
big,g11,2,4,1,4,saf,0
big,g11,2,4,1,6,huia,1
big,g11,2,4,1,8,sof,0
big,g11,2,3,1,1,saf,0
big,g11,2,3,1,3,fas,1
big,g11,2,3,1,5,fas,1
big,g11,2,3,1,7,huiwok,0
big,g11,2,13,2,2,pok,1
big,g11,2,13,2,4,muif,0
big,g11,2,13,2,6,pok,1
big,g11,2,13,2,8,pok,1
big,g11,2,8,2,1,pik,1
big,g11,2,8,2,3,pon,1
big,g11,2,8,2,5,wif,0
big,g11,2,8,2,7,pom,0
big,g11,2,9,2,2,pos,1
big,g11,2,9,2,4,wif,0
big,g11,2,9,2,6,guia,0
big,g11,2,9,2,8,pak,1
big,g11,2,15,3,1,guia,1
big,g11,2,15,3,3,wuip,0
big,g11,2,15,3,5,huia,1
big,g11,2,15,3,7,huiwos,0
big,g11,2,21,3,2,huiwok,0
big,g11,2,21,3,4,puu,0
big,g11,2,21,3,6,wuif,0
big,g11,2,21,3,8,guio,1
big,g11,3,19,3,1,guio,1
big,g11,3,19,3,3,wuin,0
big,g11,3,19,3,5,swo,0
big,g11,3,19,3,7,huiwo,0
big,g11,3,9,2,2,guio,0
big,g11,3,9,2,4,fuio,0
big,g11,3,9,2,6,guia,0
big,g11,3,9,2,8,pak,0
big,g11,3,23,4,1,pok-muif,0
big,g11,3,23,4,3,muim,0
big,g11,3,23,4,5,muip,0
big,g11,3,23,4,7,huif-kuif,0
big,g11,3,7,1,2,huio,1
big,g11,3,7,1,4,fas,0
big,g11,3,7,1,6,fas,0
big,g11,3,7,1,8,guia,0
big,g11,3,3,1,1,fis,0
big,g11,3,3,1,3,fas,1
big,g11,3,3,1,5,fas,0
big,g11,3,3,1,7,fas,1
big,g11,3,16,3,2,swa,1
big,g11,3,16,3,4,huio,0
big,g11,3,16,3,6,muif,0
big,g11,3,16,3,8,mik,0
big,g11,3,8,2,1,tuf,0
big,g11,3,8,2,3,ponk,0
big,g11,3,8,2,5,wif,0
big,g11,3,8,2,7,pom,0
big,g11,3,12,2,2,fuio,0
big,g11,3,12,2,4,toif,1
big,g11,3,12,2,6,guia,0
big,g11,3,12,2,8,ponkie,1
big,g11,3,15,3,1,guia,1
big,g11,3,15,3,3,wuip,0
big,g11,3,15,3,5,stooop,0
big,g11,3,15,3,7,guio,0
big,g11,3,4,1,2,huiwo,1
big,g11,3,4,1,4,saf,0
big,g11,3,4,1,6,wuifo,0
big,g11,3,4,1,8,fas,0
big,g11,3,21,3,1,guiu,1
big,g11,3,21,3,3,wuinig,1
big,g11,3,21,3,5,sto,1
big,g11,3,21,3,7,huiwom,0
big,g11,3,5,1,2,guio,0
big,g11,3,5,1,4,fuia,0
big,g11,3,5,1,6,fas,0
big,g11,3,5,1,8,fassa,1
big,g11,3,13,2,1,pok,1
big,g11,3,13,2,3,pok,1
big,g11,3,13,2,5,pok,1
big,g11,3,13,2,7,pok,1
big,g11,3,25,4,2,wuif-huif,0
big,g11,3,25,4,4,wuit,1
big,g11,3,25,4,6,muif,0
big,g11,3,25,4,8,muif-muif,0
big,g11,3,7,1,1,sofi-pok,0
big,g11,3,7,1,3,fasin,1
big,g11,3,7,1,5,huiop,0
big,g11,3,7,1,7,fak,0
big,g11,3,13,2,2,pok,1
big,g11,3,13,2,4,pok-wut,0
big,g11,3,13,2,6,huia,0
big,g11,3,13,2,8,pok,1
big,g11,3,21,3,1,guiu,1
big,g11,3,21,3,3,wuinig,0
big,g11,3,21,3,5,sto,1
big,g11,3,21,3,7,huiwom,0
big,g11,3,12,2,2,huiwop,0
big,g11,3,12,2,4,wuit-wut,0
big,g11,3,12,2,6,muif,1
big,g11,3,12,2,8,guinig,0
big,g11,3,5,1,1,sofi-guia,1
big,g11,3,5,1,3,fassa,1
big,g11,3,5,1,5,huia,1
big,g11,3,5,1,7,fam,0
big,g11,3,19,3,2,sto,1
big,g11,3,19,3,4,aiug,0
big,g11,3,19,3,6,muif,0
big,g11,3,19,3,8,guia,0
big,g11,3,25,4,1,wuif-muif,0
big,g11,3,25,4,3,muif,0
big,g11,3,25,4,5,muif,0
big,g11,3,25,4,7,guif-nuif,1
big,g11,3,9,2,2,guio,0
big,g11,3,9,2,4,fui,1
big,g11,3,9,2,6,gui,0
big,g11,3,9,2,8,pok-pof,0
big,g11,3,15,3,1,guia,1
big,g11,3,15,3,3,wuipo,1
big,g11,3,15,3,5,stoa,1
big,g11,3,15,3,7,guio,0
big,g11,4,9,2,2,huio,0
big,g11,4,9,2,3,pout,0
big,g11,4,9,2,5,guio,0
big,g11,4,9,2,6,guia,0
big,g11,4,23,4,1,pok-muif,1
big,g11,4,23,4,4,muif,1
big,g11,4,23,4,7,huif-kuif,1
big,g11,4,23,4,8,muifie,0
big,g11,4,13,2,2,pok,1
big,g11,4,13,2,3,pok,1
big,g11,4,13,2,5,pok,1
big,g11,4,13,2,6,pok,1
big,g11,4,5,1,1,sofia,1
big,g11,4,5,1,4,fuia,0
big,g11,4,5,1,7,huio,0
big,g11,4,5,1,8,fassa,0
big,g11,4,21,3,2,sto,0
big,g11,4,21,3,3,wuim,0
big,g11,4,21,3,5,sto,0
big,g11,4,21,3,6,wuif,0
big,g11,4,16,3,1,muif,0
big,g11,4,16,3,4,stuif,0
big,g11,4,16,3,7,sto-nuif,0
big,g11,4,16,3,8,wuifie,1
big,g11,4,18,3,2,stoa,0
big,g11,4,18,3,3,wuitafaa,1
big,g11,4,18,3,5,staa,0
big,g11,4,18,3,6,muif,0
big,g11,4,7,1,1,sofi-pok,1
big,g11,4,7,1,4,stok,0
big,g11,4,7,1,7,fak,1
big,g11,4,7,1,8,fas-fas,0
big,g11,4,1,1,2,huio,0
big,g11,4,1,1,3,sofia,0
big,g11,4,1,1,5,fok-huif,0
big,g11,4,1,1,6,fassa,0
big,g11,4,4,1,1,sofio,1
big,g11,4,4,1,4,saf,0
big,g11,4,4,1,7,fas-wuif,1
big,g11,4,4,1,8,fassig,1
big,g11,4,8,2,2,waf,0
big,g11,4,8,2,3,poua,0
big,g11,4,8,2,5,wif,0
big,g11,4,8,2,6,poko,1
big,g11,4,12,2,1,poua-muif,1
big,g11,4,12,2,4,stuit,0
big,g11,4,12,2,7,pok-nuif,1
big,g11,4,12,2,8,pok-ni,0
big,g11,4,19,3,2,guit,0
big,g11,4,19,3,3,wuitoea,0
big,g11,4,19,3,5,sto-huif,1
big,g11,4,19,3,6,wuifo,0
big,g11,4,3,1,1,sofi-fak,0
big,g11,4,3,1,4,fas,0
big,g11,4,3,1,7,fas,1
big,g11,4,3,1,8,fas,1
big,g11,4,28,4,2,muit,0
big,g11,4,28,4,3,muifop,0
big,g11,4,28,4,5,muifa,1
big,g11,4,28,4,6,wuifie,1
big,g11,4,25,4,1,muifop-muif,0
big,g11,4,25,4,4,muit,0
big,g11,4,25,4,7,huif-nuif,0
big,g11,4,25,4,8,wuifa,1
big,g11,4,15,3,2,sto,0
big,g11,4,15,3,3,wuitop,1
big,g11,4,15,3,5,stoa,1
big,g11,4,15,3,6,guia,0
big,g11,4,1,1,1,sofi-muif,0
big,g11,4,1,1,4,fuit,0
big,g11,4,1,1,7,fas-nuif,1
big,g11,4,1,1,8,fas-pas,0
big,g11,4,19,3,2,soa,0
big,g11,4,19,3,3,wuitnim,0
big,g11,4,19,3,5,sto-huif,1
big,g11,4,19,3,6,wuifie,0
big,g11,4,18,3,1,wuitnim,1
big,g11,4,18,3,4,goa,1
big,g11,4,18,3,7,stoo,0
big,g11,4,18,3,8,wuifig,0
big,g11,4,4,1,2,huiwo,0
big,g11,4,4,1,3,fassa,0
big,g11,4,4,1,5,huif-huif,0
big,g11,4,4,1,6,fassig,1
big,g11,4,28,4,1,fassa,0
big,g11,4,28,4,4,stuia,0
big,g11,4,28,4,7,huif-puif,0
big,g11,4,28,4,8,muif-muif,0
big,g11,4,9,2,2,haf,0
big,g11,4,9,2,3,pokkia,1
big,g11,4,9,2,5,stooo,0
big,g11,4,9,2,6,poko,0
big,g11,5,6,1,1,sofi-o,0
big,g11,5,6,1,2,fuiwo,0
big,g11,5,6,1,4,sto,1
big,g11,5,6,1,7,fas-huif,0
big,g11,5,16,3,3,wuit,0
big,g11,5,16,3,5,sto-nuif,1
big,g11,5,16,3,6,wuifa,0
big,g11,5,16,3,8,hiffa,1
big,g11,5,15,3,1,sto-nuif-a,1
big,g11,5,15,3,2,wuifo,1
big,g11,5,15,3,4,guia,1
big,g11,5,15,3,7,wuit-puif,1
big,g11,5,19,3,3,wuitua,0
big,g11,5,19,3,5,sto-huif,0
big,g11,5,19,3,6,wuifie,0
big,g11,5,19,3,8,guia-i,0
big,g11,5,14,2,1,pok-huif,1
big,g11,5,14,2,2,hafo,0
big,g11,5,14,2,4,saf,0
big,g11,5,14,2,7,pok-tuif,0
big,g11,5,18,3,3,wuit-tuif,1
big,g11,5,18,3,5,sto-huif-nuif,0
big,g11,5,18,3,6,wuife,1
big,g11,5,18,3,8,guia-spik,1
big,g11,5,28,4,1,tuf,0
big,g11,5,28,4,2,wuit,0
big,g11,5,28,4,4,muia,1
big,g11,5,28,4,7,huif-puif,1
big,g11,5,1,1,3,fas-wuit,1
big,g11,5,1,1,5,muif-nuif,0
big,g11,5,1,1,6,passig,0
big,g11,5,1,1,8,fassa-sa,0
big,g11,5,13,2,1,pok,1
big,g11,5,13,2,2,pok,1
big,g11,5,13,2,4,fis,0
big,g11,5,13,2,7,pok,1
big,g11,5,12,2,3,pokwuit,1
big,g11,5,12,2,5,pok-nuif,1
big,g11,5,12,2,6,poko,1
big,g11,5,12,2,8,fissi,0
big,g11,5,4,1,1,sofi-o,0
big,g11,5,4,1,2,fasig,1
big,g11,5,4,1,4,saf-a,1
big,g11,5,4,1,7,fas-huif,1
big,g11,5,21,3,3,wuitmin,0
big,g11,5,21,3,5,ston,0
big,g11,5,21,3,6,wuifie,0
big,g11,5,21,3,8,pakka,0
big,g11,5,11,2,1,pok-a,1
big,g11,5,11,2,2,pasig,0
big,g11,5,11,2,4,fuia,0
big,g11,5,11,2,7,pok-puif,0
big,g11,5,8,2,3,pokmin,1
big,g11,5,8,2,5,wif,0
big,g11,5,8,2,6,poki,1
big,g11,5,8,2,8,guia-fis,0
big,g11,5,3,1,1,sofi-i,0
big,g11,5,3,1,2,hasig,0
big,g11,5,3,1,4,fas,1
big,g11,5,3,1,7,fas,1
big,g11,5,6,1,3,fasmin,1
big,g11,5,6,1,5,sofi-huif,0
big,g11,5,6,1,6,fasso,1
big,g11,5,6,1,8,fassig,0
big,g11,5,25,4,1,fak-nuif,0
big,g11,5,25,4,2,fuit-wuit,1
big,g11,5,25,4,4,wuit,0
big,g11,5,25,4,7,huif-nuif,0
big,g11,5,7,1,3,faspok,0
big,g11,5,7,1,5,huiwi,0
big,g11,5,7,1,6,fas,0
big,g11,5,7,1,8,fas-fas,1
big,g11,5,5,1,1,sofi-a,1
big,g11,5,5,1,2,fasi,1
big,g11,5,5,1,4,guia-fas,0
big,g11,5,5,1,7,fas-puif,1
big,g11,5,11,2,3,pokpuif,1
big,g11,5,11,2,5,gui-a,0
big,g11,5,11,2,6,poko,0
big,g11,5,11,2,8,guia,0
big,g11,5,23,4,1,fak-pok,0
big,g11,5,23,4,2,huif-guif,1
big,g11,5,23,4,4,muif,1
big,g11,5,23,4,7,huif-pok,1
big,g11,5,14,2,3,pokasa,0
big,g11,5,14,2,5,gui-huif-nuif,0
big,g11,5,14,2,6,poka,0
big,g11,5,14,2,8,pof-pok,0
big,g11,5,9,2,1,gui-huif-nuif-iii,0
big,g11,5,9,2,2,posa,1
big,g11,5,9,2,4,pif-pok,1
big,g11,5,9,2,7,pok-suif,1
big,g11,6,19,3,3,wuitmin,0
big,g11,6,19,3,5,sto-huif,0
big,g11,6,19,3,6,muif-fuif,0
big,g11,6,19,3,7,huiwo-nuif,0
big,g11,6,18,3,1,muif-w,1
big,g11,6,18,3,2,wuitman,0
big,g11,6,18,3,4,guia-saf,1
big,g11,6,18,3,8,sto-huifie,1
big,g11,6,13,2,3,pok,1
big,g11,6,13,2,5,pok,1
big,g11,6,13,2,6,pok,1
big,g11,6,13,2,7,pok,1
big,g11,6,10,2,1,pok-fuif,1
big,g11,6,10,2,2,pak,1
big,g11,6,10,2,4,fis-a,0
big,g11,6,10,2,8,pok-snok,0
big,g11,6,11,2,3,poik,1
big,g11,6,11,2,5,pok-a,0
big,g11,6,11,2,6,pokie,1
big,g11,6,11,2,7,pok-puif,1
big,g11,6,21,3,1,muif-u,0
big,g11,6,21,3,2,wuitmon,1
big,g11,6,21,3,4,guia-fsi,0
big,g11,6,21,3,8,guia-steep,0
big,g11,6,15,3,3,wuituip,1
big,g11,6,15,3,5,guia-a,0
big,g11,6,15,3,6,muifie,1
big,g11,6,15,3,7,guia-puif,0
big,g11,6,16,3,1,muif-e,1
big,g11,6,16,3,2,wuitin,0
big,g11,6,16,3,4,guia-puif,1
big,g11,6,16,3,8,guia-ig,1
big,g11,6,23,4,3,muifmin,0
big,g11,6,23,4,5,muif-pok,0
big,g11,6,23,4,6,guia,1
big,g11,6,23,4,7,huif-kuif,0
big,g11,6,6,1,1,sofi-fuif,0
big,g11,6,6,1,2,guio,0
big,g11,6,6,1,4,fas-fis,0
big,g11,6,6,1,8,fassa,0
big,g11,6,14,2,3,pokasa,0
big,g11,6,14,2,5,pok-iiiiiiiii,0
big,g11,6,14,2,6,pokos,0
big,g11,6,14,2,7,pok-saf,1
big,g11,6,1,1,1,sofi-e,0
big,g11,6,1,1,2,huio,1
big,g11,6,1,1,4,saf-muif,0
big,g11,6,1,1,8,fassa-maf,0
big,g11,6,12,2,3,pok-wuit,0
big,g11,6,12,2,5,pok-nuif,1
big,g11,6,12,2,6,pok-e,1
big,g11,6,12,2,7,pok-nuif,1
big,g11,6,8,2,1,pok-u,1
big,g11,6,8,2,2,pokoa,0
big,g11,6,8,2,4,pok-fis,1
big,g11,6,8,2,8,pok-pik,0
big,g11,6,5,1,3,fasup,1
big,g11,6,5,1,5,huia,0
big,g11,6,5,1,6,sofi-os,1
big,g11,6,5,1,7,fas-puif,1
big,g11,6,26,4,1,fak-fuif,1
big,g11,6,26,4,2,muif-huif,1
big,g11,6,26,4,4,muia,0
big,g11,6,26,4,8,muif,0
big,g11,6,25,4,3,muif,0
big,g11,6,25,4,5,muif,0
big,g11,6,25,4,6,fak-e,1
big,g11,6,25,4,7,guia-nuif,0
big,g11,6,4,1,1,sofi-fuif,0
big,g11,6,4,1,2,faso,1
big,g11,6,4,1,4,saf,0
big,g11,6,4,1,8,fassa-steep,0
big,g11,6,7,1,3,fasmin,1
big,g11,6,7,1,5,hui-pok,0
big,g11,6,7,1,6,sofi,1
big,g11,6,7,1,7,fas-kuif,1
big,g11,6,20,3,1,muif-sofi,0
big,g11,6,20,3,2,snuifmin,0
big,g11,6,20,3,4,guia-pok,1
big,g11,6,20,3,8,guia-uifa,0
big,g11,6,9,2,3,pokuppa,1
big,g11,6,9,2,5,pok-uuuuuuu,1
big,g11,6,9,2,6,poki,1
big,g11,6,9,2,7,pok-muif,1
big,g11,6,28,4,1,fak-ie,1
big,g11,6,28,4,2,muifop,1
big,g11,6,28,4,4,guifa,0
big,g11,6,28,4,8,muif-iieeee,0
big,g11,6,3,1,3,fas,1
big,g11,6,3,1,5,fas,1
big,g11,6,3,1,6,sofi-os,0
big,g11,6,3,1,7,fas,1
big,g11,7,21,3,4,guia-fis,0
big,g11,7,21,3,5,sto,0
big,g11,7,21,3,7,huiwo-suif,0
big,g11,7,21,3,8,guia-steep,0
big,g11,7,18,3,1,suif-w,1
big,g11,7,18,3,2,guia-fat,1
big,g11,7,18,3,3,wuitsaf,0
big,g11,7,18,3,6,guia-os,0
big,g11,7,7,1,4,fas-fis,0
big,g11,7,7,1,5,huiw-pok,1
big,g11,7,7,1,7,fas-kuif,0
big,g11,7,7,1,8,fassa-mat,1
big,g11,7,9,2,1,pok-iii,0
big,g11,7,9,2,2,fassa-oppa,0
big,g11,7,9,2,3,pokup,1
big,g11,7,9,2,6,pok-op,1
big,g11,7,19,3,4,guia-aiug,0
big,g11,7,19,3,5,sto-huif,0
big,g11,7,19,3,7,suif-wuif,0
big,g11,7,19,3,8,guia-wi,0
big,g11,7,11,2,1,pok-a,1
big,g11,7,11,2,2,fassa-op,0
big,g11,7,11,2,3,poksto,0
big,g11,7,11,2,6,pok-ie,0
big,g11,7,3,1,4,fas,1
big,g11,7,3,1,5,fas,1
big,g11,7,3,1,7,fas,1
big,g11,7,3,1,8,fassa-tegts,0
big,g11,7,23,4,1,fak-fuif,0
big,g11,7,23,4,2,muit-snuit,0
big,g11,7,23,4,3,muifmin,1
big,g11,7,23,4,6,muif,1
big,g11,7,4,1,4,saf,1
big,g11,7,4,1,5,fas-nuif,1
big,g11,7,4,1,7,fas-wuif,1
big,g11,7,4,1,8,fassa-inks,1
big,g11,7,12,2,1,pok-e,1
big,g11,7,12,2,2,fassa-inksop,1
big,g11,7,12,2,3,pokmuif,1
big,g11,7,12,2,6,pok-u,0
big,g11,7,28,4,4,guia-muia,0
big,g11,7,28,4,5,muif-a,0
big,g11,7,28,4,7,huif-puif,1
big,g11,7,28,4,8,muif-tegtsop,1
big,g11,7,20,3,1,muif-fuif,0
big,g11,7,20,3,2,guif-onka,1
big,g11,7,20,3,3,wuitpok,1
big,g11,7,20,3,6,guia,0
big,g11,7,6,1,4,saf-fis,1
big,g11,7,6,1,5,fas-nuif,0
big,g11,7,6,1,7,fas-wuif,1
big,g11,7,6,1,8,fassa-ti-on,0
big,g11,7,5,1,1,fas-a,1
big,g11,7,5,1,2,fassa-ti-op,0
big,g11,7,5,1,3,fasup,1
big,g11,7,5,1,6,saf-op,0
big,g11,7,15,3,4,guiaa,1
big,g11,7,15,3,5,wuif-upaaaa,1
big,g11,7,15,3,7,huiwo-a,1
big,g11,7,15,3,8,guia-tegts-op,1
big,g11,7,13,2,1,pok-fuif,1
big,g11,7,13,2,2,pok,1
big,g11,7,13,2,3,pok,1
big,g11,7,13,2,6,pok,1
big,g11,7,8,2,4,fis,0
big,g11,7,8,2,5,wif,0
big,g11,7,8,2,7,pok-suif,1
big,g11,7,8,2,8,pok-pik,1
big,g11,7,1,1,1,fas-e,1
big,g11,7,1,1,2,fassa-ink-op,0
big,g11,7,1,1,3,faswuit,0
big,g11,7,1,1,6,gui-ap,0
big,g11,7,14,2,4,fis-saf,0
big,g11,7,14,2,5,pok-iiiiiii,0
big,g11,7,14,2,7,pok-o,1
big,g11,7,14,2,8,fassa-ink,1
big,g11,7,26,4,1,fak-wuif,1
big,g11,7,26,4,2,muit-wuit,0
big,g11,7,26,4,3,muifua,1
big,g11,7,26,4,6,muif-ie,1
big,g11,7,10,2,4,pok-muif-ie,1
big,g11,7,10,2,5,pok-huif,0
big,g11,7,10,2,7,pok-wuif,1
big,g11,7,10,2,8,pof-ink,1
big,g11,7,25,4,1,fak-e,1
big,g11,7,25,4,2,muit-ink,0
big,g11,7,25,4,3,muif,1
big,g11,7,25,4,6,muif-op,1
big,g11,7,16,3,4,guia-aiugi,0
big,g11,7,16,3,5,wuif-muif,1
big,g11,7,16,3,7,huiwo-e,1
big,g11,7,16,3,8,guia-ink,0
big,g11,8,3,1,2,fasso,1
big,g11,8,3,1,4,fas,1
big,g11,8,3,1,6,fas,1
big,g11,8,3,1,8,fassa-tegts,0
big,g11,8,26,4,1,fak-o,0
big,g11,8,26,4,3,muifua,1
big,g11,8,26,4,5,muif-huif,0
big,g11,8,26,4,7,fak-wuif,0
big,g11,8,18,3,2,guio-ink,0
big,g11,8,18,3,4,muif-saf,0
big,g11,8,18,3,6,guia-os,0
big,g11,8,18,3,8,guia-ink,1
big,g11,8,4,1,1,fas-o,0
big,g11,8,4,1,3,fassof,0
big,g11,8,4,1,5,fas-huif,1
big,g11,8,4,1,7,fas-wuif,1
big,g11,8,1,1,2,fas-o,1
big,g11,8,1,1,4,fasmuif,0
big,g11,8,1,1,6,fas-ie,1
big,g11,8,1,1,8,fas-ink-op,1
big,g11,8,15,3,1,muif-a,0
big,g11,8,15,3,3,wuitmuiif,0
big,g11,8,15,3,5,guia-a,0
big,g11,8,15,3,7,guia-op,1
big,g11,8,5,1,2,fas-op,1
big,g11,8,5,1,4,fasmuiif,1
big,g11,8,5,1,6,fas-a,1
big,g11,8,5,1,8,fassa-tegts-op,1
big,g11,8,19,3,1,muif-o,0
big,g11,8,19,3,3,wuitua,0
big,g11,8,19,3,5,guia-huif,1
big,g11,8,19,3,7,guia-ink,0
big,g11,8,11,2,2,fas-op,0
big,g11,8,11,2,4,fisguia,0
big,g11,8,11,2,6,pok-op,1
big,g11,8,11,2,8,pok-tegts-op,1
big,g11,8,6,1,1,fas-o,0
big,g11,8,6,1,3,fasua,1
big,g11,8,6,1,5,fas-huif,1
big,g11,8,6,1,7,fas-ink-niop,0
big,g11,8,13,2,2,pok,1
big,g11,8,13,2,4,pok,1
big,g11,8,13,2,6,pok,1
big,g11,8,13,2,8,pok,1
big,g11,8,10,2,1,pok-o,0
big,g11,8,10,2,3,pokua,1
big,g11,8,10,2,5,pok-huif,1
big,g11,8,10,2,7,pok-ink-niop,1
big,g11,8,8,2,2,pok-o,1
big,g11,8,8,2,4,poku,1
big,g11,8,8,2,6,pok-as,1
big,g11,8,8,2,8,pok-niop,1
big,g11,8,25,4,1,fak-e,0
big,g11,8,25,4,3,muif,0
big,g11,8,25,4,5,muif,1
big,g11,8,25,4,7,fak-e,0
big,g11,8,21,3,2,guio-on,1
big,g11,8,21,3,4,guia-pok,0
big,g11,8,21,3,6,guia-ie,0
big,g11,8,21,3,8,guia-niop,1
big,g11,8,23,4,1,fak-pok,0
big,g11,8,23,4,3,muifpok,1
big,g11,8,23,4,5,muif-pok,1
big,g11,8,23,4,7,fak-teggts-niop,1
big,g11,8,16,3,2,gui-ink,0
big,g11,8,16,3,4,guia-wuit,1
big,g11,8,16,3,6,guia-op,1
big,g11,8,16,3,8,guia-ink,1
big,g11,8,28,4,1,fak-a,1
big,g11,8,28,4,3,muifuip,1
big,g11,8,28,4,5,muif-ap,0
big,g11,8,28,4,7,fak-teggts-op,0
big,g11,8,14,2,2,pok-inks,1
big,g11,8,14,2,4,pok-saf,1
big,g11,8,14,2,6,pok-ie,1
big,g11,8,14,2,8,pok-ink,1
big,g11,8,12,2,1,pok-e,0
big,g11,8,12,2,3,pokwuit,1
big,g11,8,12,2,5,pok-op,0
big,g11,8,12,2,7,pok-ink-op,1
big,g11,8,9,2,2,pok-o,0
big,g11,8,9,2,4,pokii,0
big,g11,8,9,2,6,pok-op,1
big,g11,8,9,2,8,pok-op,1
big,g11,8,7,1,1,fas-pok,0
big,g11,8,7,1,3,faspok,1
big,g11,8,7,1,5,fas-pok,0
big,g11,8,7,1,7,fas-pok,0
big,g11,8,20,3,2,gui-on,0
big,g11,8,20,3,4,guia-pok,1
big,g11,8,20,3,6,guia-pok,1
big,g11,8,20,3,8,guia-tegts-niop,1
big,g11,9,21,3,1,muif-u,0
big,g11,9,21,3,3,wuitmin,0
big,g11,9,21,3,5,gui-o,1
big,g11,9,21,3,7,guia-niop,1
big,g11,9,4,1,2,fasso-inkniop,1
big,g11,9,4,1,4,safua,0
big,g11,9,4,1,6,fas-min,1
big,g11,9,4,1,8,fassa-ink-niop,1
big,g11,9,25,4,1,fak-e,0
big,g11,9,25,4,3,muif,0
big,g11,9,25,4,5,muif,1
big,g11,9,25,4,7,fak-inkop,1
big,g11,9,7,1,2,fas-ehtsniop,1
big,g11,9,7,1,4,fas-pok,1
big,g11,9,7,1,6,fas,1
big,g11,9,7,1,8,fassa-tegts-niop,1
big,g11,9,28,4,1,fak-a,1
big,g11,9,28,4,3,muifuip,0
big,g11,9,28,4,5,muif-a,1
big,g11,9,28,4,7,fak-ehtsop,1
big,g11,9,6,1,2,fas-inkniop,1
big,g11,9,6,1,4,fas-ua,1
big,g11,9,6,1,6,fas-ie,1
big,g11,9,6,1,8,fassa-ink-niop,0
big,g11,9,26,4,1,fak-ink-niop,1
big,g11,9,26,4,3,muif-ie,1
big,g11,9,26,4,5,muif-ua,1
big,g11,9,26,4,7,fak-inkniop,1
big,g11,9,5,1,2,fas-ehtsop,1
big,g11,9,5,1,4,fas-guia,1
big,g11,9,5,1,6,fas-op,1
big,g11,9,5,1,8,fassa-tegts-op,1
big,g11,9,23,4,1,fak-tegts-pok,0
big,g11,9,23,4,3,muifpok,1
big,g11,9,23,4,5,muif-pok,1
big,g11,9,23,4,7,fak-ehtsniop,1
big,g11,9,13,2,2,pok,1
big,g11,9,13,2,4,pok,1
big,g11,9,13,2,6,pok,1
big,g11,9,13,2,8,pok,1
big,g11,9,11,2,1,pok-tegts-op,1
big,g11,9,11,2,3,pokop,1
big,g11,9,11,2,5,pok-a,0
big,g11,9,11,2,7,pok-ehtsop,1
big,g11,9,15,3,2,guio-ehtsop,1
big,g11,9,15,3,4,guia,1
big,g11,9,15,3,6,wuif-op,1
big,g11,9,15,3,8,guia-tegts-op,1
big,g11,9,12,2,1,pok-ink-op,1
big,g11,9,12,2,3,pokmuif,0
big,g11,9,12,2,5,pok-nuif,1
big,g11,9,12,2,7,pok-inkop,1
big,g11,9,19,3,2,guio-inkniop,1
big,g11,9,19,3,4,guia-aiug,1
big,g11,9,19,3,6,wuif-ie,0
big,g11,9,19,3,8,guia-ink-niop,1
big,g11,9,14,2,1,pok-ink,1
big,g11,9,14,2,3,pokasa,0
big,g11,9,14,2,5,pok-ie,0
big,g11,9,14,2,7,pok-ink,1
big,g11,9,10,2,2,pok-inkniop,1
big,g11,9,10,2,4,pok-iiie,1
big,g11,9,10,2,6,pok-os,0
big,g11,9,10,2,8,pok-ink-niop,1
big,g11,9,9,2,1,pok-op,1
big,g11,9,9,2,3,pokop,1
big,g11,9,9,2,5,pok-uuu,1
big,g11,9,9,2,7,pokop,1
big,g11,9,3,1,2,fas-ehts,1
big,g11,9,3,1,4,fas,1
big,g11,9,3,1,6,fas-as,0
big,g11,9,3,1,8,fassa-tegts,1
big,g11,9,20,3,1,guia-egts-niop,1
big,g11,9,20,3,3,wuitpok,0
big,g11,9,20,3,5,guia-pok,1
big,g11,9,20,3,7,guio-ehtsniop,1
big,g11,9,18,3,2,gui-inks,1
big,g11,9,18,3,4,guia-saf,0
big,g11,9,18,3,6,wuif-ie,1
big,g11,9,18,3,8,guia-ink,1
big,g11,9,16,3,1,fuia-ink-op,1
big,g11,9,16,3,3,wuit,0
big,g11,9,16,3,5,guia-nuif,1
big,g11,9,16,3,7,gio-ink-op,1
big,g11,9,8,2,2,pok-niop,1
big,g11,9,8,2,4,pok-u,0
big,g11,9,8,2,6,pok-ie,0
big,g11,9,8,2,8,pok-niop,1
big,g11,9,1,1,1,fassa-ink-op,1
big,g11,9,1,1,3,faswuit,0
big,g11,9,1,1,5,fas-nuif-ie,0
big,g11,9,1,1,7,fasehtssop,0
big,g11,10,8,2,2,pok-niop,0
big,g11,10,8,2,4,poku,1
big,g11,10,8,2,6,pok-ie,0
big,g11,10,8,2,8,pok-ni-op,0
big,g11,10,5,1,1,fassa-egts-op,0
big,g11,10,5,1,3,fasuip,0
big,g11,10,5,1,5,fas-a,0
big,g11,10,5,1,7,fas-a,0
big,g11,10,1,1,2,huiwo-op,0
big,g11,10,1,1,4,fassa-egts-op,1
big,g11,10,1,1,6,fas-os,0
big,g11,10,1,1,8,fas-ink-op,0
big,g11,10,3,1,1,fassa-egts,0
big,g11,10,3,1,3,fas,1
big,g11,10,3,1,5,fas,1
big,g11,10,3,1,7,fas-ehts,0
big,g11,10,20,3,2,guio-ehts,0
big,g11,10,20,3,4,guia-pok,1
big,g11,10,20,3,6,muif,0
big,g11,10,20,3,8,guia-tegts-niop,0
big,g11,10,21,3,1,guia-u,1
big,g11,10,21,3,3,wuitmin,0
big,g11,10,21,3,5,guio-niop,1
big,g11,10,21,3,7,muif-niop,1
big,g11,10,14,2,2,pok-inks,1
big,g11,10,14,2,4,pok-saf,1
big,g11,10,14,2,6,pok-a,1
big,g11,10,14,2,8,pok-ink,0
big,g11,10,15,3,1,guia-a,0
big,g11,10,15,3,3,wuituip,1
big,g11,10,15,3,5,guio-a,0
big,g11,10,15,3,7,guia-ehtsop,0
big,g11,10,16,3,2,guio-inks,0
big,g11,10,16,3,4,guia-ui,1
big,g11,10,16,3,6,guia-op,0
big,g11,10,16,3,8,guia-ink-op,1
big,g11,10,11,2,1,pok-a,1
big,g11,10,11,2,3,pokuip,0
big,g11,10,11,2,5,pok-a,0
big,g11,10,11,2,7,pok-ehtsop,0
big,g11,10,26,4,2,muit-wuit,0
big,g11,10,26,4,4,muif-ua,1
big,g11,10,26,4,6,wuif-ie,1
big,g11,10,26,4,8,muif,0
big,g11,10,18,3,1,guia-saf,0
big,g11,10,18,3,3,wuit-ink,0
big,g11,10,18,3,5,guio-huifnuif,0
big,g11,10,18,3,7,guio-o,1
big,g11,10,10,2,2,pok-inks,1
big,g11,10,10,2,4,pok-ua,1
big,g11,10,10,2,6,pok-o,1
big,g11,10,10,2,8,pok-ink-niop,1
big,g11,10,19,3,1,guia-ua,1
big,g11,10,19,3,3,wuitmin,1
big,g11,10,19,3,5,guia-huif,0
big,g11,10,19,3,7,guia-ie,0
big,g11,10,28,4,2,muit-wuit,1
big,g11,10,28,4,4,muif-guia,0
big,g11,10,28,4,6,wuif-op,0
big,g11,10,28,4,8,muif-op,1
big,g11,10,12,2,1,pok-e,1
big,g11,10,12,2,3,pokwuit,0
big,g11,10,12,2,5,pok-nuif,0
big,g11,10,12,2,7,pok-eop,1
big,g11,10,25,4,2,muit-wuit,1
big,g11,10,25,4,4,wuit,1
big,g11,10,25,4,6,wuif-eop,1
big,g11,10,25,4,8,muif-ink-op,0
big,g11,10,9,2,1,pok-iii,1
big,g11,10,9,2,3,pokop,1
big,g11,10,9,2,5,pok-wuit-aa,0
big,g11,10,9,2,7,pokop,1
big,g11,10,4,1,2,huiwo,0
big,g11,10,4,1,4,fasua,0
big,g11,10,4,1,6,guia-a,0
big,g11,10,4,1,8,fas-ink-min,0
big,g11,10,13,2,1,pok,1
big,g11,10,13,2,3,pok,1
big,g11,10,13,2,5,pok,1
big,g11,10,13,2,7,pok,1
big,g11,10,23,4,2,wuif-nuif-aa,0
big,g11,10,23,4,4,muif-pok,1
big,g11,10,23,4,6,muif,1
big,g11,10,23,4,8,muif-tegts-min,1
big,g11,10,7,1,1,fas-pok,1
big,g11,10,7,1,3,faspok,1
big,g11,10,7,1,5,fas-pok,0
big,g11,10,7,1,7,fas-pok,1
big,g11,10,6,1,2,fas-poki,0
big,g11,10,6,1,4,fasua,1
big,g11,10,6,1,6,fas-ie,1
big,g11,10,6,1,8,fas-min,1
big,g11,11,11,2,1,pok-a,0
big,g11,11,11,2,4,pok-guia,0
big,g11,11,11,2,7,pok-e-op,0
big,g11,11,11,2,8,pok-tegts-op,1
big,g11,11,15,3,2,guia-a,1
big,g11,11,15,3,3,wuit-a,1
big,g11,11,15,3,5,guia-a,0
big,g11,11,15,3,6,muif-et-op,0
big,g11,11,3,1,1,fas-os,0
big,g11,11,3,1,4,fas,0
big,g11,11,3,1,7,fas,1
big,g11,11,3,1,8,fas-et,1
big,g11,11,12,2,2,pok-guia,0
big,g11,11,12,2,3,pokwuit,1
big,g11,11,12,2,5,pok-nuif,1
big,g11,11,12,2,6,pok-ko,1
big,g11,11,4,1,1,fas-o,1
big,g11,11,4,1,4,fas-ua,0
big,g11,11,4,1,7,fas-wuif,0
big,g11,11,4,1,8,fas-kmin,0
big,g11,11,16,3,2,guia-aa,0
big,g11,11,16,3,3,wuit,1
big,g11,11,16,3,5,guia-nuif,1
big,g11,11,16,3,6,muif-ko,0
big,g11,11,26,4,1,fak-o,1
big,g11,11,26,4,4,muif-ua,1
big,g11,11,26,4,7,fak-wuif,0
big,g11,11,26,4,8,muif-kmin,0
big,g11,11,9,2,2,pok-o,1
big,g11,11,9,2,3,pokop,1
big,g11,11,9,2,5,pok-uuu,0
big,g11,11,9,2,6,pok-op,1
big,g11,11,14,2,1,pok-w,1
big,g11,11,14,2,4,pok-fassaf,0
big,g11,11,14,2,7,pok-wuifnuif,1
big,g11,11,14,2,8,pok-k,1
big,g11,11,8,2,2,pok-u,1
big,g11,11,8,2,3,pokmin,1
big,g11,11,8,2,5,pok-huifpok,0
big,g11,11,8,2,6,pok-min,1
big,g11,11,21,3,1,wuifmin,1
big,g11,11,21,3,4,guia-u,1
big,g11,11,21,3,7,guia-wuifkuif,1
big,g11,11,21,3,8,muif-min,1
big,g11,11,1,1,2,fas-ao,1
big,g11,11,1,1,3,faswuit,1
big,g11,11,1,1,5,fas-ihuif,0
big,g11,11,1,1,6,fas-ko,1
big,g11,11,19,3,1,wuif-o,1
big,g11,11,19,3,4,guia-aiug,0
big,g11,11,19,3,7,guia-wuif,1
big,g11,11,19,3,8,muif-kmin,1
big,g11,11,10,2,2,pok-au,1
big,g11,11,10,2,3,pok-o,1
big,g11,11,10,2,5,pok-wuif,1
big,g11,11,10,2,6,pok-kmin,1
big,g11,11,23,4,1,fak-pok,0
big,g11,11,23,4,4,muif,1
big,g11,11,23,4,7,fak-kuif,1
big,g11,11,23,4,8,guia-tegts-min,1
big,g11,11,5,1,2,fas-aao,0
big,g11,11,5,1,3,fas-a,1
big,g11,11,5,1,5,fas-aa,1
big,g11,11,5,1,6,fas-kop,1
big,g11,11,20,3,1,wuif-pok,1
big,g11,11,20,3,4,guia-pok,1
big,g11,11,20,3,7,guio-kuif,1
big,g11,11,20,3,8,muif-tegts-min,1
big,g11,11,6,1,2,fas-au,1
big,g11,11,6,1,3,fas-o,1
big,g11,11,6,1,5,fas-wuif,1
big,g11,11,6,1,6,fas-kmin,1
big,g11,11,7,1,1,fas-pok,1
big,g11,11,7,1,4,fas-pok,0
big,g11,11,7,1,7,fas-kuif,1
big,g11,11,7,1,8,fas-tegts-min,1
big,g11,11,28,4,2,muit-pok,0
big,g11,11,28,4,3,muif-a,1
big,g11,11,28,4,5,muif-aaa,0
big,g11,11,28,4,6,guia-egt-op,1
big,g11,11,18,3,1,muif-w,0
big,g11,11,18,3,4,guia-saf,0
big,g11,11,18,3,7,guio-nuifwuif,1
big,g11,11,18,3,8,muif-k,1
big,g11,11,25,4,2,muit-ao,1
big,g11,11,25,4,3,muif,1
big,g11,11,25,4,5,muif-nuif,1
big,g11,11,25,4,6,guia-kop,1
big,g11,11,13,2,1,pok,1
big,g11,11,13,2,4,pok,1
big,g11,11,13,2,7,pok,1
big,g11,11,13,2,8,pok,1
big,g11,12,11,2,3,pokop,1
big,g11,12,11,2,5,pok-a,1
big,g11,12,11,2,6,pok-gop,1
big,g11,12,11,2,8,pok-egt-op,1
big,g11,12,20,3,1,muif-pok,0
big,g11,12,20,3,2,guia-ga,1
big,g11,12,20,3,4,guia-pok,1
big,g11,12,20,3,7,guio-niop,0
big,g11,12,4,1,3,fasua,1
big,g11,12,4,1,5,fas-huif,1
big,g11,12,4,1,6,fas-kmin,0
big,g11,12,4,1,8,fas-kmin,0
big,g11,12,12,2,1,pok-e,1
big,g11,12,12,2,2,pok-kop,1
big,g11,12,12,2,4,pok-wuit,0
big,g11,12,12,2,7,pok-oa,0
big,g11,12,9,2,3,pokop,1
big,g11,12,9,2,5,pok-e-a,1
big,g11,12,9,2,6,pok-op,1
big,g11,12,9,2,8,pok-op,1
big,g11,12,7,1,1,fas-pok,1
big,g11,12,7,1,2,fas-gmin,1
big,g11,12,7,1,4,fas-pok,0
big,g11,12,7,1,7,fas-pok,1
big,g11,12,1,1,3,faswuit,1
big,g11,12,1,1,5,fas-huif-e-e-e-e,0
big,g11,12,1,1,6,fas-kop,1
big,g11,12,1,1,8,fas-kop,1
big,g11,12,21,3,1,muif-huif-pok,1
big,g11,12,21,3,2,guia-min,1
big,g11,12,21,3,4,guia-uu,1
big,g11,12,21,3,7,guio-niop,1
big,g11,12,5,1,3,fasuip,0
big,g11,12,5,1,5,fas-a,1
big,g11,12,5,1,6,fas-gop,1
big,g11,12,5,1,8,fas-egtop,1
big,g11,12,8,2,1,pok-huif-pok,1
big,g11,12,8,2,2,pok-min,1
big,g11,12,8,2,4,pokuu,1
big,g11,12,8,2,7,pok-niop,1
big,g11,12,18,3,3,wuitasa,0
big,g11,12,18,3,5,muif-huif-e,1
big,g11,12,18,3,6,guia-k,1
big,g11,12,18,3,8,guia-k,1
big,g11,12,28,4,1,fak-a,1
big,g11,12,28,4,2,muit-wuit-g,1
big,g11,12,28,4,4,wuit-guia,1
big,g11,12,28,4,7,wuitop,1
big,g11,12,14,2,3,pokasa,0
big,g11,12,14,2,5,pok-huif-e,1
big,g11,12,14,2,6,pok-k,1
big,g11,12,14,2,8,pok-k,1
big,g11,12,6,1,1,fas-huif,0
big,g11,12,6,1,2,fas-kmin,1
big,g11,12,6,1,4,fas-ua,1
big,g11,12,6,1,7,fas-niop,1
big,g11,12,25,4,3,muif,1
big,g11,12,25,4,5,fak-e-e-e-e-e-a,1
big,g11,12,25,4,6,muit-kop,1
big,g11,12,25,4,8,muif-kop,1
big,g11,12,10,2,1,pok-huif,1
big,g11,12,10,2,2,fas-kmin,0
big,g11,12,10,2,4,pok-kua,1
big,g11,12,10,2,7,pokasaniop,1
big,g11,12,3,1,3,fas,1
big,g11,12,3,1,5,fas,1
big,g11,12,3,1,6,fas-g,1
big,g11,12,3,1,8,fas-egt,0
big,g11,12,23,4,1,fak-pok,1
big,g11,12,23,4,2,muit-gmin,1
big,g11,12,23,4,4,muif,1
big,g11,12,23,4,7,wuit-niop,0
big,g11,12,19,3,3,wuit-asa-niop,0
big,g11,12,19,3,5,muif-huif-huif-huif-huif-pok,0
big,g11,12,19,3,6,guia-kmin,1
big,g11,12,19,3,8,guia-kua,1
big,g11,12,15,3,1,muif-a,1
big,g11,12,15,3,2,guia-gop,1
big,g11,12,15,3,4,guia,1
big,g11,12,15,3,7,wuitop,1
big,g11,12,13,2,3,pok,1
big,g11,12,13,2,5,pok,1
big,g11,12,13,2,6,pok,1
big,g11,12,13,2,8,pok,1
big,g11,12,16,3,1,muif-e,1
big,g11,12,16,3,2,guia-kop,1
big,g11,12,16,3,4,guia-kao,1
big,g11,12,16,3,7,wuitasaop,1
big,g11,12,26,4,3,muif-asa-niop,1
big,g11,12,26,4,5,fak-huif,1
big,g11,12,26,4,6,muit-kmin,1
big,g11,12,26,4,8,muif-koa,0
big,g11,13,13,2,1,pok,1
big,g11,13,13,2,2,pok,1
big,g11,13,13,2,4,pok,1
big,g11,13,13,2,8,pok,1
big,g11,13,1,1,3,faswuit,0
big,g11,13,1,1,5,fas-e,1
big,g11,13,1,1,6,fas-kop,1
big,g11,13,1,1,7,fas-nuif,1
big,g11,13,20,3,1,muif-pok,1
big,g11,13,20,3,2,guio-kuit,0
big,g11,13,20,3,4,guia-pok,1
big,g11,13,20,3,8,guia-egt-min,0
big,g11,13,7,1,3,faspok,1
big,g11,13,7,1,5,fas-egt-min,1
big,g11,13,7,1,6,fas-pok,1
big,g11,13,7,1,7,fas-pok,1
big,g11,13,21,3,1,muif-u,1
big,g11,13,21,3,2,guio-un,1
big,g11,13,21,3,4,guia-uu,0
big,g11,13,21,3,8,guia-min,1
big,g11,13,8,2,3,pok-un,1
big,g11,13,8,2,5,pok-min,1
big,g11,13,8,2,6,pok-u,1
big,g11,13,8,2,7,pok-uu,1
big,g11,13,6,1,1,fas-huif,1
big,g11,13,6,1,2,fas-wuit,0
big,g11,13,6,1,4,fas-uua,1
big,g11,13,6,1,8,fas-k-min,1
big,g11,13,18,3,3,wuitasa,1
big,g11,13,18,3,5,guia-huif-nuif,1
big,g11,13,18,3,6,muif-k,1
big,g11,13,18,3,7,guia-a,0
big,g11,13,12,2,1,pok-kop,1
big,g11,13,12,2,2,fas-wuit,0
big,g11,13,12,2,4,pokkop,1
big,g11,13,12,2,8,pok-k-op,1
big,g11,13,28,4,3,muifuip,1
big,g11,13,28,4,5,muif-a,1
big,g11,13,28,4,6,guia-gop,1
big,g11,13,28,4,7,wuif-oo,1
big,g11,13,9,2,1,pok-iii,1
big,g11,13,9,2,2,pok-o,1
big,g11,13,9,2,4,pok-oo,1
big,g11,13,9,2,8,pok-op,1
big,g11,13,23,4,3,muifpok,0
big,g11,13,23,4,5,muif-n-g,1
big,g11,13,23,4,6,guia-gu,1
big,g11,13,23,4,7,wuif-pok,1
big,g11,13,25,4,1,guia-kop,1
big,g11,13,25,4,2,muit-wuif,0
big,g11,13,25,4,4,wuif,1
big,g11,13,25,4,8,muif-k-op,1
big,g11,13,10,2,3,pok-asa-niop,0
big,g11,13,10,2,5,pok-huif,0
big,g11,13,10,2,6,pok-ku,1
big,g11,13,10,2,7,pok-uua,1
big,g11,13,5,1,1,fas-a,0
big,g11,13,5,1,2,fas-pokop,1
big,g11,13,5,1,4,fas-guia,0
big,g11,13,5,1,8,fas-egt-op,1
big,g11,13,26,4,3,muif-asa-niop,1
big,g11,13,26,4,5,muif-huif,0
big,g11,13,26,4,6,guia-ku,1
big,g11,13,26,4,7,wuif-uua,1
big,g11,13,16,3,1,guia-kop,1
big,g11,13,16,3,2,guio-asa-op,1
big,g11,13,16,3,4,guia-wuif,1
big,g11,13,16,3,8,guia-k-op,1
big,g11,13,19,3,3,wuit-asa-niop,0
big,g11,13,19,3,5,guia-n-k,1
big,g11,13,19,3,6,muif-ku,1
big,g11,13,19,3,7,guia-uua,1
big,g11,13,15,3,1,muif-a,0
big,g11,13,15,3,2,pok-asa-op,0
big,g11,13,15,3,4,guia,1
big,g11,13,15,3,8,guia-egt-op,1
big,g11,13,11,2,3,pokop,0
big,g11,13,11,2,5,pok-egt-op,1
big,g11,13,11,2,6,pok-gop,1
big,g11,13,11,2,7,pok-guia,1
big,g11,13,4,1,1,fas-ku,0
big,g11,13,4,1,2,fas-wuit,0
big,g11,13,4,1,4,fas-uaa,1
big,g11,13,4,1,8,fas-k-min,1
big,g11,13,14,2,3,pokasa,0
big,g11,13,14,2,5,pok-huif-nuif,1
big,g11,13,14,2,6,pok-k,1
big,g11,13,14,2,7,pok-a,1
big,g11,13,3,1,1,fas-g,1
big,g11,13,3,1,2,fas-pok,0
big,g11,13,3,1,4,fas,1
big,g11,13,3,1,8,fas-egt,1
big,g11,14,21,3,1,muif-u,0
big,g11,14,21,3,2,guio-u,1
big,g11,14,21,3,3,wuit-niop,1
big,g11,14,21,3,6,muif-min,0
big,g11,14,18,3,4,guia-aa,0
big,g11,14,18,3,5,wuit-huif-nuif,0
big,g11,14,18,3,7,muif-a,0
big,g11,14,18,3,8,guio-k,1
big,g11,14,12,2,1,pok-e,1
big,g11,14,12,2,2,fas-kop,0
big,g11,14,12,2,3,pokwuit,1
big,g11,14,12,2,6,pok-kop,1
big,g11,14,26,4,4,muif-ua,1
big,g11,14,26,4,5,muif-niop,1
big,g11,14,26,4,7,fak-uua,1
big,g11,14,26,4,8,mui-k-u,0
big,g11,14,4,1,1,fas-a-a-u,1
big,g11,14,4,1,2,fas-ku,1
big,g11,14,4,1,3,fas-asa-niop,1
big,g11,14,4,1,6,fas-ua,1
big,g11,14,25,4,4,wuit,0
big,g11,14,25,4,5,muif-nuif-nuif-nuif-a,0
big,g11,14,25,4,7,fak-aoo,1
big,g11,14,25,4,8,muif-kop,1
big,g11,14,10,2,1,pok-a-u,1
big,g11,14,10,2,2,pok-ku,1
big,g11,14,10,2,3,pok-asa-niop,1
big,g11,14,10,2,6,pok-ua,1
big,g11,14,1,1,4,fas-wuit,1
big,g11,14,1,1,5,fas-nuif,1
big,g11,14,1,1,7,fas-aao,1
big,g11,14,1,1,8,fas-kop,1
big,g11,14,9,2,1,pok-o,1
big,g11,14,9,2,2,pok-op,1
big,g11,14,9,2,3,pokop,1
big,g11,14,9,2,6,pok-op,1
big,g11,14,5,1,4,fas-guia,1
big,g11,14,5,1,5,fas-a,1
big,g11,14,5,1,7,fas-io,1
big,g11,14,5,1,8,fas-egtop,1
big,g11,14,20,3,1,muif-i-u,1
big,g11,14,20,3,2,giuo-gu,0
big,g11,14,20,3,3,wuitpok,1
big,g11,14,20,3,6,guia-gu,1
big,g11,14,28,4,4,muif-guia,1
big,g11,14,28,4,5,muif-a,1
big,g11,14,28,4,7,fak-ioo,1
big,g11,14,28,4,8,muif-gop,1
big,g11,14,8,2,1,pok-u,1
big,g11,14,8,2,2,pok-u,1
big,g11,14,8,2,3,pok-niop,1
big,g11,14,8,2,6,pok-u,1
big,g11,14,11,2,4,pok-guia,1
big,g11,14,11,2,5,pok-a,1
big,g11,14,11,2,7,pokio,1
big,g11,14,11,2,8,pok-gop,1
big,g11,14,14,2,1,pok-a,1
big,g11,14,14,2,2,pok-k,1
big,g11,14,14,2,3,pok-asa,1
big,g11,14,14,2,6,pok-a,1
big,g11,14,13,2,4,pok,1
big,g11,14,13,2,5,pok,1
big,g11,14,13,2,7,pok,1
big,g11,14,13,2,8,pok,1
big,g11,14,23,4,1,fak-u-i,1
big,g11,14,23,4,2,muif-gu,1
big,g11,14,23,4,3,muifpok,1
big,g11,14,23,4,6,wuif,1
big,g11,14,15,3,4,guia,1
big,g11,14,15,3,5,guia-a,1
big,g11,14,15,3,7,wuif-oi,1
big,g11,14,15,3,8,guio-gop,1
big,g11,14,7,1,1,fas-u-i,1
big,g11,14,7,1,2,fas-gu,1
big,g11,14,7,1,3,faspok,1
big,g11,14,7,1,6,fas-gu,0
big,g11,14,19,3,4,guia-ua,1
big,g11,14,19,3,5,guia-niop,1
big,g11,14,19,3,7,fas-aoo,0
big,g11,14,19,3,8,guio-ku,1
big,g11,14,3,1,1,fas-i,1
big,g11,14,3,1,2,fas-g,1
big,g11,14,3,1,3,fas,1
big,g11,14,3,1,6,fas-g,0
big,g11,14,6,1,4,fasua,0
big,g11,14,6,1,5,fas-niop,1
big,g11,14,6,1,7,fas-auu,1
big,g11,14,6,1,8,fas-ku,1
big,g11,14,16,3,1,muif-a-o,1
big,g11,14,16,3,2,guio-kop,1
big,g11,14,16,3,3,wuit,0
big,g11,14,16,3,6,guia-aa,1
big,g12,1,13,2,1,gim,0
big,g12,1,13,2,3,fem-ooo,0
big,g12,1,13,2,5,puieg,0
big,g12,1,13,2,7,weeps,0
big,g12,1,16,3,2,pow,1
big,g12,1,16,3,4,noop-ooo,0
big,g12,1,16,3,6,poog,0
big,g12,1,16,3,8,pefk,0
big,g12,1,9,2,1,huuu,0
big,g12,1,9,2,3,hut-u,0
big,g12,1,9,2,5,peos,0
big,g12,1,9,2,7,mep,1
big,g12,1,25,4,2,pekf,1
big,g12,1,25,4,4,giek,0
big,g12,1,25,4,6,wasg,0
big,g12,1,25,4,8,pekt,0
big,g12,1,4,1,1,knnn,0
big,g12,1,4,1,3,gik-o,1
big,g12,1,4,1,5,heseip,0
big,g12,1,4,1,7,mupt,1
big,g12,1,15,3,2,wikm,0
big,g12,1,15,3,4,hok-hhhh,0
big,g12,1,15,3,6,huip,0
big,g12,1,15,3,8,keft,0
big,g12,1,8,2,1,unnn,0
big,g12,1,8,2,3,hok-hhhh,0
big,g12,1,8,2,5,femon,0
big,g12,1,8,2,7,pu,0
big,g12,1,9,2,2,peeee,0
big,g12,1,9,2,4,hok-ffff,0
big,g12,1,9,2,6,femun,0
big,g12,1,9,2,8,fem,0
big,g12,1,4,1,1,ufff,0
big,g12,1,4,1,3,gone-h,0
big,g12,1,4,1,5,wasueg,0
big,g12,1,4,1,7,mupt,0
big,g12,1,8,2,2,niii,0
big,g12,1,8,2,4,hut-ooo,0
big,g12,1,8,2,6,femona,0
big,g12,1,8,2,8,mupt,0
big,g12,1,3,1,1,akkk,0
big,g12,1,3,1,3,ok-h,0
big,g12,1,3,1,5,wasem,1
big,g12,1,3,1,7,saf,0
big,g12,1,13,2,2,muuu,0
big,g12,1,13,2,4,ok-oo,0
big,g12,1,13,2,6,femono,0
big,g12,1,13,2,8,kemt,0
big,g12,1,25,4,1,keee,0
big,g12,1,25,4,3,giek,1
big,g12,1,25,4,5,pefok,1
big,g12,1,25,4,7,kemt,0
big,g12,1,16,3,2,meee,1
big,g12,1,16,3,4,hut-kkk,0
big,g12,1,16,3,6,huiw,1
big,g12,1,16,3,8,keft,0
big,g12,1,15,3,1,fooo,1
big,g12,1,15,3,3,giek-uu,0
big,g12,1,15,3,5,huiak,1
big,g12,1,15,3,7,kaft,0
big,g12,1,3,1,2,piii,0
big,g12,1,3,1,4,giekw-uu,0
big,g12,1,3,1,6,suto,0
big,g12,1,3,1,8,nuup,0
big,g12,1,16,3,1,keee,0
big,g12,1,16,3,3,giek-uu,0
big,g12,1,16,3,5,huiew,1
big,g12,1,16,3,7,keft,0
big,g12,1,4,1,2,mooo,0
big,g12,1,4,1,4,giekw-ooo,0
big,g12,1,4,1,6,suta,0
big,g12,1,4,1,8,mupt,1
big,g12,1,15,3,1,giii,0
big,g12,1,15,3,3,gut-uop,0
big,g12,1,15,3,5,huian,1
big,g12,1,15,3,7,kaft,1
big,g12,1,8,2,2,soso,0
big,g12,1,8,2,4,hut-ooo,1
big,g12,1,8,2,6,femons,1
big,g12,1,8,2,8,fem,1
big,g12,1,13,2,1,emmm,0
big,g12,1,13,2,3,hot-ooo,1
big,g12,1,13,2,5,femanos,1
big,g12,1,13,2,7,fam,0
big,g12,1,9,2,2,pmmm,0
big,g12,1,9,2,4,hut-kkk,1
big,g12,1,9,2,6,femut,1
big,g12,1,9,2,8,fom,1
big,g12,1,25,4,1,mttt,0
big,g12,1,25,4,3,giek,1
big,g12,1,25,4,5,fekoi,0
big,g12,1,25,4,7,keft,0
big,g12,2,21,3,2,kmmm,1
big,g12,2,21,3,4,giekw-ooo,0
big,g12,2,21,3,6,huin,0
big,g12,2,21,3,8,mup,0
big,g12,2,15,3,1,kooo,0
big,g12,2,15,3,3,pok-uu,0
big,g12,2,15,3,5,gekka-woo,0
big,g12,2,15,3,7,kttt,1
big,g12,2,9,2,2,kooo,0
big,g12,2,9,2,4,hut-kkk,0
big,g12,2,9,2,6,fet,0
big,g12,2,9,2,8,fom,1
big,g12,2,4,1,1,ihhh,0
big,g12,2,4,1,3,fash,0
big,g12,2,4,1,5,wasge,0
big,g12,2,4,1,7,saf,0
big,g12,2,13,2,2,seee,0
big,g12,2,13,2,4,hut-ooo,0
big,g12,2,13,2,6,fenk,0
big,g12,2,13,2,8,kemt,0
big,g12,2,3,1,1,nuup,1
big,g12,2,3,1,3,koh,0
big,g12,2,3,1,5,geekie-woo,0
big,g12,2,3,1,7,seeef,0
big,g12,2,8,2,2,miii,1
big,g12,2,8,2,4,hut-ooo,1
big,g12,2,8,2,6,fen,0
big,g12,2,8,2,8,fem,0
big,g12,2,23,4,1,tem,0
big,g12,2,23,4,3,giek-uu,0
big,g12,2,23,4,5,asfg-ehh,0
big,g12,2,23,4,7,pii,1
big,g12,2,25,4,2,nii,0
big,g12,2,25,4,4,asgf-itutut,1
big,g12,2,25,4,6,fat-uu,0
big,g12,2,25,4,8,tom,0
big,g12,2,16,3,1,meww,1
big,g12,2,16,3,3,fat-tt,0
big,g12,2,16,3,5,geekef-woo,0
big,g12,2,16,3,7,nuu,0
big,g12,2,21,3,2,muu,1
big,g12,2,21,3,4,geekie-ooo,1
big,g12,2,21,3,6,hui-tt,0
big,g12,2,21,3,8,moww,0
big,g12,2,5,1,1,nopp,1
big,g12,2,5,1,3,fet-uu,1
big,g12,2,5,1,5,totot,1
big,g12,2,5,1,7,wee,0
big,g12,2,23,4,2,gep,1
big,g12,2,23,4,4,asgf-ooo,0
big,g12,2,23,4,6,fat-nn,0
big,g12,2,23,4,8,keft,0
big,g12,2,13,2,1,nuupm,0
big,g12,2,13,2,3,koh-ooo,1
big,g12,2,13,2,5,hut-oo,0
big,g12,2,13,2,7,nep,0
big,g12,2,4,1,2,mttt,0
big,g12,2,4,1,4,totot-ooo,1
big,g12,2,4,1,6,hui-aaa,0
big,g12,2,4,1,8,nuupm,1
big,g12,2,21,3,1,fnm,0
big,g12,2,21,3,3,hui-o,0
big,g12,2,21,3,5,geeke-waa-on,0
big,g12,2,21,3,7,sii,1
big,g12,2,5,1,2,fttt,1
big,g12,2,5,1,4,totot-iiii,1
big,g12,2,5,1,6,fat-op,0
big,g12,2,5,1,8,nuuph,0
big,g12,2,9,2,1,fom,1
big,g12,2,9,2,3,kot-op,0
big,g12,2,9,2,5,hut-opp,1
big,g12,2,9,2,7,nii,0
big,g12,2,3,1,2,hppp,1
big,g12,2,3,1,4,totot-pppp,1
big,g12,2,3,1,6,fat-kk,0
big,g12,2,3,1,8,nuup,1
big,g12,2,8,2,1,fnm,0
big,g12,2,8,2,3,hok-nn,1
big,g12,2,8,2,5,hut-neo,0
big,g12,2,8,2,7,nuu,0
big,g12,2,16,3,2,guu,0
big,g12,2,16,3,4,wasge-ooo,0
big,g12,2,16,3,6,hui-ww,1
big,g12,2,16,3,8,keft,0
big,g12,2,25,4,1,keft,0
big,g12,2,25,4,3,gui-ww,1
big,g12,2,25,4,5,asfg-ehm,1
big,g12,2,25,4,7,teee,1
big,g12,2,15,3,2,mii,0
big,g12,2,15,3,4,wasge-iii,0
big,g12,2,15,3,6,hui-pp,1
big,g12,2,15,3,8,keft,0
big,g12,3,9,2,1,fem,0
big,g12,3,9,2,3,koh-uu,0
big,g12,3,9,2,5,fem-oppes,0
big,g12,3,9,2,7,nii,0
big,g12,3,15,3,2,mooo-opo,0
big,g12,3,15,3,4,gekki-ooo,0
big,g12,3,15,3,6,hui-pp,0
big,g12,3,15,3,8,kohaa,0
big,g12,3,25,4,1,pkeew,1
big,g12,3,25,4,3,giek-ww,0
big,g12,3,25,4,5,wopwop,0
big,g12,3,25,4,7,too,0
big,g12,3,19,3,2,nooo,0
big,g12,3,19,3,4,gekki-iii,1
big,g12,3,19,3,6,hui,0
big,g12,3,19,3,8,kohaa,1
big,g12,3,5,1,1,huiip,1
big,g12,3,5,1,3,goh-pp,1
big,g12,3,5,1,5,wasg-oo,0
big,g12,3,5,1,7,puu,0
big,g12,3,21,3,2,fooo,1
big,g12,3,21,3,4,gekki-mmm,1
big,g12,3,21,3,6,hui,0
big,g12,3,21,3,8,kohww,0
big,g12,3,12,2,1,keew,0
big,g12,3,12,2,3,fetww,1
big,g12,3,12,2,5,fem-si,0
big,g12,3,12,2,7,saa,0
big,g12,3,13,2,2,fem-oo,0
big,g12,3,13,2,4,keew-kk,0
big,g12,3,13,2,6,sa-mm,1
big,g12,3,13,2,8,fetaa,0
big,g12,3,7,1,1,weem,1
big,g12,3,7,1,3,gohmm,0
big,g12,3,7,1,5,wasg-e,1
big,g12,3,7,1,7,m-aaa,0
big,g12,3,25,4,2,nopnop,1
big,g12,3,25,4,4,giek,1
big,g12,3,25,4,6,het-ww,1
big,g12,3,25,4,8,gohww,0
big,g12,3,13,2,1,weemk,0
big,g12,3,13,2,3,fet-ooo,1
big,g12,3,13,2,5,fem-sig,1
big,g12,3,13,2,7,s-aaa,0
big,g12,3,5,1,2,wasg-oo,0
big,g12,3,5,1,4,hiuup-ii,1
big,g12,3,5,1,6,m-pp,0
big,g12,3,5,1,8,giekhh,0
big,g12,3,21,3,1,gekkiinn,0
big,g12,3,21,3,3,wetnn,0
big,g12,3,21,3,5,nooo-nu,0
big,g12,3,21,3,7,w-oo,0
big,g12,3,4,1,2,wasg-mu,1
big,g12,3,4,1,4,hiuup-ooo,0
big,g12,3,4,1,6,m-sa,0
big,g12,3,4,1,8,wetnn,1
big,g12,3,15,3,1,gekkiimoo,0
big,g12,3,15,3,3,kohpp,1
big,g12,3,15,3,5,noooo-fo,0
big,g12,3,15,3,7,w-aa,0
big,g12,3,12,2,2,fem-oo,0
big,g12,3,12,2,4,hut-kk,1
big,g12,3,12,2,6,fem-ww,0
big,g12,3,12,2,8,femww,1
big,g12,3,8,2,1,hutnn,1
big,g12,3,8,2,3,femnn,1
big,g12,3,8,2,5,fem-oo,1
big,g12,3,8,2,7,fem-nn,1
big,g12,3,16,3,2,wasg-pu,0
big,g12,3,16,3,4,gekkie-kk,0
big,g12,3,16,3,6,w-ww,0
big,g12,3,16,3,8,kiehww,0
big,g12,3,3,1,1,geepp,1
big,g12,3,3,1,3,giekk,0
big,g12,3,3,1,5,wasg-si,0
big,g12,3,3,1,7,m-sss,0
big,g12,3,7,1,2,wasg-tu,0
big,g12,3,7,1,4,geepoo,1
big,g12,3,7,1,6,m-mmm,1
big,g12,3,7,1,8,giekp,0
big,g12,3,23,4,1,swaamm,0
big,g12,3,23,4,3,mohmm,1
big,g12,3,23,4,5,tototot,1
big,g12,3,23,4,7,t-nnn,0
big,g12,3,9,2,2,fem-gu,1
big,g12,3,9,2,4,hut-kk,1
big,g12,3,9,2,6,fem-tt,0
big,g12,3,9,2,8,femm,0
big,g12,3,19,3,1,tan,0
big,g12,3,19,3,3,kohaa,0
big,g12,3,19,3,5,nooo-on,0
big,g12,3,19,3,7,fem-ww,0
big,g12,4,9,2,2,fem-utf,0
big,g12,4,9,2,3,kohuu,1
big,g12,4,9,2,5,fem-oppi,0
big,g12,4,9,2,6,fem,1
big,g12,4,28,4,1,swaakk,1
big,g12,4,28,4,4,giek-kk,0
big,g12,4,28,4,7,tes-mo,0
big,g12,4,28,4,8,keft,1
big,g12,4,4,1,2,wasg-topu,0
big,g12,4,4,1,3,gieknn,1
big,g12,4,4,1,5,wasg-k,0
big,g12,4,4,1,6,em,0
big,g12,4,18,3,1,spiaa,1
big,g12,4,18,3,4,gekki-aaa,1
big,g12,4,18,3,7,fem-p,0
big,g12,4,18,3,8,kieh,0
big,g12,4,19,3,2,gekkee-uu,0
big,g12,4,19,3,3,hopnn,1
big,g12,4,19,3,5,tottot,0
big,g12,4,19,3,6,kie-nn,1
big,g12,4,1,1,1,hoeww,1
big,g12,4,1,1,4,hut-kk,0
big,g12,4,1,1,7,saf-p,0
big,g12,4,1,1,8,nuupww,1
big,g12,4,15,3,2,gekke-pp,1
big,g12,4,15,3,3,hopp,1
big,g12,4,15,3,5,kekt,0
big,g12,4,15,3,6,hui-ii,1
big,g12,4,25,4,1,swaaee,1
big,g12,4,25,4,4,giek-iii,0
big,g12,4,25,4,7,tottot,0
big,g12,4,25,4,8,keft,0
big,g12,4,28,4,2,giek-uuu,1
big,g12,4,28,4,3,swakk,1
big,g12,4,28,4,5,toto,1
big,g12,4,28,4,6,keft-ii,1
big,g12,4,19,3,1,spimm,0
big,g12,4,19,3,4,gekkie-ooo,0
big,g12,4,19,3,7,gitti,1
big,g12,4,19,3,8,kiehpp,0
big,g12,4,3,1,2,wasg-oo,0
big,g12,4,3,1,3,gohkk,1
big,g12,4,3,1,5,wasgf,0
big,g12,4,3,1,6,hat-kk,0
big,g12,4,12,2,1,miww,1
big,g12,4,12,2,4,hut-kk,0
big,g12,4,12,2,7,fem,1
big,g12,4,12,2,8,femww,1
big,g12,4,8,2,2,hut-ff,1
big,g12,4,8,2,3,minn,0
big,g12,4,8,2,5,fem-in,1
big,g12,4,8,2,6,fem-nn,1
big,g12,4,4,1,1,hoeaa,0
big,g12,4,4,1,4,wasg-oo,0
big,g12,4,4,1,7,saf-inp,1
big,g12,4,4,1,8,nuup-pp,0
big,g12,4,1,1,2,wasg-oo,0
big,g12,4,1,1,3,hoeww,1
big,g12,4,1,1,5,saf-in,1
big,g12,4,1,1,6,nuup-tt,0
big,g12,4,7,1,1,hoemm,1
big,g12,4,7,1,4,wasg-gg,1
big,g12,4,7,1,7,saf-int,1
big,g12,4,7,1,8,nuup-pp,1
big,g12,4,18,3,2,gekke-ktk,1
big,g12,4,18,3,3,kohaa,1
big,g12,4,18,3,5,wasg-op,0
big,g12,4,18,3,6,huip-hh,0
big,g12,4,16,3,1,kohww,1
big,g12,4,16,3,4,gekke-kgk,0
big,g12,4,16,3,7,wasp-ti,1
big,g12,4,16,3,8,huip-ww,1
big,g12,4,21,3,2,gekke-oo,1
big,g12,4,21,3,3,kohnn,1
big,g12,4,21,3,5,wasg-ti,0
big,g12,4,21,3,6,huip-mm,0
big,g12,4,5,1,1,hoepp,1
big,g12,4,5,1,4,wasg-uuu,1
big,g12,4,5,1,7,saf-pi,0
big,g12,4,5,1,8,nuup-kk,1
big,g12,4,13,2,2,hut-oo,0
big,g12,4,13,2,3,okm,1
big,g12,4,13,2,5,fem-go,0
big,g12,4,13,2,6,fem-km,0
big,g12,4,9,2,1,oktt,1
big,g12,4,9,2,4,hut-tt,1
big,g12,4,9,2,7,fem-ki,0
big,g12,4,9,2,8,fem-ii,1
big,g12,4,23,4,2,giek-euu,0
big,g12,4,23,4,3,giem,1
big,g12,4,23,4,5,totot,1
big,g12,4,23,4,6,het-nm,1
big,g12,5,9,2,1,moouu,0
big,g12,5,9,2,2,fem-uiu,1
big,g12,5,9,2,4,fem-oo,1
big,g12,5,9,2,7,fem-pi,0
big,g12,5,14,2,3,femaa,1
big,g12,5,14,2,5,mouuu-ka,1
big,g12,5,14,2,6,fem-hh,0
big,g12,5,14,2,8,fem-ii,1
big,g12,5,23,4,1,swaa-mm,1
big,g12,5,23,4,2,wowo-oo,0
big,g12,5,23,4,4,giek-iii,0
big,g12,5,23,4,7,tip-ee,0
big,g12,5,11,2,3,fatpp,0
big,g12,5,11,2,5,mouu-oppo,1
big,g12,5,11,2,6,fem-iikk,1
big,g12,5,11,2,8,fem-pp,0
big,g12,5,5,1,1,hoe-pp,0
big,g12,5,5,1,2,wasg-ee,0
big,g12,5,5,1,4,gekki-oo,0
big,g12,5,5,1,7,mon-po,1
big,g12,5,7,1,3,kohnm,0
big,g12,5,7,1,5,hoe-ff,0
big,g12,5,7,1,6,wasg-mmkk,0
big,g12,5,7,1,8,nuup-pp,0
big,g12,5,25,4,1,swaa-ee,1
big,g12,5,25,4,2,wowo-muu,1
big,g12,5,25,4,4,giek-oo,1
big,g12,5,25,4,7,set-nii,1
big,g12,5,6,1,3,moh-nn,0
big,g12,5,6,1,5,wasg,0
big,g12,5,6,1,6,wasg-ea,1
big,g12,5,6,1,8,nuup-mm,0
big,g12,5,3,1,1,hoe-kk,1
big,g12,5,3,1,2,wasg-mm,1
big,g12,5,3,1,4,nuup-pp,1
big,g12,5,3,1,7,moh-tt,0
big,g12,5,8,2,3,po-hhhh,0
big,g12,5,8,2,5,mouu-n,1
big,g12,5,8,2,6,fem-nn,1
big,g12,5,8,2,8,fem-oo,1
big,g12,5,11,2,1,mou-pp,0
big,g12,5,11,2,2,fem-mk,0
big,g12,5,11,2,4,nuup-koo,0
big,g12,5,11,2,7,fem,1
big,g12,5,21,3,3,koh-oo,0
big,g12,5,21,3,5,totot,0
big,g12,5,21,3,6,hui-nn,1
big,g12,5,21,3,8,giek-oo,0
big,g12,5,4,1,1,hoeaa,1
big,g12,5,4,1,2,wasg-mt,0
big,g12,5,4,1,4,nuup-oo,0
big,g12,5,4,1,7,moh-tt,0
big,g12,5,12,2,3,fem-ww,0
big,g12,5,12,2,5,mouaa,0
big,g12,5,12,2,6,fem-ht,1
big,g12,5,12,2,8,fem-ii,0
big,g12,5,13,2,1,moukk,1
big,g12,5,13,2,2,fem-mt,0
big,g12,5,13,2,4,fem-oo,0
big,g12,5,13,2,7,fem-ss,0
big,g12,5,1,1,3,giekaa,0
big,g12,5,1,1,5,hoeww,1
big,g12,5,1,1,6,wasg-ht,0
big,g12,5,1,1,8,nuup-ii,1
big,g12,5,28,4,1,swaapp,1
big,g12,5,28,4,2,wowo-mk,1
big,g12,5,28,4,4,giek-kkk,1
big,g12,5,28,4,7,koh,0
big,g12,5,18,3,5,totot-a,1
big,g12,5,18,3,6,hui-hg,1
big,g12,5,18,3,8,kieh-ww,1
big,g12,5,14,2,1,potot-aa,0
big,g12,5,14,2,2,fem-hg,1
big,g12,5,14,2,4,fem-ww,1
big,g12,5,14,2,7,fem,1
big,g12,5,19,3,3,hom-nn,0
big,g12,5,19,3,5,totot-n,1
big,g12,5,19,3,6,hui-wa,1
big,g12,5,19,3,8,kieh-wi,1
big,g12,5,15,3,1,totot-pp,1
big,g12,5,15,3,2,hui-mk,1
big,g12,5,15,3,4,kieh-woo,0
big,g12,5,15,3,7,hom-ee,0
big,g12,5,16,3,3,hom-ee,0
big,g12,5,16,3,5,totot-w,1
big,g12,5,16,3,6,hui-ht,0
big,g12,5,16,3,8,kieh-nw,1
big,g12,5,6,1,1,hoenn,1
big,g12,5,6,1,2,wasg-st,0
big,g12,5,6,1,4,gekki-woo,1
big,g12,5,6,1,7,moh-tt,0
big,g12,6,3,1,3,kohkk,0
big,g12,6,3,1,5,wasg-k,0
big,g12,6,3,1,6,het,0
big,g12,6,3,1,7,mop,0
big,g12,6,28,4,1,swaa-pp,1
big,g12,6,28,4,2,wow-mt,0
big,g12,6,28,4,4,giek-kk,0
big,g12,6,28,4,8,keft-no,0
big,g12,6,9,2,3,koh-uu,0
big,g12,6,9,2,5,fem-u,0
big,g12,6,9,2,6,fem-uu,1
big,g12,6,9,2,7,fem,1
big,g12,6,20,3,1,spi-mm,0
big,g12,6,20,3,2,koh-mm,0
big,g12,6,20,3,4,gekki-ook,1
big,g12,6,20,3,8,kieh-ok,1
big,g12,6,7,1,3,giek-mm,0
big,g12,6,7,1,5,wasg-ok,1
big,g12,6,7,1,6,het-mmkk,0
big,g12,6,7,1,7,mop-tt,0
big,g12,6,4,1,1,het-aa,1
big,g12,6,4,1,2,koh-ut,0
big,g12,6,4,1,4,mop-pp,0
big,g12,6,4,1,8,wasg-kw,0
big,g12,6,25,4,3,giek-ww,0
big,g12,6,25,4,5,tototot-ut,1
big,g12,6,25,4,6,woosg-ht,1
big,g12,6,25,4,7,tek,0
big,g12,6,26,4,1,woosh-tf,1
big,g12,6,26,4,2,giek-ut,0
big,g12,6,26,4,4,tek-woo,1
big,g12,6,26,4,8,totot-kw,0
big,g12,6,5,1,3,hopp,0
big,g12,6,5,1,5,wasg-tu,0
big,g12,6,5,1,6,het-ko,1
big,g12,6,5,1,7,mop-ui,0
big,g12,6,8,2,1,tui-tg,1
big,g12,6,8,2,2,fem-tt,0
big,g12,6,8,2,4,fem-oo,1
big,g12,6,8,2,8,fem-uu,0
big,g12,6,12,2,3,femww,0
big,g12,6,12,2,5,fem-eee,1
big,g12,6,12,2,6,tui-ht,1
big,g12,6,12,2,7,fem-fa,1
big,g12,6,1,1,1,het-ge,1
big,g12,6,1,1,2,koh-uk,0
big,g12,6,1,1,4,mop-pp,0
big,g12,6,1,1,8,wasg-eee,1
big,g12,6,14,2,3,fem-aa,0
big,g12,6,14,2,5,fem-eee,1
big,g12,6,14,2,6,tui-hg,1
big,g12,6,14,2,7,fem-po,0
big,g12,6,6,1,1,het-kn,1
big,g12,6,6,1,2,koh-uut,0
big,g12,6,6,1,4,mop-oo,0
big,g12,6,6,1,8,wasg-iee,1
big,g12,6,23,4,3,giekmm,0
big,g12,6,23,4,5,tototo-ik,0
big,g12,6,23,4,6,woosh-hm,1
big,g12,6,23,4,7,tek-ok,0
big,g12,6,16,3,1,tui-he,0
big,g12,6,16,3,2,nop-uk,0
big,g12,6,16,3,4,gekki-mii,0
big,g12,6,16,3,8,kieh-eee,0
big,g12,6,15,3,3,no-pp,0
big,g12,6,15,3,5,kieh-ooo,1
big,g12,6,15,3,6,tui-hu,1
big,g12,6,15,3,7,gekki-ok,0
big,g12,6,21,3,1,tui-hn,0
big,g12,6,21,3,2,nop-uu,1
big,g12,6,21,3,4,gekki-oo,0
big,g12,6,21,3,8,kieh-uuu,0
big,g12,6,11,2,3,fem-pp,0
big,g12,6,11,2,5,fem-ooo,1
big,g12,6,11,2,6,fem-kp,1
big,g12,6,11,2,7,fem-ok,1
big,g12,6,10,2,1,fem-ug,1
big,g12,6,10,2,2,fem-utt,0
big,g12,6,10,2,4,fem-ik,0
big,g12,6,10,2,8,fem-we,0
big,g12,6,13,2,3,fem-mm,0
big,g12,6,13,2,5,fem-nm,1
big,g12,6,13,2,6,fem-gm,1
big,g12,6,13,2,7,fem-okn,1
big,g12,6,18,3,1,tui-hg,1
big,g12,6,18,3,2,nop-tt,1
big,g12,6,18,3,4,gekki-ikk,0
big,g12,6,18,3,8,giek-eee,0
big,g12,6,19,3,3,nop-nn,1
big,g12,6,19,3,5,kieh-nm,0
big,g12,6,19,3,6,tui-ts,1
big,g12,6,19,3,7,gek-oki,0
big,g12,7,16,3,4,hut-oo,0
big,g12,7,16,3,5,feek-ww,1
big,g12,7,16,3,7,geik-mo,0
big,g12,7,16,3,8,giek-nw,0
big,g12,7,25,4,1,swaa-fe,0
big,g12,7,25,4,2,wow-nw,0
big,g12,7,25,4,3,wopww,0
big,g12,7,25,4,6,woosg-hw,0
big,g12,7,10,2,4,fem-ook,1
big,g12,7,10,2,5,fem-as,1
big,g12,7,10,2,7,fem-po,0
big,g12,7,10,2,8,fem-kw,1
big,g12,7,26,4,1,swaa-tf,1
big,g12,7,26,4,2,wow-kw,1
big,g12,7,26,4,3,giek-nn,0
big,g12,7,26,4,6,woosg-ook,1
big,g12,7,14,2,4,fem-kk,0
big,g12,7,14,2,5,fem-ss,1
big,g12,7,14,2,7,fem-ts,0
big,g12,7,14,2,8,fem-ww,1
big,g12,7,1,1,1,hoe-he,0
big,g12,7,1,1,2,giek-nw,1
big,g12,7,1,1,3,gom-ws,0
big,g12,7,1,1,6,het-ht,1
big,g12,7,8,2,4,fem-oo,1
big,g12,7,8,2,5,fem-nm,1
big,g12,7,8,2,7,fem-st,0
big,g12,7,8,2,8,fem-kk,1
big,g12,7,13,2,1,fem-hm,1
big,g12,7,13,2,2,fem-mk,0
big,g12,7,13,2,3,fem-mm,1
big,g12,7,13,2,6,fem-wf,1
big,g12,7,15,3,4,gekki-wtt,0
big,g12,7,15,3,5,kiek-ooi,0
big,g12,7,15,3,7,geik-ht,0
big,g12,7,15,3,8,giek-nm,0
big,g12,7,5,1,1,hoe-kp,1
big,g12,7,5,1,2,wasg-nm,1
big,g12,7,5,1,3,kiek-oo,0
big,g12,7,5,1,6,het-kp,1
big,g12,7,6,1,4,het-to,1
big,g12,7,6,1,5,tototo-ui,0
big,g12,7,6,1,7,hoe-mt,0
big,g12,7,6,1,8,wasg-kkw,0
big,g12,7,20,3,1,spi-gm,0
big,g12,7,20,3,2,giek-mw,1
big,g12,7,20,3,3,kohmm,0
big,g12,7,20,3,6,gekki-gm,0
big,g12,7,28,4,4,giek-gm,0
big,g12,7,28,4,5,khomm-oo,0
big,g12,7,28,4,7,swaa-ts,1
big,g12,7,28,4,8,wow-nm,1
big,g12,7,12,2,1,hui-ge,0
big,g12,7,12,2,2,fem-nk,0
big,g12,7,12,2,3,fem-ww,1
big,g12,7,12,2,6,fem-ht,1
big,g12,7,4,1,4,het-ho,0
big,g12,7,4,1,5,wasg-aa,1
big,g12,7,4,1,7,hoe-ft,0
big,g12,7,4,1,8,wasg-kw,0
big,g12,7,23,4,1,swaa-hm,1
big,g12,7,23,4,2,wow-mk,0
big,g12,7,23,4,3,giek-mm,0
big,g12,7,23,4,6,woosg-hm,1
big,g12,7,3,1,4,het-gm,0
big,g12,7,3,1,5,wasg-kkk,1
big,g12,7,3,1,7,hoe-mp,0
big,g12,7,3,1,8,wasg-m,1
big,g12,7,11,2,1,spi-np,0
big,g12,7,11,2,2,fem-mk,0
big,g12,7,11,2,3,fem-ooo,1
big,g12,7,11,2,6,fem-kp,1
big,g12,7,19,3,4,gekki-ho,1
big,g12,7,19,3,5,kieh-aas,1
big,g12,7,19,3,7,geik-tp,0
big,g12,7,19,3,8,giek-mw,0
big,g12,7,9,2,1,geik-ki,0
big,g12,7,9,2,2,fem-kk,1
big,g12,7,9,2,3,fem-uuu,1
big,g12,7,9,2,6,fem-sw,1
big,g12,7,7,1,4,het-gm,1
big,g12,7,7,1,5,wasg-nm,1
big,g12,7,7,1,7,hoe-st,0
big,g12,7,7,1,8,wasg-nm,1
big,g12,7,18,3,1,spi-sa,0
big,g12,7,18,3,2,giek-nn,1
big,g12,7,18,3,3,kiehaa,0
big,g12,7,18,3,6,gekki-hs,1
big,g12,7,21,3,4,gekki-oo,1
big,g12,7,21,3,5,kieh-nnm,0
big,g12,7,21,3,7,spi-nm,0
big,g12,7,21,3,8,giek-mm,1
big,g12,8,20,3,2,giek-mt,0
big,g12,8,20,3,4,gekkie-ook,0
big,g12,8,20,3,6,hui-hm,0
big,g12,8,20,3,8,giek-km,0
big,g12,8,7,1,1,hoe-hm,0
big,g12,8,7,1,3,kop-mm,0
big,g12,8,7,1,5,hui-hm,1
big,g12,8,7,1,7,mop-io,0
big,g12,8,9,2,2,fem-kk,1
big,g12,8,9,2,4,fem-kk,0
big,g12,8,9,2,6,fem-ki,1
big,g12,8,9,2,8,fem-nn,1
big,g12,8,12,2,1,fem-ww,0
big,g12,8,12,2,3,fem-ww,0
big,g12,8,12,2,5,fem-fe,1
big,g12,8,12,2,7,fem-na,1
big,g12,8,14,2,2,fem-nn,1
big,g12,8,14,2,4,fem-ss,1
big,g12,8,14,2,6,fem-fa,1
big,g12,8,14,2,8,fem-aa,1
big,g12,8,28,4,1,swaa-hm,0
big,g12,8,28,4,3,giek-pp,0
big,g12,8,28,4,5,totot-oo,1
big,g12,8,28,4,7,giek-no,0
big,g12,8,16,3,2,giek-ww,0
big,g12,8,16,3,4,gekkie-kk,0
big,g12,8,16,3,6,hui-ht,0
big,g12,8,16,3,8,giek-no,0
big,g12,8,23,4,1,swaa-hm,0
big,g12,8,23,4,3,giek-nn,1
big,g12,8,23,4,5,tototo-nm,1
big,g12,8,23,4,7,swa-mt,1
big,g12,8,21,3,2,giek-hh,0
big,g12,8,21,3,4,gekkie-oo,1
big,g12,8,21,3,6,hui-nn,0
big,g12,8,21,3,8,giek-mm,1
big,g12,8,25,4,1,swaa-fe,1
big,g12,8,25,4,3,giek-ee,1
big,g12,8,25,4,5,totot-ew,0
big,g12,8,25,4,7,swa-on,1
big,g12,8,8,2,2,fem-hh,0
big,g12,8,8,2,4,fem-oo,0
big,g12,8,8,2,6,fem-nn,1
big,g12,8,8,2,8,fem-aa,0
big,g12,8,10,2,1,fem-uh,0
big,g12,8,10,2,3,fem-aan,1
big,g12,8,10,2,5,fem-sa,0
big,g12,8,10,2,7,fem-am,1
big,g12,8,13,2,2,fem-hm,1
big,g12,8,13,2,4,fem-mmn,0
big,g12,8,13,2,6,fem-hm,0
big,g12,8,13,2,8,fem-mk,1
big,g12,8,6,1,1,giek-uh,1
big,g12,8,6,1,3,nieh-aan,0
big,g12,8,6,1,5,hoe-as,0
big,g12,8,6,1,7,mop-ma,1
big,g12,8,11,2,2,fem-mk,1
big,g12,8,11,2,4,fem-koo,1
big,g12,8,11,2,6,fem-kp,1
big,g12,8,11,2,8,fem-kp,1
big,g12,8,19,3,1,spi-kn,0
big,g12,8,19,3,3,kieh-aan,0
big,g12,8,19,3,5,hie-an,1
big,g12,8,19,3,7,geik-ma,1
big,g12,8,5,1,2,giek-mk,1
big,g12,8,5,1,4,nieh-koo,1
big,g12,8,5,1,6,het-ko,1
big,g12,8,5,1,8,nuup-kp,0
big,g12,8,15,3,1,spi-kp,1
big,g12,8,15,3,3,kieh-koo,1
big,g12,8,15,3,5,hie-ko,1
big,g12,8,15,3,7,geik-kp,1
big,g12,8,1,1,2,giek-ww,0
big,g12,8,1,1,4,nieh-aaw,0
big,g12,8,1,1,6,het-ht,1
big,g12,8,1,1,8,nuup-ap,0
big,g12,8,4,1,1,giek-es,1
big,g12,8,4,1,3,koh-asn,0
big,g12,8,4,1,5,het-an,0
big,g12,8,4,1,7,nuup-ma,1
big,g12,8,18,3,2,spi-nn,0
big,g12,8,18,3,4,gekki-ass,1
big,g12,8,18,3,6,hie-sa,1
big,g12,8,18,3,8,geik-aa,0
big,g12,8,26,4,1,swaa-kn,0
big,g12,8,26,4,3,giek-asn,1
big,g12,8,26,4,5,tototo-an,0
big,g12,8,26,4,7,swaa-ma,0
big,g12,8,3,1,2,giek-mm,0
big,g12,8,3,1,4,nieh-hkk,1
big,g12,8,3,1,6,het-hk,1
big,g12,8,3,1,8,swa-pm,0
big,g12,9,1,1,1,hoe-fw,0
big,g12,9,1,1,3,gop-ww,1
big,g12,9,1,1,5,hoe-as,1
big,g12,9,1,1,7,mop-at,0
big,g12,9,8,2,2,fem-kk,1
big,g12,9,8,2,4,fem-oo,0
big,g12,9,8,2,6,fem-nn,1
big,g12,9,8,2,8,fem-mm,0
big,g12,9,16,3,1,spi-fw,0
big,g12,9,16,3,3,kieh-ww,1
big,g12,9,16,3,5,nie-we,1
big,g12,9,16,3,7,geik-at,0
big,g12,9,18,3,2,geik-aa,1
big,g12,9,18,3,4,nie-sa,1
big,g12,9,18,3,6,kie-aa,1
big,g12,9,18,3,8,spi-ff,1
big,g12,9,20,3,1,spi-hm,1
big,g12,9,20,3,3,kiemm,1
big,g12,9,20,3,5,nie-nm,1
big,g12,9,20,3,7,geik-km,0
big,g12,9,3,1,2,mop-mm,1
big,g12,9,3,1,4,hoe-hk,1
big,g12,9,3,1,6,het-kk,1
big,g12,9,3,1,8,hoe-hh,1
big,g12,9,9,2,1,fem-uu,1
big,g12,9,9,2,3,fem-uu,0
big,g12,9,9,2,5,fem-tu,1
big,g12,9,9,2,7,fem-tt,1
big,g12,9,10,2,2,fem-tk,0
big,g12,9,10,2,4,fem-kn,1
big,g12,9,10,2,6,fem-kn,0
big,g12,9,10,2,8,fem-fm,1
big,g12,9,14,2,1,fem-ss,0
big,g12,9,14,2,3,fem-aa,1
big,g12,9,14,2,5,fem-as,1
big,g12,9,14,2,7,fem-at,0
big,g12,9,19,3,2,giek-mt,0
big,g12,9,19,3,4,gekki-uh,0
big,g12,9,19,3,6,gop-kn,1
big,g12,9,19,3,8,geik-fm,0
big,g12,9,12,2,1,fem-ge,1
big,g12,9,12,2,3,fem-we,1
big,g12,9,12,2,5,fem-few,1
big,g12,9,12,2,7,fem-at,1
big,g12,9,15,3,2,giek-ak,1
big,g12,9,15,3,4,gekkie-hio,1
big,g12,9,15,3,6,gop-kp,0
big,g12,9,15,3,8,geik-uh,0
big,g12,9,11,2,1,fem-kp,1
big,g12,9,11,2,3,fem-op,1
big,g12,9,11,2,5,fem-hio,1
big,g12,9,11,2,7,fem-ak,1
big,g12,9,13,2,2,fem-mkk,0
big,g12,9,13,2,4,fem-hnm,1
big,g12,9,13,2,6,fem-hm,1
big,g12,9,13,2,8,fem-pm,1
big,g12,9,23,4,1,swaa-hm,1
big,g12,9,23,4,3,giek-nm,1
big,g12,9,23,4,5,totot-hnm,1
big,g12,9,23,4,7,swaa-mn,1
big,g12,9,5,1,2,giek-ak,0
big,g12,9,5,1,4,hoe-hio,1
big,g12,9,5,1,6,het-kp,1
big,g12,9,5,1,8,hoe-kp,1
big,g12,9,26,4,1,swaa-ts,1
big,g12,9,26,4,3,giek-aan,1
big,g12,9,26,4,5,totot-asn,0
big,g12,9,26,4,7,swaa-na,1
big,g12,9,6,1,2,mop-mn,0
big,g12,9,6,1,4,hoe-kn,0
big,g12,9,6,1,6,het-aan,1
big,g12,9,6,1,8,hoe-ts,1
big,g12,9,28,4,1,swaa-kp,1
big,g12,9,28,4,3,giek-op,1
big,g12,9,28,4,5,totot-ft,1
big,g12,9,28,4,7,swaa-kt,1
big,g12,9,7,1,2,mop-mk,1
big,g12,9,7,1,4,hoe-asn,0
big,g12,9,7,1,6,het-hm,0
big,g12,9,7,1,8,hoe-hm,1
big,g12,9,25,4,1,swaa-fe,0
big,g12,9,25,4,3,giek-we,1
big,g12,9,25,4,5,tototot-fw,1
big,g12,9,25,4,7,swaa-at,1
big,g12,9,4,1,2,mop-mn,1
big,g12,9,4,1,4,hoe-kn,1
big,g12,9,4,1,6,het-aan,1
big,g12,9,4,1,8,hoe-ms,0
big,g12,9,21,3,1,spi-nn,0
big,g12,9,21,3,3,niek-nn,1
big,g12,9,21,3,5,gekkie-nnnm,1
big,g12,9,21,3,7,geik-mm,1
big,g12,10,6,1,2,mop-mn,0
big,g12,10,6,1,4,hoe-hn,0
big,g12,10,6,1,6,het-kn,0
big,g12,10,6,1,8,hoe-fm,0
big,g12,10,7,1,1,hoe-hn,1
big,g12,10,7,1,3,hoe-mm,0
big,g12,10,7,1,5,mop-knm,1
big,g12,10,7,1,7,het-no,0
big,g12,10,23,4,2,wow-knm,1
big,g12,10,23,4,4,totot-gn,1
big,g12,10,23,4,6,woosgh-ko,0
big,g12,10,23,4,8,iek-hm,0
big,g12,10,13,2,1,fem-hm,0
big,g12,10,13,2,3,fem-mmm,0
big,g12,10,13,2,5,fem-knm,1
big,g12,10,13,2,7,fem-no,1
big,g12,10,4,1,2,mop-mn,0
big,g12,10,4,1,4,hoe-hn,1
big,g12,10,4,1,6,het-an,0
big,g12,10,4,1,8,hoe-fm,1
big,g12,10,9,2,1,fem-uu,0
big,g12,10,9,2,3,fem-uuu,1
big,g12,10,9,2,5,fem-ui,0
big,g12,10,9,2,7,fem-a,0
big,g12,10,25,4,2,wow-tui,1
big,g12,10,25,4,4,totot-fee,1
big,g12,10,25,4,6,giek-ht,0
big,g12,10,25,4,8,keft-fn,0
big,g12,10,12,2,1,fem-fe,1
big,g12,10,12,2,3,fem-ww,0
big,g12,10,12,2,5,fem-tui,1
big,g12,10,12,2,7,fem-at,0
big,g12,10,28,4,2,wow-kui,1
big,g12,10,28,4,4,totot-gu,1
big,g12,10,28,4,6,geik-tk,1
big,g12,10,28,4,8,keft-kp,1
big,g12,10,19,3,1,spi-kn,1
big,g12,10,19,3,3,iek-ug,0
big,g12,10,19,3,5,gekka-nm,1
big,g12,10,19,3,7,woosh-na,1
big,g12,10,10,2,2,fem-nm,1
big,g12,10,10,2,4,fem-es,1
big,g12,10,10,2,6,fem-na,1
big,g12,10,10,2,8,fem-ug,1
big,g12,10,18,3,1,spi-fs,1
big,g12,10,18,3,3,keft-fa,0
big,g12,10,18,3,5,gekka-as,1
big,g12,10,18,3,7,woosh-aa,1
big,g12,10,26,4,2,wow-mn,0
big,g12,10,26,4,4,totot-hn,1
big,g12,10,26,4,6,geik-an,1
big,g12,10,26,4,8,keft-ug,1
big,g12,10,11,2,1,fem-kp,1
big,g12,10,11,2,3,fem-hu,0
big,g12,10,11,2,5,fem-op,0
big,g12,10,11,2,7,fem-tk,1
big,g12,10,16,3,2,gekke-tui,1
big,g12,10,16,3,4,spi-he,1
big,g12,10,16,3,6,woosh-ae,0
big,g12,10,16,3,8,iek-hu,0
big,g12,10,15,3,1,spi-kp,1
big,g12,10,15,3,3,iek-hu,1
big,g12,10,15,3,5,gekka-op,0
big,g12,10,15,3,7,woosh-tk,1
big,g12,10,14,2,2,fem-as,1
big,g12,10,14,2,4,fem-ss,1
big,g12,10,14,2,6,fem-aa,1
big,g12,10,14,2,8,fem-ww,0
big,g12,10,21,3,1,spi-nn,1
big,g12,10,21,3,3,iek-nn,1
big,g12,10,21,3,5,geka-nm,0
big,g12,10,21,3,7,woosh-nn,1
big,g12,10,20,3,2,gekka-knm,1
big,g12,10,20,3,4,spi-hm,1
big,g12,10,20,3,6,woosh-nk,1
big,g12,10,20,3,8,iek-pn,1
big,g12,10,3,1,1,hoe-kk,1
big,g12,10,3,1,3,het-kk,0
big,g12,10,3,1,5,hoe-hk,0
big,g12,10,3,1,7,het-kk,1
big,g12,10,1,1,2,mop-tui,1
big,g12,10,1,1,4,hoe-fe,1
big,g12,10,1,1,6,het-ae,1
big,g12,10,1,1,8,het-fn,0
big,g12,10,5,1,1,hoe-kp,1
big,g12,10,5,1,3,het-oo,0
big,g12,10,5,1,5,mop-uop,1
big,g12,10,5,1,7,het-ek,1
big,g12,10,8,2,2,fem-mn,1
big,g12,10,8,2,4,fem-nn,1
big,g12,10,8,2,6,fem-nn,1
big,g12,10,8,2,8,fem-aa,0
big,g12,11,13,2,1,fem-hm,1
big,g12,11,13,2,4,fem-hm,0
big,g12,11,13,2,7,fem-kn,1
big,g12,11,13,2,8,fem-ok,1
big,g12,11,25,4,2,wow-ui,0
big,g12,11,25,4,3,kie-eew,1
big,g12,11,25,4,5,totot-we,1
big,g12,11,25,4,6,woosh-ht,0
big,g12,11,18,3,1,spi-sss,1
big,g12,11,18,3,4,hoe-ss,1
big,g12,11,18,3,7,geik-ss,1
big,g12,11,18,3,8,geik-aa,1
big,g12,11,28,4,2,wow-hi,1
big,g12,11,28,4,3,iek-oop,1
big,g12,11,28,4,5,totot-op,1
big,g12,11,28,4,6,woosh-pp,1
big,g12,11,7,1,1,hoe-hm,1
big,g12,11,7,1,4,hoe-hm,1
big,g12,11,7,1,7,mep-nm,1
big,g12,11,7,1,8,hoe-pm,1
big,g12,11,6,1,2,hoe-um,1
big,g12,11,6,1,3,hoe-aan,0
big,g12,11,6,1,5,mep-fn,1
big,g12,11,6,1,6,hoe-an,1
big,g12,11,20,3,1,spi-aan,0
big,g12,11,20,3,4,gekki-uk,1
big,g12,11,20,3,7,geik-nk,0
big,g12,11,20,3,8,geik-pm,1
big,g12,11,5,1,2,hoe-hu,1
big,g12,11,5,1,3,hoe-oop,0
big,g12,11,5,1,5,mep-ko,1
big,g12,11,5,1,6,hoe-kp,1
big,g12,11,23,4,1,iek-hm,1
big,g12,11,23,4,4,wie-uk,1
big,g12,11,23,4,7,totot-nm,1
big,g12,11,23,4,8,woosh-pm,1
big,g12,11,10,2,2,fem-hu,1
big,g12,11,10,2,3,fem-aan,0
big,g12,11,10,2,5,fem-nsa,1
big,g12,11,10,2,6,fem-an,1
big,g12,11,19,3,1,spi-kn,0
big,g12,11,19,3,4,gekki-ts,0
big,g12,11,19,3,7,geik-na,0
big,g12,11,19,3,8,geik-an,1
big,g12,11,1,1,2,hoe-ui,1
big,g12,11,1,1,3,hoe-ww,1
big,g12,11,1,1,5,mep-fe,1
big,g12,11,1,1,6,het-aw,1
big,g12,11,21,3,1,spi-nn,0
big,g12,11,21,3,4,gekki-nn,1
big,g12,11,21,3,7,geik-nn,1
big,g12,11,21,3,8,geik-nn,1
big,g12,11,8,2,2,fem-nn,1
big,g12,11,8,2,3,fem-nn,1
big,g12,11,8,2,5,fem-nn,1
big,g12,11,8,2,6,fem-nn,1
big,g12,11,14,2,1,fem-ss,1
big,g12,11,14,2,4,fem-fs,1
big,g12,11,14,2,7,fem-aa,1
big,g12,11,14,2,8,fem-aa,1
big,g12,11,9,2,2,fem-uu,1
big,g12,11,9,2,3,fem-uu,1
big,g12,11,9,2,5,fem-uu,1
big,g12,11,9,2,6,fem-uu,1
big,g12,11,26,4,1,iek-es,0
big,g12,11,26,4,4,wie-es,0
big,g12,11,26,4,7,totot-an,1
big,g12,11,26,4,8,woosh-an,1
big,g12,11,16,3,2,gekke-ui,0
big,g12,11,16,3,3,kieh-ww,1
big,g12,11,16,3,5,geik-fw,1
big,g12,11,16,3,6,geik-aw,0
big,g12,11,4,1,1,hoe-es,1
big,g12,11,4,1,4,hoe-es,1
big,g12,11,4,1,7,mep-aan,1
big,g12,11,4,1,8,hoe-an,1
big,g12,11,12,2,2,fem-ui,1
big,g12,11,12,2,3,fem-ww,1
big,g12,11,12,2,5,fem-fe,1
big,g12,11,12,2,6,fem-aw,1
big,g12,11,3,1,1,hoe-kk,1
big,g12,11,3,1,4,hoe-kk,1
big,g12,11,3,1,7,mep-kk,1
big,g12,11,3,1,8,hoe-kn,0
big,g12,11,15,3,2,gekke-hu,1
big,g12,11,15,3,3,kieh-pp,1
big,g12,11,15,3,5,geik-hi,1
big,g12,11,15,3,6,geik-uk,1
big,g12,11,11,2,1,fem-pp,1
big,g12,11,11,2,4,fem-hi,1
big,g12,11,11,2,7,fem-hi,1
big,g12,11,11,2,8,fem-uk,1
big,g12,12,26,4,3,kieh-aan,0
big,g12,12,26,4,5,totot-nsa,1
big,g12,12,26,4,6,woosh-an,0
big,g12,12,26,4,8,woosh-an,1
big,g12,12,16,3,1,spi-fw,1
big,g12,12,16,3,2,gekkie-at,1
big,g12,12,16,3,4,gekki-gw,0
big,g12,12,16,3,7,geik-fw,1
big,g12,12,13,2,3,fem-kk,0
big,g12,12,13,2,5,fem-hm,1
big,g12,12,13,2,6,fem-nk,1
big,g12,12,13,2,8,fem-uk,1
big,g12,12,15,3,1,spi-kp,1
big,g12,12,15,3,2,gekkie-tk,1
big,g12,12,15,3,4,gekki-ho,1
big,g12,12,15,3,7,geik-hp,1
big,g12,12,19,3,3,geik-es,1
big,g12,12,19,3,5,sp-kn,1
big,g12,12,19,3,6,gekkie-an,1
big,g12,12,19,3,8,gekkie-an,0
big,g12,12,23,4,1,totot-hm,1
big,g12,12,23,4,2,woosh-nk,1
big,g12,12,23,4,4,totot-hm,1
big,g12,12,23,4,7,totot-hm,0
big,g12,12,3,1,3,hoe-hk,1
big,g12,12,3,1,5,wasg-kk,1
big,g12,12,3,1,6,het-kk,1
big,g12,12,3,1,8,hoe-mm,1
big,g12,12,10,2,1,fem-kn,1
big,g12,12,10,2,2,fem-an,1
big,g12,12,10,2,4,fem-kn,0
big,g12,12,10,2,7,fem-kn,1
big,g12,12,25,4,3,geik-fe,0
big,g12,12,25,4,5,tototo-fe,1
big,g12,12,25,4,6,woosh-aw,1
big,g12,12,25,4,8,totot-kp,0
big,g12,12,6,1,1,wasg-tf,1
big,g12,12,6,1,2,gekkie-an,1
big,g12,12,6,1,4,hoe-kn,0
big,g12,12,6,1,7,hoe-km,1
big,g12,12,14,2,3,fem-fa,1
big,g12,12,14,2,5,fem-aa,1
big,g12,12,14,2,6,fem-aa,1
big,g12,12,14,2,8,fem-aa,1
big,g12,12,28,4,1,totot-kp,1
big,g12,12,28,4,2,woosh-kt,1
big,g12,12,28,4,4,totot-hu,1
big,g12,12,28,4,7,totot-hp,1
big,g12,12,18,3,3,totot-fa,0
big,g12,12,18,3,5,spi-aa,1
big,g12,12,18,3,6,gekkie-hui-aa,1
big,g12,12,18,3,8,geik-aa,1
big,g12,12,8,2,1,fem-nn,1
big,g12,12,8,2,2,fem-nn,1
big,g12,12,8,2,4,fem-nn,0
big,g12,12,8,2,7,fem-nn,1
big,g12,12,5,1,3,hoe-kp,1
big,g12,12,5,1,5,wasg-hi,1
big,g12,12,5,1,6,het-uk,0
big,g12,12,5,1,8,het-nh,0
big,g12,12,21,3,1,spi-nn,1
big,g12,12,21,3,2,het-nn,1
big,g12,12,21,3,4,geik-nn,1
big,g12,12,21,3,7,geik-nn,1
big,g12,12,1,1,3,hoe-fe,1
big,g12,12,1,1,5,wasg-fe,1
big,g12,12,1,1,6,het-aw,0
big,g12,12,1,1,8,het-uk,0
big,g12,12,7,1,1,wasg-hm,1
big,g12,12,7,1,2,het-nk,1
big,g12,12,7,1,4,het-ku,1
big,g12,12,7,1,7,hoe-hm,1
big,g12,12,9,2,3,fem-uu,1
big,g12,12,9,2,5,fem-uuu,1
big,g12,12,9,2,6,fem-uu,1
big,g12,12,9,2,8,fem-nn,0
big,g12,12,12,2,1,fem-fe,1
big,g12,12,12,2,2,fem-au,1
big,g12,12,12,2,4,fem-fe,0
big,g12,12,12,2,7,fem-fw,1
big,g12,12,4,1,3,hoe-tf,1
big,g12,12,4,1,5,wasg-tf,1
big,g12,12,4,1,6,het-an,1
big,g12,12,4,1,8,het-an,1
big,g12,12,20,3,1,spi-hm,1
big,g12,12,20,3,2,gekkie-nk,1
big,g12,12,20,3,4,gekki-hm,0
big,g12,12,20,3,7,geik-hm,1
big,g12,12,11,2,3,fem-kp,1
big,g12,12,11,2,5,fem-hu,1
big,g12,12,11,2,6,fem-uk,1
big,g12,12,11,2,8,fem-kp,1
big,g12,13,3,1,1,hoe-kk,1
big,g12,13,3,1,2,mop-kk,1
big,g12,13,3,1,4,het-kk,1
big,g12,13,3,1,8,het-uu,0
big,g12,13,14,2,3,fem-aa,1
big,g12,13,14,2,5,fem-aa,1
big,g12,13,14,2,6,fem-aa,1
big,g12,13,14,2,7,fem-aa,1
big,g12,13,4,1,1,hoe-tf,1
big,g12,13,4,1,2,mop-an,0
big,g12,13,4,1,4,het-ts,1
big,g12,13,4,1,8,het-am,0
big,g12,13,11,2,3,fem-pp,0
big,g12,13,11,2,5,fem-ko,1
big,g12,13,11,2,6,fem-kp,1
big,g12,13,11,2,7,fem-hp,1
big,g12,13,15,3,1,spi-kp,0
big,g12,13,15,3,2,gekkie-pp,1
big,g12,13,15,3,4,gekki-gi,1
big,g12,13,15,3,8,geik-ko,1
big,g12,13,19,3,3,gekkie-an,1
big,g12,13,19,3,5,geik-km,0
big,g12,13,19,3,6,spi-ea,1
big,g12,13,19,3,7,gekki-km,0
big,g12,13,16,3,1,spi-fe,1
big,g12,13,16,3,2,gekkie-ap,1
big,g12,13,16,3,4,gekki-fe,1
big,g12,13,16,3,8,geik-om,0
big,g12,13,26,4,3,giek-an,1
big,g12,13,26,4,5,tototo-ok,0
big,g12,13,26,4,6,woosh-kn,1
big,g12,13,26,4,7,totot-kn,1
big,g12,13,5,1,1,hoe-kp,1
big,g12,13,5,1,2,mop-pk,1
big,g12,13,5,1,4,hoe-gi,1
big,g12,13,5,1,8,het-kp,1
big,g12,13,10,2,3,fem-an,1
big,g12,13,10,2,5,fem-km,1
big,g12,13,10,2,6,fem-kn,1
big,g12,13,10,2,7,fem-kn,1
big,g12,13,25,4,1,woosh-fe,1
big,g12,13,25,4,2,giek-ap,1
big,g12,13,25,4,4,totot-ge,1
big,g12,13,25,4,8,tototo-mp,0
big,g12,13,23,4,3,giek-nk,1
big,g12,13,23,4,5,totoot-ik,1
big,g12,13,23,4,6,woosh-hm,1
big,g12,13,23,4,7,totot-hn,1
big,g12,13,9,2,1,fem-uu,1
big,g12,13,9,2,2,fem-pp,0
big,g12,13,9,2,4,fem-uu,1
big,g12,13,9,2,8,fem-nn,1
big,g12,13,28,4,3,giek-op,1
big,g12,13,28,4,5,totot-ko,0
big,g12,13,28,4,6,woosh-hi,1
big,g12,13,28,4,7,totot-hp,1
big,g12,13,12,2,1,fem-fe,1
big,g12,13,12,2,2,fem-ap,1
big,g12,13,12,2,4,fem-fe,1
big,g12,13,12,2,8,fem-nm,0
big,g12,13,18,3,3,gekkie-as,1
big,g12,13,18,3,5,geik-aa,1
big,g12,13,18,3,6,spi-aa,1
big,g12,13,18,3,7,gekki-aa,1
big,g12,13,6,1,1,hoe-kn,0
big,g12,13,6,1,2,mop-am,1
big,g12,13,6,1,4,hoe-tf,1
big,g12,13,6,1,8,het-ok,1
big,g12,13,8,2,3,fem-nn,1
big,g12,13,8,2,5,fem-nn,1
big,g12,13,8,2,6,fem-nn,1
big,g12,13,8,2,7,fem-nn,1
big,g12,13,21,3,1,spi-nn,1
big,g12,13,21,3,2,gekkie-nn,1
big,g12,13,21,3,4,gekki-nn,1
big,g12,13,21,3,8,geik-nn,1
big,g12,13,7,1,3,hoe-mm,0
big,g12,13,7,1,5,het-uk,1
big,g12,13,7,1,6,hoe-hm,1
big,g12,13,7,1,7,hoe-gn,0
big,g12,13,20,3,1,spi-hm,1
big,g12,13,20,3,2,gekkie-mm,1
big,g12,13,20,3,4,gekki-gm,1
big,g12,13,20,3,8,geik-uk,1
big,g12,13,1,1,3,mop-ww,0
big,g12,13,1,1,5,het-ht,1
big,g12,13,1,1,6,hoe-gw,1
big,g12,13,1,1,7,het-he,1
big,g12,13,13,2,1,fem-hm,1
big,g12,13,13,2,2,fem-mm,1
big,g12,13,13,2,4,fem-hm,1
big,g12,13,13,2,8,fem-uk,1
big,g12,14,16,3,1,spi-fw,1
big,g12,14,16,3,2,mop-ai,0
big,g12,14,16,3,3,gekkie-we,0
big,g12,14,16,3,6,gekkie-aw,1
big,g12,14,6,1,4,hoe-es,0
big,g12,14,6,1,5,het-ok,1
big,g12,14,6,1,7,het-km,1
big,g12,14,6,1,8,het-ok,0
big,g12,14,3,1,1,het-kk,1
big,g12,14,3,1,2,hek-mm,1
big,g12,14,3,1,3,het-kk,1
big,g12,14,3,1,6,hoe-kk,1
big,g12,14,19,3,4,gekki-es,1
big,g12,14,19,3,5,gekkie-uh,1
big,g12,14,19,3,7,spi-kn,1
big,g12,14,19,3,8,geik-ok,0
big,g12,14,7,1,1,het-hm,1
big,g12,14,7,1,2,het-mk,1
big,g12,14,7,1,3,het-hm,1
big,g12,14,7,1,6,hoe-hm,0
big,g12,14,15,3,4,gekki-hu,1
big,g12,14,15,3,5,gekkie-ko,1
big,g12,14,15,3,7,spi-hi,1
big,g12,14,15,3,8,geik-uk,0
big,g12,14,23,4,1,swaa-hm,1
big,g12,14,23,4,2,wowo-mk,1
big,g12,14,23,4,3,geik-nnm,0
big,g12,14,23,4,6,woosh-hm,1
big,g12,14,13,2,4,fem-hm,1
big,g12,14,13,2,5,fem-hm,1
big,g12,14,13,2,7,fem-gm,1
big,g12,14,13,2,8,fem-mk,1
big,g12,14,14,2,1,fem-ss,1
big,g12,14,14,2,2,fem-aa,1
big,g12,14,14,2,3,fem-aa,1
big,g12,14,14,2,6,fem-aa,1
big,g12,14,11,2,4,fem-hi,1
big,g12,14,11,2,5,fem-ko,1
big,g12,14,11,2,7,fem-hi,1
big,g12,14,11,2,8,fem-to,0
big,g12,14,8,2,1,fem-nn,1
big,g12,14,8,2,2,fem-kk,1
big,g12,14,8,2,3,fem-nn,1
big,g12,14,8,2,6,fem-nn,1
big,g12,14,28,4,4,woosh-ho,1
big,g12,14,28,4,5,feik-mk,1
big,g12,14,28,4,7,swaa-ho,1
big,g12,14,28,4,8,wowo-to,1
big,g12,14,20,3,1,spi-hm,1
big,g12,14,20,3,2,gekkie-mk,1
big,g12,14,20,3,3,gekkie-hm,1
big,g12,14,20,3,6,spi-hm,1
big,g12,14,5,1,4,hoe-hu,1
big,g12,14,5,1,5,het-ko,1
big,g12,14,5,1,7,het-hu,1
big,g12,14,5,1,8,het-to,1
big,g12,14,9,2,1,fem-uu,1
big,g12,14,9,2,2,fem-oo,0
big,g12,14,9,2,3,fem-uu,1
big,g12,14,9,2,6,fem-uu,1
big,g12,14,1,1,4,hoe-fe,1
big,g12,14,1,1,5,het-ht,1
big,g12,14,1,1,7,het-ge,1
big,g12,14,1,1,8,het-ai,0
big,g12,14,10,2,1,fem-kn,1
big,g12,14,10,2,2,fem-ai,1
big,g12,14,10,2,3,fem-kn,1
big,g12,14,10,2,6,fem-kn,1
big,g12,14,25,4,4,woosh-ge,1
big,g12,14,25,4,5,geik-ht,1
big,g12,14,25,4,7,swaa-gt,1
big,g12,14,25,4,8,wowo-pk,1
big,g12,14,4,1,1,het-kn,1
big,g12,14,4,1,2,het-ai,1
big,g12,14,4,1,3,het-kn,1
big,g12,14,4,1,6,hoe-ta,1
big,g12,14,26,4,4,woosh-an,1
big,g12,14,26,4,5,geik-kn,1
big,g12,14,26,4,7,swaa-kn,1
big,g12,14,26,4,8,wowo-ai,1
big,g12,14,12,2,1,fem-fe,1
big,g12,14,12,2,2,fem-ot,1
big,g12,14,12,2,3,fem-fe,1
big,g12,14,12,2,6,fem-fw,1
big,g12,14,18,3,4,spi-aa,1
big,g12,14,18,3,5,fem-aa,0
big,g12,14,18,3,7,ski-aa,1
big,g12,14,18,3,8,geik-oo,1
big,g12,14,21,3,1,spi-nn,1
big,g12,14,21,3,2,geik-mm,1
big,g12,14,21,3,3,gekki-nn,1
big,g12,14,21,3,6,spi-nn,1
big,g01,1,5,1,2,swoep,0
big,g01,1,5,1,4,wtap,0
big,g01,1,5,1,6,fkamp-ko,0
big,g01,1,5,1,8,pfkampuu,0
big,g01,1,5,1,2,swoep,1
big,g01,1,5,1,4,wtap,1
big,g01,1,5,1,6,fkamp-to,1
big,g01,1,5,1,8,swoinki,0
big,g01,1,5,1,1,wtup,1
big,g01,1,5,1,3,wtup,1
big,g01,1,5,1,5,fkamp,0
big,g01,1,5,1,7,swoinka,0
big,g01,1,7,1,2,gunte,1
big,g01,1,7,1,4,wtap,0
big,g01,1,7,1,6,fkamp,1
big,g01,1,7,1,8,tunga,0
big,g01,1,7,1,1,gunte,1
big,g01,1,7,1,3,wwtups,1
big,g01,1,7,1,5,fkamp,1
big,g01,1,7,1,7,wtup,1
big,g01,1,9,2,1,heta,1
big,g01,1,9,2,3,heta,1
big,g01,1,9,2,5,tingi,0
big,g01,1,9,2,7,swoink,0
big,g01,1,9,2,2,heta,1
big,g01,1,9,2,4,heta,1
big,g01,1,9,2,6,wtup,0
big,g01,1,9,2,8,tungafn,0
big,g01,1,9,2,1,heta,1
big,g01,1,9,2,3,heta,1
big,g01,1,9,2,5,heta,0
big,g01,1,9,2,7,tingu,0
big,g01,1,10,2,2,higunte,1
big,g01,1,10,2,4,hetask,1
big,g01,1,10,2,6,hoink,0
big,g01,1,10,2,8,tunga,1
big,g01,1,10,2,1,swoep,0
big,g01,1,10,2,3,swoep,1
big,g01,1,10,2,5,wtup-wop,1
big,g01,1,10,2,7,swoink,0
big,g01,1,10,2,1,swoep,0
big,g01,1,10,2,3,swoep,1
big,g01,1,10,2,5,wtug,1
big,g01,1,10,2,7,swoink,0
big,g01,1,17,3,1,ke-tingi,1
big,g01,1,17,3,3,tingi,1
big,g01,1,17,3,5,tingi,0
big,g01,1,17,3,7,tingi,0
big,g01,1,17,3,2,atingi,1
big,g01,1,17,3,4,tingi,1
big,g01,1,17,3,6,ikapo,1
big,g01,1,17,3,8,tunge,0
big,g01,1,17,3,1,kitapo-ketingi,0
big,g01,1,17,3,3,tingi,1
big,g01,1,17,3,5,heta-ko,1
big,g01,1,17,3,7,tingu,0
big,g01,1,19,3,2,tingi,0
big,g01,1,19,3,4,takopi,1
big,g01,1,19,3,6,tingi,0
big,g01,1,19,3,8,swoink,0
big,g01,1,19,3,1,tingi,1
big,g01,1,19,3,3,takopi,1
big,g01,1,19,3,5,tingi,1
big,g01,1,19,3,7,tunga,0
big,g01,1,19,3,2,tingi,1
big,g01,1,19,3,4,takopi,1
big,g01,1,19,3,6,heta,1
big,g01,1,19,3,8,tingu,0
big,g01,1,22,4,1,fkamp,1
big,g01,1,22,4,3,fkamp,0
big,g01,1,22,4,5,wtup,1
big,g01,1,22,4,7,pfkamp,1
big,g01,1,22,4,1,fkamp,1
big,g01,1,22,4,3,fkamp,1
big,g01,1,22,4,5,wtup,1
big,g01,1,22,4,7,pfkamp,0
big,g01,1,22,4,2,fkamp,1
big,g01,1,22,4,4,ftkamp,0
big,g01,1,22,4,6,wtug,0
big,g01,1,22,4,8,pfkamp,1
big,g01,1,28,4,1,hoink,1
big,g01,1,28,4,3,wfkampt,1
big,g01,1,28,4,5,hoink,0
big,g01,1,28,4,7,pfkampa,1
big,g01,1,28,4,2,hoink,1
big,g01,1,28,4,4,ftkampita,1
big,g01,1,28,4,6,wtup-wop,0
big,g01,1,28,4,8,pfkampa,1
big,g01,1,28,4,2,hoink,1
big,g01,1,28,4,4,ftkampita,1
big,g01,1,28,4,6,fkamp,0
big,g01,1,28,4,8,pfkampu,1
big,g01,2,5,1,2,higunte,1
big,g01,2,5,1,4,wtupsa,1
big,g01,2,5,1,6,wtup,1
big,g01,2,5,1,8,swoeinko,0
big,g01,2,5,1,1,wtup,0
big,g01,2,5,1,3,wtupwetu,1
big,g01,2,5,1,5,wtup-taf,1
big,g01,2,5,1,7,heti,0
big,g01,2,7,1,2,gunte,0
big,g01,2,7,1,4,wtupsa,0
big,g01,2,7,1,6,fkamp-ko,0
big,g01,2,7,1,8,swoinki,0
big,g01,2,7,1,1,swoep,1
big,g01,2,7,1,3,wtuptew,1
big,g01,2,7,1,5,wtup,1
big,g01,2,7,1,7,hhheta,0
big,g01,2,9,2,2,heta,0
big,g01,2,9,2,4,heta,1
big,g01,2,9,2,6,heta,1
big,g01,2,9,2,8,hoinka,0
big,g01,2,9,2,1,heta,0
big,g01,2,9,2,3,hetasa,1
big,g01,2,9,2,5,heta,1
big,g01,2,9,2,7,gunti,0
big,g01,2,10,2,2,hhheta,0
big,g01,2,10,2,4,heta-se,1
big,g01,2,10,2,6,swoep-tew,1
big,g01,2,10,2,8,tange,1
big,g01,2,10,2,1,swoep,0
big,g01,2,10,2,3,swoeptewu,0
big,g01,2,10,2,5,heta-opi,1
big,g01,2,10,2,7,gune,0
big,g01,2,12,2,1,tingi,0
big,g01,2,12,2,3,swoepwet,1
big,g01,2,12,2,5,heta-taf,1
big,g01,2,12,2,7,gune,0
big,g01,2,12,2,2,hhheta,0
big,g01,2,12,2,4,heta-taf,1
big,g01,2,12,2,6,heta-wetu,1
big,g01,2,12,2,8,heto,0
big,g01,2,17,3,1,tikapo,1
big,g01,2,17,3,3,tingi,0
big,g01,2,17,3,5,okapi,0
big,g01,2,17,3,7,swoink,0
big,g01,2,17,3,2,agunte,0
big,g01,2,17,3,4,tingi-tafta,0
big,g01,2,17,3,6,tikapo-wetas,1
big,g01,2,17,3,8,tinga,1
big,g01,2,19,3,2,tingi,0
big,g01,2,19,3,4,tingi-taf,1
big,g01,2,19,3,6,tikapo-tew,1
big,g01,2,19,3,8,tingi,1
big,g01,2,19,3,2,tingi,1
big,g01,2,19,3,4,tingi-opi,1
big,g01,2,19,3,6,tikapo-tewu,1
big,g01,2,19,3,8,tingi,1
big,g01,2,22,4,1,fkamp,1
big,g01,2,22,4,3,fkampwetu,1
big,g01,2,22,4,5,hoink-taf,1
big,g01,2,22,4,7,fkampu,0
big,g01,2,22,4,2,hifkampu,0
big,g01,2,22,4,4,hoink-taf,1
big,g01,2,22,4,6,fkamp-wetu,1
big,g01,2,22,4,8,fkamp,1
big,g01,2,23,4,1,fkampi,0
big,g01,2,23,4,3,fkampwet,0
big,g01,2,23,4,5,hoink-se,1
big,g01,2,23,4,7,fpkampu,1
big,g01,2,23,4,2,fkampu,0
big,g01,2,23,4,4,hoink-tafse,1
big,g01,2,23,4,6,fkamp-wet,1
big,g01,2,23,4,8,fkampi,1
big,g01,2,24,4,1,hoinkie,0
big,g01,2,24,4,3,fkamptew,1
big,g01,2,24,4,5,hoink-sat,0
big,g01,2,24,4,7,fkamp,0
big,g01,2,24,4,1,hoinkie,0
big,g01,2,24,4,3,fkamptew,1
big,g01,2,24,4,5,hoink-waf,0
big,g01,2,24,4,7,pfkampi,0
big,g01,2,24,4,2,fkampu,1
big,g01,2,24,4,4,hoink-se,0
big,g01,2,24,4,6,fkamp-tew,1
big,g01,2,24,4,8,hoink,1
big,g01,2,28,4,2,fkamp,1
big,g01,2,28,4,4,hoink-ta,0
big,g01,2,28,4,6,fkamp,1
big,g01,2,28,4,8,fkampu,0
big,g01,2,28,4,1,hoink,0
big,g01,2,28,4,3,fkamptewas,1
big,g01,2,28,4,5,hoink,0
big,g01,2,28,4,7,fpkamp,0
big,g01,3,3,1,2,gunte-hi,1
big,g01,3,3,1,4,wtup-na,1
big,g01,3,3,1,6,wtugo,0
big,g01,3,3,1,8,swoepu,0
big,g01,3,3,1,1,gunte-wtup,0
big,g01,3,3,1,3,wtupu,1
big,g01,3,3,1,5,fkamp-ho,0
big,g01,3,3,1,7,heta-wep,1
big,g01,3,5,1,1,wtup,1
big,g01,3,5,1,3,wtup,1
big,g01,3,5,1,5,wtup-taf,1
big,g01,3,5,1,7,heta,0
big,g01,3,7,1,2,wtup-kaf,1
big,g01,3,7,1,4,wtup-sa,0
big,g01,3,7,1,6,heta-tew,1
big,g01,3,7,1,8,wtap,1
big,g01,3,7,1,1,gunte,1
big,g01,3,7,1,3,swoepasu,0
big,g01,3,7,1,5,wtup-hoha,1
big,g01,3,7,1,7,heta-net,1
big,g01,3,9,2,1,heta,1
big,g01,3,9,2,3,hetasa,0
big,g01,3,9,2,5,heta-oi,0
big,g01,3,9,2,7,gune,0
big,g01,3,9,2,2,heta,1
big,g01,3,9,2,4,heta,1
big,g01,3,9,2,6,gunea,1
big,g01,3,9,2,8,tingsie,0
big,g01,3,10,2,2,heta-opa,0
big,g01,3,10,2,4,swoep-se,0
big,g01,3,10,2,6,gune-tew,0
big,g01,3,10,2,8,hetasaas,1
big,g01,3,10,2,2,heta-hoha,1
big,g01,3,10,2,4,heta-se,0
big,g01,3,10,2,6,gune-tew,1
big,g01,3,10,2,8,tingsue,1
big,g01,3,11,2,1,ke-swoep,0
big,g01,3,11,2,3,hetasuus,0
big,g01,3,11,2,5,heta-opi,1
big,g01,3,11,2,7,gune,0
big,g01,3,11,2,2,heta-fofi,0
big,g01,3,11,2,4,heta-tafsa,1
big,g01,3,11,2,6,gune-aw,1
big,g01,3,11,2,8,takose,0
big,g01,3,12,2,1,na-swoep,1
big,g01,3,12,2,3,swoepsa,0
big,g01,3,12,2,5,heta-hahi,1
big,g01,3,12,2,7,gune-wet,1
big,g01,3,12,2,2,heta-hohi,1
big,g01,3,12,2,4,heta-taf,1
big,g01,3,12,2,6,gunewet,1
big,g01,3,12,2,8,tingsau,1
big,g01,3,17,3,1,tikapo,0
big,g01,3,17,3,3,tingi,0
big,g01,3,17,3,5,tingi-opi,0
big,g01,3,17,3,7,swoink,0
big,g01,3,19,3,1,tingi,0
big,g01,3,19,3,3,takopi,0
big,g01,3,19,3,5,tingi-opa,1
big,g01,3,19,3,7,tikapoo,0
big,g01,3,20,3,2,tingi-ow,0
big,g01,3,20,3,4,tingi-sa,0
big,g01,3,20,3,6,tikapo,1
big,g01,3,20,3,8,hetasu,0
big,g01,3,20,3,1,tingi-tikapo,1
big,g01,3,20,3,3,takopiasu,0
big,g01,3,20,3,5,tingi-ofi,1
big,g01,3,20,3,7,tipako-ta,1
big,g01,3,22,4,2,hoink-hiha,0
big,g01,3,22,4,4,hoink-taf,1
big,g01,3,22,4,6,fkampo-wet,0
big,g01,3,22,4,8,fkamp,1
big,g01,3,22,4,1,fkamp,1
big,g01,3,22,4,3,fkampsau,0
big,g01,3,22,4,5,hoink-hohi,1
big,g01,3,22,4,7,fkamp-wet,1
big,g01,3,23,4,2,fkamp-gu,1
big,g01,3,23,4,4,hoink-tafse,0
big,g01,3,23,4,6,fkamp,0
big,g01,3,23,4,8,fkampu,0
big,g01,3,23,4,1,fkampie,1
big,g01,3,23,4,3,fkampsa,1
big,g01,3,23,4,5,hoink-hi,0
big,g01,3,23,4,7,fkamp-weet,1
big,g01,3,24,4,2,fkampaa,0
big,g01,3,24,4,4,hoink-se,1
big,g01,3,24,4,6,fkamp-tew,0
big,g01,3,24,4,8,fkampea,0
big,g01,3,28,4,1,hoink,0
big,g01,3,28,4,3,fkampasu,1
big,g01,3,28,4,5,hoink-ofi,0
big,g01,3,28,4,7,pfkampu,1
big,g01,4,3,1,2,gunte-hiha,0
big,g01,4,3,1,3,wtupsa,1
big,g01,4,3,1,5,wtup-ho,1
big,g01,4,3,1,6,heta-fuppu,0
big,g01,4,4,1,1,wtup-gunte,0
big,g01,4,4,1,4,gunte-tafsa,1
big,g01,4,4,1,7,heta-hia,0
big,g01,4,4,1,8,heta-tow,0
big,g01,4,4,1,2,gunte-tafoo,1
big,g01,4,4,1,3,wtup-ek,1
big,g01,4,4,1,5,wtup-taf,1
big,g01,4,4,1,6,heta-fattu,0
big,g01,4,5,1,1,wtup,1
big,g01,4,5,1,4,wtup-taf,1
big,g01,4,5,1,7,heto-wet,0
big,g01,4,5,1,8,swoep-tew,0
big,g01,4,7,1,2,gunte,1
big,g01,4,7,1,3,wtuptewu,0
big,g01,4,7,1,5,fkamp-hoha,0
big,g01,4,7,1,6,heta-tew,0
big,g01,4,9,2,1,heta,1
big,g01,4,9,2,4,heta,1
big,g01,4,9,2,7,hetaa,0
big,g01,4,9,2,8,tsuna-ou,0
big,g01,4,10,2,2,heta-tafi,1
big,g01,4,10,2,3,swoep,1
big,g01,4,10,2,5,heta-hiha,0
big,g01,4,10,2,6,gune-wot,0
big,g01,4,11,2,1,tikapo,1
big,g01,4,11,2,4,heta-tafsa,1
big,g01,4,11,2,7,heta-hio,0
big,g01,4,11,2,8,gune-wut,0
big,g01,4,11,2,2,heta-tafoo,1
big,g01,4,11,2,3,ek-swoep,0
big,g01,4,11,2,5,heta-wet-po,1
big,g01,4,11,2,6,heta-foppa,0
big,g01,4,12,2,1,ke-swoep,1
big,g01,4,12,2,4,heta-taf,1
big,g01,4,12,2,7,heta-wet,0
big,g01,4,12,2,8,tingsi-fuppu,0
big,g01,4,14,2,2,heta-tafsi,0
big,g01,4,14,2,3,swoeptew,0
big,g01,4,14,2,5,heta-hoha,1
big,g01,4,14,2,6,gune-poffo,0
big,g01,4,14,2,1,swoep,1
big,g01,4,14,2,4,heta-hima,1
big,g01,4,14,2,7,heta-net,1
big,g01,4,14,2,8,heta-fuppie,0
big,g01,4,17,3,2,tingi-afi,0
big,g01,4,17,3,3,tingi,0
big,g01,4,17,3,5,tingi-fofa,0
big,g01,4,17,3,6,tikapo-tow,0
big,g01,4,19,3,1,tingi,1
big,g01,4,19,3,4,tingi-hi,0
big,g01,4,19,3,7,swoink-net,0
big,g01,4,19,3,8,tingsi-fuppa,0
big,g01,4,20,3,1,tikapo-tingi,0
big,g01,4,20,3,4,tingi-sa,1
big,g01,4,20,3,7,swoink-tew,0
big,g01,4,20,3,8,tingsi-fup,0
big,g01,4,21,3,1,tingi-tikapo,0
big,g01,4,21,3,4,tingi-af,0
big,g01,4,21,3,7,hoink-weet,0
big,g01,4,21,3,8,tingsi-puf,0
big,g01,4,21,3,2,tingoi-tafee,1
big,g01,4,21,3,3,tingi-wet,1
big,g01,4,21,3,5,tingi-ew,0
big,g01,4,21,3,6,tingsi-wet,0
big,g01,4,22,4,1,fkamp,1
big,g01,4,22,4,4,hoink-taf,1
big,g01,4,22,4,7,pfkamp-wet,1
big,g01,4,22,4,8,fkamp,0
big,g01,4,22,4,2,hoink-tafha,1
big,g01,4,22,4,3,ke-fkamp,1
big,g01,4,22,4,5,hoink-hohi,1
big,g01,4,22,4,6,fkamp-fuppu,1
big,g01,4,23,4,2,hoink-af,1
big,g01,4,23,4,3,fkampwet,0
big,g01,4,23,4,5,fkamp-hi,0
big,g01,4,23,4,6,fkamp-fop,1
big,g01,4,24,4,2,hoink-ah,1
big,g01,4,24,4,3,fkamptew,1
big,g01,4,24,4,5,hoink-se,0
big,g01,4,24,4,6,fkamp-pof,1
big,g01,4,28,4,2,hoink,1
big,g01,4,28,4,3,fkamptewu,0
big,g01,4,28,4,5,hoink-ofa,0
big,g01,4,28,4,6,fkamp-weto,1
big,g01,4,28,4,1,hoink,1
big,g01,4,28,4,4,hoink,1
big,g01,4,28,4,7,fkamp-tew,0
big,g01,4,28,4,8,fkamp-fappu,1
big,g01,5,1,1,3,wtup-as-net,1
big,g01,5,1,1,5,wtup-na-fi,0
big,g01,5,1,1,6,wtup-owee,0
big,g01,5,1,1,8,swoenk-tuf,1
big,g01,5,1,1,1,ke-gunte,0
big,g01,5,1,1,2,gunte-owaa,0
big,g01,5,1,1,4,wtup-sesa,1
big,g01,5,1,1,7,wtup-as-net,1
big,g01,5,3,1,3,wtup-sa,1
big,g01,5,3,1,5,wtup-ho,1
big,g01,5,3,1,6,gunte-aa,1
big,g01,5,3,1,8,swoenk-tof,0
big,g01,5,4,1,3,wtup-as-wet,1
big,g01,5,4,1,5,ke-wtup,1
big,g01,5,4,1,6,heta-ow,0
big,g01,5,4,1,8,swoenk-tafsa,1
big,g01,5,5,1,1,wtup,0
big,g01,5,5,1,2,gunte-awaa,0
big,g01,5,5,1,4,swoenk-taf,0
big,g01,5,5,1,7,wtup-sa-wet,1
big,g01,5,7,1,1,gunte,1
big,g01,5,7,1,2,heta-awaa,0
big,g01,5,7,1,4,gunta-hi,0
big,g01,5,7,1,7,wtup-sa-net,1
big,g01,5,9,2,3,heta-as,0
big,g01,5,9,2,5,heta-fo,0
big,g01,5,9,2,6,woesh-f,0
big,g01,5,9,2,8,hoink-se,0
big,g01,5,10,2,3,heta-sa-net,1
big,g01,5,10,2,5,heta-ho-fi,0
big,g01,5,10,2,6,heta-awae,0
big,g01,5,10,2,8,heta-tufsa,0
big,g01,5,11,2,1,ni-heta,1
big,g01,5,11,2,2,heta-owaa,0
big,g01,5,11,2,4,heta-tafsa,0
big,g01,5,11,2,7,heta-as-wet,1
big,g01,5,12,2,1,ke-swoep,0
big,g01,5,12,2,2,heta-aw,1
big,g01,5,12,2,4,heta-taf,0
big,g01,5,12,2,7,heta-sa-wet,1
big,g01,5,14,2,1,swoepie,0
big,g01,5,14,2,2,heta-awee,0
big,g01,5,14,2,4,heta-hi,1
big,g01,5,14,2,7,heta-sa-net,1
big,g01,5,16,3,3,swoink-sa-wet,1
big,g01,5,16,3,5,tikapo-ho-ke,1
big,g01,5,16,3,6,tingi-aw,1
big,g01,5,16,3,8,tingsie-taf,1
big,g01,5,16,3,1,ke-tingi,0
big,g01,5,16,3,2,tingi-owee,1
big,g01,5,16,3,4,tingsi-taf,1
big,g01,5,16,3,7,swoink-sa-wet,1
big,g01,5,17,3,3,swoink-as-wet,1
big,g01,5,17,3,5,tingi-fa-ke,0
big,g01,5,17,3,6,tingsi-awee,1
big,g01,5,17,3,8,tingsi-tafsa,1
big,g01,5,19,3,3,takopi,1
big,g01,5,19,3,5,tingi-hoha,1
big,g01,5,19,3,6,heta-aw,0
big,g01,5,19,3,8,tingsie-suw,1
big,g01,5,20,3,1,ke-tikapo,0
big,g01,5,20,3,2,tingi-owfa,1
big,g01,5,20,3,4,tingsie-sa,0
big,g01,5,20,3,7,swoink-as-net,0
big,g01,5,21,3,3,swoink-wet,1
big,g01,5,21,3,5,tingi-ke,0
big,g01,5,21,3,6,tingsi-ee,1
big,g01,5,21,3,8,tingsi-tafse,1
big,g01,5,22,4,3,fkamp-sa-wet,1
big,g01,5,22,4,5,fkamp-ho-ke,0
big,g01,5,22,4,6,hoink-aw,1
big,g01,5,22,4,8,fkamp,0
big,g01,5,23,4,1,fkamp-hoink,0
big,g01,5,23,4,2,hoink-ee,1
big,g01,5,23,4,4,hoink-tafie,0
big,g01,5,23,4,7,fkamp-wet,0
big,g01,5,24,4,1,hoink-fkamp,0
big,g01,5,24,4,2,hoink-a,0
big,g01,5,24,4,4,hoink-se,0
big,g01,5,24,4,7,pfkamp-tew,1
big,g01,5,25,4,1,ke-fkamp,0
big,g01,5,25,4,2,hoink-ow,1
big,g01,5,25,4,4,hoink-tafsa,1
big,g01,5,25,4,7,fkamp-as-wet,1
big,g01,5,25,4,3,fkamp-as-wet,1
big,g01,5,25,4,5,hoink-fa-ke,1
big,g01,5,25,4,6,hoink-awaa,0
big,g01,5,25,4,8,fkamp-tafsa,1
big,g01,5,28,4,1,hoink,1
big,g01,5,28,4,2,hoink,0
big,g01,5,28,4,4,ftkamp-sesa,0
big,g01,5,28,4,7,pfkamp-as-net,1
big,g01,6,1,1,3,wtup-as-net,0
big,g01,6,1,1,6,wtug,0
big,g01,6,1,1,7,wtup-as-net,0
big,g01,6,1,1,8,tingie-fa-sie,0
big,g01,6,2,1,3,wtup-as,1
big,g01,6,2,1,6,wtug-wet,1
big,g01,6,2,1,7,wtup-as,1
big,g01,6,2,1,8,swoenk-o-se,0
big,g01,6,3,1,1,gunte-tew,0
big,g01,6,3,1,2,gunte-sa-tet,0
big,g01,6,3,1,4,wtup,1
big,g01,6,3,1,5,wtup-ho,1
big,g01,6,4,1,1,wtup-ke,0
big,g01,6,4,1,2,gunte-as-wet,1
big,g01,6,4,1,4,wtup-as-sa,1
big,g01,6,4,1,5,wtup-tafsie-ke,1
big,g01,6,5,1,1,wtup,1
big,g01,6,5,1,2,wtup-e-wet,1
big,g01,6,5,1,4,wtup-taf-wet,1
big,g01,6,5,1,5,wtup-ho-ke,0
big,g01,6,6,1,3,wtup-as-wet,1
big,g01,6,6,1,6,wtup-wetee,1
big,g01,6,6,1,7,wtup-as-wet,0
big,g01,6,6,1,8,wtup-tafsa-ke,1
big,g01,6,7,1,3,wtup-e-net,0
big,g01,6,7,1,6,wtup-tingio,1
big,g01,6,7,1,7,wtup-sa-net,1
big,g01,6,7,1,8,wtup-ho-ka,1
big,g01,6,9,2,3,heta-as,1
big,g01,6,9,2,6,woes-wet,0
big,g01,6,9,2,7,heta-as,1
big,g01,6,9,2,8,heta-taf,1
big,g01,6,10,2,1,swoep,0
big,g01,6,10,2,2,heta-sa-net,0
big,g01,6,10,2,4,heta-se-net,1
big,g01,6,10,2,5,heta-ho-ka,0
big,g01,6,11,2,3,swoep-as-wet,0
big,g01,6,11,2,6,gunte,0
big,g01,6,11,2,7,heta-as-wet,1
big,g01,6,11,2,8,heta-tafsie-ke,0
big,g01,6,12,2,3,swoep-sa-wet,0
big,g01,6,12,2,6,tingsi-wet,0
big,g01,6,12,2,7,heta-sa-wet,1
big,g01,6,12,2,8,heta-tuf,0
big,g01,6,14,2,3,swoep-sa-net,0
big,g01,6,14,2,6,tikapo-na,0
big,g01,6,14,2,7,heta-sa-net,1
big,g01,6,14,2,8,heta-ho-ka,1
big,g01,6,16,3,1,tingi-wtupo,0
big,g01,6,16,3,2,tingi-aw-tet,1
big,g01,6,16,3,4,tingi-taf-wet,0
big,g01,6,16,3,5,tingi-ho-ke,1
big,g01,6,17,3,3,hoink-as-wet,0
big,g01,6,17,3,6,tingsi-weto,0
big,g01,6,17,3,7,hoink-as-wet,0
big,g01,6,17,3,8,tingsie-tafsa,1
big,g01,6,19,3,3,hoink-sa-net,0
big,g01,6,19,3,6,tikapo-na,0
big,g01,6,19,3,7,tingi-sa-net,1
big,g01,6,19,3,8,tingsie-ho-ka,1
big,g01,6,20,3,1,tikapo-tingi,1
big,g01,6,20,3,2,hoink-ow-tet,0
big,g01,6,20,3,4,tingsi-sahi,0
big,g01,6,20,3,5,tingi-fa-si,1
big,g01,6,21,3,1,tikapo-ofe,0
big,g01,6,21,3,2,tingi-a-net,1
big,g01,6,21,3,4,tingi-tafoo,1
big,g01,6,21,3,5,tingi-ke,1
big,g01,6,22,4,1,fkamp,0
big,g01,6,22,4,2,hoink-aw-wet,0
big,g01,6,22,4,4,hoink-sa-wet,0
big,g01,6,22,4,5,hoink-ho-ke,0
big,g01,6,23,4,1,na-fkamp,1
big,g01,6,23,4,2,hoink-a-wet,0
big,g01,6,23,4,4,hoink-tafoo,1
big,g01,6,23,4,5,hoink-ke,0
big,g01,6,24,4,3,fkamp-net,1
big,g01,6,24,4,6,n-fkamp,1
big,g01,6,24,4,7,hoink-net,1
big,g01,6,24,4,8,hoink-ka,1
big,g01,6,25,4,1,fkamp-wetee,1
big,g01,6,25,4,2,hoink-as-wet,0
big,g01,6,25,4,4,hoink-as-sa,1
big,g01,6,25,4,5,hoink-tafsie-ke,0
big,g01,6,27,4,1,hoink-fkamp,0
big,g01,6,27,4,2,hoink-sa-tet,0
big,g01,6,27,4,4,hoink-sa-net,1
big,g01,6,27,4,5,hoink-ho-ka,1
big,g01,6,28,4,3,fkamp-as-net,0
big,g01,6,28,4,6,fkamp-wetaf,0
big,g01,6,28,4,7,hoink-as-net,1
big,g01,6,28,4,8,hoink-tafsie-ka,1
big,g01,7,1,1,2,swoenk-kaf-po,1
big,g01,7,1,1,3,wtup-oh-ek,0
big,g01,7,1,1,6,wtug-se-p,1
big,g01,7,1,1,7,wtup-as-net,1
big,g01,7,2,1,1,wtup-wet,1
big,g01,7,2,1,4,wtup-as,0
big,g01,7,2,1,5,wtup-oh,1
big,g01,7,2,1,8,swoenk-po,1
big,g01,7,3,1,1,gunte-wtup,0
big,g01,7,3,1,4,wtup,0
big,g01,7,3,1,5,wtup-ho,1
big,g01,7,3,1,8,swoenk-ho,1
big,g01,7,4,1,1,gunte,0
big,g01,7,4,1,4,wtup-taf-p,1
big,g01,7,4,1,5,wtup-oh-ke,1
big,g01,7,4,1,8,swoenk-taf-po,0
big,g01,7,5,1,1,wtup,0
big,g01,7,5,1,4,wtup-taf,1
big,g01,7,5,1,5,wtup-ho-ke,1
big,g01,7,5,1,8,swoenk-taf-ho,1
big,g01,7,6,1,2,swoeink-taf-po,1
big,g01,7,6,1,3,wtup-oh-ke,1
big,g01,7,6,1,6,wtug-taf-ppp,1
big,g01,7,6,1,7,wtup-as-wet,1
big,g01,7,7,1,2,swoenk-kaf-ho,1
big,g01,7,7,1,3,wtup-ho-ek,1
big,g01,7,7,1,6,wtup-fat,0
big,g01,7,7,1,7,wtup-sa-net,0
big,g01,7,9,2,1,heta,1
big,g01,7,9,2,4,heta,1
big,g01,7,9,2,5,heta-oh,1
big,g01,7,9,2,8,heta-po,1
big,g01,7,10,2,2,heta-kaf-ho,1
big,g01,7,10,2,3,swoep-ho-ek,0
big,g01,7,10,2,6,gune-tew-h,0
big,g01,7,10,2,7,heta-sa-net,1
big,g01,7,11,2,1,heta-as-wet,1
big,g01,7,11,2,4,heta-taf-p,1
big,g01,7,11,2,5,heta-oh-ke,1
big,g01,7,11,2,8,heta-taf-po,1
big,g01,7,12,2,1,tingi-tikapo,0
big,g01,7,12,2,4,heta-taf,0
big,g01,7,12,2,5,heta-ho-ke,1
big,g01,7,12,2,8,heta-taf-ho,1
big,g01,7,14,2,2,heta-kaf-ho,1
big,g01,7,14,2,3,swoep-ho-ke,0
big,g01,7,14,2,6,heta-wet-h,0
big,g01,7,14,2,7,heta-sa-net,0
big,g01,7,16,3,1,tingi-tikapo,1
big,g01,7,16,3,4,tikapo-taf,1
big,g01,7,16,3,5,hoink-ho-ke,1
big,g01,7,16,3,8,tingi-taf-ho,1
big,g01,7,17,3,2,tingi-taf-po,1
big,g01,7,17,3,3,hoink-oh-ke,1
big,g01,7,17,3,6,tikapo-taf-pp,1
big,g01,7,17,3,7,tingi-as-wet,1
big,g01,7,19,3,2,tingi-kaf-ho,1
big,g01,7,19,3,3,hoink-ho-ek,0
big,g01,7,19,3,6,tikapo-se-h,1
big,g01,7,19,3,7,tingi-sa-net,0
big,g01,7,20,3,2,tingi-kaf-po,1
big,g01,7,20,3,3,hoink-oh-ek,1
big,g01,7,20,3,6,tikapo-se-ppp,1
big,g01,7,20,3,7,tingi-as-net,1
big,g01,7,21,3,2,tingi-taf,1
big,g01,7,21,3,3,hoink-ke,1
big,g01,7,21,3,6,tikapo-taf,0
big,g01,7,21,3,7,tingi-wet,0
big,g01,7,22,4,1,fkamp,0
big,g01,7,22,4,4,hoink-taf-ha,0
big,g01,7,22,4,5,hoink-ho-ke,0
big,g01,7,22,4,8,fkamp-ho-ta,0
big,g01,7,23,4,2,fkamp-taf,1
big,g01,7,23,4,3,fkamp-ke,1
big,g01,7,23,4,6,hoink-taf-,1
big,g01,7,23,4,7,pfkamp-wet,1
big,g01,7,24,4,1,hoinkie,0
big,g01,7,24,4,4,hoink-se,1
big,g01,7,24,4,5,hoink-ek,0
big,g01,7,24,4,8,hoink-ka,1
big,g01,7,25,4,2,hoink-taf-po,1
big,g01,7,25,4,3,fkamp-oh-ke,1
big,g01,7,25,4,6,hoink-taf-pp,0
big,g01,7,25,4,7,pfkamp-as-wet,1
big,g01,7,27,4,1,hoink-fkamp,1
big,g01,7,27,4,4,hoink-hiha,1
big,g01,7,27,4,5,hoink-ho-ek,1
big,g01,7,27,4,8,hoink-ho-kaf,1
big,g01,7,28,4,1,hoink,0
big,g01,7,28,4,4,hoink-se-pp,1
big,g01,7,28,4,5,fkamp-oh-ek,1
big,g01,7,28,4,8,hoink-kaf-po,1
big,g01,8,1,1,2,gunte-kaf-na,1
big,g01,8,1,1,4,wtup-se-p,0
big,g01,8,1,1,6,wtup-oh-fp,1
big,g01,8,1,1,8,wtup-us-wet,0
big,g01,8,2,1,1,gunte-na,1
big,g01,8,2,1,3,wtup-as,1
big,g01,8,2,1,5,wtup-oh,1
big,g01,8,2,1,7,wtup-as,1
big,g01,8,3,1,1,gunte-ho,1
big,g01,8,3,1,3,wtup-sa,1
big,g01,8,3,1,5,wtup-ho,1
big,g01,8,3,1,7,wtup-sa,1
big,g01,8,4,1,1,gunte-taf-na,1
big,g01,8,4,1,3,wtup-as-wet,0
big,g01,8,4,1,5,wtup-oh-ek,0
big,g01,8,4,1,7,wtup-as-wet,0
big,g01,8,5,1,2,gunte-taf-ho,1
big,g01,8,5,1,4,wtup-tafoo,0
big,g01,8,5,1,6,wtug-taf,0
big,g01,8,5,1,8,swoenk-taf-ho,0
big,g01,8,6,1,1,gunte-taf-na,1
big,g01,8,6,1,3,wtup-as-wet,1
big,g01,8,6,1,5,wtup-oh-ke,1
big,g01,8,6,1,7,wtup-as-wet,0
big,g01,8,7,1,2,gunte-kaf-ho,1
big,g01,8,7,1,4,wtup-hi-se,1
big,g01,8,7,1,6,wtug-oh-fa,1
big,g01,8,7,1,8,swoenk-ho-sa,0
big,g01,8,9,2,1,heta-na,1
big,g01,8,9,2,3,swoep-as,1
big,g01,8,9,2,5,heta-oh,1
big,g01,8,9,2,7,heta-as,1
big,g01,8,10,2,1,heta-kaf-ho,0
big,g01,8,10,2,3,swoep-sa-tew,1
big,g01,8,10,2,5,heta-ho-ek,0
big,g01,8,10,2,7,heta-sa-net,1
big,g01,8,11,2,1,heta-taf-na,1
big,g01,8,11,2,3,swoep-as-wet,1
big,g01,8,11,2,5,heta-oh-ke,1
big,g01,8,11,2,7,heta-as-wet,1
big,g01,8,12,2,2,heta-taf-ho,1
big,g01,8,12,2,4,swoop-tafie,1
big,g01,8,12,2,6,heta-oh-fa,1
big,g01,8,12,2,8,heta-tuf-ho,1
big,g01,8,14,2,2,heta-kaf-ho,1
big,g01,8,14,2,4,swoep-hi-tew,1
big,g01,8,14,2,6,heta-ho-ek,1
big,g01,8,14,2,8,heta-net-sa,1
big,g01,8,16,3,2,tingi-taf-ho,1
big,g01,8,16,3,4,hoink-taf,0
big,g01,8,16,3,6,tingi-fa-fa,1
big,g01,8,16,3,8,tingi-wet-ho,1
big,g01,8,17,3,1,tingi-taf-na,1
big,g01,8,17,3,3,hoink-as-wet,1
big,g01,8,17,3,5,tingi-af-fa,1
big,g01,8,17,3,7,tingi-as-wet,1
big,g01,8,19,3,2,tingi-kaf-ho,1
big,g01,8,19,3,4,hoink-se-hi,0
big,g01,8,19,3,6,pingi-ho-fa,1
big,g01,8,19,3,8,tingie-sa-kaf,0
big,g01,8,20,3,1,tingi-kaf-na,1
big,g01,8,20,3,3,hoink-as-tew,0
big,g01,8,20,3,5,tingi-oh-af,0
big,g01,8,20,3,7,tingi-as-net,1
big,g01,8,21,3,1,tingi-taf,1
big,g01,8,21,3,3,hoink-wet,0
big,g01,8,21,3,5,tingi-fa,0
big,g01,8,21,3,7,tingi-wet,1
big,g01,8,22,4,2,hoink-taf-ho,1
big,g01,8,22,4,4,fkamp-hi-taf,1
big,g01,8,22,4,6,hoink-fa-fa,1
big,g01,8,22,4,8,fkamp-ho-taf,1
big,g01,8,23,4,2,hoink-taf,1
big,g01,8,23,4,4,hoike-tafoo,0
big,g01,8,23,4,6,fkamp-oh,0
big,g01,8,23,4,8,fkamp-tuf,1
big,g01,8,24,4,1,hoink-kaf,1
big,g01,8,24,4,3,fkamp-tew,1
big,g01,8,24,4,5,hoink-fa,0
big,g01,8,24,4,7,fkamp-tew,1
big,g01,8,25,4,2,hoink-taf-na,1
big,g01,8,25,4,4,fkamp-as-tafoo,0
big,g01,8,25,4,6,hoink-oh-fa,0
big,g01,8,25,4,8,fkamp-taf-po,0
big,g01,8,27,4,2,hoink-kaf-ho,1
big,g01,8,27,4,4,fkamp-hi,1
big,g01,8,27,4,6,hoink-ho-fa,1
big,g01,8,27,4,8,fkamp-sa-tew,1
big,g01,8,28,4,2,hoink-kaf-na,1
big,g01,8,28,4,4,hoike-se-wet,0
big,g01,8,28,4,6,fkamp-ho-ke,1
big,g01,8,28,4,8,swoenk-as-wet,0
big,g01,9,1,1,1,gunte-kaf-po,1
big,g01,9,1,1,3,wtup-as-tew,1
big,g01,9,1,1,5,wtup-ke-as,1
big,g01,9,1,1,7,gunte-as-ket,1
big,g01,9,2,1,1,gunte-po,1
big,g01,9,2,1,3,wtup-as,1
big,g01,9,2,1,5,wtup-as,1
big,g01,9,2,1,7,gunte-as,1
big,g01,9,3,1,1,gunte-ho,1
big,g01,9,3,1,3,wtup-sa,1
big,g01,9,3,1,5,wtup-sa,1
big,g01,9,3,1,7,gunte-sa,1
big,g01,9,4,1,2,gunte-as-wet,1
big,g01,9,4,1,4,wtup-ek-p,1
big,g01,9,4,1,6,wtug-as-wet,1
big,g01,9,4,1,8,swoenk-taf-po,0
big,g01,9,5,1,2,gunte-sa-wet,1
big,g01,9,5,1,4,wtup-ek-sa,1
big,g01,9,5,1,6,wtug-sa-wet,1
big,g01,9,5,1,8,swoenk-taf-ho,0
big,g01,9,6,1,1,gunte-taf-po,1
big,g01,9,6,1,3,wtup-as-wet,0
big,g01,9,6,1,5,wtup-ek-as,0
big,g01,9,6,1,7,gune-as-wet,0
big,g01,9,7,1,2,gunte-sa-ket,1
big,g01,9,7,1,4,wtup-ke-sa,1
big,g01,9,7,1,6,wtup-sa-tew,1
big,g01,9,7,1,8,gunte-kafpo,0
big,g01,9,9,2,1,heta-po,1
big,g01,9,9,2,3,heta-as,1
big,g01,9,9,2,5,koh-heta-as,1
big,g01,9,9,2,7,heta-as,1
big,g01,9,10,2,2,heta-sa-ket,1
big,g01,9,10,2,4,heta-ke-sa,1
big,g01,9,10,2,6,heta-sa-tew,1
big,g01,9,10,2,8,heta-kaf-ho,1
big,g01,9,11,2,1,heta-taf-po,1
big,g01,9,11,2,3,heta-as-wet,1
big,g01,9,11,2,5,heta-ek-as,1
big,g01,9,11,2,7,heta-as-wet,1
big,g01,9,12,2,1,heta-taf-ho,1
big,g01,9,12,2,3,heta-sa-wet,1
big,g01,9,12,2,5,heta-ek-sa,1
big,g01,9,12,2,7,heta-sa-wet,1
big,g01,9,14,2,2,heta-sa-ket,1
big,g01,9,14,2,4,heta-ke-sa,0
big,g01,9,14,2,6,heta-saa-tew,1
big,g01,9,14,2,8,heta-ho-kaf,1
big,g01,9,16,3,1,tingi-taf-ho,1
big,g01,9,16,3,3,hoink-sa-wet,0
big,g01,9,16,3,5,tingi-ek-sa,1
big,g01,9,16,3,7,tingi-sa-wet,1
big,g01,9,17,3,1,tingi-taf-po,1
big,g01,9,17,3,3,hoink-as-wet,1
big,g01,9,17,3,5,tingi-ek-as,1
big,g01,9,17,3,7,tingi-as-wet,1
big,g01,9,19,3,2,tingi-sa-ket,1
big,g01,9,19,3,4,tingi-ke-sa,1
big,g01,9,19,3,6,hoink-sa-tew,1
big,g01,9,19,3,8,tingie-hokaf,1
big,g01,9,20,3,1,tingi-kaf-po,1
big,g01,9,20,3,3,hoink-as-tew,1
big,g01,9,20,3,5,tingi-ke-as,1
big,g01,9,20,3,7,tingi-as-ket,1
big,g01,9,21,3,2,tingi-wet,1
big,g01,9,21,3,4,tingi-ek,1
big,g01,9,21,3,6,hoink-wet,1
big,g01,9,21,3,8,tingie-taf,0
big,g01,9,22,4,1,hoink-taf-ho,1
big,g01,9,22,4,3,fkamp-sa-wet,0
big,g01,9,22,4,5,hoink-ek-sa,1
big,g01,9,22,4,7,fkamp-sa-wet,1
big,g01,9,23,4,2,hoink-wet,1
big,g01,9,23,4,4,hoink-ek,1
big,g01,9,23,4,6,fkamp-wet,1
big,g01,9,23,4,8,hoink-taf,1
big,g01,9,24,4,1,hoink-kaf,1
big,g01,9,24,4,3,fkamp-tew,1
big,g01,9,24,4,5,hoink-ke,0
big,g01,9,24,4,7,fkamp-tew,1
big,g01,9,25,4,2,hoink-as-wet,1
big,g01,9,25,4,4,hoink-ek-as,1
big,g01,9,25,4,6,fkamp-as-wet,1
big,g01,9,25,4,8,hoink-po-taf,1
big,g01,9,27,4,2,hoink-sa-ket,1
big,g01,9,27,4,4,hoinke-sa-hi,0
big,g01,9,27,4,6,fkamp-saa-tew,1
big,g01,9,27,4,8,hoink-ho-kaf,1
big,g01,9,28,4,2,fkamp-kaf-po,0
big,g01,9,28,4,4,hoink-ke-as,1
big,g01,9,28,4,6,fkamp-tewaa,0
big,g01,9,28,4,8,hoink-kafpo,1
big,g01,10,1,1,2,gunte-ket-oh,1
big,g01,10,1,1,4,wtup-ke-p,1
big,g01,10,1,1,6,wtug-as-tew,1
big,g01,10,1,1,8,swoenk-tew-po,1
big,g01,10,2,1,2,gunte-oh,1
big,g01,10,2,1,4,wtup-na,1
big,g01,10,2,1,6,wtug-as,1
big,g01,10,2,1,8,swoenk-po,0
big,g01,10,3,1,1,gunte-sa,0
big,g01,10,3,1,3,wtup-sa,1
big,g01,10,3,1,5,gunte-ho,1
big,g01,10,3,1,7,wtup-sa,1
big,g01,10,4,1,1,wtup-ti-na,1
big,g01,10,4,1,3,wtup-as-wet,1
big,g01,10,4,1,5,gunte-tek-oh,1
big,g01,10,4,1,7,wtup-as-wet,0
big,g01,10,5,1,2,gunte-tek-ho,1
big,g01,10,5,1,4,wtup-ti-tafie,0
big,g01,10,5,1,6,wtug-saa-wet,1
big,g01,10,5,1,8,swiep-taf-ho,0
big,g01,10,6,1,2,gunte-tek-oh,1
big,g01,10,6,1,4,wtup-na-ti,1
big,g01,10,6,1,6,wtug-aas-wet,0
big,g01,10,6,1,8,swoenk-po-taf,0
big,g01,10,7,1,2,gunte-ket-ho,1
big,g01,10,7,1,4,wtup-ke-sa,0
big,g01,10,7,1,6,wtug-sa-tew,1
big,g01,10,7,1,8,swoenk-kaf-ho,0
big,g01,10,9,2,2,heta-oh,1
big,g01,10,9,2,4,heta-na,1
big,g01,10,9,2,6,heta-as,1
big,g01,10,9,2,8,swoop-as,1
big,g01,10,10,2,1,tingi-ke-sa,1
big,g01,10,10,2,3,swoop-sa-tew,0
big,g01,10,10,2,5,heta-ket-ho,1
big,g01,10,10,2,7,heta-sa-tew,1
big,g01,10,11,2,2,heta-tek-oh,0
big,g01,10,11,2,4,heta-ti-na-tafoo,1
big,g01,10,11,2,6,heta-as-wet,1
big,g01,10,11,2,8,swoop-taf-po,1
big,g01,10,12,2,2,heta-tek-ho,1
big,g01,10,12,2,4,gunte-ti-sa-taf,0
big,g01,10,12,2,6,heta-sa-wet,1
big,g01,10,12,2,8,swoop-taf-ho,1
big,g01,10,14,2,2,heta-ket-ho,0
big,g01,10,14,2,4,heta-hi-ke,1
big,g01,10,14,2,6,pingi-saaa-tew,1
big,g01,10,14,2,8,swoop-sa-tew,0
big,g01,10,16,3,2,tingi-tek-ho,1
big,g01,10,16,3,4,takopi-ti-sa,1
big,g01,10,16,3,6,tingi-sa-wet,1
big,g01,10,16,3,8,tingie-sa-wet,1
big,g01,10,17,3,2,tingi-tek-oh,1
big,g01,10,17,3,4,takopi-na-ti-taf,1
big,g01,10,17,3,6,tingi-aas-wet,1
big,g01,10,17,3,8,tingie-po-taf,1
big,g01,10,19,3,1,tigngi-ke-sa,0
big,g01,10,19,3,3,hoink-sa-tew,0
big,g01,10,19,3,5,tingi-ket-ho,1
big,g01,10,19,3,7,tingi-sa-tew,1
big,g01,10,20,3,1,tingi-ke-na,1
big,g01,10,20,3,3,hoink-as-tew,0
big,g01,10,20,3,5,tingi-ket-oh,1
big,g01,10,20,3,7,tingi-as-tew,1
big,g01,10,21,3,1,tingi-ti,1
big,g01,10,21,3,3,hoink-wet,0
big,g01,10,21,3,5,tingi-tek,1
big,g01,10,21,3,7,tingi-wet,1
big,g01,10,22,4,1,hoink-ti-sa,1
big,g01,10,22,4,3,fkamp-sa-wet,1
big,g01,10,22,4,5,hoink-tek-ho,1
big,g01,10,22,4,7,fkamp-sa-wet,1
big,g01,10,23,4,1,hoink-ti,1
big,g01,10,23,4,3,fkamp-wet,1
big,g01,10,23,4,5,hoink-tek,1
big,g01,10,23,4,7,fkamp-wet,1
big,g01,10,24,4,1,hoink-ke,1
big,g01,10,24,4,3,fkamp-tew,0
big,g01,10,24,4,5,hoink-ket,1
big,g01,10,24,4,7,fkamp-tew,1
big,g01,10,25,4,2,hoink-tek-oh,1
big,g01,10,25,4,4,hoink-na-ti-taf,1
big,g01,10,25,4,6,fkamp-aas-wet,1
big,g01,10,25,4,8,fkamp-po-taf,1
big,g01,10,27,4,1,hoink-ke-sa,1
big,g01,10,27,4,3,fkamp-sa-tew,1
big,g01,10,27,4,5,hoink-ket-ho,1
big,g01,10,27,4,7,fkamp-sa-tew,1
big,g01,10,28,4,1,hoink-ke-na,1
big,g01,10,28,4,3,fkamp-as-tew,1
big,g01,10,28,4,5,hoink-ket-oh,1
big,g01,10,28,4,7,fkamp-as-tew,1
big,g01,11,1,1,2,gunte-ke-as,0
big,g01,11,1,1,3,wtup-ek-oh,1
big,g01,11,1,1,5,wtup-as-tew,1
big,g01,11,1,1,6,wtug-tew-op,1
big,g01,11,2,1,1,gunte-wet,0
big,g01,11,2,1,4,wtup-as,1
big,g01,11,2,1,7,wtup-aas,1
big,g01,11,2,1,8,tump-po,1
big,g01,11,3,1,2,gunte-sa,0
big,g01,11,3,1,3,wtup-ho,1
big,g01,11,3,1,5,wtup-sa,1
big,g01,11,3,1,6,wtug-oh,1
big,g01,11,4,1,2,gunte-ek-as,0
big,g01,11,4,1,3,wtup-ke-oh,1
big,g01,11,4,1,5,wtup-as-wet,1
big,g01,11,4,1,6,wtug-wet-op,1
big,g01,11,5,1,2,gunte-ek-sa,1
big,g01,11,5,1,3,wtup-ke-ho,1
big,g01,11,5,1,5,wtup-sa-wet,1
big,g01,11,5,1,6,wtug-wet-oh,1
big,g01,11,6,1,1,gunte-ke-oh,1
big,g01,11,6,1,4,wtup-as-ti,1
big,g01,11,6,1,7,wtup-as-wet,1
big,g01,11,6,1,8,tump-op-wet,1
big,g01,11,7,1,1,gunte-ek-ho,1
big,g01,11,7,1,4,wtup-ek-sa,1
big,g01,11,7,1,7,wtup-saa-tew,1
big,g01,11,7,1,8,tump-tewho,1
big,g01,11,9,2,1,heta-na,1
big,g01,11,9,2,4,heta,1
big,g01,11,9,2,7,heta-as,1
big,g01,11,9,2,8,heta-po,1
big,g01,11,10,2,2,heta-ek-sa,1
big,g01,11,10,2,3,heta-ek-ho,1
big,g01,11,10,2,5,heta-sa-tew,1
big,g01,11,10,2,6,heta-tew-ho,1
big,g01,11,11,2,2,heta-tek-ow,0
big,g01,11,11,2,3,heta-as-wet,1
big,g01,11,11,2,5,heta-as-ke,1
big,g01,11,11,2,6,heta-op-wet,0
big,g01,11,12,2,2,heta-ek-sa,1
big,g01,11,12,2,3,heta-ke-ho,1
big,g01,11,12,2,5,heta-sa-wet,1
big,g01,11,12,2,6,heta-wet-ho,1
big,g01,11,14,2,2,heta-ke-sa,1
big,g01,11,14,2,3,heta-ek-ho,1
big,g01,11,14,2,5,heta-sa-tew,1
big,g01,11,14,2,6,heta-oh-tew,1
big,g01,11,16,3,1,tingi-ke-ho,1
big,g01,11,16,3,4,tingi-ek-sa,1
big,g01,11,16,3,7,tingi-sa-wet,1
big,g01,11,16,3,8,tingie-wetoh,0
big,g01,11,17,3,1,tingi-ke-oh,0
big,g01,11,17,3,4,tingi-ek-as,1
big,g01,11,17,3,7,tingi-as-wet,1
big,g01,11,17,3,8,tingie-wetop,1
big,g01,11,19,3,1,tingi-ke-ho,0
big,g01,11,19,3,4,tingi-ek-sa,1
big,g01,11,19,3,7,tingi-sa-tew,0
big,g01,11,19,3,8,tingie-ho-tew,0
big,g01,11,20,3,2,tingi-ke-as,1
big,g01,11,20,3,3,hoink-ek-oh,1
big,g01,11,20,3,5,tingi-as-tew,1
big,g01,11,20,3,6,tingi-op-tew,1
big,g01,11,21,3,2,tingi-ek,1
big,g01,11,21,3,3,hoink-ke,0
big,g01,11,21,3,5,tingi-wet,1
big,g01,11,21,3,6,tingi-wet,1
big,g01,11,22,4,1,fkamp-ke-ho,1
big,g01,11,22,4,4,hoink-ek-sa-hi,1
big,g01,11,22,4,7,fkamp-sa-wet,1
big,g01,11,22,4,8,fkamp-oh-wet,1
big,g01,11,23,4,1,fkamp-ke,1
big,g01,11,23,4,4,hoinke-ek,1
big,g01,11,23,4,7,fkamp-wet,1
big,g01,11,23,4,8,fkamp-wet,1
big,g01,11,24,4,1,fkamp-ek,1
big,g01,11,24,4,4,hoinke-ke,1
big,g01,11,24,4,7,fkamp-tew,1
big,g01,11,24,4,8,fkamp-tew,1
big,g01,11,25,4,1,hoink-ke-oh,0
big,g01,11,25,4,4,hoink-ek-as,1
big,g01,11,25,4,7,fkamp-as-wet,0
big,g01,11,25,4,8,fkamp-op-wet,1
big,g01,11,27,4,2,hoink-ek-sa,1
big,g01,11,27,4,3,fkamp-ek-ho,1
big,g01,11,27,4,5,hoink-sa-tew,1
big,g01,11,27,4,6,tkamp-ho-tew,1
big,g01,11,28,4,1,hoink-ek-oh,1
big,g01,11,28,4,4,hoink-ke-as,1
big,g01,11,28,4,7,fkamp-as-tew,1
big,g01,11,28,4,8,fkamp-tewop,1
big,g01,12,1,1,3,wtup-as-tew,1
big,g01,12,1,1,5,wtup-tew-na,1
big,g01,12,1,1,6,gunte-tew-oh,1
big,g01,12,1,1,8,tump-tew-po,1
big,g01,12,2,1,1,wtup-na,1
big,g01,12,2,1,2,wtug-oh,1
big,g01,12,2,1,4,tump-as,1
big,g01,12,2,1,7,wtup-aas,1
big,g01,12,3,1,1,wtup-an,1
big,g01,12,3,1,2,gunte-po,1
big,g01,12,3,1,4,tump-sa,1
big,g01,12,3,1,7,wtup-sa,1
big,g01,12,4,1,3,wtup-as-wet,0
big,g01,12,4,1,5,wtup-wet-na,1
big,g01,12,4,1,6,wtug-wet-oh,1
big,g01,12,4,1,8,tump-wet-p,1
big,g01,12,5,1,3,wtup-sa-wet,1
big,g01,12,5,1,5,wtup-wet-an,1
big,g01,12,5,1,6,gunte-tew-ho,1
big,g01,12,5,1,8,tump-wet-ho,1
big,g01,12,6,1,3,wtup-as-wet,1
big,g01,12,6,1,5,wtup-wet-na,1
big,g01,12,6,1,6,gunte-oh-tew,1
big,g01,12,6,1,8,tump-po-wet,0
big,g01,12,7,1,1,wtup-tew-an,1
big,g01,12,7,1,2,gunte-wet-ho,0
big,g01,12,7,1,4,tump-tew-sa,1
big,g01,12,7,1,7,wtup-saa-tew,1
big,g01,12,9,2,1,heta-na,1
big,g01,12,9,2,2,heta-oh,1
big,g01,12,9,2,4,heta-as,1
big,g01,12,9,2,7,heta-as,1
big,g01,12,10,2,1,heta-tew-an,1
big,g01,12,10,2,2,heta-wet-ho,1
big,g01,12,10,2,4,heta-tew-hi,1
big,g01,12,10,2,7,heta-sa-tew,1
big,g01,12,11,2,1,heta-wet-na,1
big,g01,12,11,2,2,heta-wet-oh,1
big,g01,12,11,2,4,heta-wet-p,1
big,g01,12,11,2,7,heta-as-wet,1
big,g01,12,12,2,3,swoop-sa-wet,1
big,g01,12,12,2,5,heta-wet-an,1
big,g01,12,12,2,6,heta-wet-po,1
big,g01,12,12,2,8,heta-wet-ho,1
big,g01,12,14,2,1,heta-tew-an,1
big,g01,12,14,2,2,heta-wet-ho,0
big,g01,12,14,2,4,heta-sa-po,0
big,g01,12,14,2,7,heta-sa-tew,1
big,g01,12,16,3,1,tingi-wet-an,1
big,g01,12,16,3,2,tingi-tew-ho,1
big,g01,12,16,3,4,tingi-wet-ho,1
big,g01,12,16,3,7,tingi-sa-wet,1
big,g01,12,17,3,3,tingi-as-wet,1
big,g01,12,17,3,5,tingi-wet-na,1
big,g01,12,17,3,6,tingi-tew-oh,1
big,g01,12,17,3,8,tingie-wet-po,1
big,g01,12,19,3,1,tingi-tew-an,1
big,g01,12,19,3,2,tingi-tew-ho,1
big,g01,12,19,3,4,tingi-sa-tew,1
big,g01,12,19,3,7,tingi-sa-tew,1
big,g01,12,20,3,3,tingi-saa-tew,0
big,g01,12,20,3,5,tingi-tew-na,1
big,g01,12,20,3,6,tingi-oh-wet,1
big,g01,12,20,3,8,tingie-po-tew,1
big,g01,12,21,3,1,tingi-wet,1
big,g01,12,21,3,2,tingi-tew,1
big,g01,12,21,3,4,tingi-wet,1
big,g01,12,21,3,7,tingi-weet,1
big,g01,12,22,4,3,fkamp-sa-wet,1
big,g01,12,22,4,5,fkamp-wet-an,1
big,g01,12,22,4,6,fkamp-ho-wet,1
big,g01,12,22,4,8,fkamp-ho-wet,1
big,g01,12,23,4,3,fkamp-wet,1
big,g01,12,23,4,5,fkamp-wet,1
big,g01,12,23,4,6,fkamp-wet,1
big,g01,12,23,4,8,fkamp-wet,1
big,g01,12,24,4,1,fkamp-tew,1
big,g01,12,24,4,2,fkamp-wet,1
big,g01,12,24,4,4,fkamp-tew,1
big,g01,12,24,4,7,fkamp-tew,1
big,g01,12,25,4,3,fkamp-as-wet,1
big,g01,12,25,4,5,fkamp-wet-na,1
big,g01,12,25,4,6,fkamp-wet-ohh,0
big,g01,12,25,4,8,fkamp-po-wet,1
big,g01,12,27,4,3,fkamp-saaa-tew,1
big,g01,12,27,4,5,fkamp-tew-an,1
big,g01,12,27,4,6,fkamp-wet-hoo,1
big,g01,12,27,4,8,fkamp-ho-tew,1
big,g01,12,28,4,3,fkamp-as-tew,1
big,g01,12,28,4,5,fkamp-tew-na,1
big,g01,12,28,4,6,fkamp-wet-oh,1
big,g01,12,28,4,8,fkamp-po-tew,1
big,g01,13,1,1,3,wtup-as-ke,1
big,g01,13,1,1,6,wtup-tew-h-oh,1
big,g01,13,1,1,7,wtup-as-tew,1
big,g01,13,1,1,8,tump-tew-po,1
big,g01,13,2,1,1,wtup-oh,1
big,g01,13,2,1,2,wtup-as,1
big,g01,13,2,1,4,wtup-as,1
big,g01,13,2,1,5,tump-po,1
big,g01,13,3,1,3,wtup-sa,1
big,g01,13,3,1,6,wtug-ho,1
big,g01,13,3,1,7,wtup-sa,0
big,g01,13,3,1,8,tump-op,1
big,g01,13,4,1,3,wtup-as-ek,0
big,g01,13,4,1,6,wtug-wet-oh,1
big,g01,13,4,1,7,wtup-aas-wet,1
big,g01,13,4,1,8,tump-wet-po,1
big,g01,13,5,1,1,wtup-wet-ho,1
big,g01,13,5,1,2,wtup-sa-ek,1
big,g01,13,5,1,4,wtup-wet-ho,1
big,g01,13,5,1,5,tump-wet-op,1
big,g01,13,6,1,1,wtup-wet-oh,1
big,g01,13,6,1,2,wtup-as-ek,1
big,g01,13,6,1,4,wtup-as-weet,0
big,g01,13,6,1,5,tump-wet-po,1
big,g01,13,7,1,3,wtup-sa-ke,1
big,g01,13,7,1,6,wtug-tew-ho,1
big,g01,13,7,1,7,wtup-saa-tew,1
big,g01,13,7,1,8,tump-tewop,1
big,g01,13,9,2,3,heta-as,1
big,g01,13,9,2,6,heta-oh,1
big,g01,13,9,2,7,heta-as,1
big,g01,13,9,2,8,heta-po,1
big,g01,13,10,2,3,tingi-sa-ke,0
big,g01,13,10,2,6,heta-tew-ho,1
big,g01,13,10,2,7,heta-sa-tew,1
big,g01,13,10,2,8,heta-tew-op,1
big,g01,13,11,2,1,heta-wet-oh,1
big,g01,13,11,2,2,heta-as-ek,1
big,g01,13,11,2,4,heta-aas-wet,1
big,g01,13,11,2,5,heta-wet-po,1
big,g01,13,12,2,1,heta-wet-ho,1
big,g01,13,12,2,2,heta-sa-ek,0
big,g01,13,12,2,4,heta-wet-ho,1
big,g01,13,12,2,5,heta-wet-op,1
big,g01,13,14,2,1,heta-tew-ho,1
big,g01,13,14,2,2,tingi-ke-sa,0
big,g01,13,14,2,4,heta-hi,0
big,g01,13,14,2,5,heta-tew-as,1
big,g01,13,16,3,1,tingi-wet-ho,1
big,g01,13,16,3,2,tingi-sa-ek,1
big,g01,13,16,3,4,tingi-sa-wet,1
big,g01,13,16,3,5,tingi-wet-op,1
big,g01,13,17,3,1,tingi-wet-oh,1
big,g01,13,17,3,2,tingi-as-ek,1
big,g01,13,17,3,4,tingi-wet-as,1
big,g01,13,17,3,5,tingi-wet-po,1
big,g01,13,19,3,1,tingi-tew-ho,1
big,g01,13,19,3,2,tingi-sa-ke,1
big,g01,13,19,3,4,tingi-sa-tew,1
big,g01,13,19,3,5,tingi-tew-op,1
big,g01,13,20,3,3,tingi-as-ke,1
big,g01,13,20,3,6,tingi-oh-tew,1
big,g01,13,20,3,7,tingi-as-tew,1
big,g01,13,20,3,8,tingie-po-tew,1
big,g01,13,21,3,1,tingi-wet,1
big,g01,13,21,3,2,tingi-ek,1
big,g01,13,21,3,4,tingi-wet,1
big,g01,13,21,3,5,tingi-wet,1
big,g01,13,22,4,1,fkamp-wet-ho,1
big,g01,13,22,4,2,fkamp-sa-ek,1
big,g01,13,22,4,4,fkamp-saa-wet,1
big,g01,13,22,4,5,fkamp-op-wet,1
big,g01,13,23,4,3,fkamp-ek,1
big,g01,13,23,4,6,fkamp-wet,1
big,g01,13,23,4,7,fkamp-wet,1
big,g01,13,23,4,8,fkamp-wet,1
big,g01,13,24,4,3,fkamp-ke,1
big,g01,13,24,4,6,fkamp-tew,1
big,g01,13,24,4,7,fkamp-tew,1
big,g01,13,24,4,8,fkamp-tew,1
big,g01,13,25,4,3,fkamp-as-ek,1
big,g01,13,25,4,6,fkamp-wet-oh,1
big,g01,13,25,4,7,fkamp-as-wet,1
big,g01,13,25,4,8,fkamp-po-wet,1
big,g01,13,27,4,1,fkamp-tew-ho,1
big,g01,13,27,4,2,hoink-sa-ke,0
big,g01,13,27,4,4,hoinke-hi,0
big,g01,13,27,4,5,fkamp-tew-op,1
big,g01,13,28,4,3,fkamp-as-ke,1
big,g01,13,28,4,6,fkamp-tew-oh,1
big,g01,13,28,4,7,fkamp-as-tew,1
big,g01,13,28,4,8,fkamp-po-tew,1
big,g01,14,1,1,1,wtup-as-tew,1
big,g01,14,1,1,4,wtug-teew-oh,1
big,g01,14,1,1,5,wtup-kee-oh,1
big,g01,14,1,1,8,tump-ke-oh,1
big,g01,14,2,1,1,wtup-as,1
big,g01,14,2,1,4,wtug-oh,1
big,g01,14,2,1,5,wtup-oh,1
big,g01,14,2,1,8,gunte-oh,1
big,g01,14,3,1,2,gunte-ho,1
big,g01,14,3,1,3,wtup-ho,1
big,g01,14,3,1,6,fkamp-hoo,0
big,g01,14,3,1,7,wtup-sa,1
big,g01,14,4,1,2,gunte-ek-oh,1
big,g01,14,4,1,3,wtup-ek-oh,1
big,g01,14,4,1,6,wtug-weet-oh,0
big,g01,14,4,1,7,wtup-aas-wet,1
big,g01,14,5,1,1,wtup-sa-wet,1
big,g01,14,5,1,4,wtup-weet-sa,1
big,g01,14,5,1,5,wtup-ek-ho,1
big,g01,14,5,1,8,tump-taf-ho,1
big,g01,14,6,1,2,gunte-ek-oh,1
big,g01,14,6,1,3,wtup-ek-oh,1
big,g01,14,6,1,6,wtug-weet-saaa,1
big,g01,14,6,1,7,wtup-as-wet,0
big,g01,14,7,1,2,gunte-ke-ho,1
big,g01,14,7,1,3,wtup-ke-ho,1
big,g01,14,7,1,6,wtug-tew-hoo,1
big,g01,14,7,1,7,wtup-saa-tew,1
big,g01,14,9,2,2,heta-oh,1
big,g01,14,9,2,3,heta-oh,1
big,g01,14,9,2,6,heta-sa,1
big,g01,14,9,2,7,heta-as,1
big,g01,14,10,2,1,heta-sa-tew,1
big,g01,14,10,2,4,heta-teew-ho,1
big,g01,14,10,2,5,heta-ke-ho,1
big,g01,14,10,2,8,heta-ke-ho,1
big,g01,14,11,2,1,heta-as-wet,1
big,g01,14,11,2,4,heta-weet-oh,1
big,g01,14,11,2,5,heta-eek-oh,1
big,g01,14,11,2,8,heta-ek-oh,1
big,g01,14,12,2,1,heta-sa-wet,1
big,g01,14,12,2,4,heta-weet-ho,1
big,g01,14,12,2,5,heta-eek-ho,1
big,g01,14,12,2,8,heta-ek-ho,1
big,g01,14,14,2,2,heta-ke-ho,1
big,g01,14,14,2,3,heta-ke-hoo,0
big,g01,14,14,2,6,heta-teew-hooo,1
big,g01,14,14,2,7,heta-saa-tew,1
big,g01,14,16,3,2,tingi-ek-ho,1
big,g01,14,16,3,3,tingi-ek-ho,1
big,g01,14,16,3,6,tingi-weet-ho,1
big,g01,14,16,3,7,tingi-sa-wet,1
big,g01,14,17,3,2,tingi-ek-oh,1
big,g01,14,17,3,3,hoink-ek-oh,1
big,g01,14,17,3,6,tingi-weet-sa,1
big,g01,14,17,3,7,tingi-aas-wet,1
big,g01,14,19,3,2,tingi-ke-ho,1
big,g01,14,19,3,3,tingi-ke-ho,1
big,g01,14,19,3,6,tingi-tew-ho,1
big,g01,14,19,3,7,tingi-sa-tew,1
big,g01,14,20,3,2,tingi-ke-oh,1
big,g01,14,20,3,3,tingi-kee-oh,1
big,g01,14,20,3,6,tingi-tew-ohh,1
big,g01,14,20,3,7,tingi-as-tew,1
big,g01,14,21,3,1,tingi-wet,1
big,g01,14,21,3,4,tingi-wet,1
big,g01,14,21,3,5,tingi-ek,1
big,g01,14,21,3,8,tingie-ek,1
big,g01,14,22,4,2,hoink-ek-ho,1
big,g01,14,22,4,3,fkamp-ek-hoo,1
big,g01,14,22,4,6,fkamp-weet-ho,1
big,g01,14,22,4,7,fkamp-sa-wet,1
big,g01,14,23,4,1,fkamp-wet,1
big,g01,14,23,4,4,hoike-wet,1
big,g01,14,23,4,5,fkamp-ek,1
big,g01,14,23,4,8,hoink-ek,1
big,g01,14,24,4,1,fkamp-tew,1
big,g01,14,24,4,4,fkamp-tew,0
big,g01,14,24,4,5,fkamp-ke,1
big,g01,14,24,4,8,hoink-ke,1
big,g01,14,25,4,2,hoink-as-ek,0
big,g01,14,25,4,3,fkamp-ek-oh,1
big,g01,14,25,4,6,fkamp-wet-oh,1
big,g01,14,25,4,7,fkamp-as-wet,1
big,g01,14,27,4,1,fkamp-tew-saa,1
big,g01,14,27,4,4,fkamp-hoo-tew,1
big,g01,14,27,4,5,fkamp-ke-hoo,1
big,g01,14,27,4,8,hoink-ho-ke,1
big,g01,14,28,4,1,fkamp-as-tew,1
big,g01,14,28,4,4,fkamp-tew-oh,1
big,g01,14,28,4,5,fkamp-ke-oh,1
big,g01,14,28,4,8,hoink-oh-ke,1
big,g02,3,1,1,1,nofki,0
big,g02,4,1,1,1,nopski-sop,0
big,g02,5,1,1,1,poski-snop,1
big,g02,6,1,1,1,popito-hom,1
big,g02,8,1,1,1,pomki-he,0
big,g02,9,1,1,1,nefki-sw,0
big,g02,10,1,1,1,nefki-go,0
big,g02,12,1,1,1,pomski-sopka,1
big,g02,13,1,1,1,pupito-sokka,1
big,g02,3,1,1,2,popki-se,0
big,g02,5,1,1,2,popki-se,0
big,g02,6,1,1,2,popki-ga,1
big,g02,7,1,1,2,popki-gi,1
big,g02,11,1,1,2,popski-sopka,0
big,g02,12,1,1,2,popito-ko,0
big,g02,13,1,1,2,nopski-ko,0
big,g02,14,1,1,2,popito-ko,1
big,g02,3,1,1,3,sukipo,0
big,g02,7,1,1,3,nopski-ga,0
big,g02,8,1,1,3,sukipo,0
big,g02,9,1,1,3,nopski-to,0
big,g02,10,1,1,3,sopski-te,0
big,g02,11,1,1,3,nopski-gi,1
big,g02,14,1,1,3,nopski-pop,1
big,g02,3,1,1,4,puto,0
big,g02,4,1,1,4,popsipop,1
big,g02,5,1,1,4,nefki,0
big,g02,6,1,1,4,nefki-ko,1
big,g02,12,1,1,4,pomski,0
big,g02,13,1,1,4,nefki-go,0
big,g02,3,1,1,5,popki-sa,1
big,g02,6,1,1,5,pomski-wo,0
big,g02,8,1,1,5,pomski-geeee,0
big,g02,9,1,1,5,pomski-ki,0
big,g02,10,1,1,5,pomski-sopka,1
big,g02,11,1,1,5,pomski-ka,1
big,g02,13,1,1,5,popki-naa,0
big,g02,3,1,1,6,popitp,1
big,g02,7,1,1,6,popito-po,0
big,g02,11,1,1,6,popito,0
big,g02,14,1,1,6,pupito-sokka,0
big,g02,3,1,1,7,pupito-to,0
big,g02,4,1,1,7,pomki-ki,1
big,g02,5,1,1,7,pomki-ga,0
big,g02,7,1,1,7,pomki-ga,0
big,g02,8,1,1,7,soposki,0
big,g02,9,1,1,7,pomki-ga,0
big,g02,10,1,1,7,pomki-to,0
big,g02,12,1,1,7,nopski-to,1
big,g02,14,1,1,7,pomki-sa,1
big,g02,3,1,1,8,popkisopu,1
big,g02,4,1,1,8,popito-po,1
big,g02,1,2,1,1,sukipo,1
big,g02,2,2,1,1,pofki-sop,1
big,g02,3,2,1,1,ptopski,0
big,g02,8,2,1,1,puto-ga,0
big,g02,12,2,1,1,pomski-sop,0
big,g02,1,2,1,2,sukipo,1
big,g02,1,2,1,2,supiko,0
big,g02,2,2,1,2,sukipo,0
big,g02,3,2,1,2,popki-he,0
big,g02,4,2,1,2,nefki,0
big,g02,7,2,1,2,popki-ge,1
big,g02,9,2,1,2,popki-ge,0
big,g02,10,2,1,2,pomski-goooo,1
big,g02,11,2,1,2,popki-goto,0
big,g02,12,2,1,2,popito-go,0
big,g02,14,2,1,2,popito-go,1
big,g02,1,2,1,3,sukipo,0
big,g02,2,2,1,3,sukipo,0
big,g02,3,2,1,3,sukipo,0
big,g02,4,2,1,3,nopski-sip,1
big,g02,5,2,1,3,nopski-sop,1
big,g02,6,2,1,3,noksi-sop,0
big,g02,7,2,1,3,sopski-ge,0
big,g02,8,2,1,3,nopski-go,0
big,g02,11,2,1,3,nopski-go,0
big,g02,13,2,1,3,nopski-go,0
big,g02,14,2,1,3,nopski-go,1
big,g02,1,2,1,4,pofki,0
big,g02,1,2,1,4,wikkow,0
big,g02,2,2,1,4,skupo,0
big,g02,3,2,1,4,pofki,1
big,g02,9,2,1,4,nefki-sop,1
big,g02,10,2,1,4,nefki-up,0
big,g02,12,2,1,4,pomski-goup,0
big,g02,1,2,1,5,honnom,1
big,g02,2,2,1,5,nefki,1
big,g02,3,2,1,5,popki-he,1
big,g02,4,2,1,5,pomki-ho,1
big,g02,5,2,1,5,pomki-ga,0
big,g02,8,2,1,5,popito-goooo,1
big,g02,11,2,1,5,pomski-goooo,0
big,g02,1,2,1,6,wiko,0
big,g02,1,2,1,6,popito,0
big,g02,2,2,1,6,popi-sop,0
big,g02,3,2,1,6,popito,0
big,g02,4,2,1,6,popito-po,0
big,g02,5,2,1,6,popito-po,1
big,g02,6,2,1,6,popito-po,0
big,g02,7,2,1,6,popito-to,0
big,g02,9,2,1,6,popito-so,0
big,g02,10,2,1,6,popito-po,1
big,g02,11,2,1,6,poito-so,0
big,g02,13,2,1,6,pupito-goo,0
big,g02,14,2,1,6,pupito-goo,1
big,g02,1,2,1,7,nefki,0
big,g02,2,2,1,7,popski,0
big,g02,3,2,1,7,popito-pi,0
big,g02,6,2,1,7,nefki-ga,0
big,g02,7,2,1,7,pomki-ki,1
big,g02,8,2,1,7,psoski-hi,0
big,g02,12,2,1,7,nopski-ki,1
big,g02,13,2,1,7,popski-go,0
big,g02,14,2,1,7,pomski-ki,1
big,g02,1,2,1,8,piku,0
big,g02,1,2,1,8,pofki,0
big,g02,2,2,1,8,pofki,0
big,g02,3,2,1,8,pofki-sop,1
big,g02,5,2,1,8,pofki-sppop,0
big,g02,6,2,1,8,popski-sop,0
big,g02,9,2,1,8,sopski-sop,0
big,g02,10,2,1,8,sopski-soppaaete,1
big,g02,13,2,1,8,popski-sop,0
big,g02,5,3,1,1,pomski-ta,1
big,g02,7,3,1,1,pomki-we,1
big,g02,11,3,1,1,nopski-ni,1
big,g02,5,3,1,2,popito-ne,1
big,g02,8,3,1,2,pomki-ne,0
big,g02,9,3,1,2,popki-ne,1
big,g02,10,3,1,2,popki-ne,1
big,g02,14,3,1,2,popito-so,0
big,g02,5,3,1,3,nomkski-gi,0
big,g02,6,3,1,3,pomski-ni,1
big,g02,12,3,1,3,nopski-ne,1
big,g02,13,3,1,3,nopski-te,0
big,g02,14,3,1,3,nopski-net,1
big,g02,5,3,1,4,nefki,0
big,g02,7,3,1,4,nefki-go,0
big,g02,8,3,1,4,skupo,0
big,g02,9,3,1,4,nefki,0
big,g02,10,3,1,4,nefki,0
big,g02,11,3,1,4,nefki,0
big,g02,5,3,1,5,pomki-iiiii,0
big,g02,7,3,1,5,nopski-ne,0
big,g02,12,3,1,5,pomski-wehh,1
big,g02,5,3,1,6,popito-sop,0
big,g02,6,3,1,6,popito-so,1
big,g02,8,3,1,6,pomski-kaaa,0
big,g02,9,3,1,6,popito-to,0
big,g02,10,3,1,6,popito-to,0
big,g02,12,3,1,6,popito-wi,1
big,g02,13,3,1,6,pupito-sa,1
big,g02,14,3,1,6,pupito-sa,1
big,g02,5,3,1,7,pomki-ga,0
big,g02,6,3,1,7,nefki-ga,0
big,g02,11,3,1,7,pomski-we,0
big,g02,13,3,1,7,nefki-ne,1
big,g02,14,3,1,7,pomski-ne,0
big,g02,5,3,1,8,popki-sop,0
big,g02,6,3,1,8,popki-sop,0
big,g02,7,3,1,8,popki-ne,0
big,g02,8,3,1,8,suposki-o,0
big,g02,9,3,1,8,sopski-sop,1
big,g02,10,3,1,8,sopski-spop,0
big,g02,11,3,1,8,popito,1
big,g02,12,3,1,8,posmsiki-sop,0
big,g02,13,3,1,8,popski-sop,0
big,g02,1,4,1,1,popi-sop,1
big,g02,2,4,1,1,nofki-sop,1
big,g02,3,4,1,1,puto,0
big,g02,5,4,1,1,pomski-ho,0
big,g02,6,4,1,1,pomski-ha,0
big,g02,7,4,1,1,pomki-sop,1
big,g02,9,4,1,1,sopski-n,0
big,g02,10,4,1,1,nefki-hi,1
big,g02,11,4,1,1,nopski-go,1
big,g02,13,4,1,1,pupita-sop,1
big,g02,1,4,1,2,popki-sop,0
big,g02,2,4,1,2,popki-sop,1
big,g02,3,4,1,2,popki-sop,0
big,g02,4,4,1,2,popki-sop,0
big,g02,4,4,1,2,popki-sop,0
big,g02,5,4,1,2,popito-sop,1
big,g02,6,4,1,2,popko-sop,1
big,g02,8,4,1,2,popki-sop,0
big,g02,13,4,1,2,nopski-sop,1
big,g02,14,4,1,2,popki-sop,1
big,g02,1,4,1,3,sukipop,1
big,g02,2,4,1,3,popi-sop,0
big,g02,3,4,1,3,popki-sop,1
big,g02,4,4,1,3,popki-sop,0
big,g02,4,4,1,3,sukipo,0
big,g02,9,4,1,3,popito-ga,0
big,g02,10,4,1,3,sopski-go,1
big,g02,12,4,1,3,nopski-to,0
big,g02,14,4,1,3,nopski-sop,1
big,g02,1,4,1,4,sukipo,0
big,g02,2,4,1,4,pofki,0
big,g02,3,4,1,4,popski,0
big,g02,5,4,1,4,pofki,1
big,g02,6,4,1,4,nefki,0
big,g02,7,4,1,4,nefki-no,0
big,g02,8,4,1,4,skupo,0
big,g02,11,4,1,4,nefki-goup,0
big,g02,13,4,1,4,nefki,1
big,g02,1,4,1,5,popi-sop,1
big,g02,2,4,1,5,popi-sop,0
big,g02,3,4,1,5,popki-he,0
big,g02,4,4,1,5,pomki-sop,0
big,g02,4,4,1,5,pomki-sop,1
big,g02,6,4,1,5,pomski-sop,1
big,g02,7,4,1,5,sopski-go,1
big,g02,9,4,1,5,nefki-sop,1
big,g02,10,4,1,5,popki-sop,1
big,g02,12,4,1,5,pomski-sop,1
big,g02,13,4,1,5,popki-hi,0
big,g02,1,4,1,6,popito,0
big,g02,2,4,1,6,honnom,0
big,g02,3,4,1,6,popito-po,0
big,g02,4,4,1,6,popito-po,1
big,g02,4,4,1,6,popito-po,1
big,g02,8,4,1,6,popito-po,0
big,g02,12,4,1,6,popito-go,1
big,g02,14,4,1,6,pupito-sop,0
big,g02,1,4,1,7,popi-sop,1
big,g02,2,4,1,7,popsi,1
big,g02,3,4,1,7,popito,1
big,g02,5,4,1,7,pomki-sop,0
big,g02,9,4,1,7,popki-sop,1
big,g02,10,4,1,7,popito-sop,1
big,g02,11,4,1,7,pomski-sop,1
big,g02,14,4,1,7,pomski-sop,1
big,g02,1,4,1,8,sopi,0
big,g02,2,4,1,8,pofki-spop,0
big,g02,3,4,1,8,popki-sop,1
big,g02,7,4,1,8,popki-sop,1
big,g02,8,4,1,8,pompki-spop,1
big,g02,11,4,1,8,pokito-sop,0
big,g02,12,4,1,8,pospski-sop,0
big,g02,8,5,1,1,popki-ge,0
big,g02,9,5,1,1,sopski-op,1
big,g02,10,5,1,1,nefki-ga,0
big,g02,13,5,1,1,pupito-neh,1
big,g02,14,5,1,1,pomki-meh,1
big,g02,7,5,1,2,popki-ne,0
big,g02,11,5,1,2,popki-goa,0
big,g02,13,5,1,2,nopski-ga,0
big,g02,6,5,1,3,noski-ni,0
big,g02,7,5,1,3,nopski-gi,0
big,g02,8,5,1,3,skupo-ne,0
big,g02,9,5,1,3,popito-ne,0
big,g02,10,5,1,3,popski-ne,1
big,g02,11,5,1,3,nopski-ne,0
big,g02,12,5,1,3,nopski-ne,0
big,g02,13,5,1,4,nefki,1
big,g02,14,5,1,4,nefki,0
big,g02,8,5,1,5,pupito-neh,0
big,g02,9,5,1,5,nefki-nehhh,1
big,g02,10,5,1,5,pomski-goaoaoao,1
big,g02,11,5,1,5,pomski-nehhhh,0
big,g02,12,5,1,5,pomski-nehhh,1
big,g02,13,5,1,5,pomski-nehh,0
big,g02,14,5,1,5,popski-nehh,0
big,g02,6,5,1,6,popito,0
big,g02,7,5,1,6,popito,0
big,g02,11,5,1,6,popito-ko,0
big,g02,12,5,1,6,popito-ko,1
big,g02,6,5,1,7,nefki-ki,1
big,g02,7,5,1,7,pomki-ki,0
big,g02,8,5,1,7,psopski-sop,1
big,g02,9,5,1,7,popki-we,1
big,g02,10,5,1,7,poputo-we,0
big,g02,6,5,1,8,pospki-sop,0
big,g02,12,5,1,8,pospski-sop,0
big,g02,14,5,1,8,popito-o,1
big,g02,2,6,1,1,pofki-sop,0
big,g02,4,6,1,1,stukipo,0
big,g02,6,6,1,1,honnom,0
big,g02,7,6,1,1,supo-ga,0
big,g02,8,6,1,1,wuki-nop,0
big,g02,10,6,1,1,nefki-go,0
big,g02,11,6,1,1,pomski-te,0
big,g02,12,6,1,1,pomski-goneh,1
big,g02,14,6,1,1,pomki-meh-ki,1
big,g02,2,6,1,2,popki-sa,0
big,g02,3,6,1,2,sukipo,0
big,g02,4,6,1,2,popki-me,0
big,g02,6,6,1,2,popki-te,0
big,g02,9,6,1,2,popki-te,1
big,g02,12,6,1,2,popito-goa,0
big,g02,2,6,1,3,sukipo,1
big,g02,4,6,1,3,sukipo,1
big,g02,5,6,1,3,pomki-gep,1
big,g02,8,6,1,3,skupo-te,0
big,g02,10,6,1,3,sopski,1
big,g02,13,6,1,3,nopski,1
big,g02,2,6,1,4,skupo,0
big,g02,3,6,1,4,nefki,1
big,g02,4,6,1,4,nefki,0
big,g02,6,6,1,4,nefki,1
big,g02,7,6,1,4,nefki-to,0
big,g02,9,6,1,4,nefki,0
big,g02,11,6,1,4,nefki,0
big,g02,12,6,1,4,nefki,0
big,g02,14,6,1,4,nefki,1
big,g02,2,6,1,5,puto,0
big,g02,4,6,1,5,pomki-he,0
big,g02,5,6,1,5,pomski-huuuuu,0
big,g02,6,6,1,5,pomski-go,0
big,g02,7,6,1,5,sopski-ga,0
big,g02,8,6,1,5,pofki-to,0
big,g02,10,6,1,5,pomski-goaoaoa,1
big,g02,14,6,1,5,popski-goaoaoa,1
big,g02,2,6,1,6,sukipo,0
big,g02,3,6,1,6,popi-sop,0
big,g02,4,6,1,6,popito,0
big,g02,5,6,1,6,popito-sop,1
big,g02,9,6,1,6,popito-go,0
big,g02,13,6,1,6,pupito-ga,0
big,g02,2,6,1,7,popsi,0
big,g02,4,6,1,7,pomki-ki,0
big,g02,8,6,1,7,pomki-ki,0
big,g02,10,6,1,7,popito-to,1
big,g02,11,6,1,7,pomki-go,1
big,g02,12,6,1,7,nopski-go,1
big,g02,13,6,1,7,nefki-go,1
big,g02,2,6,1,8,pofki-sop,1
big,g02,3,6,1,8,pofki-sop,0
big,g02,4,6,1,8,popito-so,0
big,g02,5,6,1,8,nefki,0
big,g02,7,6,1,8,popki-sop,1
big,g02,9,6,1,8,sopski-sop,1
big,g02,11,6,1,8,sopito-sop,0
big,g02,13,6,1,8,popski-sop,0
big,g02,14,6,1,8,pokito,0
big,g02,3,7,1,1,ptuto,0
big,g02,4,7,1,1,nopski-sop,1
big,g02,5,7,1,1,pomski-ga,1
big,g02,9,7,1,1,sopski-wop,1
big,g02,11,7,1,1,nopski-ne,0
big,g02,14,7,1,1,pomski-ne,1
big,g02,3,7,1,2,popki-ma,1
big,g02,5,7,1,2,popki-ne,1
big,g02,7,7,1,2,popki-ne,1
big,g02,8,7,1,2,popki-ne,1
big,g02,10,7,1,2,popki-ne,1
big,g02,3,7,1,3,popki-supu,0
big,g02,6,7,1,3,popki-ne,1
big,g02,7,7,1,3,nopski-ne,0
big,g02,9,7,1,3,popito-ne,0
big,g02,12,7,1,3,nopski-nee,1
big,g02,13,7,1,3,nopski-nee,1
big,g02,3,7,1,4,nofki,0
big,g02,4,7,1,4,nefki,0
big,g02,5,7,1,4,nefki,0
big,g02,8,7,1,4,nefki-go,0
big,g02,10,7,1,4,nefki-to,1
big,g02,11,7,1,4,pomski,0
big,g02,14,7,1,4,pomski-to,1
big,g02,3,7,1,5,popki-ge,0
big,g02,9,7,1,5,pomski-weh,0
big,g02,12,7,1,5,pomski-wehh,1
big,g02,14,7,1,5,nopski-weh,0
big,g02,3,7,1,6,popito-po,0
big,g02,6,7,1,6,popito-nom,1
big,g02,7,7,1,6,popito-ka,0
big,g02,8,7,1,6,pupito-no,1
big,g02,10,7,1,6,popito-ho,0
big,g02,12,7,1,6,popito-so,1
big,g02,13,7,1,6,pupito-sa,1
big,g02,3,7,1,7,popito-to,1
big,g02,4,7,1,7,pomki-ga,0
big,g02,5,7,1,7,pomki-ga,1
big,g02,6,7,1,7,nefki-ga,0
big,g02,7,7,1,7,pomki-we,0
big,g02,9,7,1,7,pomki-ne,0
big,g02,11,7,1,7,pomki-we,1
big,g02,13,7,1,7,nefki-ne,1
big,g02,3,7,1,8,pofki-sop,0
big,g02,4,7,1,8,pofki-spop,0
big,g02,6,7,1,8,popski-wo,0
big,g02,8,7,1,8,psopski-sop,0
big,g02,10,7,1,8,sopski-soptefa,1
big,g02,11,7,1,8,pokito-so,0
big,g02,12,7,1,8,popski-pom,1
big,g02,13,7,1,8,pomski-sop,0
big,g02,14,7,1,8,popito-o,0
big,g02,1,8,2,1,tukipo,0
big,g02,1,8,2,1,puti,1
big,g02,2,8,2,1,pita,0
big,g02,3,8,2,1,wiko,0
big,g02,4,8,2,1,ptopski-sop,0
big,g02,5,8,2,1,mefki-ga,0
big,g02,7,8,2,1,supo-wep,0
big,g02,9,8,2,1,puto-sw,1
big,g02,11,8,2,1,sukipo-hi,0
big,g02,13,8,2,1,pomski-sokka,1
big,g02,14,8,2,1,sukipo-sa,1
big,g02,1,8,2,2,puto,0
big,g02,2,8,2,2,puti-sop,0
big,g02,3,8,2,2,puti-se,0
big,g02,5,8,2,2,pofki,0
big,g02,8,8,2,2,puto-gi,1
big,g02,10,8,2,2,puta-sopka,1
big,g02,13,8,2,2,puta-se,1
big,g02,1,8,2,3,popki,0
big,g02,1,8,2,3,pompu,0
big,g02,2,8,2,3,pomiki,0
big,g02,3,8,2,3,pomiki,0
big,g02,6,8,2,3,pomki,0
big,g02,9,8,2,3,nefski-gi,1
big,g02,12,8,2,3,puto-si,1
big,g02,1,8,2,4,pomki,0
big,g02,2,8,2,4,skupo,0
big,g02,3,8,2,4,nefki,0
big,g02,4,8,2,4,pofki,1
big,g02,5,8,2,4,pomki,0
big,g02,7,8,2,4,pomki-sffg,0
big,g02,8,8,2,4,skupo-to,1
big,g02,10,8,2,4,pomski-sop,0
big,g02,11,8,2,4,pomski-sop,0
big,g02,13,8,2,4,pomski,1
big,g02,14,8,2,4,posmki,1
big,g02,1,8,2,5,sukipo,0
big,g02,1,8,2,5,nefki,0
big,g02,2,8,2,5,skupo,0
big,g02,3,8,2,5,puto-sa,1
big,g02,7,8,2,5,puto-sii,0
big,g02,9,8,2,5,pomski-sop,0
big,g02,12,8,2,5,sukipo-sopka,1
big,g02,13,8,2,5,puto-ka,0
big,g02,14,8,2,5,puto-sopka,0
big,g02,1,8,2,6,sukipo,0
big,g02,2,8,2,6,puto,0
big,g02,3,8,2,6,puto,0
big,g02,6,8,2,6,supito,0
big,g02,8,8,2,6,supito-to,0
big,g02,10,8,2,6,puto-so,0
big,g02,12,8,2,6,supito-ga,0
big,g02,1,8,2,7,wefa-sop,0
big,g02,1,8,2,7,sopi,1
big,g02,2,8,2,7,puti-hi,0
big,g02,3,8,2,7,puto,0
big,g02,4,8,2,7,puto-ga,0
big,g02,5,8,2,7,puto-ga,0
big,g02,6,8,2,7,supo-ga,0
big,g02,9,8,2,7,puti-sop,0
big,g02,11,8,2,7,puto-ka,1
big,g02,1,8,2,8,pofki,0
big,g02,2,8,2,8,sopki,0
big,g02,3,8,2,8,pokito,0
big,g02,4,8,2,8,pofki,0
big,g02,6,8,2,8,sopki,1
big,g02,7,8,2,8,putoe,1
big,g02,8,8,2,8,puto,0
big,g02,10,8,2,8,puto-go,0
big,g02,11,8,2,8,puto,0
big,g02,12,8,2,8,puto,0
big,g02,14,8,2,8,pkitoaeko,1
big,g02,10,9,2,1,pom-to,0
big,g02,12,9,2,1,sukipo-go,1
big,g02,13,9,2,1,pomski-goo,1
big,g02,7,9,2,2,puto-ge,0
big,g02,8,9,2,2,wuko-ge,0
big,g02,9,9,2,2,puto-ge,1
big,g02,11,9,2,2,popski-goo,1
big,g02,12,9,2,2,puto-goo,1
big,g02,13,9,2,2,puta-ga,1
big,g02,14,9,2,2,puti-go,0
big,g02,6,9,2,3,pomki-gi,0
big,g02,7,9,2,3,puto-ga,1
big,g02,10,9,2,3,sopski-go,0
big,g02,11,9,2,3,sukipo-go,0
big,g02,14,9,2,3,puta-sopa,0
big,g02,8,9,2,4,pomski-go,1
big,g02,9,9,2,4,pomski,1
big,g02,12,9,2,4,fenki,1
big,g02,13,9,2,4,pomski,1
big,g02,10,9,2,5,puto-gooo,0
big,g02,11,9,2,5,puto-gooo,1
big,g02,13,9,2,5,puto-goooo,1
big,g02,6,9,2,6,supito-so,0
big,g02,7,9,2,6,popito,0
big,g02,8,9,2,6,puto-po,1
big,g02,9,9,2,6,pefski-ta,1
big,g02,11,9,2,6,pokito-ko,0
big,g02,14,9,2,6,puto-goo,1
big,g02,6,9,2,7,pomki-ki,0
big,g02,7,9,2,7,puto-hi,0
big,g02,10,9,2,7,puta-ge,0
big,g02,12,9,2,7,puto-to,1
big,g02,14,9,2,7,sukipo-ki,1
big,g02,6,9,2,8,puto-go,1
big,g02,8,9,2,8,puto-fa,0
big,g02,9,9,2,8,puto-o,0
big,g02,4,10,2,1,ptopski-sip,1
big,g02,6,10,2,1,sukipo-no,0
big,g02,7,10,2,1,supo-we,0
big,g02,8,10,2,1,sukipo,0
big,g02,11,10,2,1,sukipo-ge,1
big,g02,12,10,2,1,sukipo-wehhh,1
big,g02,14,10,2,1,sukipo-ne,1
big,g02,4,10,2,2,puti-he,0
big,g02,6,10,2,2,waku-ne,0
big,g02,9,10,2,2,puti-ne,0
big,g02,10,10,2,2,puta-ne,1
big,g02,12,10,2,2,puti-wi,0
big,g02,4,10,2,3,popki-sop,0
big,g02,5,10,2,3,supu-gi,1
big,g02,8,10,2,3,putu-ne,0
big,g02,13,10,2,3,puta-nwe,1
big,g02,4,10,2,4,pufki,0
big,g02,6,10,2,4,pomki,0
big,g02,7,10,2,4,pomki-go,0
big,g02,9,10,2,4,pomski,0
big,g02,10,10,2,4,pomski,1
big,g02,11,10,2,4,pomski-koo,1
big,g02,12,10,2,4,pomski-go,0
big,g02,14,10,2,4,pomski,0
big,g02,4,10,2,5,puto-ga,0
big,g02,5,10,2,5,mefki-teee,1
big,g02,6,10,2,5,puto-saf,1
big,g02,7,10,2,5,nefki-weg,1
big,g02,8,10,2,5,puto-wem,0
big,g02,14,10,2,5,puta-neka,1
big,g02,4,10,2,6,supito,0
big,g02,5,10,2,6,pofki-so,1
big,g02,9,10,2,6,nesfki-ga,0
big,g02,10,10,2,6,puto-no,0
big,g02,13,10,2,6,pomski-sa,1
big,g02,4,10,2,7,puto-ga,1
big,g02,8,10,2,7,supo-,0
big,g02,11,10,2,7,puto-we,1
big,g02,12,10,2,7,puto-we,0
big,g02,13,10,2,7,pomski-ne,1
big,g02,4,10,2,8,pfofki,0
big,g02,5,10,2,8,pofki,0
big,g02,7,10,2,8,puoto,0
big,g02,9,10,2,8,put-o,0
big,g02,10,10,2,8,puto-nopitoku,0
big,g02,11,10,2,8,puto-o,0
big,g02,13,10,2,8,puto-po,1
big,g02,14,10,2,8,sopito-o,0
big,g02,1,11,2,1,puto,0
big,g02,2,11,2,1,sopki,1
big,g02,4,11,2,1,suakipo,0
big,g02,6,11,2,1,sukipo,1
big,g02,7,11,2,1,puto-ga,0
big,g02,8,11,2,1,wapapa-i,0
big,g02,13,11,2,1,pomski-neh,1
big,g02,14,11,2,1,sukipo-meh,0
big,g02,1,11,2,2,nefki,0
big,g02,1,11,2,2,puti,0
big,g02,2,11,2,2,puti,0
big,g02,3,11,2,2,puti,0
big,g02,6,11,2,2,puti-ni,0
big,g02,9,11,2,2,puta-se,1
big,g02,10,11,2,2,puti-se,1
big,g02,11,11,2,2,pomski-goa,0
big,g02,13,11,2,2,puta-go,1
big,g02,1,11,2,3,pomki,1
big,g02,2,11,2,3,pimki,0
big,g02,5,11,2,3,puto-gi,0
big,g02,8,11,2,3,nefski-ne,0
big,g02,11,11,2,3,sukipo-ne,0
big,g02,12,11,2,3,puto-ne,1
big,g02,1,11,2,4,sikupo,0
big,g02,1,11,2,4,suki,0
big,g02,2,11,2,4,pomki,0
big,g02,3,11,2,4,pomki,0
big,g02,4,11,2,4,popski,0
big,g02,6,11,2,4,pomki,0
big,g02,7,11,2,4,popito,0
big,g02,9,11,2,4,pomski,1
big,g02,10,11,2,4,pomski,0
big,g02,13,11,2,4,pomski-to,1
big,g02,14,11,2,4,posmki,1
big,g02,1,11,2,5,puto,0
big,g02,2,11,2,5,puto,0
big,g02,5,11,2,5,mefki-nah,1
big,g02,6,11,2,5,puto-neh,0
big,g02,7,11,2,5,puto-nehhh,0
big,g02,8,11,2,5,puto-goaoaoa,0
big,g02,11,11,2,5,puto-nehh,1
big,g02,12,11,2,5,sukipo-nehhh,1
big,g02,13,11,2,5,puto-nehhh,0
big,g02,14,11,2,5,puta-goaoaneh,1
big,g02,1,11,2,6,sukipo,1
big,g02,1,11,2,6,putio,1
big,g02,2,11,2,6,puto,0
big,g02,3,11,2,6,puto,0
big,g02,5,11,2,6,pofki-po,0
big,g02,9,11,2,6,pefski-so,1
big,g02,10,11,2,6,puto-ko,1
big,g02,11,11,2,6,puto-no,1
big,g02,12,11,2,6,puto-no,1
big,g02,1,11,2,7,wiko,0
big,g02,2,11,2,7,puti,1
big,g02,4,11,2,7,puto-to,1
big,g02,8,11,2,7,supo-ki,0
big,g02,1,11,2,8,wefas-sop,0
big,g02,1,11,2,8,sopi,0
big,g02,2,11,2,8,pafka,0
big,g02,3,11,2,8,pofiki,0
big,g02,4,11,2,8,pofki,0
big,g02,5,11,2,8,pomki,0
big,g02,7,11,2,8,puto,0
big,g02,9,11,2,8,puto,0
big,g02,10,11,2,8,puto-o,0
big,g02,12,11,2,8,popski,1
big,g02,14,11,2,8,pokito,0
big,g02,2,13,2,1,kafka,0
big,g02,3,13,2,1,puto,1
big,g02,5,13,2,1,mefki,0
big,g02,6,13,2,1,sukipo,0
big,g02,7,13,2,1,puto-ki,0
big,g02,8,13,2,1,wuko,0
big,g02,9,13,2,1,sukipo-w,0
big,g02,10,13,2,1,pomski-go,1
big,g02,11,13,2,1,sukipo-s,0
big,g02,12,13,2,1,sukipo-s,0
big,g02,13,13,2,1,pomski-sokkasa,0
big,g02,14,13,2,1,sukipo-ne-sa,1
big,g02,2,13,2,2,puti,0
big,g02,2,13,2,2,puti-he,1
big,g02,3,13,2,2,puti-ge,1
big,g02,4,13,2,2,pufki,0
big,g02,5,13,2,2,neko,1
big,g02,6,13,2,2,puti-ta,0
big,g02,12,13,2,2,puti-ee,0
big,g02,13,13,2,2,puta-ee,1
big,g02,2,13,2,3,pomki,0
big,g02,3,13,2,3,pomki,0
big,g02,4,13,2,3,ptoski-sip,0
big,g02,8,13,2,3,nefski-ge,0
big,g02,9,13,2,3,nefski-ge,0
big,g02,10,13,2,3,puto-te,0
big,g02,2,13,2,4,skupo,0
big,g02,2,13,2,4,nefki,0
big,g02,3,13,2,4,pomki,0
big,g02,5,13,2,4,popski,0
big,g02,6,13,2,4,pomki-go,0
big,g02,7,13,2,4,pomki,0
big,g02,11,13,2,4,pomski-too,0
big,g02,12,13,2,4,pomski,0
big,g02,13,13,2,4,pomski,0
big,g02,14,13,2,4,pomski,1
big,g02,2,13,2,5,nefki,0
big,g02,3,13,2,5,puto,0
big,g02,4,13,2,5,puto-sa,0
big,g02,6,13,2,5,puto-saf,1
big,g02,7,13,2,5,puto-wet,0
big,g02,8,13,2,5,puto-so,0
big,g02,9,13,2,5,puto-weeeh,0
big,g02,10,13,2,5,puta-ka,1
big,g02,13,13,2,5,puto-naa,0
big,g02,14,13,2,5,puto-kaa,0
big,g02,2,13,2,6,sukipo,0
big,g02,2,13,2,6,pimki,0
big,g02,3,13,2,6,puto,0
big,g02,4,13,2,6,sopito,0
big,g02,2,13,2,7,puti-sop,0
big,g02,3,13,2,7,popi,0
big,g02,5,13,2,7,supo,0
big,g02,8,13,2,7,puto-ga,0
big,g02,9,13,2,7,puto-ga,0
big,g02,10,13,2,7,popito-nono,0
big,g02,11,13,2,7,puto-ga,0
big,g02,12,13,2,7,puto-we,0
big,g02,2,13,2,8,nefki,0
big,g02,2,13,2,8,sopki,0
big,g02,3,13,2,8,sopito,0
big,g02,7,13,2,8,putoe,1
big,g02,11,13,2,8,puto,0
big,g02,14,13,2,8,pokito,0
big,g02,4,14,2,1,stukipo,0
big,g02,7,14,2,1,sukipo,0
big,g02,8,14,2,1,wuko-u,0
big,g02,10,14,2,1,pomski-ga,0
big,g02,13,14,2,1,pomski-neh,1
big,g02,4,14,2,2,pofki,1
big,g02,9,14,2,2,puti-ni,0
big,g02,11,14,2,2,put-oa,1
big,g02,13,14,2,2,puta-ga,0
big,g02,14,14,2,2,pitu-ne,0
big,g02,4,14,2,3,stukipi,0
big,g02,5,14,2,3,supu,0
big,g02,6,14,2,3,puti-ne,0
big,g02,8,14,2,3,nefski-twe,0
big,g02,10,14,2,3,puto-nego,0
big,g02,11,14,2,3,sukipo-te,1
big,g02,12,14,2,3,puto-ne,0
big,g02,14,14,2,3,puta-gooaaoo,1
big,g02,4,14,2,4,popski,0
big,g02,7,14,2,4,pomski-ga,1
big,g02,9,14,2,4,pomski-to,0
big,g02,13,14,2,4,popski,0
big,g02,4,14,2,5,pomki-ki,0
big,g02,5,14,2,5,mefki-ga,0
big,g02,7,14,2,5,puto-go,0
big,g02,8,14,2,5,puto-goaoaoa,1
big,g02,10,14,2,5,puta-goaoao,1
big,g02,11,14,2,5,puto-goaoao,1
big,g02,12,14,2,5,sukipo-nehh,1
big,g02,13,14,2,5,puto-nehhh,1
big,g02,4,14,2,6,supito,0
big,g02,5,14,2,6,niko,1
big,g02,6,14,2,6,sukipo-po,0
big,g02,9,14,2,6,nefski-wo,1
big,g02,11,14,2,6,puto-so,1
big,g02,12,14,2,6,puto-ko,0
big,g02,14,14,2,6,puto-ko,1
big,g02,4,14,2,7,puto-to,1
big,g02,6,14,2,7,pomki,0
big,g02,8,14,2,7,supo-ga,0
big,g02,10,14,2,7,puto-to,0
big,g02,14,14,2,7,sukipo-meh,1
big,g02,4,14,2,8,popito,0
big,g02,5,14,2,8,popski,0
big,g02,6,14,2,8,puto-neh,0
big,g02,7,14,2,8,puto,0
big,g02,9,14,2,8,puto-o,1
big,g02,12,14,2,8,popski-po,0
big,g02,2,15,3,1,pita,0
big,g02,3,15,3,1,puto,1
big,g02,4,15,3,1,puto,1
big,g02,5,15,3,1,puto-heeee,0
big,g02,7,15,3,1,puto-ti,0
big,g02,9,15,3,1,sop-o,0
big,g02,13,15,3,1,pkepke-goo,1
big,g02,14,15,3,1,pkepke-ki,1
big,g02,2,15,3,2,nefki,0
big,g02,4,15,3,2,nefki,0
big,g02,5,15,3,2,nefki,1
big,g02,8,15,3,2,nefti-ge,1
big,g02,10,15,3,2,nefti-goooo,1
big,g02,11,15,3,2,skupo-goo,0
big,g02,13,15,3,2,nefski-ga,1
big,g02,2,15,3,3,sukopi,0
big,g02,3,15,3,3,pohito,0
big,g02,4,15,3,3,puto,1
big,g02,6,15,3,3,puto-ge,0
big,g02,9,15,3,3,pefski-ta,0
big,g02,11,15,3,3,pom-go,1
big,g02,12,15,3,3,nefski-go,1
big,g02,2,15,3,4,nefki,1
big,g02,4,15,3,4,nefki,0
big,g02,5,15,3,4,skupo,0
big,g02,7,15,3,4,skupo,0
big,g02,8,15,3,4,skupo-go,0
big,g02,10,15,3,4,skupo-to,0
big,g02,13,15,3,4,skupo,0
big,g02,14,15,3,4,skupa-gou,1
big,g02,2,15,3,5,skupo,0
big,g02,3,15,3,5,nefki-he,0
big,g02,4,15,3,5,supo-he,1
big,g02,7,15,3,5,nefski-goo,0
big,g02,9,15,3,5,suko-go,0
big,g02,11,15,3,5,supo-gooo,0
big,g02,12,15,3,5,pkepke-gooo,1
big,g02,13,15,3,5,nefki-o,1
big,g02,14,15,3,5,mwep-goooo,1
big,g02,2,15,3,6,puto,0
big,g02,4,15,3,6,pofki,1
big,g02,6,15,3,6,pofki,0
big,g02,8,15,3,6,pofki-to,0
big,g02,10,15,3,6,pofki-so,0
big,g02,11,15,3,6,pokito-to,1
big,g02,12,15,3,6,puto-go,0
big,g02,2,15,3,7,puti,0
big,g02,3,15,3,7,wiko,0
big,g02,4,15,3,7,supo-po,1
big,g02,5,15,3,7,puto-to,1
big,g02,6,15,3,7,supo-po,1
big,g02,9,15,3,7,supo-ge,1
big,g02,2,15,3,8,sopki,0
big,g02,4,15,3,8,pokito,0
big,g02,6,15,3,8,sopki,1
big,g02,7,15,3,8,paksi,0
big,g02,8,15,3,8,popski,0
big,g02,10,15,3,8,sopski,0
big,g02,12,15,3,8,popski,0
big,g02,14,15,3,8,wiku-go,0
big,g02,1,16,3,1,puto,0
big,g02,1,16,3,1,popki-sop,0
big,g02,2,16,3,1,waki,1
big,g02,5,16,3,1,puto-gsa,1
big,g02,9,16,3,1,pom-wo,0
big,g02,11,16,3,1,pom-ne,1
big,g02,12,16,3,1,pkepke-sopkawehhh,1
big,g02,13,16,3,1,pkepke-a,1
big,g02,14,16,3,1,pkepke-ne-sa,1
big,g02,1,16,3,2,pofki,1
big,g02,2,16,3,2,puti,0
big,g02,4,16,3,2,nefki,0
big,g02,5,16,3,2,nefki,0
big,g02,7,16,3,2,nefki-e,0
big,g02,8,16,3,2,nefti-e,0
big,g02,10,16,3,2,nekti-ee,1
big,g02,12,16,3,2,nefki-ee,0
big,g02,13,16,3,2,nefski-ee,0
big,g02,1,16,3,3,suko,0
big,g02,1,16,3,3,pomki,0
big,g02,2,16,3,3,pofki,0
big,g02,4,16,3,3,putu,1
big,g02,6,16,3,3,putu-ta,0
big,g02,7,16,3,3,puto-we,1
big,g02,9,16,3,3,puto-te,1
big,g02,1,16,3,4,pomkii,1
big,g02,2,16,3,4,skupo,0
big,g02,5,16,3,4,skupo,1
big,g02,8,16,3,4,skupo-go,0
big,g02,10,16,3,4,skupo-go,0
big,g02,11,16,3,4,skupo-go,0
big,g02,12,16,3,4,skupo,0
big,g02,13,16,3,4,skupo,1
big,g02,14,16,3,4,skupa,1
big,g02,1,16,3,5,puto,0
big,g02,1,16,3,5,pomski,0
big,g02,2,16,3,5,pomki,0
big,g02,4,16,3,5,supo-ga,0
big,g02,9,16,3,5,suko-neh,1
big,g02,13,16,3,5,nefki-naaa,1
big,g02,14,16,3,5,mwep-ka,1
big,g02,1,16,3,6,pofki,0
big,g02,2,16,3,6,pofki,1
big,g02,4,16,3,6,pofki,1
big,g02,6,16,3,6,pofki,0
big,g02,7,16,3,6,pofki-po,1
big,g02,8,16,3,6,pofki-so,0
big,g02,10,16,3,6,pofki-po,0
big,g02,1,16,3,7,pofki,0
big,g02,1,16,3,7,pofki,0
big,g02,2,16,3,7,hommon,1
big,g02,5,16,3,7,puto,1
big,g02,6,16,3,7,supo,1
big,g02,7,16,3,7,puto-to,1
big,g02,9,16,3,7,supo-ga,0
big,g02,11,16,3,7,supo-ga,1
big,g02,12,16,3,7,nefki-ne,1
big,g02,1,16,3,8,tefa,0
big,g02,2,16,3,8,megki,0
big,g02,6,16,3,8,pospki,0
big,g02,8,16,3,8,posopski,0
big,g02,10,16,3,8,sopski-o,0
big,g02,11,16,3,8,pokito-po,0
big,g02,14,16,3,8,pokito,1
big,g02,4,17,3,1,putio,1
big,g02,6,17,3,1,pofki,0
big,g02,7,17,3,1,puto-hi,1
big,g02,9,17,3,1,hanananam,0
big,g02,4,17,3,2,nefki,0
big,g02,6,17,3,2,nefki-ni,1
big,g02,8,17,3,2,nefti-ni,1
big,g02,10,17,3,2,nekti-goaoaoa,1
big,g02,11,17,3,2,skupo-oa,1
big,g02,14,17,3,2,nefti-go,0
big,g02,4,17,3,3,puti,1
big,g02,5,17,3,3,putui,0
big,g02,9,17,3,3,puto-sa,0
big,g02,11,17,3,3,pom-nwe,0
big,g02,12,17,3,3,nefski-nw,0
big,g02,13,17,3,3,nefski-ne,1
big,g02,14,17,3,3,mwep-saa,0
big,g02,4,17,3,4,popski,0
big,g02,6,17,3,4,popski,0
big,g02,7,17,3,4,skupo-go,1
big,g02,8,17,3,4,skupo-go,0
big,g02,10,17,3,4,skupo,0
big,g02,4,17,3,5,supo-to,1
big,g02,5,17,3,5,supo-ga,1
big,g02,6,17,3,5,sopki-nehh,0
big,g02,7,17,3,5,nefski-neh,0
big,g02,9,17,3,5,suko-neh,0
big,g02,11,17,3,5,supo-nehh,1
big,g02,12,17,3,5,pkepke-nehh,1
big,g02,4,17,3,6,puto,0
big,g02,5,17,3,6,pofki,0
big,g02,8,17,3,6,pofki-wo,0
big,g02,10,17,3,6,puto-ko,0
big,g02,11,17,3,6,puto-no,0
big,g02,12,17,3,6,pofki-ka,0
big,g02,13,17,3,6,puto-ne,1
big,g02,14,17,3,6,puto-ko,1
big,g02,4,17,3,7,supo-po,1
big,g02,9,17,3,7,supo-se,1
big,g02,13,17,3,7,nefki-ki,0
big,g02,14,17,3,7,pfepke-meh,1
big,g02,4,17,3,8,pokito,0
big,g02,5,17,3,8,popski,0
big,g02,7,17,3,8,sopki,0
big,g02,8,17,3,8,popski,0
big,g02,10,17,3,8,popski-tekafea,0
big,g02,12,17,3,8,popkkiskipakimanifapa,1
big,g02,13,17,3,8,popski,0
big,g02,5,21,3,1,puto-iiiiii,1
big,g02,10,21,3,1,skupo,1
big,g02,11,21,3,1,pom-ne,1
big,g02,5,21,3,2,nefki-so,1
big,g02,7,21,3,2,nefki-ne,0
big,g02,8,21,3,2,nefti-ne,1
big,g02,9,21,3,2,supo-ne,1
big,g02,14,21,3,2,nefti-so,0
big,g02,5,21,3,3,puti,0
big,g02,6,21,3,3,wako-ni,1
big,g02,7,21,3,3,puto-ne,0
big,g02,10,21,3,3,puto-ne,0
big,g02,12,21,3,3,nefki-nee,1
big,g02,13,21,3,3,nefski-ne,1
big,g02,14,21,3,3,mwep-neh,0
big,g02,5,21,3,4,skupo,0
big,g02,8,21,3,4,skupo-to,1
big,g02,9,21,3,4,suko-go,1
big,g02,11,21,3,4,skupo,1
big,g02,5,21,3,5,supo-ta,1
big,g02,10,21,3,5,nefki-ne,1
big,g02,12,21,3,5,pkepke-wehh,1
big,g02,5,21,3,6,pofki,0
big,g02,6,21,3,6,pofki,1
big,g02,7,21,3,6,pofki,0
big,g02,8,21,3,6,pofki-koooo,0
big,g02,9,21,3,6,puto-sa,0
big,g02,12,21,3,6,nefki-sa,0
big,g02,13,21,3,6,pkepke-sa,1
big,g02,14,21,3,6,puto-sa,1
big,g02,5,21,3,7,puto-ga,1
big,g02,6,21,3,7,puto-to,1
big,g02,7,21,3,7,supo-we,0
big,g02,10,21,3,7,puto-waki,0
big,g02,11,21,3,7,supo-we,1
big,g02,13,21,3,7,skupa-ne,1
big,g02,14,21,3,7,pfepke-ne,1
big,g02,5,21,3,8,pofki,0
big,g02,6,21,3,8,pospskiwo,0
big,g02,8,21,3,8,popskipo,0
big,g02,9,21,3,8,hanananam,1
big,g02,11,21,3,8,posito,1
big,g02,12,21,3,8,popskpo,0
big,g02,13,21,3,8,popski-o,0
big,g02,9,22,4,1,puto-n,0
big,g02,13,22,4,1,wiko-sop,0
big,g02,14,22,4,1,wiki-sop,1
big,g02,7,22,4,2,opom-sop,0
big,g02,8,22,4,2,wuki-sop,0
big,g02,10,22,4,2,wiku-sop,1
big,g02,11,22,4,2,wiku-goup,1
big,g02,13,22,4,2,wiku-sop,0
big,g02,6,22,4,3,wako-po,1
big,g02,7,22,4,3,honnom-go,1
big,g02,9,22,4,3,wikki-go,1
big,g02,11,22,4,3,wiko-go,1
big,g02,12,22,4,3,wiko-go,0
big,g02,8,22,4,4,wikko,1
big,g02,10,22,4,4,honnom,0
big,g02,13,22,4,4,wikkkow,1
big,g02,14,22,4,4,wikkow,1
big,g02,9,22,4,5,honnom-sop,0
big,g02,11,22,4,5,wiko-sop,1
big,g02,12,22,4,5,wiko-sop,0
big,g02,13,22,4,5,wiko-sop,0
big,g02,14,22,4,5,wiko-sop,1
big,g02,6,22,4,6,pefki,1
big,g02,7,22,4,6,wiko,1
big,g02,8,22,4,6,wiko,0
big,g02,10,22,4,6,wiki-go,0
big,g02,11,22,4,6,wiki-o,0
big,g02,12,22,4,6,wiki-go,1
big,g02,6,22,4,7,honnom-sop,1
big,g02,7,22,4,7,nefki-sop,1
big,g02,9,22,4,7,wiku-sop,1
big,g02,6,22,4,8,honom-nehh,0
big,g02,8,22,4,8,pom,0
big,g02,10,22,4,8,pom-go,1
big,g02,12,22,4,8,pom,0
big,g02,14,22,4,8,pom-gpo,0
big,g02,5,23,4,1,honnon-ha,0
big,g02,7,23,4,1,nefki-ha,0
big,g02,9,23,4,1,pom-s,1
big,g02,10,23,4,1,honnon-ga,0
big,g02,12,23,4,1,wiko-sopka,1
big,g02,5,23,4,2,weko,0
big,g02,8,23,4,2,wuko-gi,1
big,g02,11,23,4,2,wuki-sopka,0
big,g02,12,23,4,2,wiku-ka,1
big,g02,14,23,4,2,wiku-ko,0
big,g02,5,23,4,3,mefki,0
big,g02,6,23,4,3,wako-ga,1
big,g02,9,23,4,3,wiki-ga,0
big,g02,10,23,4,3,pom-gi,0
big,g02,11,23,4,3,wiko-gi,0
big,g02,13,23,4,3,wiku-ko,1
big,g02,14,23,4,3,wiku-pop,1
big,g02,5,23,4,4,honnom,0
big,g02,7,23,4,4,wikkow,0
big,g02,8,23,4,4,wikko,0
big,g02,12,23,4,4,wikkow,1
big,g02,5,23,4,5,honnom-ho,0
big,g02,7,23,4,5,honnom-weeeeep,0
big,g02,9,23,4,5,wikko-waf,1
big,g02,10,23,4,5,wiko-sopka,0
big,g02,11,23,4,5,wiko-ka,1
big,g02,5,23,4,6,wiko,0
big,g02,6,23,4,6,pefki,0
big,g02,8,23,4,6,wiki-wiki,0
big,g02,11,23,4,6,wiki-wa,0
big,g02,13,23,4,6,wiki-sokka,1
big,g02,14,23,4,6,wiki-sokka,1
big,g02,5,23,4,7,nefki-ga,0
big,g02,6,23,4,7,honnom-ga,0
big,g02,9,23,4,7,wiku-ga,1
big,g02,10,23,4,7,wiki-we,0
big,g02,12,23,4,7,wiko-to,1
big,g02,13,23,4,7,wiko-go,0
big,g02,14,23,4,7,wiku-sa,1
big,g02,5,23,4,8,pom,0
big,g02,6,23,4,8,honn-wii,1
big,g02,7,23,4,8,opom,0
big,g02,8,23,4,8,pantewuopanma,0
big,g02,13,23,4,8,pom-go,0
big,g02,1,24,4,1,nefki,0
big,g02,1,24,4,1,nefki,1
big,g02,2,24,4,1,nefki,0
big,g02,3,24,4,1,nefki,0
big,g02,6,24,4,1,nefki,0
big,g02,8,24,4,1,wuko,0
big,g02,9,24,4,1,pom,1
big,g02,11,24,4,1,wiko-ne,1
big,g02,1,24,4,2,nefki,1
big,g02,2,24,4,2,nefki-hi,1
big,g02,3,24,4,2,honnom-ma,0
big,g02,4,24,4,2,honnom,1
big,g02,6,24,4,2,waku-ni,1
big,g02,7,24,4,2,pom-ne,0
big,g02,10,24,4,2,wiku-ne,1
big,g02,14,24,4,2,wiku-so,0
big,g02,1,24,4,3,wiko,1
big,g02,1,24,4,3,wikow,0
big,g02,2,24,4,3,wikow,0
big,g02,3,24,4,3,wiko,0
big,g02,4,24,4,3,mnefki,1
big,g02,5,24,4,3,mnefki,0
big,g02,7,24,4,3,honnom-nwe,0
big,g02,8,24,4,3,wikko-nwe,1
big,g02,9,24,4,3,wiki-ne,1
big,g02,12,24,4,3,wiko-ne,0
big,g02,13,24,4,3,wiku-ee,0
big,g02,14,24,4,3,wiku-net,0
big,g02,1,24,4,4,honnom,0
big,g02,2,24,4,4,wikko,1
big,g02,3,24,4,4,honnom,0
big,g02,6,24,4,4,honnom,1
big,g02,10,24,4,4,wikko,0
big,g02,11,24,4,4,wikko,1
big,g02,1,24,4,5,wiko,0
big,g02,1,24,4,5,wiko,1
big,g02,2,24,4,5,wiko,0
big,g02,3,24,4,5,honnom-ge,1
big,g02,4,24,4,5,nefki-ga,1
big,g02,5,24,4,5,honnom-ki,0
big,g02,6,24,4,5,honnom-saf,0
big,g02,8,24,4,5,wiko,1
big,g02,9,24,4,5,wiko-weh,1
big,g02,12,24,4,5,wiko-we,0
big,g02,1,24,4,6,wiko,1
big,g02,2,24,4,6,wiki,1
big,g02,3,24,4,6,wiko,0
big,g02,4,24,4,6,nefki,0
big,g02,5,24,4,6,wiko,0
big,g02,7,24,4,6,weko,0
big,g02,10,24,4,6,wiki-waki,0
big,g02,12,24,4,6,wiki-wo,1
big,g02,13,24,4,6,wiki-sa,1
big,g02,14,24,4,6,wiki-sa,1
big,g02,1,24,4,7,wiko-sop,0
big,g02,1,24,4,7,wefa-sop,0
big,g02,2,24,4,7,nefki,1
big,g02,3,24,4,7,nefki-homnom,0
big,g02,7,24,4,7,nefki-we,1
big,g02,8,24,4,7,nefki-ki,0
big,g02,9,24,4,7,wiko-we,0
big,g02,11,24,4,7,wiko-we,1
big,g02,13,24,4,7,wiko-ne,1
big,g02,14,24,4,7,wiku-ne,1
big,g02,1,24,4,8,pafi,0
big,g02,2,24,4,8,ipita,0
big,g02,3,24,4,8,pomki,0
big,g02,5,24,4,8,pom,0
big,g02,10,24,4,8,pom-o,0
big,g02,11,24,4,8,pomo,0
big,g02,12,24,4,8,pom,0
big,g02,13,24,4,8,pom-,0
big,g02,1,25,4,1,pefki,1
big,g02,2,25,4,1,mefki,0
big,g02,3,25,4,1,popski,0
big,g02,5,25,4,1,honnon-mo,1
big,g02,6,25,4,1,nefki,0
big,g02,7,25,4,1,nefki-hi,1
big,g02,8,25,4,1,wuko-i,0
big,g02,10,25,4,1,honnon-ho,1
big,g02,11,25,4,1,wiko-he,0
big,g02,12,25,4,1,wiko-go,1
big,g02,1,25,4,2,nemko,0
big,g02,1,25,4,2,pefki,1
big,g02,2,25,4,2,mefki,0
big,g02,3,25,4,2,honnom-he,0
big,g02,4,25,4,2,honnom,1
big,g02,5,25,4,2,wiko-he,1
big,g02,6,25,4,2,wako-ge,1
big,g02,9,25,4,2,wiku-ge,1
big,g02,12,25,4,2,wiku-goo,0
big,g02,14,25,4,2,wiku-go,0
big,g02,1,25,4,3,honnom,0
big,g02,2,25,4,3,honnom,0
big,g02,3,25,4,3,honnom,0
big,g02,4,25,4,3,pefki,1
big,g02,8,25,4,3,wikko-go,1
big,g02,10,25,4,3,pom-go,0
big,g02,13,25,4,3,wiku-ga,1
big,g02,14,25,4,3,wiku-sop,1
big,g02,1,25,4,4,honnom,1
big,g02,1,25,4,4,honnomm,0
big,g02,2,25,4,4,honnom,1
big,g02,3,25,4,4,honnom,0
big,g02,5,25,4,4,honnom,0
big,g02,6,25,4,4,wikko,0
big,g02,7,25,4,4,honnom-go,0
big,g02,9,25,4,4,wikkow-go,1
big,g02,11,25,4,4,honnom-goto,0
big,g02,12,25,4,4,wikkow,1
big,g02,1,25,4,5,honnom,0
big,g02,2,25,4,5,honnom,1
big,g02,3,25,4,5,honnom,1
big,g02,4,25,4,5,nefki-sop,1
big,g02,6,25,4,5,honnom-wiiii,0
big,g02,7,25,4,5,honnom-ga,1
big,g02,8,25,4,5,wiko-goooo,0
big,g02,10,25,4,5,wiko-goooo,1
big,g02,1,25,4,6,honnom,1
big,g02,1,25,4,6,wiko,0
big,g02,2,25,4,6,nefki,0
big,g02,3,25,4,6,honnom,0
big,g02,4,25,4,6,wiko,0
big,g02,9,25,4,6,wiki-wa,0
big,g02,13,25,4,6,wiki-goo,1
big,g02,14,25,4,6,wiki-goo,1
big,g02,1,25,4,7,wefa,1
big,g02,2,25,4,7,nefki-sop,1
big,g02,3,25,4,7,nefki-sop,0
big,g02,5,25,4,7,mefki-ki,1
big,g02,8,25,4,7,nefki-hi,0
big,g02,10,25,4,7,wiki-to,0
big,g02,11,25,4,7,wiko-hi,1
big,g02,12,25,4,7,wiko-to,1
big,g02,13,25,4,7,wiko-ko,1
big,g02,14,25,4,7,wiku-ki,1
big,g02,1,25,4,8,pofki,0
big,g02,1,25,4,8,pofki,0
big,g02,2,25,4,8,pita,0
big,g02,3,25,4,8,pomki,0
big,g02,7,25,4,8,pom,0
big,g02,9,25,4,8,pom,0
big,g02,11,25,4,8,pometafekapa,0
big,g02,13,25,4,8,pom-o,0
big,g02,3,26,4,1,poptki,0
big,g02,3,26,4,1,honnnom,0
big,g02,4,26,4,1,mnefki,0
big,g02,5,26,4,1,honnon-meh,1
big,g02,6,26,4,1,mefki,1
big,g02,8,26,4,1,wuki-nop,1
big,g02,10,26,4,1,honnon,1
big,g02,11,26,4,1,wiko-ge,0
big,g02,12,26,4,1,wiko-mehhhh,1
big,g02,13,26,4,1,wiki-nehsa,1
big,g02,3,26,4,2,honnom-met,1
big,g02,5,26,4,2,wakon,1
big,g02,6,26,4,2,wako-ne,1
big,g02,7,26,4,2,pone,0
big,g02,9,26,4,2,waku-nop,0
big,g02,12,26,4,2,wiku-ne,0
big,g02,13,26,4,2,wiku-net,0
big,g02,14,26,4,2,wiku-nop,0
big,g02,3,26,4,3,wiko,0
big,g02,3,26,4,3,pomkiw,0
big,g02,7,26,4,3,honnom-ne,0
big,g02,8,26,4,3,wikko-ne,0
big,g02,10,26,4,3,pom-ne,0
big,g02,14,26,4,3,wiku-ne,1
big,g02,3,26,4,4,wikko,0
big,g02,4,26,4,4,honnom,0
big,g02,5,26,4,4,pom,0
big,g02,6,26,4,4,honnom,0
big,g02,9,26,4,4,honnom-go,0
big,g02,11,26,4,4,honnom,0
big,g02,12,26,4,4,honnom,0
big,g02,13,26,4,4,wikkoww,1
big,g02,3,26,4,5,honni-met,0
big,g02,3,26,4,5,honnom-he,0
big,g02,6,26,4,5,honnom-nehhhh,0
big,g02,8,26,4,5,wiko-met,0
big,g02,10,26,4,5,wiko-nehhh,1
big,g02,13,26,4,5,wiko-ne,0
big,g02,3,26,4,6,nefki,0
big,g02,7,26,4,6,honnom-to,0
big,g02,9,26,4,6,wiki,0
big,g02,14,26,4,6,wiki-no,0
big,g02,3,26,4,7,nefki,1
big,g02,3,26,4,7,homnom-nefki,0
big,g02,4,26,4,7,nefki-na,1
big,g02,5,26,4,7,mnefki-ge,0
big,g02,7,26,4,7,nefki-we,1
big,g02,8,26,4,7,pom-we,0
big,g02,10,26,4,7,wiki-we,1
big,g02,11,26,4,7,wiko-neeeehh,0
big,g02,12,26,4,7,wiko-ne,1
big,g02,14,26,4,7,wiku-meh-ne,0
big,g02,3,26,4,8,pomki,0
big,g02,4,26,4,8,pom,0
big,g02,9,26,4,8,pom-o,0
big,g02,11,26,4,8,pom-o,0
big,g02,1,28,4,1,mefki,1
big,g02,1,28,4,1,mefki,1
big,g02,2,28,4,1,mefki,0
big,g02,3,28,4,1,mefki,0
big,g02,4,28,4,1,mefki,0
big,g02,6,28,4,1,mefki,0
big,g02,12,28,4,1,wiko-nehhhh,1
big,g02,14,28,4,1,wiku-meh,1
big,g02,1,28,4,2,mefki,0
big,g02,2,28,4,2,mefki,0
big,g02,6,28,4,2,wako-ni,0
big,g02,7,28,4,2,opom-ne,0
big,g02,8,28,4,2,wuko-ni,1
big,g02,9,28,4,2,wuki-ni,0
big,g02,10,28,4,2,wiku-se,0
big,g02,11,28,4,2,wiku-goa,0
big,g02,12,28,4,2,wiku-se,1
big,g02,1,28,4,3,wikow,0
big,g02,1,28,4,3,wiku,0
big,g02,2,28,4,3,weki,0
big,g02,3,28,4,3,wiki,0
big,g02,5,28,4,3,mnefki-ge,0
big,g02,7,28,4,3,honnom-gi,0
big,g02,11,28,4,3,wiko-ne,0
big,g02,13,28,4,3,wiku-go,0
big,g02,1,28,4,4,honnom,0
big,g02,2,28,4,4,wikko,0
big,g02,4,28,4,4,wikko,0
big,g02,6,28,4,4,honnom-ga,0
big,g02,8,28,4,4,hommon-go,0
big,g02,9,28,4,4,wikko-go,0
big,g02,10,28,4,4,honnom-go,0
big,g02,12,28,4,4,wikkow,0
big,g02,14,28,4,4,wikoow,1
big,g02,1,28,4,5,nefki,1
big,g02,1,28,4,5,sukipo,0
big,g02,2,28,4,5,sukipo,0
big,g02,3,28,4,5,sukipo,0
big,g02,5,28,4,5,honnom-neh,1
big,g02,6,28,4,5,honnom-go,0
big,g02,11,28,4,5,wiko-nehhh,0
big,g02,14,28,4,5,wiko-goaoaneh,1
big,g02,1,28,4,6,nefki,0
big,g02,2,28,4,6,nefki,0
big,g02,5,28,4,6,wako,0
big,g02,7,28,4,6,wako,0
big,g02,8,28,4,6,wiki-waki,0
big,g02,9,28,4,6,nefski-to,0
big,g02,10,28,4,6,wiki-to,0
big,g02,11,28,4,6,wiki-ko,0
big,g02,13,28,4,6,wiki-neh,1
big,g02,1,28,4,7,wefa-sop-sop,0
big,g02,1,28,4,7,pofkisop,0
big,g02,2,28,4,7,nefki,1
big,g02,3,28,4,7,nefki,0
big,g02,4,28,4,7,nefki,0
big,g02,7,28,4,7,nefki-ki,0
big,g02,12,28,4,7,wiko-goao,0
big,g02,13,28,4,7,wiko-to,1
big,g02,1,28,4,8,wefa,0
big,g02,2,28,4,8,pita,0
big,g02,4,28,4,8,pom,0
big,g02,5,28,4,8,pom,0
big,g02,8,28,4,8,pano,1
big,g02,9,28,4,8,pom,0
big,g02,10,28,4,8,pom,0
big,g02,13,28,4,8,pom-o,0
big,g02,14,28,4,8,pom,1
big,g03,4,1,1,1,kakiii,0
big,g03,6,1,1,1,festuu,0
big,g03,9,1,1,1,festeeu,1
big,g03,14,1,1,1,festiiaa,1
big,g03,4,1,1,2,kumae,1
big,g03,6,1,1,2,festao,1
big,g03,7,1,1,2,festaao,0
big,g03,8,1,1,2,festuuo,1
big,g03,10,1,1,2,festaaoo,1
big,g03,11,1,1,2,festuuoo,0
big,g03,4,1,1,3,koma,0
big,g03,5,1,1,3,festaa,1
big,g03,7,1,1,3,festeeeeew,1
big,g03,9,1,1,3,feste,1
big,g03,11,1,1,3,festiie,1
big,g03,12,1,1,3,festiie,1
big,g03,13,1,1,3,feste,1
big,g03,4,1,1,4,kako,1
big,g03,6,1,1,4,mukioo,0
big,g03,8,1,1,4,mutoi,0
big,g03,10,1,1,4,festioo,0
big,g03,14,1,1,4,festio,1
big,g03,4,1,1,5,festiiieee,0
big,g03,5,1,1,5,festiioo,0
big,g03,6,1,1,5,festeeeiii,1
big,g03,9,1,1,5,festiiiiooo,0
big,g03,11,1,1,5,festaaaiii,1
big,g03,12,1,1,5,festaaaiii,0
big,g03,14,1,1,5,festiiiaaa,1
big,g03,4,1,1,6,festuouo,0
big,g03,5,1,1,6,festaa,1
big,g03,7,1,1,6,mutoa,0
big,g03,8,1,1,6,festoa,1
big,g03,10,1,1,6,festoa,1
big,g03,11,1,1,6,festei,1
big,g03,12,1,1,6,festoa,1
big,g03,13,1,1,6,festau,0
big,g03,4,1,1,7,festiiiiiii,0
big,g03,7,1,1,7,festeoo,0
big,g03,9,1,1,7,festaii,1
big,g03,13,1,1,7,festiiaa,1
big,g03,4,1,1,8,festioa,1
big,g03,5,1,1,8,festai,0
big,g03,8,1,1,8,festeii,1
big,g03,10,1,1,8,festeei,1
big,g03,12,1,1,8,festeei,1
big,g03,13,1,1,8,festeii,1
big,g03,14,1,1,8,festeeo,1
big,g03,1,3,1,1,fest,1
big,g03,2,3,1,1,tuku,0
big,g03,3,3,1,1,fest,1
big,g03,4,3,1,1,fest,1
big,g03,5,3,1,1,festoo,1
big,g03,7,3,1,1,festoo,1
big,g03,10,3,1,1,festiiii,1
big,g03,11,3,1,1,festooo,1
big,g03,13,3,1,1,festaaao,0
big,g03,1,3,1,2,kiko,0
big,g03,2,3,1,2,fest,0
big,g03,5,3,1,2,festi,1
big,g03,8,3,1,2,festi,0
big,g03,9,3,1,2,festee,1
big,g03,13,3,1,2,festeee,1
big,g03,14,3,1,2,festeee,1
big,g03,1,3,1,3,festo,1
big,g03,2,3,1,3,wawa,1
big,g03,3,3,1,3,festa,1
big,g03,6,3,1,3,festk,1
big,g03,10,3,1,3,fest,1
big,g03,12,3,1,3,fest,1
big,g03,14,3,1,3,fest,1
big,g03,1,3,1,4,fest,0
big,g03,2,3,1,4,festi,1
big,g03,4,3,1,4,fest,1
big,g03,5,3,1,4,makee,0
big,g03,7,3,1,4,mutii,0
big,g03,8,3,1,4,mutee,0
big,g03,9,3,1,4,muteeee,0
big,g03,11,3,1,4,muteee,0
big,g03,13,3,1,4,festeee,1
big,g03,1,3,1,5,weti,0
big,g03,2,3,1,5,festi,1
big,g03,3,3,1,5,festi,1
big,g03,7,3,1,5,festoooo,0
big,g03,10,3,1,5,festooooo,0
big,g03,12,3,1,5,festoooo,1
big,g03,13,3,1,5,festooo,0
big,g03,1,3,1,6,shishi,0
big,g03,2,3,1,6,nana,0
big,g03,6,3,1,6,festaa,1
big,g03,8,3,1,6,festii,1
big,g03,9,3,1,6,festii,1
big,g03,12,3,1,6,festii,1
big,g03,14,3,1,6,festee,1
big,g03,1,3,1,7,poki,0
big,g03,2,3,1,7,fest,1
big,g03,3,3,1,7,fest,0
big,g03,4,3,1,7,festeee,1
big,g03,5,3,1,7,festeee,1
big,g03,6,3,1,7,festeeee,1
big,g03,10,3,1,7,festee,1
big,g03,11,3,1,7,festee,1
big,g03,14,3,1,7,festee,1
big,g03,1,3,1,8,woost,0
big,g03,2,3,1,8,guma,0
big,g03,4,3,1,8,festaa,1
big,g03,6,3,1,8,festaaa,1
big,g03,7,3,1,8,festeee,1
big,g03,8,3,1,8,festaa,0
big,g03,9,3,1,8,festaaa,1
big,g03,11,3,1,8,festaa,1
big,g03,12,3,1,8,festaa,1
big,g03,1,4,1,1,enu,0
big,g03,1,4,1,1,piko,0
big,g03,4,4,1,1,komi,0
big,g03,5,4,1,1,festuu,0
big,g03,6,4,1,1,festoo,0
big,g03,7,4,1,1,festiii,0
big,g03,8,4,1,1,festuu,1
big,g03,11,4,1,1,festuue,1
big,g03,13,4,1,1,festae,0
big,g03,1,4,1,2,unwe,0
big,g03,2,4,1,2,kinaa,0
big,g03,2,4,1,2,unea,0
big,g03,3,4,1,2,tuke,0
big,g03,4,4,1,2,kinu,0
big,g03,5,4,1,2,festau,1
big,g03,6,4,1,2,festua,1
big,g03,9,4,1,2,festaau,1
big,g03,10,4,1,2,festuuaa,1
big,g03,13,4,1,2,festuuaa,1
big,g03,14,4,1,2,festeo,1
big,g03,1,4,1,3,festa,0
big,g03,1,4,1,3,festi,0
big,g03,4,4,1,3,festi,0
big,g03,8,4,1,3,festua,1
big,g03,12,4,1,3,festuue,1
big,g03,14,4,1,3,festuuuaaa,1
big,g03,1,4,1,4,muti,0
big,g03,2,4,1,4,wafi,0
big,g03,2,4,1,4,tufo,1
big,g03,3,4,1,4,wasi,1
big,g03,4,4,1,4,kumu,0
big,g03,5,4,1,4,maka,0
big,g03,6,4,1,4,musiuu,1
big,g03,7,4,1,4,mutue,0
big,g03,9,4,1,4,mutiuu,0
big,g03,10,4,1,4,mutiiuu,0
big,g03,11,4,1,4,mutiiuu,0
big,g03,13,4,1,4,festaauu,1
big,g03,1,4,1,5,wafa,0
big,g03,1,4,1,5,poti,0
big,g03,4,4,1,5,festeeeeu,1
big,g03,6,4,1,5,festeeeu,1
big,g03,7,4,1,5,festuuuaaa,1
big,g03,8,4,1,5,festuuuaaa,1
big,g03,12,4,1,5,festuuuaaa,0
big,g03,13,4,1,5,festuuueee,1
big,g03,1,4,1,6,wasa,0
big,g03,2,4,1,6,gaga,0
big,g03,2,4,1,6,wawa,0
big,g03,3,4,1,6,fest,0
big,g03,4,4,1,6,festua,0
big,g03,9,4,1,6,festua,1
big,g03,10,4,1,6,festau,1
big,g03,12,4,1,6,festua,1
big,g03,14,4,1,6,festiiu,1
big,g03,1,4,1,7,poki,0
big,g03,1,4,1,7,poki,0
big,g03,4,4,1,7,festuuu,1
big,g03,5,4,1,7,festuuu,1
big,g03,8,4,1,7,festeee,0
big,g03,11,4,1,7,festuuaa,1
big,g03,14,4,1,7,festuuaa,1
big,g03,1,4,1,8,fost,0
big,g03,2,4,1,8,fistoo,0
big,g03,2,4,1,8,festo,0
big,g03,3,4,1,8,festo,0
big,g03,4,4,1,8,festao,1
big,g03,7,4,1,8,festeeo,1
big,g03,9,4,1,8,festeeo,1
big,g03,10,4,1,8,festeoo,1
big,g03,11,4,1,8,festeo,1
big,g03,12,4,1,8,festeeo,0
big,g03,2,5,1,1,niko,0
big,g03,3,5,1,1,puti,0
big,g03,4,5,1,1,mokiii,0
big,g03,5,5,1,1,festiii,1
big,g03,10,5,1,1,festeeo,1
big,g03,13,5,1,1,festiio,1
big,g03,14,5,1,1,festiioo,1
big,g03,2,5,1,2,feasi,0
big,g03,3,5,1,2,peaka,0
big,g03,5,5,1,2,festio,1
big,g03,7,5,1,2,festieu,1
big,g03,8,5,1,2,festia,1
big,g03,9,5,1,2,festio,0
big,g03,11,5,1,2,festooee,1
big,g03,13,5,1,2,festooee,1
big,g03,2,5,1,3,festi,0
big,g03,3,5,1,3,festo,0
big,g03,6,5,1,3,festo,1
big,g03,7,5,1,3,festoo,0
big,g03,10,5,1,3,festi,1
big,g03,11,5,1,3,festiio,1
big,g03,12,5,1,3,festiio,1
big,g03,2,5,1,4,puti,0
big,g03,3,5,1,4,faki,0
big,g03,4,5,1,4,kimo,0
big,g03,5,5,1,4,makoei,1
big,g03,8,5,1,4,mutoe,0
big,g03,9,5,1,4,muteoo,1
big,g03,13,5,1,4,festooee,1
big,g03,14,5,1,4,festeoo,1
big,g03,2,5,1,5,weasti,1
big,g03,3,5,1,5,festiiii,0
big,g03,10,5,1,5,festiiiooo,1
big,g03,11,5,1,5,festiiieee,1
big,g03,12,5,1,5,festiiiooo,1
big,g03,13,5,1,5,festiiioo,0
big,g03,14,5,1,5,festiiiooo,1
big,g03,2,5,1,6,gumo,0
big,g03,3,5,1,6,wooow,1
big,g03,6,5,1,6,festua,1
big,g03,7,5,1,6,mutoa,1
big,g03,8,5,1,6,festio,1
big,g03,9,5,1,6,festio,1
big,g03,11,5,1,6,festia,1
big,g03,12,5,1,6,festooi,1
big,g03,2,5,1,7,fest,0
big,g03,3,5,1,7,wooooooow,1
big,g03,4,5,1,7,pokiiiii,1
big,g03,5,5,1,7,festaaaa,0
big,g03,6,5,1,7,festiiiiii,0
big,g03,7,5,1,7,festaaa,1
big,g03,10,5,1,7,festiiee,1
big,g03,2,5,1,8,fistaa,0
big,g03,3,5,1,8,festi,1
big,g03,4,5,1,8,festi,1
big,g03,6,5,1,8,festaii,1
big,g03,8,5,1,8,festaii,1
big,g03,9,5,1,8,festaii,0
big,g03,12,5,1,8,festaii,1
big,g03,14,5,1,8,festaii,1
big,g03,5,6,1,1,mokuu,0
big,g03,6,6,1,1,festoo,0
big,g03,7,6,1,1,festuu,1
big,g03,8,6,1,1,festuuu,1
big,g03,12,6,1,1,festuuue,1
big,g03,13,6,1,1,festuue,1
big,g03,14,6,1,1,festuuee,0
big,g03,5,6,1,2,kinu,0
big,g03,6,6,1,2,tipua,0
big,g03,9,6,1,2,festuuo,1
big,g03,10,6,1,2,festua,1
big,g03,11,6,1,2,festuuii,1
big,g03,12,6,1,2,festuua,0
big,g03,13,6,1,2,festuue,0
big,g03,5,6,1,3,festuuu,1
big,g03,8,6,1,3,mutua,1
big,g03,11,6,1,3,festuua,1
big,g03,5,6,1,4,muka,0
big,g03,6,6,1,4,miniuu,1
big,g03,7,6,1,4,mutui,1
big,g03,9,6,1,4,mutiiuu,0
big,g03,10,6,1,4,festiiuu,1
big,g03,12,6,1,4,mutiiu,0
big,g03,13,6,1,4,festiuu,1
big,g03,14,6,1,4,festiu,1
big,g03,5,6,1,5,festuua,0
big,g03,6,6,1,5,festuuuu,1
big,g03,7,6,1,5,festuuuaaa,1
big,g03,8,6,1,5,festuuuaaa,1
big,g03,11,6,1,5,festuuuaaa,0
big,g03,13,6,1,5,festuuuee,1
big,g03,14,6,1,5,festuuuaaa,0
big,g03,5,6,1,6,festua,1
big,g03,9,6,1,6,festua,0
big,g03,10,6,1,6,festau,1
big,g03,11,6,1,6,festeo,0
big,g03,5,6,1,7,pokuuuu,0
big,g03,8,6,1,7,festuu,1
big,g03,12,6,1,7,festuuaa,1
big,g03,5,6,1,8,makoue,0
big,g03,7,6,1,8,festeuo,1
big,g03,9,6,1,8,festeou,0
big,g03,10,6,1,8,festeuo,1
big,g03,14,6,1,8,festoeu,0
big,g03,3,7,1,1,taki,0
big,g03,4,7,1,1,komoo,0
big,g03,7,7,1,1,festia,0
big,g03,8,7,1,1,festuua,1
big,g03,10,7,1,1,festuuo,1
big,g03,11,7,1,1,festuuo,1
big,g03,12,7,1,1,festuuo,1
big,g03,3,7,1,2,puko,0
big,g03,9,7,1,2,festuu,1
big,g03,12,7,1,2,festiu,1
big,g03,14,7,1,2,festiu,0
big,g03,3,7,1,3,festm,1
big,g03,5,7,1,3,festuu,1
big,g03,6,7,1,3,festum,0
big,g03,8,7,1,3,mutum,0
big,g03,10,7,1,3,festuo,1
big,g03,13,7,1,3,festiiuu,1
big,g03,14,7,1,3,festuuuo,1
big,g03,3,7,1,4,muko,0
big,g03,4,7,1,4,kumo,0
big,g03,7,7,1,4,mutuee,0
big,g03,9,7,1,4,mutuee,1
big,g03,11,7,1,4,festeeuu,1
big,g03,12,7,1,4,festeeuu,0
big,g03,3,7,1,5,festo,1
big,g03,5,7,1,5,festuuuuo,1
big,g03,7,7,1,5,festuuuooo,1
big,g03,8,7,1,5,festuuuiii,1
big,g03,10,7,1,5,festuuuiii,1
big,g03,3,7,1,6,gaga,0
big,g03,5,7,1,6,festui,1
big,g03,6,7,1,6,festoa,1
big,g03,9,7,1,6,festui,1
big,g03,13,7,1,6,festeo,0
big,g03,14,7,1,6,festeu,1
big,g03,3,7,1,7,wuuuuuuw,0
big,g03,4,7,1,7,festuu,1
big,g03,6,7,1,7,musuuu,0
big,g03,8,7,1,7,festuue,0
big,g03,10,7,1,7,festeu,1
big,g03,11,7,1,7,festuuee,1
big,g03,12,7,1,7,festuuee,0
big,g03,13,7,1,7,festuuee,1
big,g03,14,7,1,7,festuuee,1
big,g03,3,7,1,8,festo,1
big,g03,4,7,1,8,festo,1
big,g03,5,7,1,8,mukoao,1
big,g03,6,7,1,8,festoao,1
big,g03,7,7,1,8,festoa,0
big,g03,9,7,1,8,festaao,1
big,g03,11,7,1,8,festaoo,1
big,g03,13,7,1,8,festao,0
big,g03,1,8,2,1,uno,0
big,g03,2,8,2,1,umo,0
big,g03,2,8,2,1,weki,0
big,g03,3,8,2,1,naka,0
big,g03,6,8,2,1,tupoo,1
big,g03,7,8,2,1,pikuu,0
big,g03,12,8,2,1,mikuuuu,1
big,g03,1,8,2,2,uni,1
big,g03,1,8,2,2,uma,1
big,g03,4,8,2,2,tupi,0
big,g03,6,8,2,2,kimu,1
big,g03,8,8,2,2,kinuu,1
big,g03,9,8,2,2,tipuu,1
big,g03,10,8,2,2,tipuu,1
big,g03,11,8,2,2,tipuu,1
big,g03,12,8,2,2,tupui,0
big,g03,14,8,2,2,tipooo,1
big,g03,1,8,2,3,maku,0
big,g03,2,8,2,3,muko,0
big,g03,2,8,2,3,nowi,0
big,g03,3,8,2,3,guaso,0
big,g03,4,8,2,3,moku,1
big,g03,5,8,2,3,tupuuu,0
big,g03,11,8,2,3,wasuu,1
big,g03,13,8,2,3,tinuuu,1
big,g03,14,8,2,3,wasuuu,1
big,g03,1,8,2,4,wuti,0
big,g03,1,8,2,4,wuti,0
big,g03,6,8,2,4,tupuuu,0
big,g03,7,8,2,4,tupuuu,1
big,g03,8,8,2,4,tupuu,1
big,g03,9,8,2,4,tupuuu,0
big,g03,10,8,2,4,tupuuu,0
big,g03,12,8,2,4,tipuuu,1
big,g03,1,8,2,5,wafa,0
big,g03,2,8,2,5,wafa,0
big,g03,2,8,2,5,wafi,1
big,g03,3,8,2,5,wafi,0
big,g03,4,8,2,5,nutuuu,1
big,g03,5,8,2,5,pokuuuu,0
big,g03,6,8,2,5,pikuuu,1
big,g03,7,8,2,5,mikuuuuuu,0
big,g03,11,8,2,5,tupuuuu,1
big,g03,1,8,2,6,hihi,0
big,g03,1,8,2,6,huhi,0
big,g03,4,8,2,6,tupauu,0
big,g03,5,8,2,6,tupauu,1
big,g03,8,8,2,6,tupuuu,1
big,g03,9,8,2,6,tupuu,1
big,g03,10,8,2,6,tupuu,1
big,g03,11,8,2,6,tupee,0
big,g03,13,8,2,6,pikuu,0
big,g03,14,8,2,6,tupuu,1
big,g03,1,8,2,7,tupa,1
big,g03,2,8,2,7,tupa,0
big,g03,2,8,2,7,tupi,0
big,g03,3,8,2,7,tupa,0
big,g03,12,8,2,7,tupuu,1
big,g03,13,8,2,7,tupuu,1
big,g03,14,8,2,7,tupuu,0
big,g03,1,8,2,8,kimo,0
big,g03,1,8,2,8,kono,0
big,g03,5,8,2,8,tupoou,1
big,g03,7,8,2,8,tipou,1
big,g03,8,8,2,8,wasoo,1
big,g03,9,8,2,8,wasoou,0
big,g03,10,8,2,8,wasoo,0
big,g03,13,8,2,8,wasuuu,1
big,g03,1,9,2,1,opi,0
big,g03,2,9,2,1,weki,1
big,g03,5,9,2,1,pokiii,1
big,g03,9,9,2,1,guasee,0
big,g03,10,9,2,1,tupeeee,0
big,g03,13,9,2,1,tupiii,0
big,g03,1,9,2,2,woga,0
big,g03,1,9,2,2,opa,1
big,g03,2,9,2,2,tupa,1
big,g03,3,9,2,2,tupa,0
big,g03,3,9,2,2,tupa,0
big,g03,4,9,2,2,tupa,0
big,g03,4,9,2,2,masi,0
big,g03,5,9,2,2,tupo,1
big,g03,7,9,2,2,tipu,0
big,g03,8,9,2,2,tapo,0
big,g03,11,9,2,2,tipoo,1
big,g03,13,9,2,2,tipo,0
big,g03,14,9,2,2,tipaaaa,1
big,g03,1,9,2,3,kumo,0
big,g03,2,9,2,3,kumo,0
big,g03,4,9,2,3,moki,1
big,g03,4,9,2,3,kimu,1
big,g03,6,9,2,3,miki,0
big,g03,7,9,2,3,mikuuu,0
big,g03,9,9,2,3,tupuu,1
big,g03,10,9,2,3,wasii,1
big,g03,11,9,2,3,wasii,1
big,g03,12,9,2,3,tupii,1
big,g03,14,9,2,3,wasiii,1
big,g03,1,9,2,4,nika,0
big,g03,1,9,2,4,mako,0
big,g03,2,9,2,4,muto,0
big,g03,3,9,2,4,naka,0
big,g03,3,9,2,4,nuti,0
big,g03,5,9,2,4,guesoo,0
big,g03,8,9,2,4,tupoo,1
big,g03,13,9,2,4,tupooo,1
big,g03,1,9,2,5,kopa,0
big,g03,2,9,2,5,weasti,0
big,g03,4,9,2,5,pukiiii,0
big,g03,4,9,2,5,nutiiii,1
big,g03,9,9,2,5,puteeee,0
big,g03,10,9,2,5,tipoooo,1
big,g03,11,9,2,5,tupiiiii,1
big,g03,12,9,2,5,mikiiii,1
big,g03,13,9,2,5,mikiiii,1
big,g03,1,9,2,6,waha,0
big,g03,1,9,2,6,hahi,0
big,g03,2,9,2,6,nowi,1
big,g03,3,9,2,6,guwi,1
big,g03,3,9,2,6,oauw,0
big,g03,4,9,2,6,tupa,0
big,g03,4,9,2,6,tupakk,0
big,g03,6,9,2,6,tupuu,0
big,g03,7,9,2,6,tupuu,0
big,g03,8,9,2,6,tupooo,1
big,g03,11,9,2,6,tupii,1
big,g03,12,9,2,6,tupoo,1
big,g03,14,9,2,6,tupoo,1
big,g03,1,9,2,7,tupa,0
big,g03,2,9,2,7,tupa,0
big,g03,5,9,2,7,tupaaaa,1
big,g03,6,9,2,7,tupaaaa,0
big,g03,7,9,2,7,tupiiii,0
big,g03,9,9,2,7,tupii,1
big,g03,10,9,2,7,tupii,1
big,g03,14,9,2,7,tupiii,1
big,g03,1,9,2,8,kiti,0
big,g03,1,9,2,8,fiko,1
big,g03,2,9,2,8,wiki,0
big,g03,3,9,2,8,wiki,0
big,g03,3,9,2,8,wofi,0
big,g03,6,9,2,8,pikii,1
big,g03,8,9,2,8,wasii,0
big,g03,12,9,2,8,wasiii,0
big,g03,6,10,2,1,tupiu,1
big,g03,7,10,2,1,pikuuu,1
big,g03,8,10,2,1,kinuuu,1
big,g03,12,10,2,1,tupuuue,0
big,g03,6,10,2,2,mupua,0
big,g03,9,10,2,2,tupua,1
big,g03,10,10,2,2,tipuua,1
big,g03,11,10,2,2,pitiiuu,0
big,g03,12,10,2,2,tipuua,1
big,g03,14,10,2,2,tipeeo,1
big,g03,8,10,2,3,tupua,1
big,g03,11,10,2,3,pikuue,1
big,g03,13,10,2,3,pinuua,1
big,g03,14,10,2,3,wasuuuaaa,1
big,g03,6,10,2,4,gaesiu,0
big,g03,7,10,2,4,guekuai,1
big,g03,9,10,2,4,putiiuu,1
big,g03,10,10,2,4,putiuu,1
big,g03,12,10,2,4,tipiiu,0
big,g03,6,10,2,5,pikaaau,0
big,g03,7,10,2,5,mikuuuaaa,1
big,g03,8,10,2,5,tupuuuaaa,1
big,g03,11,10,2,5,tupuuuaaa,1
big,g03,9,10,2,6,tupau,1
big,g03,10,10,2,6,tupau,1
big,g03,11,10,2,6,tupeo,1
big,g03,13,10,2,6,guasoa,0
big,g03,14,10,2,6,tupuii,1
big,g03,8,10,2,7,wasaoo,1
big,g03,12,10,2,7,tupuuaa,1
big,g03,13,10,2,7,tupaauu,1
big,g03,14,10,2,7,tupuuaa,1
big,g03,7,10,2,8,wakoeo,0
big,g03,9,10,2,8,guaseuu,0
big,g03,10,10,2,8,waseo,1
big,g03,13,10,2,8,waseeo,0
big,g03,5,11,2,1,pokiii,0
big,g03,9,11,2,1,waseeo,1
big,g03,10,11,2,1,tupeeo,0
big,g03,11,11,2,1,tupiio,1
big,g03,14,11,2,1,tupiioo,1
big,g03,5,11,2,2,tiaao,0
big,g03,7,11,2,2,tipui,0
big,g03,8,11,2,2,kinio,0
big,g03,5,11,2,3,mikaaa,0
big,g03,6,11,2,3,mupuo,1
big,g03,7,11,2,3,mikooo,0
big,g03,9,11,2,3,tupo,0
big,g03,10,11,2,3,wasi,1
big,g03,12,11,2,3,wasiio,0
big,g03,13,11,2,3,pinooe,1
big,g03,5,11,2,4,tupei,1
big,g03,8,11,2,4,guepoe,0
big,g03,11,11,2,4,tupiioo,1
big,g03,14,11,2,4,tupeoo,1
big,g03,5,11,2,5,pokiiii,1
big,g03,9,11,2,5,tupoooa,1
big,g03,10,11,2,5,tipoooiii,1
big,g03,12,11,2,5,mikiiiooo,1
big,g03,14,11,2,5,wasiiiooo,1
big,g03,5,11,2,6,tupoi,1
big,g03,6,11,2,6,tupua,1
big,g03,7,11,2,6,tupia,0
big,g03,8,11,2,6,tupoi,1
big,g03,12,11,2,6,tupoi,1
big,g03,13,11,2,6,kipio,0
big,g03,5,11,2,7,tupaaaa,0
big,g03,6,11,2,7,tupiiiii,0
big,g03,7,11,2,7,tupaaaa,0
big,g03,9,11,2,7,tipie,1
big,g03,10,11,2,7,tupiiee,1
big,g03,11,11,2,7,tupie,1
big,g03,13,11,2,7,tupeeoo,1
big,g03,5,11,2,8,guasai,0
big,g03,6,11,2,8,guasiai,0
big,g03,8,11,2,8,wasaii,0
big,g03,11,11,2,8,wasaii,0
big,g03,12,11,2,8,tupaii,0
big,g03,13,11,2,8,wasiia,1
big,g03,14,11,2,8,tipaii,1
big,g03,4,12,2,1,mokiii,0
big,g03,8,12,2,1,tapiiu,0
big,g03,9,12,2,1,tipeea,1
big,g03,10,12,2,1,tupeeu,0
big,g03,12,12,2,1,mikiia,1
big,g03,13,12,2,1,guasiie,0
big,g03,3,12,2,2,wafa,0
big,g03,3,12,2,2,tipa,0
big,g03,7,12,2,2,tipeu,0
big,g03,11,12,2,2,tipaaoo,0
big,g03,12,12,2,2,tipao,1
big,g03,13,12,2,2,tipaao,1
big,g03,14,12,2,2,tipooee,0
big,g03,5,12,2,3,tupaaa,0
big,g03,6,12,2,3,kimau,0
big,g03,7,12,2,3,kumaaa,0
big,g03,8,12,2,3,tupee,0
big,g03,9,12,2,3,tupe,0
big,g03,10,12,2,3,wasee,0
big,g03,11,12,2,3,wasiie,1
big,g03,14,12,2,3,wasiie,0
big,g03,3,12,2,4,puti,0
big,g03,3,12,2,4,puti,0
big,g03,4,12,2,4,muti,1
big,g03,12,12,2,4,tipiio,0
big,g03,13,12,2,4,tupiioo,1
big,g03,5,12,2,5,pokiiiaa,1
big,g03,8,12,2,5,tupaaaooo,1
big,g03,9,12,2,5,miteeeooo,0
big,g03,10,12,2,5,tipaaaooo,1
big,g03,11,12,2,5,tupiiiaaa,1
big,g03,13,12,2,5,mikiiieee,1
big,g03,3,12,2,6,tupa,0
big,g03,3,12,2,6,tupa,0
big,g03,5,12,2,6,tupau,1
big,g03,6,12,2,6,tupui,0
big,g03,7,12,2,6,tupoi,1
big,g03,11,12,2,6,tupio,1
big,g03,14,12,2,6,tupio,1
big,g03,4,12,2,7,nutiiiiiii,1
big,g03,6,12,2,7,tupiiiii,0
big,g03,7,12,2,7,tupaaa,0
big,g03,8,12,2,7,wasieee,0
big,g03,9,12,2,7,tupia,1
big,g03,10,12,2,7,tupiiaa,1
big,g03,12,12,2,7,tupiiaa,1
big,g03,14,12,2,7,tupiiaa,1
big,g03,3,12,2,8,wasio,0
big,g03,3,12,2,8,wokia,0
big,g03,4,12,2,8,tuapia,0
big,g03,5,12,2,8,tupia,1
big,g03,6,12,2,8,pikei,1
big,g03,1,13,2,1,pika,0
big,g03,1,13,2,1,kuka,0
big,g03,2,13,2,1,fasto,0
big,g03,3,13,2,1,feki,1
big,g03,5,13,2,1,pokuuu,0
big,g03,10,13,2,1,tupuuo,1
big,g03,11,13,2,1,wasuue,1
big,g03,13,13,2,1,tupuuo,1
big,g03,14,13,2,1,tupuuoo,1
big,g03,1,13,2,2,uma,0
big,g03,2,13,2,2,uno,0
big,g03,3,13,2,2,tipou,0
big,g03,4,13,2,2,tupi,0
big,g03,5,13,2,2,tiuuu,0
big,g03,7,13,2,2,tipieu,0
big,g03,8,13,2,2,kiniu,0
big,g03,9,13,2,2,tipue,1
big,g03,13,13,2,2,tipiiu,0
big,g03,1,13,2,3,kumo,0
big,g03,1,13,2,3,puma,0
big,g03,2,13,2,3,kumu,1
big,g03,3,13,2,3,muka,1
big,g03,4,13,2,3,moku,0
big,g03,6,13,2,3,mupi,1
big,g03,7,13,2,3,mikuu,0
big,g03,10,13,2,3,wasum,0
big,g03,12,13,2,3,tupuue,1
big,g03,1,13,2,4,nuki,0
big,g03,2,13,2,4,nuti,0
big,g03,3,13,2,4,tumi,0
big,g03,5,13,2,4,tupo,1
big,g03,8,13,2,4,tupue,0
big,g03,9,13,2,4,tupuuee,0
big,g03,11,13,2,4,tipeeuu,1
big,g03,13,13,2,4,tipeuu,1
big,g03,14,13,2,4,tupeuu,1
big,g03,1,13,2,5,titi,0
big,g03,1,13,2,5,titi,0
big,g03,2,13,2,5,safa,0
big,g03,3,13,2,5,nuti,1
big,g03,4,13,2,5,nuti,0
big,g03,10,13,2,5,tipuuuiii,1
big,g03,12,13,2,5,tupuuuooo,1
big,g03,13,13,2,5,pukuuuooo,0
big,g03,14,13,2,5,wasooouuu,1
big,g03,1,13,2,6,hahi,0
big,g03,2,13,2,6,nowi,0
big,g03,3,13,2,6,tupa,0
big,g03,4,13,2,6,tupa,0
big,g03,6,13,2,6,tupiu,0
big,g03,7,13,2,6,tupiu,0
big,g03,8,13,2,6,tupui,1
big,g03,9,13,2,6,tupiu,1
big,g03,12,13,2,6,tupui,1
big,g03,1,13,2,7,kiti,0
big,g03,1,13,2,7,tupa,0
big,g03,2,13,2,7,tupa,0
big,g03,3,13,2,7,tupa,0
big,g03,5,13,2,7,tupuuu,0
big,g03,6,13,2,7,tupuuu,0
big,g03,7,13,2,7,wasuu,0
big,g03,10,13,2,7,tupeu,1
big,g03,11,13,2,7,tupeeuu,1
big,g03,1,13,2,8,kana,0
big,g03,2,13,2,8,tukoo,0
big,g03,3,13,2,8,woto,0
big,g03,6,13,2,8,pikoa,0
big,g03,8,13,2,8,wasaoo,1
big,g03,9,13,2,8,wasao,0
big,g03,11,13,2,8,tupao,1
big,g03,12,13,2,8,tupaoo,0
big,g03,14,13,2,8,tipaoo,0
big,g03,5,14,2,1,festo,0
big,g03,7,14,2,1,pikooo,1
big,g03,9,14,2,1,guasuuuu,0
big,g03,11,14,2,1,wasiii,0
big,g03,5,14,2,2,tiopuu,0
big,g03,8,14,2,2,tipua,0
big,g03,10,14,2,2,tipaa,1
big,g03,14,14,2,2,tipoee,1
big,g03,5,14,2,3,mikaaa,0
big,g03,6,14,2,3,kima,0
big,g03,9,14,2,3,tupaa,1
big,g03,12,14,2,3,tupaa,1
big,g03,13,14,2,3,pinaa,1
big,g03,14,14,2,3,wasaaa,1
big,g03,5,14,2,4,taepee,0
big,g03,7,14,2,4,guepee,0
big,g03,8,14,2,4,tupii,0
big,g03,10,14,2,4,tupeee,0
big,g03,11,14,2,4,tipiii,1
big,g03,5,14,2,5,pokaaaa,1
big,g03,7,14,2,5,mikaaaaa,1
big,g03,9,14,2,5,putiiiiiiii,1
big,g03,12,14,2,5,mikaaaa,1
big,g03,5,14,2,6,tupaa,1
big,g03,6,14,2,6,tupiii,0
big,g03,8,14,2,6,tupaaa,1
big,g03,10,14,2,6,tupaa,1
big,g03,12,14,2,6,tupaa,1
big,g03,13,14,2,6,kipaaaa,1
big,g03,14,14,2,6,tupii,1
big,g03,5,14,2,7,tupeee,0
big,g03,6,14,2,7,tupeee,1
big,g03,9,14,2,7,tupaa,0
big,g03,11,14,2,7,tupaaa,1
big,g03,13,14,2,7,tupaa,1
big,g03,14,14,2,7,tupaa,1
big,g03,5,14,2,8,guasee,1
big,g03,6,14,2,8,pikee,0
big,g03,7,14,2,8,pikee,0
big,g03,8,14,2,8,wasee,0
big,g03,10,14,2,8,wasee,1
big,g03,11,14,2,8,tupeeh,1
big,g03,12,14,2,8,tupehh,1
big,g03,13,14,2,8,wasehh,1
big,g03,1,15,3,1,kiko,0
big,g03,1,15,3,1,kiko,1
big,g03,2,15,3,1,fistaa,0
big,g03,3,15,3,1,tuka,0
big,g03,3,15,3,1,pika,0
big,g03,5,15,3,1,pokiii,1
big,g03,7,15,3,1,tupaaa,1
big,g03,8,15,3,1,tupiia,0
big,g03,10,15,3,1,tupeeo,1
big,g03,12,15,3,1,mikiiio,1
big,g03,13,15,3,1,tupiio,1
big,g03,14,15,3,1,tupiioo,0
big,g03,1,15,3,2,kiko,0
big,g03,2,15,3,2,geasi,1
big,g03,4,15,3,2,keaso,0
big,g03,5,15,3,2,guasaa,0
big,g03,9,15,3,2,guosie,1
big,g03,11,15,3,2,gusio,1
big,g03,12,15,3,2,gusoi,1
big,g03,13,15,3,2,guosooee,1
big,g03,1,15,3,3,muti,0
big,g03,1,15,3,3,kioto,0
big,g03,2,15,3,3,iwon,0
big,g03,3,15,3,3,muko,0
big,g03,3,15,3,3,wofi,0
big,g03,4,15,3,3,kimo,0
big,g03,6,15,3,3,geasop,1
big,g03,8,15,3,3,piko,0
big,g03,10,15,3,3,guasi,1
big,g03,11,15,3,3,pikiio,1
big,g03,1,15,3,4,puti,0
big,g03,2,15,3,4,tupa,0
big,g03,5,15,3,4,guasaii,1
big,g03,7,15,3,4,tupoa,0
big,g03,9,15,3,4,pateeoo,0
big,g03,12,15,3,4,gueseeoo,0
big,g03,13,15,3,4,puteeoo,1
big,g03,14,15,3,4,gueseoo,1
big,g03,1,15,3,5,pasa,0
big,g03,1,15,3,5,eti,0
big,g03,2,15,3,5,popi,0
big,g03,3,15,3,5,puko,0
big,g03,3,15,3,5,pikiiiii,0
big,g03,4,15,3,5,pikiiii,1
big,g03,7,15,3,5,pikiiiiooo,1
big,g03,8,15,3,5,guasoooiii,1
big,g03,10,15,3,5,guesiiioo,1
big,g03,11,15,3,5,pikiiieee,1
big,g03,13,15,3,5,pikiiiaa,1
big,g03,14,15,3,5,pikiiiooo,1
big,g03,1,15,3,6,wiwi,0
big,g03,2,15,3,6,ahihi,0
big,g03,4,15,3,6,guasiuuu,0
big,g03,6,15,3,6,guasua,0
big,g03,9,15,3,6,guasio,0
big,g03,11,15,3,6,guasia,1
big,g03,1,15,3,7,guasi,1
big,g03,1,15,3,7,guasi,1
big,g03,2,15,3,7,guasi,0
big,g03,3,15,3,7,guasi,0
big,g03,3,15,3,7,guasi,0
big,g03,5,15,3,7,guasiiiii,0
big,g03,6,15,3,7,tupiiiiiii,0
big,g03,8,15,3,7,guaseeii,0
big,g03,10,15,3,7,guasiiee,1
big,g03,12,15,3,7,pikeeii,1
big,g03,1,15,3,8,guasi,1
big,g03,2,15,3,8,guasi,0
big,g03,6,15,3,8,pikaii,1
big,g03,7,15,3,8,guasaiii,1
big,g03,9,15,3,8,guasaii,0
big,g03,14,15,3,8,guasai,0
big,g03,1,16,3,1,kiko,0
big,g03,2,16,3,1,guasai,1
big,g03,4,16,3,1,kumiii,0
big,g03,6,16,3,1,guasuu,1
big,g03,7,16,3,1,pikaaa,0
big,g03,9,16,3,1,guaseeu,0
big,g03,12,16,3,1,tupiiie,1
big,g03,13,16,3,1,tupiie,0
big,g03,1,16,3,2,kika,1
big,g03,1,16,3,2,woki,0
big,g03,2,16,3,2,geasha,1
big,g03,3,16,3,2,puka,0
big,g03,6,16,3,2,geasao,1
big,g03,8,16,3,2,guoshaa,0
big,g03,10,16,3,2,gusaao,1
big,g03,11,16,3,2,gusao,1
big,g03,12,16,3,2,gusaaoo,1
big,g03,13,16,3,2,gousooaa,1
big,g03,14,16,3,2,gousaauu,1
big,g03,1,16,3,3,muti,0
big,g03,2,16,3,3,nene,0
big,g03,5,16,3,3,poke,0
big,g03,9,16,3,3,guese,0
big,g03,11,16,3,3,pikiie,0
big,g03,14,16,3,3,pikiiia,1
big,g03,1,16,3,4,poki,0
big,g03,1,16,3,4,pumo,0
big,g03,2,16,3,4,kumo,1
big,g03,3,16,3,4,tupi,0
big,g03,4,16,3,4,puti,0
big,g03,6,16,3,4,tupio,0
big,g03,7,16,3,4,tupoi,0
big,g03,8,16,3,4,guepui,0
big,g03,10,16,3,4,tupioo,0
big,g03,12,16,3,4,guesiioo,1
big,g03,13,16,3,4,putaaoo,1
big,g03,1,16,3,5,popo,0
big,g03,2,16,3,5,tego,0
big,g03,5,16,3,5,pikiiiii,0
big,g03,6,16,3,5,pikiiio,1
big,g03,7,16,3,5,pikeeeew,1
big,g03,9,16,3,5,gusiiiooo,1
big,g03,11,16,3,5,pikiiiaaa,1
big,g03,13,16,3,5,pikiiiee,0
big,g03,1,16,3,6,teti,0
big,g03,1,16,3,6,kiki,0
big,g03,2,16,3,6,mahihi,0
big,g03,3,16,3,6,gawiwi,0
big,g03,5,16,3,6,guasioo,1
big,g03,8,16,3,6,guasoa,1
big,g03,10,16,3,6,guasai,1
big,g03,11,16,3,6,guasoi,1
big,g03,14,16,3,6,guasoi,1
big,g03,1,16,3,7,guasi,1
big,g03,2,16,3,7,una,1
big,g03,4,16,3,7,guasiiiiiii,0
big,g03,9,16,3,7,guestia,1
big,g03,12,16,3,7,pikiiaa,0
big,g03,14,16,3,7,pikiiaa,0
big,g03,1,16,3,8,guasaa,1
big,g03,1,16,3,8,guassaa,1
big,g03,2,16,3,8,giaka,1
big,g03,3,16,3,8,guasi,0
big,g03,4,16,3,8,guasio,1
big,g03,5,16,3,8,guasaii,0
big,g03,7,16,3,8,guaseei,0
big,g03,8,16,3,8,guaseii,1
big,g03,10,16,3,8,guasei,1
big,g03,4,18,3,1,festiii,0
big,g03,6,18,3,1,pokaaa,1
big,g03,10,18,3,1,tupooo,0
big,g03,11,18,3,1,wasiiii,1
big,g03,14,18,3,1,pukooo,1
big,g03,4,18,3,2,putee,1
big,g03,6,18,3,2,tupa,1
big,g03,7,18,3,2,goasa,0
big,g03,8,18,3,2,goushaa,0
big,g03,9,18,3,2,gestaa,1
big,g03,4,18,3,3,kuma,0
big,g03,5,18,3,3,tupaaa,0
big,g03,7,18,3,3,pikaaa,1
big,g03,10,18,3,3,guasaa,1
big,g03,12,18,3,3,pikaa,1
big,g03,13,18,3,3,guasaa,1
big,g03,4,18,3,4,taepee,0
big,g03,6,18,3,4,tupee,0
big,g03,8,18,3,4,tupii,0
big,g03,9,18,3,4,gusiiii,1
big,g03,11,18,3,4,putiiii,0
big,g03,14,18,3,4,guesii,1
big,g03,4,18,3,5,pikeee,0
big,g03,5,18,3,5,pokoo,1
big,g03,6,18,3,5,pikaaaa,0
big,g03,10,18,3,5,guesaaaa,1
big,g03,12,18,3,5,mikaaaa,1
big,g03,14,18,3,5,pikaaaa,1
big,g03,4,18,3,6,guasiooo,0
big,g03,5,18,3,6,guasiii,0
big,g03,7,18,3,6,guasaa,0
big,g03,8,18,3,6,guasaa,1
big,g03,9,18,3,6,guasaa,1
big,g03,12,18,3,6,guasaa,1
big,g03,13,18,3,6,guasee,0
big,g03,4,18,3,7,pikeeeee,0
big,g03,7,18,3,7,guaseee,0
big,g03,10,18,3,7,guasaa,1
big,g03,11,18,3,7,pikaa,1
big,g03,13,18,3,7,putaa,1
big,g03,4,18,3,8,guasaa,1
big,g03,5,18,3,8,guapee,1
big,g03,8,18,3,8,guasee,1
big,g03,9,18,3,8,guaseeh,1
big,g03,11,18,3,8,guaseeh,1
big,g03,12,18,3,8,guaseeh,0
big,g03,13,18,3,8,guaseeh,0
big,g03,14,18,3,8,guaseeh,1
big,g03,3,19,3,1,kiko,0
big,g03,7,19,3,1,pukii,0
big,g03,8,19,3,1,tupuuu,1
big,g03,10,19,3,1,tupiiu,1
big,g03,11,19,3,1,wasuue,1
big,g03,14,19,3,1,tupuuoo,0
big,g03,3,19,3,2,gesuu,0
big,g03,4,19,3,2,tupu,0
big,g03,4,19,3,2,teanu,0
big,g03,9,19,3,2,gousiu,0
big,g03,3,19,3,3,kumo,0
big,g03,4,19,3,3,kimo,1
big,g03,4,19,3,3,moku,1
big,g03,5,19,3,3,guasaa,0
big,g03,6,19,3,3,tupuuu,0
big,g03,8,19,3,3,pikua,1
big,g03,10,19,3,3,guasoe,1
big,g03,12,19,3,3,pikuua,1
big,g03,13,19,3,3,guasuua,1
big,g03,3,19,3,4,naka,1
big,g03,7,19,3,4,guepiuu,1
big,g03,9,19,3,4,putiiu,1
big,g03,11,19,3,4,putiiuu,0
big,g03,14,19,3,4,guesiu,1
big,g03,3,19,3,5,piko,0
big,g03,4,19,3,5,pikuuuu,1
big,g03,4,19,3,5,pikuuuu,1
big,g03,5,19,3,5,pokuuu,1
big,g03,7,19,3,5,pikuuuu,1
big,g03,8,19,3,5,guasuuuaaa,1
big,g03,10,19,3,5,guesuuuaaa,1
big,g03,12,19,3,5,mikuuueee,1
big,g03,14,19,3,5,pikuuuaaa,1
big,g03,3,19,3,6,guasi,0
big,g03,4,19,3,6,guasiii,0
big,g03,4,19,3,6,guasin,0
big,g03,5,19,3,6,guasiu,0
big,g03,6,19,3,6,guasua,0
big,g03,9,19,3,6,guasua,1
big,g03,12,19,3,6,guasuua,1
big,g03,13,19,3,6,tupae,1
big,g03,3,19,3,7,guasi,0
big,g03,6,19,3,7,tupuuuu,0
big,g03,8,19,3,7,guasuu,1
big,g03,10,19,3,7,guasua,1
big,g03,11,19,3,7,pikuuaa,1
big,g03,13,19,3,7,putuuaa,1
big,g03,3,19,3,8,guaso,0
big,g03,5,19,3,8,guasouo,1
big,g03,6,19,3,8,guasou,0
big,g03,7,19,3,8,guasoe,1
big,g03,9,19,3,8,guasou,1
big,g03,11,19,3,8,guaseou,1
big,g03,12,19,3,8,guaseou,0
big,g03,13,19,3,8,pikeoo,1
big,g03,14,19,3,8,guasooe,1
big,g03,6,20,3,1,piko,0
big,g03,9,20,3,1,guasuuo,1
big,g03,11,20,3,1,wasuuo,1
big,g03,12,20,3,1,mikuuo,0
big,g03,13,20,3,1,tupuuo,0
big,g03,6,20,3,2,geasiu,0
big,g03,7,20,3,2,gusio,1
big,g03,8,20,3,2,kikuu,0
big,g03,10,20,3,2,gousuui,1
big,g03,12,20,3,2,gousiu,1
big,g03,13,20,3,2,gousiiuu,0
big,g03,14,20,3,2,kiniioo,0
big,g03,7,20,3,3,pikuu,0
big,g03,9,20,3,3,guisum,1
big,g03,14,20,3,3,guasuuuooo,1
big,g03,6,20,3,4,taepeu,0
big,g03,8,20,3,4,tupue,0
big,g03,10,20,3,4,putiuu,0
big,g03,11,20,3,4,puteeuu,0
big,g03,12,20,3,4,puteeuu,1
big,g03,13,20,3,4,puteuu,1
big,g03,6,20,3,5,pikoao,1
big,g03,9,20,3,5,guseeeuuu,0
big,g03,13,20,3,5,pikuuoo,0
big,g03,7,20,3,6,guasua,0
big,g03,8,20,3,6,guasui,1
big,g03,10,20,3,6,guasue,1
big,g03,14,20,3,6,guaseu,1
big,g03,7,20,3,7,guasuu,1
big,g03,9,20,3,7,guasuuee,1
big,g03,11,20,3,7,pikeeuu,1
big,g03,12,20,3,7,pikuuee,0
big,g03,14,20,3,7,putuuee,1
big,g03,8,20,3,8,guasaou,1
big,g03,10,20,3,8,guasao,1
big,g03,11,20,3,8,guasao,1
big,g03,2,21,3,1,umo,0
big,g03,3,21,3,1,naka,0
big,g03,3,21,3,1,naka,0
big,g03,6,21,3,1,kukii,0
big,g03,7,21,3,1,pikii,0
big,g03,9,21,3,1,tapuu,0
big,g03,10,21,3,1,tupiiii,1
big,g03,11,21,3,1,wasuu,1
big,g03,12,21,3,1,mikuuuu,1
big,g03,13,21,3,1,tupuuu,0
big,g03,2,21,3,2,uni,0
big,g03,2,21,3,2,guasu,1
big,g03,4,21,3,2,geaso,0
big,g03,6,21,3,2,geasu,0
big,g03,8,21,3,2,kakuu,0
big,g03,12,21,3,2,gousuu,1
big,g03,13,21,3,2,gousuuu,1
big,g03,14,21,3,2,gousuu,1
big,g03,2,21,3,3,nono,0
big,g03,3,21,3,3,muki,0
big,g03,3,21,3,3,wotu,1
big,g03,4,21,3,3,kumo,0
big,g03,5,21,3,3,mokuuu,0
big,g03,9,21,3,3,pikuuu,1
big,g03,10,21,3,3,guasoo,1
big,g03,14,21,3,3,pikuu,1
big,g03,2,21,3,4,nuti,0
big,g03,2,21,3,4,tupi,0
big,g03,6,21,3,4,tupooo,0
big,g03,7,21,3,4,tupuu,0
big,g03,8,21,3,4,guepuu,0
big,g03,11,21,3,4,putuuu,1
big,g03,12,21,3,4,tupuuu,0
big,g03,13,21,3,4,putuuu,1
big,g03,2,21,3,5,pifo,1
big,g03,3,21,3,5,poki,0
big,g03,3,21,3,5,piko,0
big,g03,4,21,3,5,pikooo,0
big,g03,5,21,3,5,pokuuu,0
big,g03,6,21,3,5,pikuuuu,1
big,g03,7,21,3,5,pikuuuu,1
big,g03,9,21,3,5,pikuuuuu,1
big,g03,10,21,3,5,guesuuuuu,1
big,g03,13,21,3,5,pikuuuu,1
big,g03,2,21,3,6,nama,0
big,g03,2,21,3,6,iwon,1
big,g03,4,21,3,6,guasi,0
big,g03,5,21,3,6,guasiuu,1
big,g03,8,21,3,6,guasuuu,1
big,g03,14,21,3,6,guasuu,1
big,g03,2,21,3,7,eaasi,0
big,g03,3,21,3,7,guasi,0
big,g03,3,21,3,7,guasi,0
big,g03,9,21,3,7,guasuuuu,1
big,g03,10,21,3,7,guasuu,1
big,g03,11,21,3,7,pikuu,1
big,g03,12,21,3,7,pikuu,1
big,g03,14,21,3,7,pikuuu,0
big,g03,2,21,3,8,guasaa,0
big,g03,2,21,3,8,guasoa,0
big,g03,5,21,3,8,guasoou,1
big,g03,7,21,3,8,guasou,1
big,g03,8,21,3,8,guasoo,0
big,g03,11,21,3,8,guap,0
big,g03,2,23,4,1,kika,0
big,g03,3,23,4,1,kika,0
big,g03,4,23,4,1,kika,0
big,g03,5,23,4,1,kikuuu,1
big,g03,8,23,4,1,kakuua,0
big,g03,9,23,4,1,kikuuo,0
big,g03,11,23,4,1,kinuua,1
big,g03,12,23,4,1,kinuuuo,1
big,g03,2,23,4,2,kino,0
big,g03,5,23,4,2,kunia,1
big,g03,7,23,4,2,kinoi,1
big,g03,10,23,4,2,kiniiuu,1
big,g03,12,23,4,2,kiniiuu,1
big,g03,14,23,4,2,kinieo,0
big,g03,2,23,4,3,gigigi,1
big,g03,3,23,4,3,gigigi,0
big,g03,6,23,4,3,kinu,1
big,g03,7,23,4,3,mikuuu,0
big,g03,8,23,4,3,guim,1
big,g03,9,23,4,3,gium,1
big,g03,13,23,4,3,kinue,1
big,g03,14,23,4,3,kinuuuo,1
big,g03,2,23,4,4,wafi,0
big,g03,4,23,4,4,wasi,0
big,g03,5,23,4,4,wasue,0
big,g03,10,23,4,4,waseuu,0
big,g03,11,23,4,4,waseuu,1
big,g03,12,23,4,4,wasuua,0
big,g03,2,23,4,5,weaso,1
big,g03,3,23,4,5,poko,0
big,g03,8,23,4,5,wasuuuiii,1
big,g03,9,23,4,5,wasuuue,1
big,g03,2,23,4,6,gigigi,0
big,g03,6,23,4,6,kinoo,1
big,g03,7,23,4,6,kikiu,0
big,g03,10,23,4,6,kikue,1
big,g03,13,23,4,6,kipeu,1
big,g03,14,23,4,6,wasuue,1
big,g03,2,23,4,7,kino,0
big,g03,3,23,4,7,kino,0
big,g03,4,23,4,7,poki,0
big,g03,5,23,4,7,kinuuuu,0
big,g03,6,23,4,7,kinuuuu,1
big,g03,7,23,4,7,kinuuu,1
big,g03,8,23,4,7,kinooo,0
big,g03,9,23,4,7,kinuue,1
big,g03,11,23,4,7,kinuuee,1
big,g03,12,23,4,7,kinuuee,1
big,g03,13,23,4,7,kineeuu,1
big,g03,14,23,4,7,kinuuee,0
big,g03,2,23,4,8,kima,0
big,g03,4,23,4,8,kiko,0
big,g03,6,23,4,8,wikaao,0
big,g03,10,23,4,8,kikauo,1
big,g03,11,23,4,8,pikao,1
big,g03,13,23,4,8,kikaoo,1
big,g03,1,25,4,1,kika,0
big,g03,1,25,4,1,kiko,0
big,g03,2,25,4,1,guaso,0
big,g03,3,25,4,1,kika,0
big,g03,4,25,4,1,kika,0
big,g03,5,25,4,1,kikiii,1
big,g03,8,25,4,1,kakiiu,0
big,g03,9,25,4,1,kikeea,0
big,g03,13,25,4,1,kiniie,0
big,g03,14,25,4,1,kikiiaa,1
big,g03,1,25,4,2,kino,0
big,g03,2,25,4,2,kina,1
big,g03,3,25,4,2,puka,1
big,g03,5,25,4,2,kinao,1
big,g03,7,25,4,2,kinaeu,1
big,g03,10,25,4,2,kinaaoo,1
big,g03,11,25,4,2,wesooii,1
big,g03,13,25,4,2,kinooa,1
big,g03,1,25,4,3,fest,0
big,g03,1,25,4,3,muti,0
big,g03,2,25,4,3,ahihi,0
big,g03,3,25,4,3,kuoni,1
big,g03,6,25,4,3,tia,0
big,g03,7,25,4,3,giuseeew,1
big,g03,8,25,4,3,giuse,1
big,g03,9,25,4,3,giuew,0
big,g03,11,25,4,3,kiniie,1
big,g03,12,25,4,3,kiniie,1
big,g03,1,25,4,4,kumo,0
big,g03,2,25,4,4,weasi,0
big,g03,3,25,4,4,waesi,0
big,g03,4,25,4,4,waesi,0
big,g03,5,25,4,4,wasoi,0
big,g03,10,25,4,4,wasioo,0
big,g03,13,25,4,4,kinooii,1
big,g03,14,25,4,4,wasioo,1
big,g03,1,25,4,5,waha,0
big,g03,1,25,4,5,gafa,0
big,g03,2,25,4,5,weti,0
big,g03,3,25,4,5,weastiiii,0
big,g03,8,25,4,5,wasaaaooo,1
big,g03,9,25,4,5,wasiiiaaa,1
big,g03,11,25,4,5,kinaaiii,1
big,g03,12,25,4,5,kiniiie,1
big,g03,13,25,4,5,kiniiie,1
big,g03,14,25,4,5,kiniiiaaa,1
big,g03,1,25,4,6,wiwiwiwi,0
big,g03,2,25,4,6,gigigigi,0
big,g03,3,25,4,6,wiwiwiwi,0
big,g03,6,25,4,6,kikuu,1
big,g03,7,25,4,6,kakoi,1
big,g03,10,25,4,6,kikia,1
big,g03,11,25,4,6,pikeii,1
big,g03,12,25,4,6,pikooa,0
big,g03,1,25,4,7,keti,0
big,g03,1,25,4,7,kino,1
big,g03,2,25,4,7,kino,0
big,g03,3,25,4,7,kino,0
big,g03,4,25,4,7,kapeiiiiiii,1
big,g03,5,25,4,7,kinaaaa,1
big,g03,6,25,4,7,wasaaa,1
big,g03,7,25,4,7,kinaaa,1
big,g03,8,25,4,7,kiniii,1
big,g03,9,25,4,7,kiniiiie,1
big,g03,1,25,4,8,kita,0
big,g03,2,25,4,8,kipi,0
big,g03,3,25,4,8,kiti,0
big,g03,4,25,4,8,kikoaa,1
big,g03,6,25,4,8,kikeii,1
big,g03,10,25,4,8,pikeeii,0
big,g03,12,25,4,8,pikeei,0
big,g03,14,25,4,8,kikeii,0
big,g03,6,26,4,1,kikoo,0
big,g03,8,26,4,1,kinuu,1
big,g03,9,26,4,1,kikuua,0
big,g03,11,26,4,1,kinuue,1
big,g03,14,26,4,1,kikuuaa,1
big,g03,6,26,4,2,tiua,0
big,g03,7,26,4,2,kinue,1
big,g03,10,26,4,2,kinuua,1
big,g03,7,26,4,3,giusuuua,0
big,g03,8,26,4,3,giusua,0
big,g03,9,26,4,3,giua,1
big,g03,12,26,4,3,kinuua,1
big,g03,13,26,4,3,kinuua,1
big,g03,6,26,4,4,wasii,0
big,g03,10,26,4,4,wasiiuu,1
big,g03,11,26,4,4,wasiiuu,1
big,g03,14,26,4,4,wasiuu,1
big,g03,6,26,4,5,kikuuueee,0
big,g03,8,26,4,5,wasuuuaaa,1
big,g03,9,26,4,5,wasiiiuuu,1
big,g03,12,26,4,5,kinuuueee,1
big,g03,14,26,4,5,kinuuuaaa,1
big,g03,7,26,4,6,kakuai,1
big,g03,10,26,4,6,kikua,1
big,g03,12,26,4,6,kinuuaa,1
big,g03,13,26,4,6,kipae,0
big,g03,7,26,4,7,kinuuu,1
big,g03,8,26,4,7,kinuuu,1
big,g03,9,26,4,7,kinuue,1
big,g03,11,26,4,7,kinuuaa,1
big,g03,13,26,4,7,kinuuaa,1
big,g03,10,26,4,8,pikeou,1
big,g03,11,26,4,8,pkioeu,0
big,g03,12,26,4,8,waseo,0
big,g03,13,26,4,8,pikeo,0
big,g03,14,26,4,8,kikeo,1
big,g03,4,28,4,1,kika,1
big,g03,5,28,4,1,kikaa,1
big,g03,6,28,4,1,kikuu,1
big,g03,7,28,4,1,kinaa,1
big,g03,8,28,4,1,kakiia,0
big,g03,9,28,4,1,kikeeo,1
big,g03,12,28,4,1,kikiiio,1
big,g03,14,28,4,1,kikiioo,1
big,g03,4,28,4,2,kest,0
big,g03,5,28,4,2,kino,0
big,g03,6,28,4,2,kini,1
big,g03,10,28,4,2,kinooi,1
big,g03,11,28,4,2,wesooee,1
big,g03,12,28,4,2,kinoii,1
big,g03,4,28,4,3,kika,1
big,g03,8,28,4,3,guesio,0
big,g03,9,28,4,3,giuo,0
big,g03,11,28,4,3,kiniio,1
big,g03,13,28,4,3,kino,1
big,g03,4,28,4,4,wasi,1
big,g03,5,28,4,4,wasi,1
big,g03,6,28,4,4,waseoo,1
big,g03,7,28,4,4,kakio,0
big,g03,10,28,4,4,waseoo,1
big,g03,12,28,4,4,waseeo,0
big,g03,14,28,4,4,waseo,1
big,g03,4,28,4,5,kapeeeiii,1
big,g03,6,28,4,5,kikiao,0
big,g03,7,28,4,5,saiiiooo,1
big,g03,8,28,4,5,wasiiiooo,1
big,g03,9,28,4,5,wasiiieee,0
big,g03,11,28,4,5,kiniiieee,1
big,g03,14,28,4,5,kiniiiooo,1
big,g03,4,28,4,6,kikoiii,0
big,g03,10,28,4,6,kikiiee,1
big,g03,11,28,4,6,pikiaa,1
big,g03,13,28,4,6,pikie,0
big,g03,4,28,4,7,kiniiiiiii,0
big,g03,5,28,4,7,kiniiiiii,0
big,g03,8,28,4,7,kiniiee,1
big,g03,9,28,4,7,kiniiee,1
big,g03,12,28,4,7,kiniiee,1
big,g03,13,28,4,7,kineeii,1
big,g03,4,28,4,8,wikiii,0
big,g03,7,28,4,8,pikai,0
big,g03,10,28,4,8,pikaii,0
big,g03,13,28,4,8,pikaii,0
big,g03,14,28,4,8,kikaii,1
big,g04,5,1,1,1,tap,0
big,g04,9,1,1,1,tapnee,0
big,g04,14,1,1,1,tapeft,1
big,g04,5,1,1,2,fukea,0
big,g04,7,1,1,2,funakaae,0
big,g04,8,1,1,2,funakea,0
big,g04,10,1,1,2,funakea,0
big,g04,11,1,1,2,funak-eef-a,1
big,g04,5,1,1,3,athggo,1
big,g04,6,1,1,3,sasioo,0
big,g04,7,1,1,3,tofik,0
big,g04,9,1,1,3,iioep,0
big,g04,11,1,1,3,st-ith,0
big,g04,12,1,1,3,nn-oi,0
big,g04,13,1,1,3,fit-oii,0
big,g04,5,1,1,4,fukif,0
big,g04,8,1,1,4,kppi-tu,0
big,g04,10,1,1,4,kppi-nu,0
big,g04,14,1,1,4,kppi-tus,0
big,g04,5,1,1,5,tapup,0
big,g04,9,1,1,5,etook,0
big,g04,11,1,1,5,etoki,0
big,g04,12,1,1,5,etoka,0
big,g04,14,1,1,5,etoka,0
big,g04,5,1,1,6,oonnii,0
big,g04,6,1,1,6,esi,1
big,g04,7,1,1,6,koppie-to,1
big,g04,8,1,1,6,esse,0
big,g04,10,1,1,6,tookan,0
big,g04,11,1,1,6,nuun,1
big,g04,12,1,1,6,niin-o,0
big,g04,13,1,1,6,tap-tie,1
big,g04,5,1,1,7,othko,0
big,g04,6,1,1,7,othiii,0
big,g04,7,1,1,7,tapgo,1
big,g04,9,1,1,7,tapoo,0
big,g04,13,1,1,7,tap-go,0
big,g04,5,1,1,8,kppie-woii,0
big,g04,6,1,1,8,kppi-aff,0
big,g04,8,1,1,8,kppie-iow,0
big,g04,10,1,1,8,tap-oooou,0
big,g04,12,1,1,8,kppie-iow,1
big,g04,13,1,1,8,paki-iown,0
big,g04,14,1,1,8,kppie-iow,0
big,g04,7,2,1,1,tap,0
big,g04,8,2,1,1,tapnee,0
big,g04,9,2,1,1,tapnee,1
big,g04,11,2,1,1,tap-toe,0
big,g04,12,2,1,1,tap-toe,0
big,g04,13,2,1,1,tap-toe,1
big,g04,14,2,1,1,tap-toe,0
big,g04,10,2,1,2,funak-aa,1
big,g04,12,2,1,2,funak-aa,0
big,g04,13,2,1,2,fitfunak-aa,0
big,g04,6,2,1,3,ses,0
big,g04,8,2,1,3,sas,0
big,g04,9,2,1,3,iies,1
big,g04,7,2,1,4,kppi-wa,0
big,g04,10,2,1,4,kppi-nu,0
big,g04,11,2,1,4,kppi-tu,1
big,g04,12,2,1,4,kppi-tui,0
big,g04,13,2,1,4,kppi-tuk,0
big,g04,14,2,1,4,tofaku-toe,0
big,g04,7,2,1,5,etok,0
big,g04,8,2,1,5,etok,0
big,g04,9,2,1,5,etokk,0
big,g04,13,2,1,5,paki-iow,0
big,g04,14,2,1,5,neew-ae,0
big,g04,6,2,1,6,kooo,0
big,g04,10,2,1,6,noonn,0
big,g04,6,2,1,7,kikisa,0
big,g04,8,2,1,7,tapses,0
big,g04,9,2,1,7,tapses,0
big,g04,11,2,1,7,etoses,1
big,g04,12,2,1,7,nn-ses,1
big,g04,6,2,1,8,kppi-fo,0
big,g04,7,2,1,8,kppo-ow,0
big,g04,10,2,1,8,tap-ooo,0
big,g04,11,2,1,8,nie-iown,0
big,g04,14,2,1,8,kppie-iow,0
big,g04,3,3,1,1,tap,0
big,g04,6,3,1,1,tapiup,0
big,g04,7,3,1,1,tapup,1
big,g04,8,3,1,1,tapup,0
big,g04,9,3,1,1,tapup,0
big,g04,10,3,1,1,tap-up,1
big,g04,12,3,1,1,tapp-up,1
big,g04,3,3,1,2,fuki,0
big,g04,4,3,1,2,fuki,0
big,g04,6,3,1,2,funakii,0
big,g04,11,3,1,2,funak-ii,0
big,g04,12,3,1,2,niinfunak-ii,0
big,g04,14,3,1,2,kkpie-ii,1
big,g04,3,3,1,3,sas,0
big,g04,4,3,1,3,hoppi,1
big,g04,5,3,1,3,attha,1
big,g04,8,3,1,3,saso-hh,0
big,g04,9,3,1,3,athh,0
big,g04,10,3,1,3,kithh,0
big,g04,11,3,1,3,st-hh,0
big,g04,13,3,1,3,funak-hh,1
big,g04,14,3,1,3,neew-hh,0
big,g04,3,3,1,4,keti,0
big,g04,6,3,1,4,kppi-oup,0
big,g04,7,3,1,4,kppi-oep,1
big,g04,12,3,1,4,kppi-oep,1
big,g04,3,3,1,5,etok,0
big,g04,4,3,1,5,ohto,0
big,g04,5,3,1,5,wiwi,0
big,g04,6,3,1,5,etok,0
big,g04,7,3,1,5,etok,0
big,g04,8,3,1,5,etok,0
big,g04,9,3,1,5,etook,0
big,g04,10,3,1,5,etook,0
big,g04,11,3,1,5,etoki,0
big,g04,3,3,1,6,tap,0
big,g04,4,3,1,6,goop,0
big,g04,5,3,1,6,eiiee,0
big,g04,11,3,1,6,nuun,0
big,g04,13,3,1,6,tap-te,1
big,g04,14,3,1,6,tofaki,0
big,g04,3,3,1,7,kouat,0
big,g04,8,3,1,7,tappoe,0
big,g04,9,3,1,7,tappoe,0
big,g04,10,3,1,7,tappoe,0
big,g04,12,3,1,7,nn-poe,0
big,g04,13,3,1,7,ktti-oep,1
big,g04,14,3,1,7,tap-oep,0
big,g04,3,3,1,8,tap-ii,0
big,g04,5,3,1,8,kppie-oup,1
big,g04,7,3,1,8,kpieu-oeip,0
big,g04,13,3,1,8,kppie-oep,1
big,g04,4,4,1,1,neetop,0
big,g04,6,4,1,1,tapi,0
big,g04,7,4,1,1,kouat,1
big,g04,8,4,1,1,tapnee,0
big,g04,10,4,1,1,tap-nee,1
big,g04,4,4,1,2,fikat,0
big,g04,6,4,1,2,funakoa,0
big,g04,9,4,1,2,tapp-ooa,0
big,g04,11,4,1,2,funak-eat,0
big,g04,14,4,1,2,kppie-ooa,0
big,g04,4,4,1,3,kuwot,0
big,g04,5,4,1,3,otgo,0
big,g04,8,4,1,3,saso-io,0
big,g04,10,4,1,3,kit-ouiwn,0
big,g04,11,4,1,3,st-toe,1
big,g04,12,4,1,3,nn-og,1
big,g04,13,4,1,3,fitfunak-aa,1
big,g04,14,4,1,3,neew-oi,0
big,g04,4,4,1,4,kuwout,0
big,g04,6,4,1,4,sesoup-af,0
big,g04,7,4,1,4,koppi-toe,1
big,g04,9,4,1,4,etok-tu,1
big,g04,4,4,1,5,ohto,0
big,g04,5,4,1,5,tap,1
big,g04,6,4,1,5,kppi-ak,1
big,g04,7,4,1,5,etok,0
big,g04,8,4,1,5,etook,0
big,g04,10,4,1,5,etoka,0
big,g04,11,4,1,5,etoka,1
big,g04,12,4,1,5,tap-a,1
big,g04,4,4,1,6,kpp,1
big,g04,5,4,1,6,ninniioo,0
big,g04,9,4,1,6,kitee,0
big,g04,11,4,1,6,neen,0
big,g04,12,4,1,6,funak-a,1
big,g04,13,4,1,6,tap-tei,0
big,g04,14,4,1,6,tofaku,1
big,g04,4,4,1,7,othka,0
big,g04,8,4,1,7,tapka,0
big,g04,10,4,1,7,tapkaa,0
big,g04,13,4,1,7,ktti-puk,0
big,g04,14,4,1,7,tap-oepk,0
big,g04,4,4,1,8,kppoo,1
big,g04,5,4,1,8,kppie-toe,0
big,g04,7,4,1,8,kppie-iow,0
big,g04,9,4,1,8,kppi-iow,0
big,g04,12,4,1,8,kppie-iow,0
big,g04,13,4,1,8,kppie-iow,0
big,g04,1,5,1,1,kouat,0
big,g04,2,5,1,1,tap,1
big,g04,3,5,1,1,kuti,0
big,g04,4,5,1,1,ati,0
big,g04,5,5,1,1,tapup,0
big,g04,6,5,1,1,ese,0
big,g04,7,5,1,1,tapuuu,1
big,g04,13,5,1,1,tap-up-it,0
big,g04,14,5,1,1,tap-up-ight,1
big,g04,1,5,1,2,ukanip,1
big,g04,1,5,1,2,fukip,1
big,g04,2,5,1,2,fukip,0
big,g04,5,5,1,2,fukio,0
big,g04,6,5,1,2,funakioo,0
big,g04,8,5,1,2,funakioo,0
big,g04,9,5,1,2,tapses-ioo,1
big,g04,10,5,1,2,etokiaa,0
big,g04,11,5,1,2,fuank-ieet,1
big,g04,13,5,1,2,funak-ieet,1
big,g04,1,5,1,3,kuti,0
big,g04,2,5,1,3,fatti,1
big,g04,3,5,1,3,sasie,0
big,g04,11,5,1,3,st-up,1
big,g04,12,5,1,3,st-oe,0
big,g04,1,5,1,4,tuti,0
big,g04,1,5,1,4,kata,0
big,g04,2,5,1,4,kuti,0
big,g04,4,5,1,4,kuti,0
big,g04,5,5,1,4,kppi-tu,0
big,g04,6,5,1,4,kppi-oep,0
big,g04,7,5,1,4,kppi-oep,1
big,g04,8,5,1,4,kppi-tie,1
big,g04,9,5,1,4,etok-oepk,0
big,g04,10,5,1,4,tap-oepk,0
big,g04,13,5,1,4,kppi-oepk,1
big,g04,14,5,1,4,kppi-oepk,0
big,g04,1,5,1,5,nowi,0
big,g04,2,5,1,5,toki,1
big,g04,3,5,1,5,etok,0
big,g04,6,5,1,5,kppi-ak,0
big,g04,7,5,1,5,etok,0
big,g04,11,5,1,5,etoka,1
big,g04,12,5,1,5,etoki,0
big,g04,13,5,1,5,kppi-oiw,0
big,g04,14,5,1,5,neew-ae,1
big,g04,1,5,1,6,nak,0
big,g04,1,5,1,6,ewok,0
big,g04,2,5,1,6,iattt,0
big,g04,8,5,1,6,etookk,0
big,g04,9,5,1,6,iioss,1
big,g04,10,5,1,6,tapkaa,1
big,g04,11,5,1,6,nuun,0
big,g04,12,5,1,6,niin,0
big,g04,1,5,1,7,kouat,1
big,g04,2,5,1,7,kouwat,0
big,g04,3,5,1,7,weeska,1
big,g04,4,5,1,7,othgo,0
big,g04,5,5,1,7,atka,0
big,g04,1,5,1,8,kouat,1
big,g04,1,5,1,8,tapi,0
big,g04,2,5,1,8,pati-o,0
big,g04,4,5,1,8,kppopi,0
big,g04,7,5,1,8,kuppie-oep,0
big,g04,8,5,1,8,tap-sop,1
big,g04,9,5,1,8,tap-oepie,0
big,g04,10,5,1,8,kit-oepie,1
big,g04,12,5,1,8,kppie-oep,0
big,g04,14,5,1,8,kppie-oupup,1
big,g04,8,6,1,1,tapnee,0
big,g04,9,6,1,1,tapnee,0
big,g04,11,6,1,1,tap-toe,1
big,g04,13,6,1,1,tap-toe,0
big,g04,7,6,1,2,kppooaa,0
big,g04,10,6,1,2,funakeaa,0
big,g04,13,6,1,2,funak-etaa,0
big,g04,14,6,1,2,kppie-oaa,1
big,g04,6,6,1,3,sosiiea,1
big,g04,7,6,1,3,etok,1
big,g04,8,6,1,3,kppi-to,1
big,g04,9,6,1,3,atie,0
big,g04,12,6,1,3,st-og,1
big,g04,14,6,1,3,neew-a,0
big,g04,10,6,1,4,kppi-toe,0
big,g04,11,6,1,4,kppi-tu,1
big,g04,13,6,1,4,kppi-tuk,0
big,g04,8,6,1,5,etook,0
big,g04,9,6,1,5,etok,0
big,g04,12,6,1,5,tap-a,0
big,g04,13,6,1,5,etoka,0
big,g04,6,6,1,6,iioo,0
big,g04,7,6,1,6,koppi-te,0
big,g04,10,6,1,6,niin,0
big,g04,12,6,1,6,neen-io,0
big,g04,14,6,1,6,tofaku-u,1
big,g04,6,6,1,7,othka,0
big,g04,7,6,1,7,tap,0
big,g04,8,6,1,7,tapses,0
big,g04,9,6,1,7,tapses,0
big,g04,11,6,1,7,etokai,1
big,g04,14,6,1,7,tap-oepk,0
big,g04,6,6,1,8,kppiooo,0
big,g04,10,6,1,8,tap-ieoo,0
big,g04,11,6,1,8,kppie-iow,0
big,g04,12,6,1,8,kppie-iow,1
big,g04,1,7,1,1,kouat,1
big,g04,2,7,1,1,tap,0
big,g04,3,7,1,1,tap,0
big,g04,5,7,1,1,tapup,0
big,g04,11,7,1,1,tap-up,1
big,g04,12,7,1,1,tap-up,0
big,g04,1,7,1,2,fukip,0
big,g04,2,7,1,2,fukip,0
big,g04,3,7,1,2,fukif,0
big,g04,4,7,1,2,fukef,0
big,g04,5,7,1,2,fukie,0
big,g04,7,7,1,2,funakie,0
big,g04,8,7,1,2,tap-ie,0
big,g04,9,7,1,2,funakie,0
big,g04,10,7,1,2,funak-ie,0
big,g04,12,7,1,2,funak-ie,0
big,g04,14,7,1,2,kppie-iew,1
big,g04,1,7,1,3,kete,0
big,g04,2,7,1,3,iott,0
big,g04,3,7,1,3,foetie-uh,0
big,g04,4,7,1,3,upkout,0
big,g04,6,7,1,3,tukioa,0
big,g04,7,7,1,3,tofakk,0
big,g04,13,7,1,3,neew-ow,0
big,g04,14,7,1,3,neew-ou,0
big,g04,1,7,1,4,kata-p,0
big,g04,2,7,1,4,kata,0
big,g04,3,7,1,4,kuti,0
big,g04,5,7,1,4,kppie-oep,1
big,g04,8,7,1,4,kppi-oep,1
big,g04,9,7,1,4,etook-oepk,0
big,g04,10,7,1,4,kppi-oept,0
big,g04,11,7,1,4,kppi-oept,0
big,g04,12,7,1,4,kppi-oepf,1
big,g04,1,7,1,5,kouat,0
big,g04,2,7,1,5,esse,0
big,g04,3,7,1,5,etok,0
big,g04,4,7,1,5,othego,0
big,g04,1,7,1,6,neet,0
big,g04,2,7,1,6,niin,0
big,g04,3,7,1,6,weesa,0
big,g04,4,7,1,6,niin,0
big,g04,6,7,1,6,ses,0
big,g04,7,7,1,6,koppi-to,0
big,g04,8,7,1,6,etek,0
big,g04,9,7,1,6,iieepp,0
big,g04,10,7,1,6,nuun,0
big,g04,13,7,1,6,tap-tie,0
big,g04,14,7,1,6,tofaku-ta,0
big,g04,1,7,1,7,kowat,0
big,g04,2,7,1,7,swikip,0
big,g04,3,7,1,7,tap,0
big,g04,5,7,1,7,othaa,0
big,g04,6,7,1,7,othaa,0
big,g04,7,7,1,7,tapaa,1
big,g04,11,7,1,7,etoaa,0
big,g04,12,7,1,7,nn-aa,1
big,g04,13,7,1,7,tap-aa,0
big,g04,14,7,1,7,tap-aa,1
big,g04,1,7,1,8,futa,0
big,g04,2,7,1,8,tapi-oo,1
big,g04,3,7,1,8,sesie,0
big,g04,6,7,1,8,kppie-oeii,1
big,g04,8,7,1,8,tap-oeips,1
big,g04,9,7,1,8,tap-oep,1
big,g04,10,7,1,8,tap-oupp,0
big,g04,11,7,1,8,nie-oep,0
big,g04,13,7,1,8,kppie-oepie,0
big,g04,1,9,2,1,twippip,0
big,g04,1,9,2,1,twitwi,0
big,g04,2,9,2,1,wasi,0
big,g04,3,9,2,1,neewtap,0
big,g04,4,9,2,1,neewa,1
big,g04,7,9,2,1,neewugo,0
big,g04,8,9,2,1,wiwi,0
big,g04,9,9,2,1,footnee,0
big,g04,11,9,2,1,st-toe,0
big,g04,12,9,2,1,wiwi-toe,0
big,g04,1,9,2,2,fikam,0
big,g04,2,9,2,2,ses,1
big,g04,3,9,2,2,ses,0
big,g04,10,9,2,2,ses-aa,0
big,g04,12,9,2,2,ses,0
big,g04,14,9,2,2,tap-aa----ses,0
big,g04,1,9,2,3,ses,0
big,g04,1,9,2,3,tap,1
big,g04,2,9,2,3,ses,0
big,g04,3,9,2,3,ses-uu,0
big,g04,5,9,2,3,ses,1
big,g04,6,9,2,3,ses,1
big,g04,8,9,2,3,ses,0
big,g04,9,9,2,3,ses,0
big,g04,13,9,2,3,ses,1
big,g04,14,9,2,3,ses,0
big,g04,1,9,2,4,tap,0
big,g04,2,9,2,4,tap,0
big,g04,3,9,2,4,tap,0
big,g04,4,9,2,4,tap,0
big,g04,7,9,2,4,tap,1
big,g04,10,9,2,4,ses-toe,1
big,g04,11,9,2,4,ses,1
big,g04,12,9,2,4,tap,1
big,g04,1,9,2,5,etok,0
big,g04,1,9,2,5,neet,0
big,g04,2,9,2,5,tap,1
big,g04,3,9,2,5,ses,1
big,g04,5,9,2,5,ses,1
big,g04,7,9,2,5,ses,1
big,g04,8,9,2,5,ses,1
big,g04,9,9,2,5,ses-i,1
big,g04,1,9,2,6,kouatt,0
big,g04,2,9,2,6,iattt,0
big,g04,3,9,2,6,tofak,0
big,g04,5,9,2,6,ninnoo,0
big,g04,6,9,2,6,tapi,0
big,g04,10,9,2,6,noon,1
big,g04,13,9,2,6,tofikaa,0
big,g04,14,9,2,6,tap-ak,1
big,g04,1,9,2,7,ses,0
big,g04,1,9,2,7,ses,0
big,g04,2,9,2,7,ses,1
big,g04,3,9,2,7,fees,0
big,g04,4,9,2,7,ses,1
big,g04,6,9,2,7,ses,0
big,g04,8,9,2,7,tapses,0
big,g04,9,9,2,7,ses,1
big,g04,11,9,2,7,ses,1
big,g04,12,9,2,7,ses,1
big,g04,13,9,2,7,tap-ses,0
big,g04,14,9,2,7,tofika-ses,1
big,g04,1,9,2,8,wuuuh,0
big,g04,2,9,2,8,woepieiii,1
big,g04,3,9,2,8,foetie-uh,0
big,g04,4,9,2,8,kppoeio,0
big,g04,5,9,2,8,tapie-oeii,0
big,g04,6,9,2,8,tapiiow,0
big,g04,7,9,2,8,taipieu-ow,0
big,g04,10,9,2,8,tapi-own,1
big,g04,11,9,2,8,ni-iown,0
big,g04,13,9,2,8,paki-own,1
big,g04,1,10,2,1,upon,1
big,g04,1,10,2,1,tap,1
big,g04,2,10,2,1,wasi,0
big,g04,6,10,2,1,koooo,0
big,g04,8,10,2,1,wiwia,0
big,g04,10,10,2,1,ses-toep,0
big,g04,12,10,2,1,sess-up,0
big,g04,14,10,2,1,tofika-up-eft,1
big,g04,1,10,2,2,fikip,0
big,g04,2,10,2,2,fikip,0
big,g04,3,10,2,2,fikip,0
big,g04,3,10,2,2,fikif,0
big,g04,4,10,2,2,tapef,1
big,g04,6,10,2,2,sesie,1
big,g04,7,10,2,2,sesiee,0
big,g04,9,10,2,2,sesiee,1
big,g04,11,10,2,2,ses-ieef,1
big,g04,12,10,2,2,ses-ieef,0
big,g04,1,10,2,3,tap,0
big,g04,1,10,2,3,tap,0
big,g04,2,10,2,3,iott,0
big,g04,4,10,2,3,mowa,1
big,g04,5,10,2,3,ata,0
big,g04,7,10,2,3,sesiie,1
big,g04,8,10,2,3,ses-oep,0
big,g04,10,10,2,3,tap-oe,0
big,g04,11,10,2,3,ses-up,1
big,g04,13,10,2,3,funak-etaa,0
big,g04,1,10,2,4,tap-p,1
big,g04,2,10,2,4,tap-p,0
big,g04,3,10,2,4,tap-p,0
big,g04,3,10,2,4,tap-p,1
big,g04,6,10,2,4,tap-oep,0
big,g04,9,10,2,4,ses-oepk,0
big,g04,12,10,2,4,tap-oepk,0
big,g04,14,10,2,4,tap-oepk,0
big,g04,1,10,2,5,etok,0
big,g04,1,10,2,5,fata,0
big,g04,2,10,2,5,esse,0
big,g04,4,10,2,5,seska,0
big,g04,5,10,2,5,ses,0
big,g04,6,10,2,5,kppi-fo,0
big,g04,8,10,2,5,sos,1
big,g04,10,10,2,5,ses-aa,1
big,g04,11,10,2,5,sesia,1
big,g04,14,10,2,5,ses-i,0
big,g04,1,10,2,6,neet,0
big,g04,2,10,2,6,niin,0
big,g04,3,10,2,6,tofik,0
big,g04,3,10,2,6,seswesi,0
big,g04,4,10,2,6,giet-oo,0
big,g04,5,10,2,6,niin,0
big,g04,7,10,2,6,koppi-to,0
big,g04,9,10,2,6,siss,1
big,g04,11,10,2,6,ses-io,0
big,g04,13,10,2,6,sesoo,0
big,g04,1,10,2,7,tap,0
big,g04,1,10,2,7,tap,0
big,g04,2,10,2,7,tap,1
big,g04,7,10,2,7,neeuw,1
big,g04,8,10,2,7,sesa,0
big,g04,10,10,2,7,noonaa,0
big,g04,12,10,2,7,sesaa,1
big,g04,13,10,2,7,ses-ag,0
big,g04,1,10,2,8,woupai,0
big,g04,2,10,2,8,nawoei,0
big,g04,3,10,2,8,oefiei,0
big,g04,3,10,2,8,futie,1
big,g04,5,10,2,8,tappu-uopie,1
big,g04,9,10,2,8,ses-uoepie,0
big,g04,13,10,2,8,tapi-oep,0
big,g04,14,10,2,8,taip-ieie,1
big,g04,3,11,2,1,kuwaai,0
big,g04,4,11,2,1,neewata,1
big,g04,5,11,2,1,ses,1
big,g04,7,11,2,1,nawie,0
big,g04,8,11,2,1,wiwi,0
big,g04,9,11,2,1,toep-oepie-nee,0
big,g04,12,11,2,1,sess-o,1
big,g04,13,11,2,1,tofika,0
big,g04,14,11,2,1,tofika-oown,0
big,g04,3,11,2,2,fikat,0
big,g04,4,11,2,2,fikat,0
big,g04,5,11,2,2,niinea,1
big,g04,10,11,2,2,sesooa,0
big,g04,11,11,2,2,ses-ooat,0
big,g04,12,11,2,2,ses-ooa,0
big,g04,13,11,2,2,ses-eea,0
big,g04,3,11,2,3,mutie,0
big,g04,4,11,2,3,kuti,0
big,g04,6,11,2,3,sesiiea,1
big,g04,8,11,2,3,ses-ie,0
big,g04,9,11,2,3,iiie,0
big,g04,11,11,2,3,st-oe,0
big,g04,3,11,2,4,tap-p,0
big,g04,4,11,2,4,tap-p,0
big,g04,5,11,2,4,tappie-mu,0
big,g04,7,11,2,4,tap-p,0
big,g04,10,11,2,4,ses-tu,0
big,g04,12,11,2,4,tap-tuk,1
big,g04,13,11,2,4,tap-tuk,0
big,g04,14,11,2,4,tap-toek,0
big,g04,3,11,2,5,ses,0
big,g04,4,11,2,5,esse,0
big,g04,7,11,2,5,esse,0
big,g04,8,11,2,5,ses,1
big,g04,9,11,2,5,ses-i,0
big,g04,11,11,2,5,sesio,0
big,g04,13,11,2,5,paki-a,0
big,g04,14,11,2,5,ses,0
big,g04,3,11,2,6,tofik,0
big,g04,4,11,2,6,niin,0
big,g04,6,11,2,6,niin,0
big,g04,10,11,2,6,neen,0
big,g04,11,11,2,6,nii-up,0
big,g04,3,11,2,7,sesaaaa,0
big,g04,4,11,2,7,seska,0
big,g04,5,11,2,7,athfo,0
big,g04,6,11,2,7,seska,0
big,g04,8,11,2,7,seska,0
big,g04,9,11,2,7,tapkaa,0
big,g04,12,11,2,7,ses-og,1
big,g04,3,11,2,8,foetie,1
big,g04,4,11,2,8,gietie-oo,0
big,g04,6,11,2,8,tapi-tsss,0
big,g04,7,11,2,8,taip-ie,0
big,g04,10,11,2,8,tap-iown,1
big,g04,14,11,2,8,tapi-own,1
big,g04,2,12,2,1,nawoe,1
big,g04,3,12,2,1,tapp,0
big,g04,4,12,2,1,kuwoutupi,0
big,g04,5,12,2,1,sess,0
big,g04,7,12,2,1,neewgup,0
big,g04,9,12,2,1,sessup,1
big,g04,13,12,2,1,tofika-aa,0
big,g04,14,12,2,1,tofika-up,0
big,g04,2,12,2,2,fikip,0
big,g04,3,12,2,2,fikit,0
big,g04,5,12,2,2,niinio,1
big,g04,8,12,2,2,sesio,1
big,g04,10,12,2,2,sesioo,1
big,g04,11,12,2,2,ses-iot,0
big,g04,13,12,2,2,ses-ieet,1
big,g04,2,12,2,3,iatt,0
big,g04,3,12,2,3,foetie,0
big,g04,6,12,2,3,sesio,1
big,g04,9,12,2,3,sesoss,0
big,g04,11,12,2,3,ses-up,0
big,g04,12,12,2,3,ses-poe,1
big,g04,2,12,2,4,tap-p,0
big,g04,3,12,2,4,tap-p,0
big,g04,4,12,2,4,tapp-p,0
big,g04,5,12,2,4,tappie-oep,1
big,g04,7,12,2,4,tap-oep,1
big,g04,8,12,2,4,tap-toe,1
big,g04,10,12,2,4,tap-oepk,0
big,g04,13,12,2,4,tap-oepk,0
big,g04,14,12,2,4,tap-oepk,0
big,g04,2,12,2,5,tap,0
big,g04,3,12,2,5,ses,0
big,g04,7,12,2,5,sess,0
big,g04,9,12,2,5,ses,1
big,g04,11,12,2,5,sesio,1
big,g04,12,12,2,5,ses,0
big,g04,13,12,2,5,paki-u,1
big,g04,14,12,2,5,ses-a,0
big,g04,2,12,2,6,iott,0
big,g04,3,12,2,6,tofik,0
big,g04,6,12,2,6,niiuu,0
big,g04,8,12,2,6,etok,0
big,g04,10,12,2,6,niin,0
big,g04,11,12,2,6,noon,0
big,g04,12,12,2,6,ninfuaak-i,0
big,g04,2,12,2,7,poses,1
big,g04,3,12,2,7,fitaa,0
big,g04,4,12,2,7,essego,0
big,g04,5,12,2,7,weefika,0
big,g04,6,12,2,7,tapoup,1
big,g04,9,12,2,7,tapsesioo,0
big,g04,2,12,2,8,koink,0
big,g04,3,12,2,8,toetie,0
big,g04,4,12,2,8,gietie-o,0
big,g04,6,12,2,8,tapie-sst,0
big,g04,7,12,2,8,taipie-oo,1
big,g04,8,12,2,8,tap-iep,0
big,g04,10,12,2,8,tap-oep,1
big,g04,12,12,2,8,tapi-oeiip,0
big,g04,14,12,2,8,tap-oep,0
big,g04,4,14,2,1,kutiup,0
big,g04,5,14,2,1,wiwi,0
big,g04,12,14,2,1,wasi-up,1
big,g04,13,14,2,1,tofika-up,1
big,g04,4,14,2,2,fiki,0
big,g04,5,14,2,2,sesie,0
big,g04,7,14,2,2,sesiie,0
big,g04,8,14,2,2,wiwiie,1
big,g04,9,14,2,2,sesiie,1
big,g04,10,14,2,2,sesiie,1
big,g04,11,14,2,2,ses-iief,0
big,g04,12,14,2,2,ses-iie,1
big,g04,13,14,2,2,ses-ieef,0
big,g04,14,14,2,2,tap-iie,1
big,g04,4,14,2,3,otop,0
big,g04,6,14,2,3,sesie,1
big,g04,7,14,2,3,sesiie,0
big,g04,11,14,2,3,ses-up,0
big,g04,14,14,2,3,ses-ou,1
big,g04,4,14,2,4,tap-p,1
big,g04,5,14,2,4,tap-p,0
big,g04,8,14,2,4,ses-oep,1
big,g04,9,14,2,4,ses-oept,1
big,g04,10,14,2,4,ses-oept,0
big,g04,12,14,2,4,tap-oepk,1
big,g04,13,14,2,4,tap-oepk,0
big,g04,4,14,2,5,essego,0
big,g04,11,14,2,5,seso,0
big,g04,13,14,2,5,paki-ea,0
big,g04,4,14,2,6,hoo,0
big,g04,6,14,2,6,kuaat,0
big,g04,7,14,2,6,tap-p,1
big,g04,8,14,2,6,sis,1
big,g04,9,14,2,6,sis,0
big,g04,10,14,2,6,noon,1
big,g04,11,14,2,6,eeii,1
big,g04,14,14,2,6,tap-ak,1
big,g04,4,14,2,7,essaa,0
big,g04,5,14,2,7,weefi,0
big,g04,6,14,2,7,sesoup,0
big,g04,7,14,2,7,neeuwup,1
big,g04,12,14,2,7,ses-aa,1
big,g04,14,14,2,7,tofika-oep,1
big,g04,4,14,2,8,gietie,0
big,g04,6,14,2,8,tapioeuip,0
big,g04,8,14,2,8,ses-oep,1
big,g04,9,14,2,8,tap,0
big,g04,10,14,2,8,tap-ouiiip,0
big,g04,5,16,3,1,esseup,1
big,g04,6,16,3,1,tapiup,0
big,g04,7,16,3,1,weesi,1
big,g04,9,16,3,1,sess-up,0
big,g04,11,16,3,1,ses-up,0
big,g04,12,16,3,1,wiwi-up,1
big,g04,13,16,3,1,sess-up,0
big,g04,5,16,3,2,iiooio,0
big,g04,6,16,3,2,tikuio,0
big,g04,8,16,3,2,tikumio,1
big,g04,10,16,3,2,tikumie,0
big,g04,12,16,3,2,pees-io,0
big,g04,13,16,3,2,neew-iet,1
big,g04,14,16,3,2,neew-iot,0
big,g04,5,16,3,3,othoo,0
big,g04,9,16,3,3,iieo,0
big,g04,14,16,3,3,neew-oe,0
big,g04,5,16,3,4,woesie-af,0
big,g04,6,16,3,4,neew-oep,1
big,g04,7,16,3,4,neew-oep,0
big,g04,8,16,3,4,saso-oep,0
big,g04,10,16,3,4,neew-oep,0
big,g04,11,16,3,4,neew-ki,1
big,g04,12,16,3,4,ses-oepk,1
big,g04,13,16,3,4,ses-oepk,0
big,g04,5,16,3,5,esse,0
big,g04,6,16,3,5,esseee,1
big,g04,7,16,3,5,essee,1
big,g04,9,16,3,5,esse-o,0
big,g04,13,16,3,5,esse-i,1
big,g04,5,16,3,6,ses,0
big,g04,8,16,3,6,esso,1
big,g04,10,16,3,6,iioo,0
big,g04,14,16,3,6,ses-ie,1
big,g04,5,16,3,7,atgo,0
big,g04,9,16,3,7,neeuwka,0
big,g04,11,16,3,7,neeuwkai,0
big,g04,12,16,3,7,kt-kaa,1
big,g04,14,16,3,7,nn-oepk,0
big,g04,5,16,3,8,wokhkie,1
big,g04,7,16,3,8,tiku-oup,1
big,g04,8,16,3,8,weesi-ko,0
big,g04,10,16,3,8,ses-woei,1
big,g04,11,16,3,8,ses-oep,0
big,g04,1,17,3,1,wefie,0
big,g04,1,17,3,1,twikam,0
big,g04,2,17,3,1,up,0
big,g04,3,17,3,1,neewwout,0
big,g04,8,17,3,1,hoki,0
big,g04,9,17,3,1,sess-nee,1
big,g04,11,17,3,1,st-toe,1
big,g04,13,17,3,1,sess-own,0
big,g04,1,17,3,2,tikam,0
big,g04,2,17,3,2,tikam,0
big,g04,4,17,3,2,tikom,0
big,g04,7,17,3,2,tikumoa,0
big,g04,10,17,3,2,tikumea,0
big,g04,13,17,3,2,neew-oa,0
big,g04,14,17,3,2,neew-oaw,1
big,g04,1,17,3,3,kuti,0
big,g04,1,17,3,3,kuti,0
big,g04,2,17,3,3,iattt,0
big,g04,3,17,3,3,moetie,0
big,g04,4,17,3,3,oti,0
big,g04,5,17,3,3,atggo,1
big,g04,6,17,3,3,sasaao,1
big,g04,7,17,3,3,atok,0
big,g04,8,17,3,3,saso-iit,1
big,g04,9,17,3,3,kitee,0
big,g04,12,17,3,3,kt-go,1
big,g04,14,17,3,3,neew-ses,0
big,g04,1,17,3,4,wata,0
big,g04,2,17,3,4,kati,0
big,g04,10,17,3,4,neew-toe,0
big,g04,11,17,3,4,tiko-um-tu,1
big,g04,13,17,3,4,ses-tu,1
big,g04,1,17,3,5,fas,0
big,g04,1,17,3,5,neet,0
big,g04,2,17,3,5,etok,1
big,g04,3,17,3,5,esse,0
big,g04,4,17,3,5,weska,0
big,g04,5,17,3,5,esseup,0
big,g04,8,17,3,5,essse,0
big,g04,9,17,3,5,esse-u,0
big,g04,12,17,3,5,wiwi-a,1
big,g04,13,17,3,5,esse-a,1
big,g04,1,17,3,6,kouat,0
big,g04,2,17,3,6,niin,0
big,g04,4,17,3,6,kpopoi,0
big,g04,5,17,3,6,iooii,0
big,g04,6,17,3,6,niuu,1
big,g04,7,17,3,6,iioo,0
big,g04,10,17,3,6,iiee,0
big,g04,12,17,3,6,io-ee,0
big,g04,14,17,3,6,ses-ao,0
big,g04,1,17,3,7,tofi,1
big,g04,1,17,3,7,weesi,0
big,g04,2,17,3,7,weesie,0
big,g04,3,17,3,7,weesii,0
big,g04,6,17,3,7,neew-ge,1
big,g04,7,17,3,7,weesi,0
big,g04,8,17,3,7,weesika,1
big,g04,9,17,3,7,neeuwooa,0
big,g04,11,17,3,7,esskai,1
big,g04,14,17,3,7,weesi-oepk,0
big,g04,1,17,3,8,wusik,1
big,g04,2,17,3,8,poitie,0
big,g04,5,17,3,8,woesi-aff,0
big,g04,6,17,3,8,esse-af,0
big,g04,10,17,3,8,ses-iow,0
big,g04,11,17,3,8,ses-iow,0
big,g04,12,17,3,8,ses-wn,1
big,g04,1,19,3,1,twikam,0
big,g04,3,19,3,1,wup,1
big,g04,4,19,3,1,kuwoutupi,0
big,g04,10,19,3,1,sesss-up,1
big,g04,11,19,3,1,sess-up,1
big,g04,12,19,3,1,wiwi-upa,0
big,g04,13,19,3,1,sess-up,0
big,g04,1,19,3,2,wefip,0
big,g04,1,19,3,2,tikkip,1
big,g04,2,19,3,2,tikkip,0
big,g04,2,19,3,2,tikip,0
big,g04,7,19,3,2,tikumie,0
big,g04,8,19,3,2,tikumie,1
big,g04,9,19,3,2,weesig-ie,0
big,g04,12,19,3,2,neew-ie,0
big,g04,13,19,3,2,neew-ie,1
big,g04,14,19,3,2,neew-ief,0
big,g04,1,19,3,3,kata,0
big,g04,3,19,3,3,tap-oo,0
big,g04,5,19,3,3,attgo,0
big,g04,6,19,3,3,sosie,1
big,g04,7,19,3,3,tokss,0
big,g04,10,19,3,3,kit-ie,0
big,g04,14,19,3,3,neew-ou,0
big,g04,1,19,3,4,kuti,0
big,g04,1,19,3,4,kuti-p,0
big,g04,2,19,3,4,pata,0
big,g04,2,19,3,4,esse,0
big,g04,4,19,3,4,neew,0
big,g04,8,19,3,4,saso-oep,1
big,g04,9,19,3,4,esse-oep,0
big,g04,11,19,3,4,neew-oepk,0
big,g04,12,19,3,4,ses-oepk,1
big,g04,13,19,3,4,ses-oepk,0
big,g04,1,19,3,5,etok,0
big,g04,3,19,3,5,esse,0
big,g04,5,19,3,5,essee,0
big,g04,10,19,3,5,esse-i,0
big,g04,13,19,3,5,esse-i,0
big,g04,1,19,3,6,fas,0
big,g04,1,19,3,6,neet,0
big,g04,2,19,3,6,iit,0
big,g04,2,19,3,6,iott,1
big,g04,5,19,3,6,sissee,0
big,g04,6,19,3,6,iiuu,0
big,g04,7,19,3,6,iioo,1
big,g04,8,19,3,6,essi,1
big,g04,9,19,3,6,iioo,0
big,g04,14,19,3,6,ses-oe,0
big,g04,1,19,3,7,wefie,1
big,g04,3,19,3,7,weefi,1
big,g04,4,19,3,7,weefi,0
big,g04,6,19,3,7,weesi,1
big,g04,7,19,3,7,weesi,1
big,g04,10,19,3,7,neeuwii,0
big,g04,11,19,3,7,tofikaa,0
big,g04,12,19,3,7,nn-aa,0
big,g04,14,19,3,7,weesi-aa,0
big,g04,1,19,3,8,tofi,0
big,g04,1,19,3,8,weesi,0
big,g04,2,19,3,8,tiku,0
big,g04,2,19,3,8,pieto,0
big,g04,4,19,3,8,woepss,0
big,g04,5,19,3,8,moetieopo,1
big,g04,6,19,3,8,pawie-op,0
big,g04,8,19,3,8,mak-oek,0
big,g04,9,19,3,8,sess-oip,1
big,g04,11,19,3,8,ses-oepi,0
big,g04,3,20,3,1,neew,0
big,g04,4,20,3,1,atip,0
big,g04,5,20,3,1,esse,1
big,g04,6,20,3,1,niuu,0
big,g04,8,20,3,1,tofiknee,0
big,g04,9,20,3,1,sess,0
big,g04,10,20,3,1,sess-nee,0
big,g04,3,20,3,2,tiku,0
big,g04,5,20,3,2,tikua,0
big,g04,6,20,3,2,sasaae,0
big,g04,7,20,3,2,tikumaae,0
big,g04,11,20,3,2,eaa,0
big,g04,14,20,3,2,neew-aae,0
big,g04,3,20,3,3,soet,1
big,g04,7,20,3,3,sosik,0
big,g04,8,20,3,3,saso,0
big,g04,9,20,3,3,kitio,0
big,g04,10,20,3,3,kit-oei,0
big,g04,11,20,3,3,st-oeei,0
big,g04,12,20,3,3,kt-oo,0
big,g04,13,20,3,3,neew-oi,0
big,g04,14,20,3,3,neew-oa,1
big,g04,3,20,3,4,neew-p,0
big,g04,4,20,3,4,fuki,0
big,g04,5,20,3,4,wohktie,0
big,g04,6,20,3,4,neew-fa,1
big,g04,3,20,3,5,esse,0
big,g04,6,20,3,5,esse,0
big,g04,8,20,3,5,esse,0
big,g04,9,20,3,5,esse-i,1
big,g04,10,20,3,5,esse-i,0
big,g04,11,20,3,5,essea,1
big,g04,12,20,3,5,esse-i,1
big,g04,3,20,3,6,sesee,0
big,g04,7,20,3,6,iioo,1
big,g04,11,20,3,6,iioo,0
big,g04,12,20,3,6,io-ief,0
big,g04,13,20,3,6,sess-up,0
big,g04,14,20,3,6,ses-aa,0
big,g04,3,20,3,7,seswefi,0
big,g04,4,20,3,7,weska,0
big,g04,5,20,3,7,othogggo,0
big,g04,7,20,3,7,neeuwgo,0
big,g04,8,20,3,7,neeuwgo,0
big,g04,9,20,3,7,weesigo,0
big,g04,10,20,3,7,neeuwgoi,0
big,g04,13,20,3,7,ses-goi,0
big,g04,14,20,3,7,weesi-goi,0
big,g04,3,20,3,8,woesie-oo,1
big,g04,4,20,3,8,woesiio,0
big,g04,12,20,3,8,sesown,0
big,g04,13,20,3,8,essi-iow,0
big,g04,4,21,3,1,atips,0
big,g04,6,21,3,1,esse,0
big,g04,8,21,3,1,tikumi,1
big,g04,10,21,3,1,sess-ight,0
big,g04,12,21,3,1,wiwi-aa,0
big,g04,13,21,3,1,sess-it,1
big,g04,14,21,3,1,weesi-goi,0
big,g04,4,21,3,2,tikuot,0
big,g04,6,21,3,2,tikuoo,1
big,g04,7,21,3,2,tikumoo,1
big,g04,9,21,3,2,weesigo-oo,1
big,g04,11,21,3,2,tikum-oot,1
big,g04,12,21,3,2,neew-oo,0
big,g04,13,21,3,2,neew-oo,0
big,g04,4,21,3,3,atti,0
big,g04,5,21,3,3,atha,0
big,g04,7,21,3,3,essoo,1
big,g04,8,21,3,3,saso-aa,0
big,g04,10,21,3,3,kit-aaaaa,0
big,g04,11,21,3,3,kt-aaaa,0
big,g04,4,21,3,4,neew,1
big,g04,6,21,3,4,neew,0
big,g04,9,21,3,4,esse-a,0
big,g04,12,21,3,4,ses-tu,1
big,g04,13,21,3,4,ses-ku,1
big,g04,14,21,3,4,ses-ie,0
big,g04,4,21,3,5,taut,0
big,g04,5,21,3,5,esse,0
big,g04,6,21,3,5,esse,1
big,g04,8,21,3,5,esse,1
big,g04,10,21,3,5,esse-o,1
big,g04,11,21,3,5,essoi,0
big,g04,13,21,3,5,esse-o,0
big,g04,14,21,3,5,neew-oe,0
big,g04,4,21,3,6,iop,1
big,g04,5,21,3,6,iioo,0
big,g04,7,21,3,6,iiee,1
big,g04,9,21,3,6,kitee,1
big,g04,11,21,3,6,ses-ie,1
big,g04,4,21,3,7,weesho,0
big,g04,7,21,3,7,weesika,0
big,g04,8,21,3,7,weesika,1
big,g04,10,21,3,7,neeuwka,1
big,g04,12,21,3,7,kt-ka,0
big,g04,4,21,3,8,hooi-oeo,0
big,g04,5,21,3,8,woesie,1
big,g04,9,21,3,8,ses-oeii,1
big,g04,14,21,3,8,neeuw-aaa,1
big,g04,1,22,4,1,twipam,0
big,g04,1,22,4,1,twitwi,0
big,g04,2,22,4,1,nawiewie,0
big,g04,3,22,4,1,nawoei,1
big,g04,4,22,4,1,upwout,1
big,g04,6,22,4,1,woutup,0
big,g04,7,22,4,1,kuwoutup,1
big,g04,9,22,4,1,woutup,1
big,g04,10,22,4,1,wout-up,1
big,g04,11,22,4,1,wout-up,1
big,g04,13,22,4,1,wout-up,0
big,g04,1,22,4,2,twippip,0
big,g04,2,22,4,2,swipip,0
big,g04,3,22,4,2,swipit,0
big,g04,4,22,4,2,neewit,0
big,g04,6,22,4,2,swipiio,0
big,g04,8,22,4,2,swupiio,1
big,g04,13,22,4,2,wout-iiet,1
big,g04,14,22,4,2,futi-iio,1
big,g04,1,22,4,3,sata,0
big,g04,1,22,4,3,pata,0
big,g04,2,22,4,3,iatt,0
big,g04,3,22,4,3,tatti,0
big,g04,4,22,4,3,kuwoutupi,0
big,g04,5,22,4,3,weefiko,0
big,g04,9,22,4,3,futoss,0
big,g04,10,22,4,3,fuf-oe,0
big,g04,12,22,4,3,wout-oe,0
big,g04,14,22,4,3,fatu-oa,0
big,g04,1,22,4,4,kouat,0
big,g04,2,22,4,4,kuti,0
big,g04,3,22,4,4,kuwout-p,0
big,g04,4,22,4,4,kuwoutaf,0
big,g04,6,22,4,4,kuwout-oep,1
big,g04,7,22,4,4,fato-oep,0
big,g04,8,22,4,4,fato-oep,0
big,g04,11,22,4,4,fato-oep,1
big,g04,13,22,4,4,wout-oepk,1
big,g04,1,22,4,5,fata,0
big,g04,1,22,4,5,fatta,0
big,g04,2,22,4,5,kuti,0
big,g04,3,22,4,5,kuti,0
big,g04,4,22,4,5,tofiik,0
big,g04,5,22,4,5,tofiik,0
big,g04,6,22,4,5,tofik,0
big,g04,7,22,4,5,tofiik,1
big,g04,9,22,4,5,fato-a,1
big,g04,10,22,4,5,tofiki,1
big,g04,12,22,4,5,tofike,1
big,g04,13,22,4,5,futi-ea,1
big,g04,1,22,4,6,fitu,0
big,g04,2,22,4,6,pattii,0
big,g04,3,22,4,6,fitu,0
big,g04,4,22,4,6,fati,1
big,g04,5,22,4,6,fati,0
big,g04,8,22,4,6,fitu,0
big,g04,12,22,4,6,fit-e,1
big,g04,14,22,4,6,wout-ie,1
big,g04,1,22,4,7,futik,0
big,g04,1,22,4,7,tapi,1
big,g04,2,22,4,7,tikip,0
big,g04,3,22,4,7,tofik,0
big,g04,4,22,4,7,tofigo,1
big,g04,9,22,4,7,funkioo,0
big,g04,10,22,4,7,fuinkkaa,1
big,g04,11,22,4,7,fuinkkai,1
big,g04,14,22,4,7,wout-kai,0
big,g04,1,22,4,8,kito,0
big,g04,2,22,4,8,naawieeee,0
big,g04,3,22,4,8,foetie,1
big,g04,4,22,4,8,fato-ooo,1
big,g04,5,22,4,8,foutiie-whoei,0
big,g04,7,22,4,8,futie-foets,0
big,g04,8,22,4,8,futie-oo,0
big,g04,11,22,4,8,foetie-oep,1
big,g04,12,22,4,8,foetie-oep,1
big,g04,2,23,4,1,nawoei,1
big,g04,3,23,4,1,nawoei,0
big,g04,5,23,4,1,woutwa,1
big,g04,6,23,4,1,hoki,1
big,g04,10,23,4,1,wout-a,0
big,g04,11,23,4,1,wout-iht,0
big,g04,14,23,4,1,wout-ight,1
big,g04,2,23,4,2,swipat,0
big,g04,3,23,4,2,swipot,0
big,g04,4,23,4,2,kowot,0
big,g04,5,23,4,2,swipo,0
big,g04,6,23,4,2,swipoo,0
big,g04,7,23,4,2,swupoo,0
big,g04,8,23,4,2,swupoo,0
big,g04,9,23,4,2,swup-oo,0
big,g04,2,23,4,3,watto,1
big,g04,3,23,4,3,tap,0
big,g04,4,23,4,3,gota,0
big,g04,7,23,4,3,atak,0
big,g04,10,23,4,3,fuf-aaa,0
big,g04,12,23,4,3,wout-aaaaaaa,0
big,g04,13,23,4,3,wout-aaaa,0
big,g04,2,23,4,4,kuti-p,1
big,g04,3,23,4,4,kuwoutp,0
big,g04,5,23,4,4,kuwout-pa,0
big,g04,6,23,4,4,kuwout-af,0
big,g04,8,23,4,4,fato-tu,1
big,g04,9,23,4,4,fato-tu,1
big,g04,11,23,4,4,fato-ku,0
big,g04,14,23,4,4,wout-oe,1
big,g04,2,23,4,5,kuti-p,0
big,g04,3,23,4,5,kuti,0
big,g04,4,23,4,5,tofiik,0
big,g04,6,23,4,5,tofik,0
big,g04,10,23,4,5,tofiki,0
big,g04,12,23,4,5,tofika,0
big,g04,14,23,4,5,fatu-i,1
big,g04,2,23,4,6,fatti,0
big,g04,3,23,4,6,feeees,1
big,g04,4,23,4,6,fato,1
big,g04,7,23,4,6,fati,0
big,g04,8,23,4,6,fite,0
big,g04,9,23,4,6,fito,0
big,g04,12,23,4,6,fit-aa,1
big,g04,13,23,4,6,wout-ie,0
big,g04,2,23,4,7,tipak,0
big,g04,3,23,4,7,tofik,0
big,g04,5,23,4,7,tofika,1
big,g04,7,23,4,7,tofika,0
big,g04,10,23,4,7,fuinkka,1
big,g04,11,23,4,7,fuinkka,0
big,g04,13,23,4,7,woutka,1
big,g04,2,23,4,8,waisi,0
big,g04,3,23,4,8,foetie,0
big,g04,8,23,4,8,foeti-ho,0
big,g04,9,23,4,8,futie-go,0
big,g04,11,23,4,8,foeti-iii,1
big,g04,12,23,4,8,futie-ewn,0
big,g04,13,23,4,8,futie-ooo,0
big,g04,14,23,4,8,futie-aaa,0
big,g04,2,24,4,1,naaw,0
big,g04,2,24,4,1,nawoei,0
big,g04,5,24,4,1,wouti,0
big,g04,7,24,4,1,kuwout,0
big,g04,8,24,4,1,kuwouta,0
big,g04,9,24,4,1,wout-iok,1
big,g04,10,24,4,1,wout-in,1
big,g04,11,24,4,1,wout-inks,0
big,g04,12,24,4,1,tofika-eft,0
big,g04,14,24,4,1,wout-eft,1
big,g04,2,24,4,2,swipaf,0
big,g04,3,24,4,2,swipaf,0
big,g04,4,24,4,2,swipef,0
big,g04,5,24,4,2,swipe,1
big,g04,12,24,4,2,fit-ee,1
big,g04,2,24,4,3,patti,0
big,g04,2,24,4,3,watti,0
big,g04,4,24,4,3,wefi,0
big,g04,6,24,4,3,wati,0
big,g04,8,24,4,3,fato-oo,1
big,g04,9,24,4,3,fito,1
big,g04,10,24,4,3,fuf-oooo,1
big,g04,13,24,4,3,wout-ooo,0
big,g04,2,24,4,4,kuti,0
big,g04,3,24,4,4,kuwout,1
big,g04,5,24,4,4,kuwout-ha,0
big,g04,7,24,4,4,fato-tu,1
big,g04,11,24,4,4,fato-af,1
big,g04,12,24,4,4,fato-tu,1
big,g04,14,24,4,4,wout-ku,0
big,g04,2,24,4,5,kuti,0
big,g04,2,24,4,5,kuti,1
big,g04,4,24,4,5,tofik,1
big,g04,7,24,4,5,tofik,0
big,g04,8,24,4,5,fite,1
big,g04,9,24,4,5,fato-i,1
big,g04,10,24,4,5,tofik,0
big,g04,14,24,4,5,fatu-i,0
big,g04,2,24,4,6,fati,0
big,g04,3,24,4,6,fitu,0
big,g04,4,24,4,6,fati,0
big,g04,6,24,4,6,fati,0
big,g04,13,24,4,6,wout-ai,0
big,g04,2,24,4,7,tikap,0
big,g04,2,24,4,7,tofik,0
big,g04,5,24,4,7,tofisa,1
big,g04,6,24,4,7,othho,0
big,g04,8,24,4,7,foetiego,0
big,g04,9,24,4,7,swupgo,0
big,g04,10,24,4,7,fuinkgo,1
big,g04,11,24,4,7,fuinkgo,1
big,g04,12,24,4,7,woutgo,0
big,g04,13,24,4,7,woout-go,0
big,g04,2,24,4,8,woefie,0
big,g04,3,24,4,8,futi-pi,1
big,g04,6,24,4,8,foetie-oek,0
big,g04,7,24,4,8,futie-o,0
big,g04,11,24,4,8,foetie-oo,1
big,g04,13,24,4,8,foeti-wai,1
big,g04,14,24,4,8,futie-eft,1
big,g04,5,25,4,1,wout,0
big,g04,6,25,4,1,fatinee,0
big,g04,11,25,4,1,wout-toe,1
big,g04,5,25,4,2,swipoa,0
big,g04,6,25,4,2,swipoa,0
big,g04,7,25,4,2,futoa,1
big,g04,8,25,4,2,swupoaw,0
big,g04,9,25,4,2,swup-ea,0
big,g04,10,25,4,2,tofik-ea,1
big,g04,14,25,4,2,futi-oaw,1
big,g04,5,25,4,3,otggo,0
big,g04,7,25,4,3,tofok,1
big,g04,12,25,4,3,wout-og,0
big,g04,13,25,4,3,wout-iiot,1
big,g04,14,25,4,3,wout-a,0
big,g04,5,25,4,4,kuwout-toe,0
big,g04,6,25,4,4,tofika-af,0
big,g04,8,25,4,4,fato-toe,0
big,g04,9,25,4,4,fato-toe,0
big,g04,10,25,4,4,wout-toe,1
big,g04,11,25,4,4,fato-tu,1
big,g04,5,25,4,5,tofik,0
big,g04,6,25,4,5,foeti-oek,1
big,g04,12,25,4,5,tofiku,1
big,g04,5,25,4,6,fati,0
big,g04,7,25,4,6,fato,1
big,g04,8,25,4,6,fite,0
big,g04,9,25,4,6,fitu,0
big,g04,10,25,4,6,fiiknki,0
big,g04,12,25,4,6,fit-o,1
big,g04,13,25,4,6,wout-ip,0
big,g04,14,25,4,6,wout-af,0
big,g04,5,25,4,7,tofika,0
big,g04,7,25,4,7,kuwouka,0
big,g04,11,25,4,7,fuinkkaa,0
big,g04,13,25,4,7,wout-ses,1
big,g04,14,25,4,7,wout-ses-ka,1
big,g04,5,25,4,8,foetie-e,0
big,g04,8,25,4,8,foetu-iow,0
big,g04,9,25,4,8,futie-ow,1
big,g04,10,25,4,8,fuf-oeio,1
big,g04,11,25,4,8,foetie-iow,1
big,g04,12,25,4,8,futie-own,1
big,g04,13,25,4,8,futi-iow,0
big,g04,6,27,4,1,kuwout,0
big,g04,7,27,4,1,kuwoutup,1
big,g04,10,27,4,1,wout-uup,1
big,g04,13,27,4,1,wout-up,1
big,g04,14,27,4,1,wout-up,1
big,g04,6,27,4,2,swipiie,0
big,g04,8,27,4,2,swupiie,0
big,g04,9,27,4,2,swupiie,0
big,g04,11,27,4,2,swup-iief,0
big,g04,13,27,4,2,fit-iie,0
big,g04,10,27,4,3,fuf-oe,1
big,g04,11,27,4,3,wout-upp,1
big,g04,12,27,4,3,wout-ai,1
big,g04,6,27,4,4,kuwout-oep,0
big,g04,7,27,4,4,fato-oep,1
big,g04,8,27,4,4,fato-oep,0
big,g04,9,27,4,4,fato-oep,0
big,g04,13,27,4,4,wout-oepk,0
big,g04,14,27,4,4,wout-oepk,0
big,g04,6,27,4,5,foeti-uk,0
big,g04,7,27,4,5,tofik,0
big,g04,10,27,4,5,tofik,0
big,g04,11,27,4,5,tofik-a,0
big,g04,12,27,4,5,tofika,1
big,g04,13,27,4,5,futi-iow,0
big,g04,14,27,4,5,fatu-i,0
big,g04,8,27,4,6,fitu,0
big,g04,9,27,4,6,fite,0
big,g04,11,27,4,6,fite,0
big,g04,12,27,4,6,fit-u,0
big,g04,10,27,4,7,fuinktiii,0
big,g04,7,27,4,8,futie-oepp,1
big,g04,8,27,4,8,foetie-oep,1
big,g04,9,27,4,8,futie-oepie,0
big,g04,12,27,4,8,futie-oup,1
big,g04,14,27,4,8,futie-oep,1
big,g04,1,28,4,1,tipi,0
big,g04,2,28,4,1,tiki,0
big,g04,3,28,4,1,kuwout,1
big,g04,4,28,4,1,kuwout,0
big,g04,5,28,4,1,tofik,0
big,g04,7,28,4,1,kuwout,0
big,g04,10,28,4,1,wout-nee,1
big,g04,11,28,4,1,wout-toe,1
big,g04,14,28,4,1,wout-toe,0
big,g04,1,28,4,2,twippom,0
big,g04,1,28,4,2,twipam,1
big,g04,2,28,4,2,swipam,0
big,g04,4,28,4,2,swipaf,1
big,g04,5,28,4,2,swipae,0
big,g04,8,28,4,2,swupea,0
big,g04,9,28,4,2,swupea,0
big,g04,1,28,4,3,wata,0
big,g04,2,28,4,3,kuti,0
big,g04,3,28,4,3,goetie,0
big,g04,4,28,4,3,neeta,0
big,g04,6,28,4,3,suno,0
big,g04,10,28,4,3,fuf-oo,0
big,g04,12,28,4,3,wout-oo,0
big,g04,13,28,4,3,wout-oi,0
big,g04,1,28,4,4,ses,0
big,g04,1,28,4,4,pata,0
big,g04,2,28,4,4,kuti-p,1
big,g04,4,28,4,4,kuwout,0
big,g04,5,28,4,4,foetie-af,1
big,g04,7,28,4,4,kuwout-toe,0
big,g04,8,28,4,4,fato-wie,0
big,g04,9,28,4,4,fato-m,1
big,g04,11,28,4,4,fato-fa,1
big,g04,14,28,4,4,wout-toek,0
big,g04,1,28,4,5,fata,0
big,g04,2,28,4,5,kuti,0
big,g04,3,28,4,5,kuti,0
big,g04,4,28,4,5,tofik,1
big,g04,7,28,4,5,tofik,1
big,g04,10,28,4,5,tofiki,0
big,g04,12,28,4,5,tofika,0
big,g04,14,28,4,5,fatu-a,0
big,g04,1,28,4,6,fitu,1
big,g04,1,28,4,6,gii,0
big,g04,2,28,4,6,watto,0
big,g04,4,28,4,6,fato,1
big,g04,6,28,4,6,fatu,1
big,g04,8,28,4,6,fitu,1
big,g04,9,28,4,6,fitu,0
big,g04,12,28,4,6,fit-e,1
big,g04,13,28,4,6,fit-e,0
big,g04,1,28,4,7,tofi,0
big,g04,2,28,4,7,kowat,0
big,g04,3,28,4,7,fitu,0
big,g04,4,28,4,7,tofik,1
big,g04,5,28,4,7,ottka,1
big,g04,6,28,4,7,tofika,0
big,g04,10,28,4,7,fuinkgoo,1
big,g04,11,28,4,7,fuinkgo,1
big,g04,13,28,4,7,fuinkgoi,0
big,g04,1,28,4,8,futos,0
big,g04,1,28,4,8,futi,0
big,g04,2,28,4,8,naawoeiu,0
big,g04,4,28,4,8,foetie-ii,0
big,g04,6,28,4,8,foetu-iow,1
big,g04,7,28,4,8,futie-oow,0
big,g04,8,28,4,8,foeit-iow,1
big,g04,9,28,4,8,wout-iow,1
big,g04,11,28,4,8,foetie-iow,0
big,g04,12,28,4,8,ftie-own,0
big,g04,13,28,4,8,futi-iow,0
big,g04,14,28,4,8,futie-hoeik,1
big,g05,3,1,1,1,goeww,0
big,g05,4,1,1,1,foe,1
big,g05,5,1,1,1,foeff,0
big,g05,6,1,1,1,topww,1
big,g05,8,1,1,1,humpww,1
big,g05,9,1,1,1,fon-sw,0
big,g05,10,1,1,1,fon-fe,0
big,g05,12,1,1,1,mo-sw,1
big,g05,13,1,1,1,fon-fe,1
big,g05,3,1,1,2,motopaw,1
big,g05,5,1,1,2,goempie-a,0
big,g05,6,1,1,2,monet-sw,1
big,g05,7,1,1,2,monet-sw,0
big,g05,11,1,1,2,momet-sw,1
big,g05,12,1,1,2,mo-sw,1
big,g05,13,1,1,2,monet-sw,1
big,g05,14,1,1,2,fon-sw,1
big,g05,3,1,1,3,pino,0
big,g05,7,1,1,3,monet-few,1
big,g05,8,1,1,3,momet-fe,1
big,g05,9,1,1,3,monet-fe,1
big,g05,10,1,1,3,fon-www,1
big,g05,11,1,1,3,fon-fe,1
big,g05,14,1,1,3,mo-few,1
big,g05,3,1,1,4,goena,1
big,g05,4,1,1,4,motaaa,0
big,g05,5,1,1,4,pinoma,1
big,g05,6,1,1,4,mometau,1
big,g05,12,1,1,4,fon-au,0
big,g05,13,1,1,4,momet-au,0
big,g05,3,1,1,5,pomsw,1
big,g05,6,1,1,5,monnnffffeeee,0
big,g05,8,1,1,5,mo-ffee,0
big,g05,9,1,1,5,mo-ffee,1
big,g05,10,1,1,5,mo-fe,1
big,g05,11,1,1,5,mo-fe,1
big,g05,13,1,1,5,mo-fe,0
big,g05,3,1,1,6,homka,1
big,g05,7,1,1,6,goempu,0
big,g05,11,1,1,6,fonku,1
big,g05,14,1,1,6,mometku,0
big,g05,3,1,1,7,witopsko,0
big,g05,4,1,1,7,monophouuu,1
big,g05,5,1,1,7,monethouii,0
big,g05,7,1,1,7,foni,0
big,g05,8,1,1,7,pinii,1
big,g05,9,1,1,7,fnom-houii,0
big,g05,10,1,1,7,moho,0
big,g05,12,1,1,7,monetsaa,1
big,g05,14,1,1,7,fontee,1
big,g05,3,1,1,8,psino,0
big,g05,4,1,1,8,pinet,0
big,g05,1,2,1,1,wesi,0
big,g05,2,2,1,1,koemep,0
big,g05,3,2,1,1,goep,0
big,g05,8,2,1,1,fontopp,0
big,g05,12,2,1,1,mo-ko,1
big,g05,1,2,1,2,hoemp,0
big,g05,1,2,1,2,hoemp,1
big,g05,2,2,1,2,woesik,0
big,g05,3,2,1,2,pomkp,1
big,g05,4,2,1,2,motop,0
big,g05,7,2,1,2,monet-kp,1
big,g05,9,2,1,2,hoemp,0
big,g05,10,2,1,2,mo-ko,1
big,g05,11,2,1,2,momet-ko,1
big,g05,12,2,1,2,mo-ko,1
big,g05,14,2,1,2,fon-ko,1
big,g05,1,2,1,3,tung,0
big,g05,2,2,1,3,sung,0
big,g05,3,2,1,3,poopup,0
big,g05,4,2,1,3,nuii,0
big,g05,5,2,1,3,monetaa,1
big,g05,6,2,1,3,monet-ipp,1
big,g05,7,2,1,3,monet-huui,1
big,g05,8,2,1,3,momet-ko,0
big,g05,11,2,1,3,fon-hui,1
big,g05,13,2,1,3,monet-hi,1
big,g05,14,2,1,3,mo-hi,1
big,g05,1,2,1,4,weto,1
big,g05,1,2,1,4,wets,0
big,g05,2,2,1,4,mote,0
big,g05,3,2,1,4,goewo,1
big,g05,9,2,1,4,mo-ui,1
big,g05,10,2,1,4,fon-ui,0
big,g05,12,2,1,4,fon-ui,0
big,g05,1,2,1,5,motop,0
big,g05,2,2,1,5,witop,0
big,g05,3,2,1,5,pomop,0
big,g05,4,2,1,5,mokooooppp,1
big,g05,5,2,1,5,fokoo,1
big,g05,8,2,1,5,mo-ko,1
big,g05,11,2,1,5,momet-kooop,1
big,g05,1,2,1,6,pnuun,1
big,g05,1,2,1,6,weasi,0
big,g05,2,2,1,6,hiu,0
big,g05,3,2,1,6,witkpski,0
big,g05,4,2,1,6,witkom,0
big,g05,5,2,1,6,goempio,1
big,g05,6,2,1,6,topnn,0
big,g05,7,2,1,6,goemik,0
big,g05,9,2,1,6,monetko,1
big,g05,10,2,1,6,moko,0
big,g05,11,2,1,6,fonko,0
big,g05,13,2,1,6,moko,1
big,g05,14,2,1,6,mometko,0
big,g05,1,2,1,7,homp,0
big,g05,2,2,1,7,homp,1
big,g05,3,2,1,7,hompsiop,0
big,g05,6,2,1,7,monetsoo,0
big,g05,7,2,1,7,foniis,0
big,g05,8,2,1,7,fonsopp,1
big,g05,12,2,1,7,mometkopp,1
big,g05,13,2,1,7,mometp,0
big,g05,14,2,1,7,fonko,1
big,g05,1,2,1,8,homp,0
big,g05,1,2,1,8,homp,0
big,g05,2,2,1,8,huimp,0
big,g05,3,2,1,8,pinu,0
big,g05,5,2,1,8,pinoms,0
big,g05,6,2,1,8,pinat,1
big,g05,9,2,1,8,fonsup,1
big,g05,10,2,1,8,fon-ppp,1
big,g05,13,2,1,8,fon-uo,1
big,g05,5,3,1,1,fonn,1
big,g05,7,3,1,1,fonn,0
big,g05,11,3,1,1,fon-ok,1
big,g05,5,3,1,2,goempia,0
big,g05,8,3,1,2,humpes,1
big,g05,9,3,1,2,hoemp-es,0
big,g05,10,3,1,2,mo-es,1
big,g05,14,3,1,2,fon-ea,1
big,g05,5,3,1,3,fometswaat,0
big,g05,6,3,1,3,monet-et,0
big,g05,12,3,1,3,momet-esa,1
big,g05,13,3,1,3,monet-esa,0
big,g05,14,3,1,3,mo-ea,0
big,g05,5,3,1,4,pnuumoa,0
big,g05,7,3,1,4,mometa,0
big,g05,8,3,1,4,mometoa,1
big,g05,9,3,1,4,mo-oa,1
big,g05,10,3,1,4,fon-oa,1
big,g05,11,3,1,4,momet-oa,1
big,g05,5,3,1,5,motfff,1
big,g05,7,3,1,5,motffsss,0
big,g05,12,3,1,5,mo-es,1
big,g05,5,3,1,6,pnuun,0
big,g05,6,3,1,6,goemp,0
big,g05,8,3,1,6,goempa,0
big,g05,9,3,1,6,monwt,1
big,g05,10,3,1,6,moko,0
big,g05,12,3,1,6,momk,0
big,g05,13,3,1,6,fonsa,1
big,g05,14,3,1,6,mometok,0
big,g05,5,3,1,7,monetiii,1
big,g05,6,3,1,7,monetih,0
big,g05,11,3,1,7,mo-hmnnn,0
big,g05,13,3,1,7,mometsa,0
big,g05,14,3,1,7,fonta,1
big,g05,5,3,1,8,pinat,0
big,g05,6,3,1,8,montaaaa,1
big,g05,7,3,1,8,pinet,0
big,g05,8,3,1,8,pina,0
big,g05,9,3,1,8,finu-es,1
big,g05,10,3,1,8,fon-nn,0
big,g05,11,3,1,8,fon-aa,1
big,g05,12,3,1,8,fon-au,1
big,g05,13,3,1,8,fon-ea,1
big,g05,1,4,1,1,naat,1
big,g05,2,4,1,1,goepi,0
big,g05,3,4,1,1,goenu,0
big,g05,5,4,1,1,tup-t,0
big,g05,6,4,1,1,topp,1
big,g05,7,4,1,1,fonup,1
big,g05,9,4,1,1,fon-up,1
big,g05,10,4,1,1,fon-up,1
big,g05,11,4,1,1,fon-uuu,1
big,g05,13,4,1,1,fon-nu,1
big,g05,1,4,1,2,hoempu,0
big,g05,2,4,1,2,hoempoh,0
big,g05,3,4,1,2,pomop,0
big,g05,4,4,1,2,moto,0
big,g05,4,4,1,2,motopop,0
big,g05,5,4,1,2,goempi-up,1
big,g05,6,4,1,2,monet-uuu,1
big,g05,8,4,1,2,fon-nu,1
big,g05,13,4,1,2,mo-uuu,1
big,g05,14,4,1,2,fon-ooo,1
big,g05,1,4,1,3,ponk,0
big,g05,2,4,1,3,witko,0
big,g05,3,4,1,3,psuno,1
big,g05,4,4,1,3,fokk,0
big,g05,4,4,1,3,foip,1
big,g05,9,4,1,3,monet-uuu,1
big,g05,10,4,1,3,fon-uuu,1
big,g05,12,4,1,3,monet-uuu,0
big,g05,14,4,1,3,mo-uu,0
big,g05,1,4,1,4,geta,1
big,g05,2,4,1,4,mota,0
big,g05,3,4,1,4,goepu,1
big,g05,5,4,1,4,pnuumu,0
big,g05,6,4,1,4,mometu,1
big,g05,7,4,1,4,goemu,1
big,g05,8,4,1,4,momet-u,1
big,g05,11,4,1,4,momet-uuu,1
big,g05,13,4,1,4,momet-u,1
big,g05,1,4,1,5,mote,1
big,g05,2,4,1,5,mote,0
big,g05,3,4,1,5,mote,0
big,g05,4,4,1,5,motuiop,0
big,g05,4,4,1,5,pomuuu,0
big,g05,6,4,1,5,momuuuuup,0
big,g05,7,4,1,5,mo-uuu,1
big,g05,9,4,1,5,mo-uu,1
big,g05,10,4,1,5,mo-uuu,1
big,g05,12,4,1,5,mo-uu,1
big,g05,13,4,1,5,mo-uu,1
big,g05,1,4,1,6,mote,1
big,g05,2,4,1,6,witkom,0
big,g05,3,4,1,6,hompsio,0
big,g05,4,4,1,6,pinu,0
big,g05,4,4,1,6,pinotii,0
big,g05,8,4,1,6,mohu,1
big,g05,12,4,1,6,moki,1
big,g05,14,4,1,6,mometki,1
big,g05,1,4,1,7,khomp,0
big,g05,2,4,1,7,hompsu,0
big,g05,3,4,1,7,hompkwa,1
big,g05,5,4,1,7,monetwoo,0
big,g05,9,4,1,7,fnomwa,1
big,g05,10,4,1,7,mometiiwa,0
big,g05,11,4,1,7,momet-koo,0
big,g05,14,4,1,7,fonuu,1
big,g05,1,4,1,8,tssop,0
big,g05,2,4,1,8,wiosi,1
big,g05,3,4,1,8,pinep,0
big,g05,7,4,1,8,pinet-es,0
big,g05,8,4,1,8,pinaat,0
big,g05,11,4,1,8,fon-iii,1
big,g05,12,4,1,8,fon-aaa,1
big,g05,8,5,1,1,fonm,1
big,g05,9,5,1,1,fon-hn,0
big,g05,10,5,1,1,fon-em,1
big,g05,13,5,1,1,fon-uk,1
big,g05,14,5,1,1,fon-uk,0
big,g05,7,5,1,2,pinot-hm,1
big,g05,11,5,1,2,momet-hm,0
big,g05,13,5,1,2,monet-hm,1
big,g05,6,5,1,3,monetaa,0
big,g05,7,5,1,3,monet-hnn,1
big,g05,8,5,1,3,monet-uk,0
big,g05,9,5,1,3,monet-hn,1
big,g05,10,5,1,3,fon-ik,1
big,g05,11,5,1,3,fon-hn,1
big,g05,12,5,1,3,monet-hnn,1
big,g05,13,5,1,4,momet-io,1
big,g05,14,5,1,4,momet-uk,1
big,g05,8,5,1,5,mo-hnm,0
big,g05,9,5,1,5,mo-hnm,0
big,g05,10,5,1,5,mo-hnm,1
big,g05,11,5,1,5,mo-hnmm,0
big,g05,12,5,1,5,mo-hn,1
big,g05,13,5,1,5,mo-hn,1
big,g05,14,5,1,5,mo-hn,1
big,g05,6,5,1,6,goempia,0
big,g05,7,5,1,6,goemi,1
big,g05,11,5,1,6,fonuk,0
big,g05,12,5,1,6,mouk,1
big,g05,6,5,1,7,monethouii,0
big,g05,7,5,1,7,fonm-haa,1
big,g05,8,5,1,7,fonm-haa,1
big,g05,9,5,1,7,pnuun-haa,0
big,g05,10,5,1,7,momethhaa,1
big,g05,6,5,1,8,pinet,0
big,g05,12,5,1,8,fon-oi,0
big,g05,14,5,1,8,fon-im,1
big,g05,2,6,1,1,goep,0
big,g05,4,6,1,1,fopp,0
big,g05,6,6,1,1,topkk,1
big,g05,7,6,1,1,fonkk,0
big,g05,8,6,1,1,fon-hk,1
big,g05,10,6,1,1,fon-hk,0
big,g05,11,6,1,1,fon-hk,1
big,g05,12,6,1,1,mo-hk,1
big,g05,14,6,1,1,fonhk-of-mohk,0
big,g05,2,6,1,2,hoempk,0
big,g05,3,6,1,2,pompkk,0
big,g05,4,6,1,2,motkkk,0
big,g05,6,6,1,2,monet-kkk,1
big,g05,9,6,1,2,fnom-kkk,0
big,g05,12,6,1,2,mo-kkk,1
big,g05,2,6,1,3,fank,0
big,g05,4,6,1,3,fonn,0
big,g05,5,6,1,3,nuuikk,0
big,g05,8,6,1,3,momet-kkk,1
big,g05,10,6,1,3,fon-kkk,0
big,g05,13,6,1,3,monet-kkk,1
big,g05,2,6,1,4,mote,0
big,g05,3,6,1,4,goeno,0
big,g05,4,6,1,4,mote,0
big,g05,6,6,1,4,momentii,0
big,g05,7,6,1,4,memoti,0
big,g05,9,6,1,4,mo-i,0
big,g05,11,6,1,4,momet-i,0
big,g05,12,6,1,4,fon-i,0
big,g05,14,6,1,4,momet-i,1
big,g05,2,6,1,5,mopok,1
big,g05,4,6,1,5,mohkkkk,0
big,g05,5,6,1,5,moghkkk,1
big,g05,6,6,1,5,mofghk,1
big,g05,7,6,1,5,mohhkkkkk,1
big,g05,8,6,1,5,mo-ghkkkk,1
big,g05,10,6,1,5,mo-hk,1
big,g05,14,6,1,5,mo-kk,1
big,g05,2,6,1,6,waes,0
big,g05,3,6,1,6,mote,1
big,g05,4,6,1,6,pinottii,0
big,g05,5,6,1,6,goempie,0
big,g05,9,6,1,6,monetkkkk,1
big,g05,13,6,1,6,fonuuuu,0
big,g05,2,6,1,7,hompapsa,0
big,g05,4,6,1,7,hompa,0
big,g05,8,6,1,7,fnom-wee,1
big,g05,10,6,1,7,koemet-oom,0
big,g05,11,6,1,7,momet-moo,0
big,g05,12,6,1,7,monetkk,1
big,g05,13,6,1,7,mometkk,0
big,g05,2,6,1,8,wuusi,0
big,g05,3,6,1,8,pina,0
big,g05,4,6,1,8,pinu,0
big,g05,5,6,1,8,pini,0
big,g05,7,6,1,8,pinuut,0
big,g05,9,6,1,8,fon-ast,1
big,g05,11,6,1,8,fon-uuu,0
big,g05,13,6,1,8,fon-oo,0
big,g05,14,6,1,8,fon-oo,0
big,g05,3,7,1,1,goenn,0
big,g05,4,7,1,1,nnnn,0
big,g05,5,7,1,1,mogffff,0
big,g05,9,7,1,1,fon-kn,0
big,g05,11,7,1,1,fon-ok,1
big,g05,14,7,1,1,fon-ok,1
big,g05,3,7,1,2,pompom,1
big,g05,5,7,1,2,goempieas,0
big,g05,7,7,1,2,pinet-es,1
big,g05,8,7,1,2,fon-es,0
big,g05,10,7,1,2,pinot-es,0
big,g05,3,7,1,3,piuup,0
big,g05,6,7,1,3,monet-hm,0
big,g05,7,7,1,3,motf-ko,0
big,g05,9,7,1,3,monet-ok,0
big,g05,12,7,1,3,monet-es,1
big,g05,13,7,1,3,monet-ess,0
big,g05,3,7,1,4,koemep,0
big,g05,4,7,1,4,motap,1
big,g05,5,7,1,4,pino,1
big,g05,8,7,1,4,momet-oa,1
big,g05,10,7,1,4,momet-oa,0
big,g05,11,7,1,4,momet-oa,1
big,g05,14,7,1,4,momet-ko,1
big,g05,3,7,1,5,mitopaaa,0
big,g05,9,7,1,5,mo-es,1
big,g05,12,7,1,5,mo-es,0
big,g05,14,7,1,5,mo-es,1
big,g05,3,7,1,6,witopsko,0
big,g05,6,7,1,6,topws,1
big,g05,7,7,1,6,mometus,1
big,g05,8,7,1,6,mohnm,0
big,g05,10,7,1,6,momettf,1
big,g05,12,7,1,6,mouh,1
big,g05,13,7,1,6,fonuh,1
big,g05,3,7,1,7,hompka,0
big,g05,4,7,1,7,mokpopsi,0
big,g05,5,7,1,7,nuikhuuu,1
big,g05,6,7,1,7,mometsohp,0
big,g05,7,7,1,7,fonnpopsi,0
big,g05,9,7,1,7,fnommm,0
big,g05,11,7,1,7,momet-hn,0
big,g05,13,7,1,7,mometnff,1
big,g05,3,7,1,8,pinu,0
big,g05,4,7,1,8,pinet,0
big,g05,6,7,1,8,monnfaaaa,0
big,g05,8,7,1,8,fnom-oo,0
big,g05,10,7,1,8,fon-oo,0
big,g05,11,7,1,8,fon-euu,0
big,g05,12,7,1,8,fon-aa,0
big,g05,13,7,1,8,fon-ae,1
big,g05,14,7,1,8,fon-ea,1
big,g05,1,8,2,1,witop,1
big,g05,1,8,2,1,witop,1
big,g05,2,8,2,1,witoe,0
big,g05,3,8,2,1,wite,0
big,g05,4,8,2,1,topmet,1
big,g05,5,8,2,1,tnuwww,1
big,g05,7,8,2,1,tiptop,1
big,g05,9,8,2,1,wittop-sw,0
big,g05,11,8,2,1,pnuun-ku,1
big,g05,13,8,2,1,pnuun-fe,1
big,g05,14,8,2,1,tipnip-fe,1
big,g05,1,8,2,2,witpo,1
big,g05,2,8,2,2,witopw,1
big,g05,3,8,2,2,witopwaf,0
big,g05,5,8,2,2,pnuunwaf,1
big,g05,8,8,2,2,witop-sw,1
big,g05,10,8,2,2,tnu-sw,1
big,g05,13,8,2,2,witop-fe,1
big,g05,1,8,2,3,humo,0
big,g05,1,8,2,3,peft,1
big,g05,2,8,2,3,pnuun,0
big,g05,3,8,2,3,weas,0
big,g05,6,8,2,3,top-mhh,1
big,g05,9,8,2,3,pnuun-sw,1
big,g05,12,8,2,3,tipnu-sw,1
big,g05,1,8,2,4,hungi,1
big,g05,2,8,2,4,momona,0
big,g05,3,8,2,4,hompa,0
big,g05,4,8,2,4,witopu,0
big,g05,5,8,2,4,pnuumu,1
big,g05,7,8,2,4,witopu,1
big,g05,8,8,2,4,tsu-au,0
big,g05,10,8,2,4,tip-au,0
big,g05,11,8,2,4,witop-sw,1
big,g05,13,8,2,4,tnuu-au,1
big,g05,14,8,2,4,pnu-au,0
big,g05,1,8,2,5,tnuup,0
big,g05,1,8,2,5,tnuup,1
big,g05,2,8,2,5,tnuup,0
big,g05,3,8,2,5,tnuup,0
big,g05,7,8,2,5,tnu-ffffeeeee,0
big,g05,9,8,2,5,tnu-ffee,1
big,g05,12,8,2,5,tnu-fe,1
big,g05,13,8,2,5,pnu-fe,1
big,g05,14,8,2,5,pnu-fe,1
big,g05,1,8,2,6,pnuun,0
big,g05,2,8,2,6,weasi,1
big,g05,3,8,2,6,witkom,0
big,g05,6,8,2,6,pnuhi,1
big,g05,8,8,2,6,motu,0
big,g05,10,8,2,6,pnuufe,0
big,g05,12,8,2,6,pnuunku,1
big,g05,1,8,2,7,pnuut,1
big,g05,1,8,2,7,tnuup,1
big,g05,2,8,2,7,witopwaff,1
big,g05,3,8,2,7,witopwasffk,0
big,g05,4,8,2,7,tnusaff,0
big,g05,5,8,2,7,topetff,0
big,g05,6,8,2,7,witopaffg,0
big,g05,9,8,2,7,witopwffa,1
big,g05,11,8,2,7,tnuu-kwee,1
big,g05,1,8,2,8,pnuut,1
big,g05,2,8,2,8,tnoop,0
big,g05,3,8,2,8,pnoop,0
big,g05,4,8,2,8,pnoos,0
big,g05,6,8,2,8,pnoop,0
big,g05,7,8,2,8,pnoop,1
big,g05,8,8,2,8,pnoop,0
big,g05,10,8,2,8,pnoop,1
big,g05,11,8,2,8,pnu-oo,0
big,g05,12,8,2,8,pnu-oo,0
big,g05,14,8,2,8,pnu-sw,1
big,g05,10,9,2,1,wittip-a-na-o,0
big,g05,12,9,2,1,pnuun-ko,1
big,g05,13,9,2,1,pnuun-ko,1
big,g05,7,9,2,2,topkp,0
big,g05,8,9,2,2,witop-kp,1
big,g05,9,9,2,2,witop-iii,1
big,g05,11,9,2,2,witop-ko,1
big,g05,12,9,2,2,pnuum-ko,1
big,g05,13,9,2,2,witop-ko,1
big,g05,14,9,2,2,witop-ko,0
big,g05,6,9,2,3,toppipp,0
big,g05,7,9,2,3,tnu-kkoo,1
big,g05,10,9,2,3,pnuun-ko,0
big,g05,11,9,2,3,pnuun-ko,1
big,g05,14,9,2,3,pnuun-ko,1
big,g05,8,9,2,4,tsu-ui,0
big,g05,9,9,2,4,witop-ui,0
big,g05,12,9,2,4,witop-ui,0
big,g05,13,9,2,4,witop-ui,1
big,g05,10,9,2,5,tnu-ko,1
big,g05,11,9,2,5,tnu-ko,1
big,g05,13,9,2,5,tnu-ko,1
big,g05,6,9,2,6,pnuun,0
big,g05,7,9,2,6,pnuo,0
big,g05,8,9,2,6,pnuunko,1
big,g05,9,9,2,6,pnuunko,1
big,g05,11,9,2,6,pnuunko,0
big,g05,14,9,2,6,pnuunko,1
big,g05,6,9,2,7,witopiii,0
big,g05,7,9,2,7,tiptopwoee,1
big,g05,10,9,2,7,pnuunii,1
big,g05,12,9,2,7,tippnuu-opp,1
big,g05,14,9,2,7,tipnuuiopp,1
big,g05,6,9,2,8,pnaat,1
big,g05,8,9,2,8,pnaat,1
big,g05,9,9,2,8,pnaat,1
big,g05,4,10,2,1,topnn,0
big,g05,6,10,2,1,topnn,0
big,g05,7,10,2,1,topnnn,0
big,g05,8,10,2,1,wit-es,1
big,g05,11,10,2,1,pnuun-ok,1
big,g05,12,10,2,1,tnu-ok,1
big,g05,14,10,2,1,tipnip-kn,1
big,g05,4,10,2,2,witopas,1
big,g05,6,10,2,2,pnuun-wa,0
big,g05,9,10,2,2,witop-es,1
big,g05,10,10,2,2,tnu-es,1
big,g05,12,10,2,2,pnuum-es,1
big,g05,4,10,2,3,topipp,0
big,g05,5,10,2,3,topswaat,0
big,g05,8,10,2,3,tsu-es,1
big,g05,13,10,2,3,witop-es,1
big,g05,4,10,2,4,witopa,0
big,g05,6,10,2,4,witopoa,0
big,g05,7,10,2,4,witopoa,0
big,g05,9,10,2,4,witop-oa,1
big,g05,10,10,2,4,witi-oa,1
big,g05,11,10,2,4,witop-oa,1
big,g05,12,10,2,4,pnu-oa,0
big,g05,14,10,2,4,pnu-oa,1
big,g05,4,10,2,5,tnueesss,0
big,g05,5,10,2,5,tnutffff,0
big,g05,6,10,2,5,tnutffs,1
big,g05,7,10,2,5,tnu-essss,1
big,g05,8,10,2,5,tnu-wa,1
big,g05,14,10,2,5,pnuun-es,1
big,g05,4,10,2,6,pnuun,1
big,g05,5,10,2,6,pnuun,0
big,g05,9,10,2,6,pnuunok,1
big,g05,10,10,2,6,pnuuuh,1
big,g05,13,10,2,6,pnuunok,1
big,g05,4,10,2,7,witop,0
big,g05,8,10,2,7,tip-mmuu,0
big,g05,11,10,2,7,tnuu-hnhh,0
big,g05,12,10,2,7,tipnu-gff,1
big,g05,13,10,2,7,tnuutipsa,1
big,g05,4,10,2,8,pnuus,0
big,g05,5,10,2,8,pnuum,0
big,g05,7,10,2,8,pnaap,1
big,g05,9,10,2,8,pneem,1
big,g05,10,10,2,8,pnuun-aa,1
big,g05,11,10,2,8,pnuun-we,0
big,g05,13,10,2,8,pnu-ea,1
big,g05,14,10,2,8,pnu-ea,1
big,g05,1,11,2,1,witpon,1
big,g05,2,11,2,1,witom,0
big,g05,4,11,2,1,topmm,0
big,g05,6,11,2,1,pinuunn,0
big,g05,7,11,2,1,tipnopmmm,1
big,g05,8,11,2,1,witnopm,1
big,g05,13,11,2,1,pnuun-uk,1
big,g05,14,11,2,1,tipnip-hn,1
big,g05,1,11,2,2,witopi,0
big,g05,1,11,2,2,pinop,0
big,g05,2,11,2,2,witopnm,1
big,g05,3,11,2,2,weunhm,0
big,g05,6,11,2,2,tophm,1
big,g05,9,11,2,2,pnuun-hm,0
big,g05,10,11,2,2,tnu-hm,1
big,g05,11,11,2,2,witop-hm,1
big,g05,13,11,2,2,witop-hm,1
big,g05,1,11,2,3,hung,0
big,g05,2,11,2,3,witop,0
big,g05,5,11,2,3,topett,0
big,g05,8,11,2,3,tsu-ik,0
big,g05,11,11,2,3,pnuun-hnn,1
big,g05,12,11,2,3,tipnu-ik,0
big,g05,1,11,2,4,puito,0
big,g05,1,11,2,4,keft,1
big,g05,2,11,2,4,koemet,0
big,g05,3,11,2,4,goepig,0
big,g05,4,11,2,4,witopaa,1
big,g05,6,11,2,4,witopo,1
big,g05,7,11,2,4,pnuio,0
big,g05,9,11,2,4,witop-io,0
big,g05,10,11,2,4,koemet-io,0
big,g05,13,11,2,4,witop-io,0
big,g05,14,11,2,4,witop-io,0
big,g05,1,11,2,5,momon,0
big,g05,2,11,2,5,momom,0
big,g05,5,11,2,5,tnuhnmm,0
big,g05,6,11,2,5,tnuuunnnnnnn,1
big,g05,7,11,2,5,tnu-hnnm,0
big,g05,8,11,2,5,tnu-hhhnnnnmmm,0
big,g05,11,11,2,5,tnu-hnmm,0
big,g05,12,11,2,5,tnu-hn,1
big,g05,13,11,2,5,tnuhn,1
big,g05,14,11,2,5,pnu-hn,1
big,g05,1,11,2,6,koemet,0
big,g05,1,11,2,6,momon,0
big,g05,2,11,2,6,koemo,0
big,g05,3,11,2,6,pnuun,0
big,g05,5,11,2,6,weasi,0
big,g05,9,11,2,6,pnuok,0
big,g05,10,11,2,6,pnuuuk,1
big,g05,11,11,2,6,pnuunuk,0
big,g05,12,11,2,6,pnuunok,0
big,g05,1,11,2,7,pguut,0
big,g05,2,11,2,7,witop,0
big,g05,4,11,2,7,witopko,0
big,g05,8,11,2,7,tipmm,0
big,g05,1,11,2,8,pwuut,1
big,g05,1,11,2,8,tnoop,1
big,g05,2,11,2,8,tniip,1
big,g05,3,11,2,8,pnuut,0
big,g05,4,11,2,8,pnuuf,0
big,g05,5,11,2,8,pnuum,1
big,g05,7,11,2,8,tnuuw,0
big,g05,9,11,2,8,pnuus,0
big,g05,10,11,2,8,pnuun-nn,0
big,g05,12,11,2,8,pnu-ee,0
big,g05,14,11,2,8,pnu-im,1
big,g05,2,13,2,1,wita,0
big,g05,3,13,2,1,topa,1
big,g05,5,13,2,1,tinaaa,1
big,g05,6,13,2,1,topaaaaa,0
big,g05,7,13,2,1,topaa,0
big,g05,8,13,2,1,wit-as,1
big,g05,9,13,2,1,pinuun-a,0
big,g05,10,13,2,1,wittisa,0
big,g05,11,13,2,1,punuun-aaa,1
big,g05,12,13,2,1,tnu-sa,1
big,g05,13,13,2,1,pnuun-sa,1
big,g05,14,13,2,1,tiptop-sa,1
big,g05,2,13,2,2,witopa,1
big,g05,2,13,2,2,witopa,0
big,g05,3,13,2,2,witopaaa,0
big,g05,4,13,2,2,witopaaa,0
big,g05,5,13,2,2,pnuunaaa,0
big,g05,6,13,2,2,pnuun-aaa,0
big,g05,12,13,2,2,pnuum-sa,1
big,g05,13,13,2,2,witop-sa,1
big,g05,2,13,2,3,koemo,0
big,g05,3,13,2,3,momet,0
big,g05,4,13,2,3,topmet,0
big,g05,8,13,2,3,tsu-aaa,1
big,g05,9,13,2,3,pnuun-aaa,1
big,g05,10,13,2,3,pnuun-aaa,1
big,g05,2,13,2,4,homp,0
big,g05,2,13,2,4,homp,0
big,g05,3,13,2,4,puita,1
big,g05,5,13,2,4,pnuuma,1
big,g05,6,13,2,4,witopa,0
big,g05,7,13,2,4,witopa,0
big,g05,11,13,2,4,witop-a,1
big,g05,12,13,2,4,pnu-a,1
big,g05,13,13,2,4,witop-a,1
big,g05,14,13,2,4,pnuu-a,1
big,g05,2,13,2,5,tnuwa,0
big,g05,3,13,2,5,tuwsa,0
big,g05,4,13,2,5,tnusa,0
big,g05,6,13,2,5,tnufssaa,0
big,g05,7,13,2,5,tnusaaa,1
big,g05,8,13,2,5,tnu-fsa,1
big,g05,9,13,2,5,tnu-sa,1
big,g05,10,13,2,5,tnu-sa,1
big,g05,13,13,2,5,tnu-sa,1
big,g05,14,13,2,5,pnu-sa,1
big,g05,2,13,2,6,koemet,0
big,g05,2,13,2,6,witkom,0
big,g05,3,13,2,6,pnuun,1
big,g05,4,13,2,6,pnuusi,0
big,g05,2,13,2,7,wieeetop,1
big,g05,3,13,2,7,witoppska,0
big,g05,5,13,2,7,topkii,1
big,g05,8,13,2,7,pneet,1
big,g05,9,13,2,7,witopa,0
big,g05,10,13,2,7,pnuutopa,1
big,g05,11,13,2,7,tnuusaaa,1
big,g05,12,13,2,7,tipnu-aaa,1
big,g05,2,13,2,8,tnuup,0
big,g05,2,13,2,8,tnuup,1
big,g05,3,13,2,8,pnuup,0
big,g05,7,13,2,8,pnuuus,0
big,g05,11,13,2,8,pnu-kkk,1
big,g05,14,13,2,8,pnu-aa,1
big,g05,4,14,2,1,topmm,1
big,g05,7,14,2,1,tipnomm,0
big,g05,8,14,2,1,witnopm,1
big,g05,10,14,2,1,tip-hn,0
big,g05,13,14,2,1,punuun-uk,1
big,g05,4,14,2,2,witophm,0
big,g05,9,14,2,2,witop-hm,1
big,g05,11,14,2,2,witop-hm,1
big,g05,13,14,2,2,witop-hm,0
big,g05,14,14,2,2,pnu-hm,1
big,g05,4,14,2,3,homm,1
big,g05,5,14,2,3,topinn,1
big,g05,6,14,2,3,topepp,1
big,g05,8,14,2,3,tsu-uk,0
big,g05,10,14,2,3,pnuun-uk,1
big,g05,11,14,2,3,pnuun-uk,0
big,g05,12,14,2,3,tipnu-ikk,1
big,g05,14,14,2,3,pnuun-hm,1
big,g05,4,14,2,4,witopa,0
big,g05,7,14,2,4,witopi,1
big,g05,9,14,2,4,tnu-io,1
big,g05,13,14,2,4,tnuu-io,1
big,g05,4,14,2,5,koehnm,0
big,g05,5,14,2,5,tnuhnmm,0
big,g05,7,14,2,5,tnu-hnm,1
big,g05,8,14,2,5,tnu-hhhnnnmmm,0
big,g05,10,14,2,5,tnu-hnm,1
big,g05,11,14,2,5,tnu-hn,0
big,g05,12,14,2,5,tnu-hn,0
big,g05,13,14,2,5,tnu-hn,1
big,g05,4,14,2,6,pnuun,1
big,g05,5,14,2,6,pnuni,1
big,g05,6,14,2,6,pnuuni,1
big,g05,9,14,2,6,pnuunuk,1
big,g05,11,14,2,6,pnuunuk,0
big,g05,12,14,2,6,pnuunuk,1
big,g05,14,14,2,6,pnuunuk,0
big,g05,4,14,2,7,witopoos,0
big,g05,6,14,2,7,witopa,0
big,g05,8,14,2,7,tipmmopa,0
big,g05,10,14,2,7,pnuutopa,1
big,g05,14,14,2,7,tipniphn,1
big,g05,4,14,2,8,pnuup,0
big,g05,5,14,2,8,pnuumo,0
big,g05,6,14,2,8,pniiip,0
big,g05,7,14,2,8,pinot-wui,0
big,g05,9,14,2,8,pneup,1
big,g05,12,14,2,8,pnu-ou,0
big,g05,2,15,3,1,koemep,1
big,g05,3,15,3,1,koemep,0
big,g05,4,15,3,1,koemep,1
big,g05,5,15,3,1,koemp,1
big,g05,7,15,3,1,koemp,0
big,g05,9,15,3,1,koemet-ko,1
big,g05,13,15,3,1,koemet-ko,1
big,g05,14,15,3,1,koemet-ko,1
big,g05,2,15,3,2,koemets,1
big,g05,4,15,3,2,koemetup,0
big,g05,5,15,3,2,koemetkp,1
big,g05,8,15,3,2,koemet-ko,1
big,g05,10,15,3,2,koemet-ko,1
big,g05,11,15,3,2,koemet-ko,1
big,g05,13,15,3,2,koemet-ko,1
big,g05,2,15,3,3,sapi,0
big,g05,3,15,3,3,koemo,1
big,g05,4,15,3,3,koemo,1
big,g05,6,15,3,3,koemet-ok,0
big,g05,9,15,3,3,koemet-hu,1
big,g05,11,15,3,3,koemet-huu,1
big,g05,12,15,3,3,koemet-hui,1
big,g05,2,15,3,4,koemet,0
big,g05,4,15,3,4,koemeto,1
big,g05,5,15,3,4,koemetu,0
big,g05,7,15,3,4,koemetui,1
big,g05,8,15,3,4,koemet-ui,1
big,g05,10,15,3,4,koemet-ui,1
big,g05,13,15,3,4,koemet-ui,1
big,g05,14,15,3,4,koemet-ui,1
big,g05,2,15,3,5,pupop,1
big,g05,3,15,3,5,pomop,0
big,g05,4,15,3,5,punop,0
big,g05,7,15,3,5,koemet-koo,1
big,g05,9,15,3,5,koemet-hu,1
big,g05,11,15,3,5,koemet-ko,1
big,g05,12,15,3,5,koemet-ko,1
big,g05,13,15,3,5,koemet-ko,1
big,g05,14,15,3,5,koemet-ko,1
big,g05,2,15,3,6,witko,0
big,g05,4,15,3,6,komet,1
big,g05,6,15,3,6,koemeti,1
big,g05,8,15,3,6,koemee,1
big,g05,10,15,3,6,koemetko,1
big,g05,11,15,3,6,koemetko,1
big,g05,12,15,3,6,koemetko,1
big,g05,2,15,3,7,koeuiimet,0
big,g05,3,15,3,7,koemetssi,1
big,g05,4,15,3,7,pomiiiiiiiiiiiii,1
big,g05,5,15,3,7,koemetiiiiiii,1
big,g05,6,15,3,7,koemetfohii,0
big,g05,9,15,3,7,koemetii,1
big,g05,2,15,3,8,koemit,1
big,g05,4,15,3,8,koemut,1
big,g05,6,15,3,8,koemiw,1
big,g05,7,15,3,8,moenuii,0
big,g05,8,15,3,8,koemaa,0
big,g05,10,15,3,8,koemi-aa,0
big,g05,12,15,3,8,koemi-ei,1
big,g05,14,15,3,8,koeme-mo,1
big,g05,1,16,3,1,koemet,1
big,g05,1,16,3,1,koemet,1
big,g05,2,16,3,1,koema,0
big,g05,5,16,3,1,koema,0
big,g05,9,16,3,1,komet-sa,0
big,g05,11,16,3,1,komet-sa,1
big,g05,12,16,3,1,koemet-sa,1
big,g05,13,16,3,1,komet-sa,1
big,g05,14,16,3,1,koemet-sa,1
big,g05,1,16,3,2,koemet,1
big,g05,2,16,3,2,hoempa,0
big,g05,4,16,3,2,koemetaa,0
big,g05,5,16,3,2,koemetaa,1
big,g05,7,16,3,2,koemet-aaa,0
big,g05,8,16,3,2,koemet-as,1
big,g05,10,16,3,2,koemet-sa,1
big,g05,12,16,3,2,koemet-sa,1
big,g05,13,16,3,2,koemet-sa,1
big,g05,1,16,3,3,koemet,0
big,g05,1,16,3,3,koemet,0
big,g05,2,16,3,3,koemet,1
big,g05,4,16,3,3,koemet,1
big,g05,6,16,3,3,koemet,0
big,g05,7,16,3,3,koemet-aaa,1
big,g05,9,16,3,3,koemet-aaa,1
big,g05,1,16,3,4,puito,0
big,g05,2,16,3,4,homp,0
big,g05,5,16,3,4,koemeta,0
big,g05,8,16,3,4,koemetaaa,0
big,g05,10,16,3,4,koemet-a,1
big,g05,11,16,3,4,koemet-a,1
big,g05,12,16,3,4,pnu-a,0
big,g05,13,16,3,4,koemet-a,1
big,g05,14,16,3,4,koemet-a,1
big,g05,1,16,3,5,koemet,1
big,g05,1,16,3,5,witkom,0
big,g05,2,16,3,5,witket,0
big,g05,4,16,3,5,pusssaaaaaa,0
big,g05,9,16,3,5,koemet-sa,1
big,g05,13,16,3,5,koemet-sa,1
big,g05,14,16,3,5,koemet-sa,1
big,g05,1,16,3,6,koemet,1
big,g05,2,16,3,6,koemet,1
big,g05,4,16,3,6,koemet,1
big,g05,6,16,3,6,koemet,1
big,g05,7,16,3,6,koemet,1
big,g05,8,16,3,6,koemetsa,1
big,g05,10,16,3,6,koemetaaaa,0
big,g05,1,16,3,7,koemet,1
big,g05,1,16,3,7,koemet,1
big,g05,2,16,3,7,koemet,1
big,g05,5,16,3,7,koemetaa,0
big,g05,6,16,3,7,koemet,0
big,g05,7,16,3,7,koemet,1
big,g05,9,16,3,7,koemet,1
big,g05,11,16,3,7,komet-aa,1
big,g05,12,16,3,7,koemet-esaa,1
big,g05,1,16,3,8,koemit,1
big,g05,2,16,3,8,koemit,1
big,g05,6,16,3,8,koemut,1
big,g05,8,16,3,8,koemuu,0
big,g05,10,16,3,8,koemi-fff,1
big,g05,11,16,3,8,koemi-aaa,1
big,g05,14,16,3,8,koemi-aa,1
big,g05,4,17,3,1,koemm,1
big,g05,6,17,3,1,koemm,1
big,g05,7,17,3,1,koemm,1
big,g05,9,17,3,1,koemet-ws,1
big,g05,4,17,3,2,koemet,1
big,g05,6,17,3,2,koemethm,1
big,g05,8,17,3,2,koemethm,1
big,g05,10,17,3,2,koemet-hm,1
big,g05,11,17,3,2,koemet-hm,1
big,g05,14,17,3,2,koemet-hm,1
big,g05,4,17,3,3,koemm,1
big,g05,5,17,3,3,koeinn,0
big,g05,9,17,3,3,koemet-ef,1
big,g05,11,17,3,3,koemet-uk,1
big,g05,12,17,3,3,koemet-uk,1
big,g05,13,17,3,3,koemet-hm,1
big,g05,14,17,3,3,koemet-hm,1
big,g05,4,17,3,4,koemeta,0
big,g05,6,17,3,4,koemetio,0
big,g05,7,17,3,4,koemtio,1
big,g05,8,17,3,4,koemetio,1
big,g05,10,17,3,4,koemet-ao,0
big,g05,4,17,3,5,pohnm,0
big,g05,5,17,3,5,koehnmm,1
big,g05,6,17,3,5,koehhnnnmm,1
big,g05,7,17,3,5,koemet-hnm,1
big,g05,9,17,3,5,koemet-hnm,1
big,g05,11,17,3,5,koemet-hn,1
big,g05,12,17,3,5,koemet-hn,1
big,g05,4,17,3,6,koemw,1
big,g05,5,17,3,6,koemeti,1
big,g05,8,17,3,6,koemetn,1
big,g05,10,17,3,6,koemetuk,0
big,g05,11,17,3,6,koemetuk,0
big,g05,12,17,3,6,koemetuk,1
big,g05,13,17,3,6,koemetuk,1
big,g05,14,17,3,6,koemetuk,0
big,g05,4,17,3,7,koemetsi,0
big,g05,9,17,3,7,koemet-soppi,1
big,g05,13,17,3,7,kometkmm,0
big,g05,14,17,3,7,koemethmm,1
big,g05,4,17,3,8,koemeta,0
big,g05,5,17,3,8,koemaat,0
big,g05,7,17,3,8,koemuus,0
big,g05,8,17,3,8,koemaa,0
big,g05,10,17,3,8,koemi-aa,0
big,g05,12,17,3,8,koemi-ee,1
big,g05,13,17,3,8,koemi-um,1
big,g05,5,21,3,1,koemn,0
big,g05,10,21,3,1,koemet-p-na-n,0
big,g05,11,21,3,1,koemet-ok,1
big,g05,5,21,3,2,koemetas,1
big,g05,7,21,3,2,koemet-es,1
big,g05,8,21,3,2,koemet-wa,1
big,g05,9,21,3,2,koemet-es,1
big,g05,14,21,3,2,koemet-es,1
big,g05,5,21,3,3,koemetswaat,1
big,g05,6,21,3,3,koemuu,0
big,g05,7,21,3,3,koemet-eesss,1
big,g05,10,21,3,3,koemet-es,1
big,g05,12,21,3,3,koemet-es,1
big,g05,13,21,3,3,koemet-ess,1
big,g05,14,21,3,3,koemet-es,1
big,g05,5,21,3,4,koemeto,1
big,g05,8,21,3,4,koemetoa,1
big,g05,9,21,3,4,koemet-oa,1
big,g05,11,21,3,4,koemet-oa,1
big,g05,5,21,3,5,koetff,1
big,g05,10,21,3,5,koemet-es,1
big,g05,12,21,3,5,koemet-es,1
big,g05,5,21,3,6,koemeta,0
big,g05,6,21,3,6,koemet,0
big,g05,7,21,3,6,koemeti,1
big,g05,8,21,3,6,kowmw,0
big,g05,9,21,3,6,koemetea,1
big,g05,12,21,3,6,koemetkn,1
big,g05,13,21,3,6,koemetok,1
big,g05,14,21,3,6,koemetok,1
big,g05,5,21,3,7,koemetwsaat,1
big,g05,6,21,3,7,koemtwa,0
big,g05,7,21,3,7,koemetwaaiot,0
big,g05,10,21,3,7,koemetwa,1
big,g05,11,21,3,7,koemetwaa-hn,1
big,g05,13,21,3,7,koemetnnf,1
big,g05,14,21,3,7,koemetts,1
big,g05,5,21,3,8,koemup,1
big,g05,6,21,3,8,koemist,0
big,g05,8,21,3,8,koemoo,0
big,g05,9,21,3,8,koemoo,0
big,g05,11,21,3,8,koemet-ee,1
big,g05,12,21,3,8,pnu-ee,0
big,g05,13,21,3,8,koemi-ne,1
big,g05,9,22,4,1,woesi-up,1
big,g05,13,22,4,1,woesi-uuu,1
big,g05,14,22,4,1,woesi-uuu,1
big,g05,7,22,4,2,monet-up,1
big,g05,8,22,4,2,woesi-nu,1
big,g05,10,22,4,2,wi-uuu,1
big,g05,11,22,4,2,woesi-uuu,1
big,g05,13,22,4,2,woesi-uuu,1
big,g05,6,22,4,3,woesi-ppp,0
big,g05,7,22,4,3,woesi-uuu,1
big,g05,9,22,4,3,weasi-uuu,1
big,g05,11,22,4,3,weasi-uuu,1
big,g05,12,22,4,3,woesi-uuu,1
big,g05,8,22,4,4,goepig-u,1
big,g05,10,22,4,4,woesi-u,1
big,g05,13,22,4,4,woesi-u,1
big,g05,14,22,4,4,woesi-u,1
big,g05,9,22,4,5,woesi-uu,1
big,g05,11,22,4,5,wi-uu,1
big,g05,12,22,4,5,woesi-uu,1
big,g05,13,22,4,5,woesi-uu,1
big,g05,14,22,4,5,woesi-uu,1
big,g05,6,22,4,6,woeppp,1
big,g05,7,22,4,6,winu,1
big,g05,8,22,4,6,wiki,1
big,g05,10,22,4,6,woesi,1
big,g05,11,22,4,6,woesiii,1
big,g05,12,22,4,6,goempiesw,0
big,g05,6,22,4,7,goepihiii,0
big,g05,7,22,4,7,woesii,0
big,g05,9,22,4,7,woesiii,1
big,g05,6,22,4,8,weesu,0
big,g05,8,22,4,8,woesm-ooo,1
big,g05,10,22,4,8,wasii-uuu,1
big,g05,12,22,4,8,woen-aaa,1
big,g05,14,22,4,8,woesi-ooo,1
big,g05,5,23,4,1,woeww,1
big,g05,7,23,4,1,woew,1
big,g05,9,23,4,1,woesi-sw,0
big,g05,10,23,4,1,woesi-f-na-e,1
big,g05,12,23,4,1,woesi-sw,1
big,g05,5,23,4,2,motisw,1
big,g05,8,23,4,2,woesi-sw,1
big,g05,11,23,4,2,woesi-sw,1
big,g05,12,23,4,2,goempi-sw,0
big,g05,14,23,4,2,woesi-sw,1
big,g05,5,23,4,3,woesee,0
big,g05,6,23,4,3,woesi-mh,1
big,g05,9,23,4,3,weasi-fe,1
big,g05,10,23,4,3,weasi-fe,1
big,g05,11,23,4,3,woesi-fe,1
big,g05,13,23,4,3,woesi-fe,1
big,g05,14,23,4,3,woesi-fe,1
big,g05,5,23,4,4,goepigau,1
big,g05,7,23,4,4,winau,0
big,g05,8,23,4,4,goepigau,1
big,g05,12,23,4,4,woesi-au,0
big,g05,5,23,4,5,wofeee,1
big,g05,7,23,4,5,woesi-fee,1
big,g05,9,23,4,5,woesi-ffee,0
big,g05,10,23,4,5,wi-fe,1
big,g05,11,23,4,5,wi-fe,0
big,g05,5,23,4,6,motona,1
big,g05,6,23,4,6,wien,0
big,g05,8,23,4,6,wina,1
big,g05,11,23,4,6,woesku,0
big,g05,13,23,4,6,woesiku,1
big,g05,14,23,4,6,woesiku,1
big,g05,5,23,4,7,woesaa,0
big,g05,6,23,4,7,goepiaa,1
big,g05,9,23,4,7,woesiii,0
big,g05,10,23,4,7,woesii,0
big,g05,12,23,4,7,woesww,1
big,g05,13,23,4,7,woesiww,0
big,g05,14,23,4,7,woesisw,1
big,g05,5,23,4,8,goepiga,1
big,g05,6,23,4,8,woesa,0
big,g05,7,23,4,8,woesuii,0
big,g05,8,23,4,8,wausu,0
big,g05,13,23,4,8,woesi-te,1
big,g05,1,24,4,1,woesi,0
big,g05,1,24,4,1,woesia,1
big,g05,2,24,4,1,woesin,0
big,g05,3,24,4,1,woesa,0
big,g05,6,24,4,1,woenn,0
big,g05,8,24,4,1,woesi-sn,0
big,g05,9,24,4,1,woesi-es,1
big,g05,11,24,4,1,woesi-ok,1
big,g05,1,24,4,2,woesi,0
big,g05,2,24,4,2,woesias,1
big,g05,3,24,4,2,pompom,0
big,g05,4,24,4,2,pompas,1
big,g05,6,24,4,2,goempieas,1
big,g05,7,24,4,2,pinet-es,0
big,g05,10,24,4,2,wii-es,1
big,g05,14,24,4,2,woesi-es,1
big,g05,1,24,4,3,sait,0
big,g05,1,24,4,3,puito,0
big,g05,2,24,4,3,puino,0
big,g05,3,24,4,3,puino,0
big,g05,4,24,4,3,goekk,0
big,g05,5,24,4,3,woesiiu,0
big,g05,7,24,4,3,woesi-eessss,1
big,g05,8,24,4,3,goepig-ea,1
big,g05,9,24,4,3,weasi-ea,1
big,g05,12,24,4,3,woesi-esa,0
big,g05,13,24,4,3,woesi-esa,1
big,g05,14,24,4,3,woesi-ea,1
big,g05,1,24,4,4,goepig,0
big,g05,2,24,4,4,puito,0
big,g05,3,24,4,4,gwoepa,1
big,g05,6,24,4,4,goepiga,0
big,g05,10,24,4,4,woesi-oa,1
big,g05,11,24,4,4,woesi-oa,1
big,g05,1,24,4,5,witop,0
big,g05,1,24,4,5,weasi,0
big,g05,2,24,4,5,motaa,0
big,g05,3,24,4,5,motaa,0
big,g05,4,24,4,5,wiesssaaaa,0
big,g05,5,24,4,5,witffs,1
big,g05,6,24,4,5,witffs,1
big,g05,8,24,4,5,wi-wwaa,1
big,g05,9,24,4,5,woesi-es,1
big,g05,12,24,4,5,woesi-es,1
big,g05,1,24,4,6,kiom,0
big,g05,2,24,4,6,waesi,0
big,g05,3,24,4,6,pnuun,1
big,g05,4,24,4,6,waesi,1
big,g05,5,24,4,6,moton,1
big,g05,7,24,4,6,wiwn,0
big,g05,10,24,4,6,woeses,1
big,g05,12,24,4,6,goempisa,1
big,g05,13,24,4,6,woesiko,1
big,g05,14,24,4,6,woesiko,1
big,g05,1,24,4,7,puito,1
big,g05,1,24,4,7,wuisi,0
big,g05,2,24,4,7,woesip,0
big,g05,3,24,4,7,woeesi,0
big,g05,7,24,4,7,woesuu,1
big,g05,8,24,4,7,woes-mm,0
big,g05,9,24,4,7,woesmm,0
big,g05,11,24,4,7,woemm,0
big,g05,13,24,4,7,woesinff,1
big,g05,14,24,4,7,woesieaa,1
big,g05,1,24,4,8,woesi,1
big,g05,2,24,4,8,foep,0
big,g05,3,24,4,8,wiisi,1
big,g05,5,24,4,8,goepag,1
big,g05,10,24,4,8,waesi-uu,0
big,g05,11,24,4,8,waesi-ii,0
big,g05,12,24,4,8,woesi-oe,1
big,g05,13,24,4,8,woesi-ae,0
big,g05,1,25,4,1,woesi,1
big,g05,2,25,4,1,woesi,0
big,g05,3,25,4,1,woesi,0
big,g05,5,25,4,1,woep,1
big,g05,6,25,4,1,woep,0
big,g05,7,25,4,1,woepp,1
big,g05,8,25,4,1,woesi-p,1
big,g05,10,25,4,1,woesi-ui,1
big,g05,11,25,4,1,woesi-ko,1
big,g05,12,25,4,1,woesi-ko,1
big,g05,1,25,4,2,woesisi,0
big,g05,1,25,4,2,woesip,1
big,g05,2,25,4,2,woesip,0
big,g05,3,25,4,2,momup,1
big,g05,4,25,4,2,pompkp,0
big,g05,5,25,4,2,motono,0
big,g05,6,25,4,2,woesi-ko,1
big,g05,9,25,4,2,woes-ko,0
big,g05,12,25,4,2,goempie-ko,0
big,g05,14,25,4,2,woesi-ko,1
big,g05,1,25,4,3,homp,0
big,g05,2,25,4,3,sapi,0
big,g05,3,25,4,3,goepog,0
big,g05,4,25,4,3,goepog,0
big,g05,8,25,4,3,goepig-ko,0
big,g05,10,25,4,3,weasi-ko,1
big,g05,13,25,4,3,woesi-ko,1
big,g05,14,25,4,3,woesi-ko,1
big,g05,1,25,4,4,koemet,0
big,g05,1,25,4,4,goepig,0
big,g05,2,25,4,4,goepig,0
big,g05,3,25,4,4,woenu,1
big,g05,5,25,4,4,goepigui,0
big,g05,6,25,4,4,goepigui,0
big,g05,7,25,4,4,winu,0
big,g05,9,25,4,4,woesi-ui,1
big,g05,11,25,4,4,woesi-ui,1
big,g05,12,25,4,4,woesi-ui,1
big,g05,1,25,4,5,motop,0
big,g05,2,25,4,5,momop,0
big,g05,3,25,4,5,weiop,0
big,g05,4,25,4,5,winop,1
big,g05,6,25,4,5,wikoooo,0
big,g05,7,25,4,5,woesi-kkooo,1
big,g05,8,25,4,5,wi-kkkoooo,0
big,g05,10,25,4,5,wi-ko,1
big,g05,1,25,4,6,goemi,1
big,g05,1,25,4,6,teka,0
big,g05,2,25,4,6,weasi,0
big,g05,3,25,4,6,woesku,1
big,g05,4,25,4,6,witkom,0
big,g05,9,25,4,6,weasiko,1
big,g05,13,25,4,6,wowsiko,1
big,g05,14,25,4,6,woesiko,1
big,g05,1,25,4,7,weasi,0
big,g05,2,25,4,7,woesoh,1
big,g05,3,25,4,7,woeskaa,1
big,g05,5,25,4,7,woesfaa,1
big,g05,8,25,4,7,woesii,1
big,g05,10,25,4,7,woesim,0
big,g05,11,25,4,7,woesioo,1
big,g05,12,25,4,7,woesiopp,1
big,g05,13,25,4,7,woesiopp,0
big,g05,14,25,4,7,woesiop,1
big,g05,1,25,4,8,homp,0
big,g05,1,25,4,8,weesi,1
big,g05,2,25,4,8,woesi,1
big,g05,3,25,4,8,gaapup,1
big,g05,7,25,4,8,waesi,1
big,g05,9,25,4,8,woesoo,1
big,g05,11,25,4,8,woesi-iu,0
big,g05,13,25,4,8,woesi-io,1
big,g05,3,26,4,1,woen,0
big,g05,3,26,4,1,woenn,1
big,g05,4,26,4,1,woesinn,1
big,g05,5,26,4,1,woenn,1
big,g05,6,26,4,1,woenn,0
big,g05,8,26,4,1,woesi-un,0
big,g05,10,26,4,1,woesi-u-na-n,0
big,g05,11,26,4,1,woesi-nnn,1
big,g05,12,26,4,1,woesi-nn,1
big,g05,13,26,4,1,woesi-nn,0
big,g05,3,26,4,2,motom,0
big,g05,5,26,4,2,moton,0
big,g05,6,26,4,2,woesi-nnn,1
big,g05,7,26,4,2,pinot-nnn,0
big,g05,9,26,4,2,woesi-nnn,1
big,g05,12,26,4,2,goempi-nnn,0
big,g05,13,26,4,2,goempi-nnn,1
big,g05,14,26,4,2,wi-nnn,1
big,g05,3,26,4,3,goepup,0
big,g05,3,26,4,3,goepog,0
big,g05,7,26,4,3,woesi-nnn,1
big,g05,8,26,4,3,goepig-nnn,1
big,g05,10,26,4,3,weasi-nnn,1
big,g05,14,26,4,3,woesi-nnn,1
big,g05,3,26,4,4,gwoep,0
big,g05,4,26,4,4,pompaa,0
big,g05,5,26,4,4,goepigo,0
big,g05,6,26,4,4,goepigo,0
big,g05,9,26,4,4,woesi-o,0
big,g05,11,26,4,4,woesi-o,0
big,g05,12,26,4,4,woesi-o,1
big,g05,13,26,4,4,woesi-o,0
big,g05,3,26,4,5,momonnn,1
big,g05,3,26,4,5,weun,0
big,g05,6,26,4,5,wiuuhnnnn,0
big,g05,8,26,4,5,wi-nnn,1
big,g05,10,26,4,5,wi-nnnn,1
big,g05,13,26,4,5,woesi-nn,1
big,g05,3,26,4,6,pnuun,0
big,g05,7,26,4,6,wini,0
big,g05,9,26,4,6,weasiok,0
big,g05,14,26,4,6,woesiki,0
big,g05,3,26,4,7,woeshuu,0
big,g05,3,26,4,7,woesssii,0
big,g05,4,26,4,7,wieskoo,1
big,g05,5,26,4,7,woesuuu,1
big,g05,7,26,4,7,woesuuu,0
big,g05,8,26,4,7,woesmmm,1
big,g05,10,26,4,7,woesmm,0
big,g05,11,26,4,7,woesmmm,0
big,g05,12,26,4,7,woesinnn,1
big,g05,14,26,4,7,woesinn,1
big,g05,3,26,4,8,woesi,0
big,g05,4,26,4,8,woosi,0
big,g05,9,26,4,8,woesi-uue,0
big,g05,11,26,4,8,woesi-ooo,1
big,g05,1,28,4,1,woesi,0
big,g05,1,28,4,1,woenop,0
big,g05,2,28,4,1,foek,0
big,g05,3,28,4,1,woesm,0
big,g05,4,28,4,1,woesim,0
big,g05,6,28,4,1,woemm,0
big,g05,12,28,4,1,woesi-uk,1
big,g05,14,28,4,1,woesi-hn,1
big,g05,1,28,4,2,woesi,0
big,g05,2,28,4,2,woesinm,0
big,g05,6,28,4,2,goempie-hm,0
big,g05,7,28,4,2,pinot-st,0
big,g05,8,28,4,2,pinot,0
big,g05,9,28,4,2,woesi-hm,1
big,g05,10,28,4,2,wii-hm,1
big,g05,11,28,4,2,woesi-hm,1
big,g05,12,28,4,2,goempi-hm,1
big,g05,1,28,4,3,goepig,0
big,g05,1,28,4,3,puit,0
big,g05,2,28,4,3,goepig,0
big,g05,3,28,4,3,goepig,1
big,g05,5,28,4,3,woeepp,1
big,g05,7,28,4,3,woesi-hnm,1
big,g05,11,28,4,3,woesi-uk,1
big,g05,13,28,4,3,woesi-hnm,1
big,g05,1,28,4,4,goepig,0
big,g05,2,28,4,4,goepig,0
big,g05,4,28,4,4,goepig,0
big,g05,6,28,4,4,goepigio,0
big,g05,8,28,4,4,goepigio,0
big,g05,9,28,4,4,woesi-io,1
big,g05,10,28,4,4,woesi-io,0
big,g05,12,28,4,4,woesi-io,1
big,g05,14,28,4,4,woesi-uk,1
big,g05,1,28,4,5,waesi,0
big,g05,1,28,4,5,momon,0
big,g05,2,28,4,5,pinom,1
big,g05,3,28,4,5,wehnm,1
big,g05,5,28,4,5,woehnmm,1
big,g05,6,28,4,5,witghnmmm,1
big,g05,11,28,4,5,woesi-hnnmmm,1
big,g05,14,28,4,5,woesi-hn,1
big,g05,1,28,4,6,gwoem,0
big,g05,2,28,4,6,sapi,0
big,g05,5,28,4,6,moton,0
big,g05,7,28,4,6,wineu,0
big,g05,8,28,4,6,wini,1
big,g05,9,28,4,6,weasiuk,1
big,g05,10,28,4,6,woesuk,0
big,g05,11,28,4,6,woesiuk,1
big,g05,13,28,4,6,woesiuk,1
big,g05,1,28,4,7,goepig,1
big,g05,1,28,4,7,waasi,0
big,g05,2,28,4,7,woessi,0
big,g05,3,28,4,7,woefaak,0
big,g05,4,28,4,7,woeskii,0
big,g05,7,28,4,7,woesmm,0
big,g05,12,28,4,7,woeskmm,1
big,g05,13,28,4,7,woeskmm,0
big,g05,1,28,4,8,wuusi,0
big,g05,2,28,4,8,hamp,0
big,g05,4,28,4,8,wiisi,0
big,g05,5,28,4,8,gaapigo,0
big,g05,8,28,4,8,waeso,1
big,g05,9,28,4,8,woeesi-aa,0
big,g05,10,28,4,8,waesi-nn,1
big,g05,13,28,4,8,woesi-im,1
big,g05,14,28,4,8,woesi-um,1
big,g06,4,1,1,1,ksaup,0
big,g06,6,1,1,1,fuoti,1
big,g06,9,1,1,1,fupiaah,0
big,g06,14,1,1,1,wesi-aateni,0
big,g06,4,1,1,2,poki-to,0
big,g06,6,1,1,2,moha,1
big,g06,7,1,1,2,wohu,0
big,g06,8,1,1,2,fupie,0
big,g06,10,1,1,2,wesa-te,1
big,g06,11,1,1,2,woh-et,1
big,g06,4,1,1,3,fahe,0
big,g06,5,1,1,3,ftuu,0
big,g06,7,1,1,3,mohu,0
big,g06,9,1,1,3,skong-au,0
big,g06,11,1,1,3,pto-ti,0
big,g06,12,1,1,3,hom-te,1
big,g06,13,1,1,3,fup-te,0
big,g06,4,1,1,4,poki-ta,1
big,g06,6,1,1,4,saa-ui,0
big,g06,8,1,1,4,hom-woop,1
big,g06,10,1,1,4,watti-to,0
big,g06,14,1,1,4,psoo-iae,1
big,g06,4,1,1,5,sa-ku,0
big,g06,5,1,1,5,fuh-e,0
big,g06,6,1,1,5,wesa,0
big,g06,9,1,1,5,wesa-te,0
big,g06,11,1,1,5,saa-te,0
big,g06,12,1,1,5,wesa-siwi,0
big,g06,14,1,1,5,wesa-siwi,1
big,g06,4,1,1,6,kna,0
big,g06,5,1,1,6,poki-te,0
big,g06,7,1,1,6,fup-ti,0
big,g06,8,1,1,6,wesa-tio,0
big,g06,10,1,1,6,wesa-teo,0
big,g06,11,1,1,6,nika-teii,0
big,g06,12,1,1,6,fupwesa-tee,1
big,g06,13,1,1,6,wesa-iie,0
big,g06,4,1,1,7,sa-ki,0
big,g06,7,1,1,7,sa-aah,1
big,g06,9,1,1,7,saa-kio,0
big,g06,13,1,1,7,ksiu-kio,0
big,g06,4,1,1,8,nik,0
big,g06,5,1,1,8,poki,1
big,g06,8,1,1,8,satena,0
big,g06,10,1,1,8,tuupa,0
big,g06,12,1,1,8,nikoa,1
big,g06,13,1,1,8,nikate,1
big,g06,14,1,1,8,nikte,1
big,g06,1,3,1,1,hee,0
big,g06,2,3,1,1,hee,1
big,g06,3,3,1,1,ksee,0
big,g06,5,3,1,1,fuhee,0
big,g06,7,3,1,1,sa-ieee,0
big,g06,10,3,1,1,kteee-te,0
big,g06,11,3,1,1,pto-te,0
big,g06,13,3,1,1,pokiee-te,0
big,g06,1,3,1,2,gop,0
big,g06,2,3,1,2,piu-ti,0
big,g06,4,3,1,2,poki-tu,0
big,g06,5,3,1,2,poki-te,0
big,g06,8,3,1,2,fupie,0
big,g06,9,3,1,2,wohi-si,0
big,g06,13,3,1,2,fup-ii,0
big,g06,14,3,1,2,nikoto,1
big,g06,1,3,1,3,pef,0
big,g06,2,3,1,3,huo,0
big,g06,3,3,1,3,fpu,0
big,g06,4,3,1,3,fuup,0
big,g06,6,3,1,3,mohi,1
big,g06,10,3,1,3,tuup-o,0
big,g06,12,3,1,3,hom-i,1
big,g06,14,3,1,3,wesa-i,1
big,g06,1,3,1,4,ksu,0
big,g06,2,3,1,4,weh,0
big,g06,5,3,1,4,poku,0
big,g06,7,3,1,4,fup-ti-a,0
big,g06,8,3,1,4,hom-skong,1
big,g06,9,3,1,4,wesa-kiu,0
big,g06,11,3,1,4,wohh-a,1
big,g06,13,3,1,4,ksui-i,0
big,g06,1,3,1,5,toki,1
big,g06,2,3,1,5,giwti,0
big,g06,3,3,1,5,wesa-sa,1
big,g06,4,3,1,5,sa-ka,0
big,g06,7,3,1,5,nom,1
big,g06,10,3,1,5,wesa-a,1
big,g06,12,3,1,5,wesa-a,0
big,g06,13,3,1,5,wesa-a,0
big,g06,1,3,1,6,kof,0
big,g06,2,3,1,6,fup,1
big,g06,4,3,1,6,fup,0
big,g06,6,3,1,6,puo-te,0
big,g06,8,3,1,6,wesa-te,1
big,g06,9,3,1,6,wesa-ee,1
big,g06,12,3,1,6,fupte,0
big,g06,14,3,1,6,psoo-ee,1
big,g06,1,3,1,7,as-te,0
big,g06,2,3,1,7,sa-te,1
big,g06,3,3,1,7,fup-te,0
big,g06,5,3,1,7,saa-te,1
big,g06,6,3,1,7,saa-te,0
big,g06,10,3,1,7,wesa-te,1
big,g06,11,3,1,7,saa-te,1
big,g06,14,3,1,7,wesi-te,1
big,g06,1,3,1,8,nik-te,1
big,g06,2,3,1,8,nik,0
big,g06,6,3,1,8,nik,0
big,g06,7,3,1,8,nikta,0
big,g06,8,3,1,8,satenia,0
big,g06,9,3,1,8,nika,0
big,g06,11,3,1,8,nikia,1
big,g06,12,3,1,8,nika,1
big,g06,1,4,1,1,woh,0
big,g06,1,4,1,1,weko,0
big,g06,2,4,1,1,pteu,0
big,g06,4,4,1,1,fah,0
big,g06,5,4,1,1,feeaa,0
big,g06,6,4,1,1,putaah,0
big,g06,7,4,1,1,sa-aah,0
big,g06,8,4,1,1,fupaai,1
big,g06,11,4,1,1,pto-aateh,0
big,g06,13,4,1,1,pokiaah,0
big,g06,1,4,1,2,fop,0
big,g06,2,4,1,2,ku-ti,0
big,g06,3,4,1,2,wesa,1
big,g06,4,4,1,2,poki-te,0
big,g06,5,4,1,2,poki-te,1
big,g06,6,4,1,2,moha,0
big,g06,9,4,1,2,piu-ka,1
big,g06,10,4,1,2,piu-ai,0
big,g06,13,4,1,2,fup-te,1
big,g06,14,4,1,2,niketa,1
big,g06,1,4,1,3,fup,0
big,g06,1,4,1,3,skeng,0
big,g06,2,4,1,3,fup,0
big,g06,4,4,1,3,fuup,0
big,g06,8,4,1,3,hom-ou,0
big,g06,12,4,1,3,hom-te,1
big,g06,14,4,1,3,wesa-to,0
big,g06,1,4,1,4,ksu,0
big,g06,2,4,1,4,wah,0
big,g06,3,4,1,4,ksio,1
big,g06,4,4,1,4,poki-ti,1
big,g06,5,4,1,4,poki-te,1
big,g06,6,4,1,4,saa-ti,0
big,g06,7,4,1,4,fup-it,1
big,g06,9,4,1,4,wesa-te,1
big,g06,10,4,1,4,wotti-ti,1
big,g06,11,4,1,4,wohh-ieu,0
big,g06,13,4,1,4,ksui-ieau,0
big,g06,1,4,1,5,akti,1
big,g06,1,4,1,5,wesa,0
big,g06,2,4,1,5,giwt,1
big,g06,4,4,1,5,wesa,1
big,g06,6,4,1,5,niku,1
big,g06,7,4,1,5,nom-i,0
big,g06,8,4,1,5,wesa-tioo,0
big,g06,12,4,1,5,wesa-wowo,1
big,g06,13,4,1,5,wesa-wowo,1
big,g06,1,4,1,6,kof,0
big,g06,2,4,1,6,fup,0
big,g06,3,4,1,6,fupe,0
big,g06,4,4,1,6,poui,0
big,g06,9,4,1,6,wesa-teo,1
big,g06,10,4,1,6,weas-nie,0
big,g06,12,4,1,6,fupwesa-tao,1
big,g06,14,4,1,6,psoo-eeum,1
big,g06,1,4,1,7,nig-ki,0
big,g06,1,4,1,7,po-te,0
big,g06,2,4,1,7,sa-ki,1
big,g06,4,4,1,7,sa-ki,0
big,g06,5,4,1,7,saa-ki,1
big,g06,8,4,1,7,sakina,1
big,g06,11,4,1,7,saa-kini,0
big,g06,14,4,1,7,wesi-ki-ni,1
big,g06,1,4,1,8,nik-to,0
big,g06,2,4,1,8,nik,0
big,g06,3,4,1,8,kni,0
big,g06,4,4,1,8,kni,0
big,g06,7,4,1,8,nika,0
big,g06,9,4,1,8,nikio,1
big,g06,10,4,1,8,nikio,1
big,g06,11,4,1,8,nikao,1
big,g06,12,4,1,8,nikate,0
big,g06,2,5,1,1,hoee,0
big,g06,3,5,1,1,meup,1
big,g06,4,5,1,1,feeh,1
big,g06,5,5,1,1,fuh,0
big,g06,10,5,1,1,waati-eeh,1
big,g06,13,5,1,1,wesi-ti,1
big,g06,14,5,1,1,wesi-ieum,1
big,g06,2,5,1,2,piu-o,0
big,g06,3,5,1,2,weso,0
big,g06,5,5,1,2,poki-to,0
big,g06,7,5,1,2,wohi,0
big,g06,8,5,1,2,fupaai,0
big,g06,9,5,1,2,piu-ka,0
big,g06,11,5,1,2,wohh-op,0
big,g06,13,5,1,2,fup-e,1
big,g06,2,5,1,3,huo,0
big,g06,3,5,1,3,fup,0
big,g06,6,5,1,3,mohe,1
big,g06,7,5,1,3,moha,0
big,g06,10,5,1,3,tuup-e,1
big,g06,11,5,1,3,pto-e,1
big,g06,12,5,1,3,hom-e,1
big,g06,2,5,1,4,iki,1
big,g06,3,5,1,4,ksiu,0
big,g06,4,5,1,4,poki-tea,0
big,g06,5,5,1,4,poki-o,1
big,g06,8,5,1,4,hom-ia,0
big,g06,9,5,1,4,wesa-te,0
big,g06,13,5,1,4,ksiu-te-i,0
big,g06,14,5,1,4,psoo-oui,1
big,g06,2,5,1,5,kint,0
big,g06,3,5,1,5,tufo,1
big,g06,10,5,1,5,wesa-si,0
big,g06,11,5,1,5,saa-siwi,0
big,g06,12,5,1,5,wesa-sisi,1
big,g06,13,5,1,5,wesa-sisi,1
big,g06,14,5,1,5,wesa-sisi,0
big,g06,2,5,1,6,fupa,0
big,g06,3,5,1,6,fup,0
big,g06,6,5,1,6,fup,0
big,g06,7,5,1,6,fup-ti,0
big,g06,8,5,1,6,wesa-tiie,1
big,g06,9,5,1,6,wesa-tiie,0
big,g06,11,5,1,6,nika-tii,1
big,g06,12,5,1,6,fupwesa-ta,0
big,g06,2,5,1,7,sa-o,1
big,g06,3,5,1,7,sa-te,0
big,g06,4,5,1,7,as-te,0
big,g06,5,5,1,7,sao,0
big,g06,6,5,1,7,saao,1
big,g06,7,5,1,7,sa-ieh,1
big,g06,10,5,1,7,wesa-ote,1
big,g06,2,5,1,8,kni,1
big,g06,3,5,1,8,nik,0
big,g06,4,5,1,8,nik,0
big,g06,6,5,1,8,niko,1
big,g06,8,5,1,8,sateni,0
big,g06,9,5,1,8,nikat,1
big,g06,12,5,1,8,nikia,0
big,g06,14,5,1,8,nikta,0
big,g06,5,6,1,1,fupieh,1
big,g06,6,6,1,1,fupaah,1
big,g06,7,6,1,1,sa-aah,0
big,g06,8,6,1,1,fupaai,0
big,g06,12,6,1,1,wesi-aum,0
big,g06,13,6,1,1,wesi-aum,1
big,g06,14,6,1,1,wesi-aah,0
big,g06,5,6,1,2,poki-te,0
big,g06,6,6,1,2,moho,1
big,g06,9,6,1,2,fupki,0
big,g06,10,6,1,2,piu-a,0
big,g06,11,6,1,2,wohh-ta,0
big,g06,12,6,1,2,woh-ta,0
big,g06,13,6,1,2,fup-ee,0
big,g06,5,6,1,3,saae,0
big,g06,8,6,1,3,hom-ou,0
big,g06,11,6,1,3,pto-te,0
big,g06,5,6,1,4,poki-i,0
big,g06,6,6,1,4,saa-i,1
big,g06,7,6,1,4,fup-it,0
big,g06,9,6,1,4,wesa-te,1
big,g06,10,6,1,4,wotti-ti,0
big,g06,12,6,1,4,nika-ieu,0
big,g06,13,6,1,4,ksui-ieu,0
big,g06,14,6,1,4,psoo-iou,0
big,g06,5,6,1,5,fuh-a,1
big,g06,6,6,1,5,wesa-o,0
big,g06,7,6,1,5,moh-i,1
big,g06,8,6,1,5,wesa-ssssss,1
big,g06,11,6,1,5,saa-sisi,0
big,g06,13,6,1,5,wesa-sss,1
big,g06,14,6,1,5,wesa-sss,0
big,g06,5,6,1,6,poki-te,0
big,g06,9,6,1,6,wesatao,0
big,g06,10,6,1,6,wesa-ta,0
big,g06,11,6,1,6,nika-um,1
big,g06,5,6,1,7,saa-ki,0
big,g06,8,6,1,7,saakini,0
big,g06,12,6,1,7,hom-kini,0
big,g06,5,6,1,8,pika,1
big,g06,7,6,1,8,wiha,1
big,g06,9,6,1,8,nikoa,0
big,g06,10,6,1,8,nika,0
big,g06,14,6,1,8,nikata,1
big,g06,3,7,1,1,huip,0
big,g06,4,7,1,1,feeu,0
big,g06,7,7,1,1,sa-ieh,0
big,g06,8,7,1,1,sa-ti,1
big,g06,10,7,1,1,wotti-eeh,1
big,g06,11,7,1,1,ptoeeh,1
big,g06,12,7,1,1,wesa-eeh,1
big,g06,3,7,1,2,wesa-tu,1
big,g06,9,7,1,2,piu-ku,0
big,g06,12,7,1,2,fupwesa-to,1
big,g06,14,7,1,2,nikotu,0
big,g06,3,7,1,3,fpu,0
big,g06,5,7,1,3,suo,1
big,g06,6,7,1,3,mohu,0
big,g06,8,7,1,3,hom-eo,0
big,g06,10,7,1,3,nik-o,1
big,g06,13,7,1,3,fup-o,0
big,g06,14,7,1,3,wesa-o,0
big,g06,3,7,1,4,ksiao,0
big,g06,4,7,1,4,poki-tee,1
big,g06,7,7,1,4,fup-tii-a,1
big,g06,9,7,1,4,wesa-tie,0
big,g06,11,7,1,4,wohh-ei,0
big,g06,12,7,1,4,nikia-iakin,0
big,g06,3,7,1,5,wesa,1
big,g06,5,7,1,5,fuh-e,1
big,g06,7,7,1,5,nom-fwsatnmp,0
big,g06,8,7,1,5,wesa-a,0
big,g06,10,7,1,5,piu-aeoui,1
big,g06,3,7,1,6,fup-to,0
big,g06,5,7,1,6,poki-te,1
big,g06,6,7,1,6,puo-ta,0
big,g06,9,7,1,6,wesa-taa,0
big,g06,13,7,1,6,wesa-ume,0
big,g06,14,7,1,6,psoo-ume,1
big,g06,3,7,1,7,sa-te,0
big,g06,4,7,1,7,sa-te,0
big,g06,6,7,1,7,saa-te,0
big,g06,8,7,1,7,sateni,1
big,g06,10,7,1,7,wesani,0
big,g06,11,7,1,7,saa-teni,0
big,g06,12,7,1,7,hom-teni,1
big,g06,13,7,1,7,ksiu-i-ni,1
big,g06,14,7,1,7,wesi-te-ni,0
big,g06,3,7,1,8,nik-to,1
big,g06,4,7,1,8,onk,0
big,g06,5,7,1,8,piko,0
big,g06,6,7,1,8,nika,0
big,g06,7,7,1,8,nikto,0
big,g06,9,7,1,8,nikoat,0
big,g06,11,7,1,8,nika,1
big,g06,13,7,1,8,nikaa,0
big,g06,1,8,2,1,huo,1
big,g06,2,8,2,1,huo,1
big,g06,3,8,2,1,mum,0
big,g06,6,8,2,1,huo,1
big,g06,7,8,2,1,muopmu,1
big,g06,12,8,2,1,huo,1
big,g06,1,8,2,2,huo,1
big,g06,1,8,2,2,huo,1
big,g06,2,8,2,2,huo-o,0
big,g06,4,8,2,2,huo,1
big,g06,6,8,2,2,huo,1
big,g06,8,8,2,2,huo,1
big,g06,9,8,2,2,huo,0
big,g06,10,8,2,2,piu-o,1
big,g06,11,8,2,2,piu-oo,0
big,g06,12,8,2,2,huo,0
big,g06,14,8,2,2,fuptoo,0
big,g06,1,8,2,3,huk,0
big,g06,2,8,2,3,mohu,0
big,g06,3,8,2,3,fuup,0
big,g06,4,8,2,3,muap,0
big,g06,5,8,2,3,puut,0
big,g06,11,8,2,3,fut-u,1
big,g06,13,8,2,3,hom-u,1
big,g06,14,8,2,3,poki-u,1
big,g06,1,8,2,4,poi,0
big,g06,1,8,2,4,wef,0
big,g06,2,8,2,4,wef,0
big,g06,6,8,2,4,uuum,1
big,g06,7,8,2,4,heu-ta,0
big,g06,8,8,2,4,puuw-u,0
big,g06,9,8,2,4,heuu-u,0
big,g06,10,8,2,4,fup-i,1
big,g06,12,8,2,4,fup-ui,1
big,g06,1,8,2,5,poui,0
big,g06,2,8,2,5,piti,1
big,g06,3,8,2,5,poki-tu,0
big,g06,4,8,2,5,poki-ko,1
big,g06,5,8,2,5,mum-u,1
big,g06,6,8,2,5,poki-ki,0
big,g06,7,8,2,5,poki-wi,0
big,g06,11,8,2,5,puu-wiwi,0
big,g06,1,8,2,6,poui,0
big,g06,1,8,2,6,poui,0
big,g06,2,8,2,6,poui,1
big,g06,4,8,2,6,fui,1
big,g06,5,8,2,6,huo-te,0
big,g06,8,8,2,6,huo-tum,1
big,g06,9,8,2,6,huo-ta,0
big,g06,10,8,2,6,puo-tum,1
big,g06,11,8,2,6,fupta,0
big,g06,13,8,2,6,hua-um,1
big,g06,14,8,2,6,huooo,0
big,g06,1,8,2,7,hu-fo,1
big,g06,2,8,2,7,hu-ni,1
big,g06,3,8,2,7,pui-ni,0
big,g06,12,8,2,7,fuup-ni,0
big,g06,13,8,2,7,piu-ni,1
big,g06,14,8,2,7,fup-ni,1
big,g06,1,8,2,8,hugfo,0
big,g06,1,8,2,8,fu-ho,1
big,g06,2,8,2,8,fthu,0
big,g06,5,8,2,8,weto,1
big,g06,7,8,2,8,futp,0
big,g06,8,8,2,8,fuip,0
big,g06,9,8,2,8,fuip,0
big,g06,10,8,2,8,fup,0
big,g06,13,8,2,8,fuiip,1
big,g06,1,9,2,1,fup,0
big,g06,2,9,2,1,knup,0
big,g06,3,9,2,1,hup,0
big,g06,4,9,2,1,mohh,0
big,g06,5,9,2,1,mum,0
big,g06,9,9,2,1,nikoo,0
big,g06,10,9,2,1,fupium,1
big,g06,13,9,2,1,hua-ute,1
big,g06,1,9,2,2,sug,1
big,g06,1,9,2,2,hio,1
big,g06,2,9,2,2,huo-o,0
big,g06,3,9,2,2,poki-o,1
big,g06,4,9,2,2,huo-o,0
big,g06,5,9,2,2,huo-to,1
big,g06,7,9,2,2,fupti,0
big,g06,8,9,2,2,huo-tu,1
big,g06,11,9,2,2,piu-u,1
big,g06,13,9,2,2,wop-u,0
big,g06,14,9,2,2,fuptuu,0
big,g06,1,9,2,3,huo,0
big,g06,2,9,2,3,moh,0
big,g06,3,9,2,3,mho,0
big,g06,4,9,2,3,moh,0
big,g06,6,9,2,3,pto,0
big,g06,7,9,2,3,hua,0
big,g06,9,9,2,3,ptu-a,0
big,g06,10,9,2,3,moh-a,0
big,g06,11,9,2,3,fup-a,1
big,g06,12,9,2,3,fuup-a,1
big,g06,14,9,2,3,poki-a,1
big,g06,1,9,2,4,wef,0
big,g06,1,9,2,4,wof,1
big,g06,2,9,2,4,ukt,0
big,g06,3,9,2,4,weuip,0
big,g06,4,9,2,4,huo-tea,0
big,g06,5,9,2,4,weta-a,0
big,g06,8,9,2,4,tuuk-po,0
big,g06,13,9,2,4,piu,0
big,g06,1,9,2,5,wesa,0
big,g06,2,9,2,5,gimi,0
big,g06,3,9,2,5,poki,0
big,g06,4,9,2,5,poki,0
big,g06,9,9,2,5,poki-ii,0
big,g06,10,9,2,5,poki-iii,0
big,g06,11,9,2,5,puu-koo,0
big,g06,12,9,2,5,poki-ieumm,0
big,g06,13,9,2,5,fiup-wowo,0
big,g06,1,9,2,6,pouia,1
big,g06,1,9,2,6,pouia,0
big,g06,2,9,2,6,poui,0
big,g06,3,9,2,6,puite,0
big,g06,4,9,2,6,poui,0
big,g06,6,9,2,6,huo,0
big,g06,7,9,2,6,huo,0
big,g06,8,9,2,6,huo-ti,0
big,g06,11,9,2,6,fupee,0
big,g06,12,9,2,6,huo,1
big,g06,14,9,2,6,puoiii,0
big,g06,1,9,2,7,nho,0
big,g06,2,9,2,7,hu-o,0
big,g06,3,9,2,7,piu-o,0
big,g06,4,9,2,7,poki-o,1
big,g06,5,9,2,7,puio,0
big,g06,6,9,2,7,puuo,0
big,g06,7,9,2,7,muo,1
big,g06,9,9,2,7,piuo,1
big,g06,10,9,2,7,piuo,1
big,g06,14,9,2,7,fupo,0
big,g06,1,9,2,8,fuho,1
big,g06,1,9,2,8,fuo,0
big,g06,2,9,2,8,fhui,0
big,g06,3,9,2,8,fpui,0
big,g06,4,9,2,8,fup,0
big,g06,6,9,2,8,fup,1
big,g06,8,9,2,8,fup,1
big,g06,12,9,2,8,fup,0
big,g06,6,10,2,1,huotaah,0
big,g06,7,10,2,1,muaah,0
big,g06,8,10,2,1,huaah,0
big,g06,12,10,2,1,fup-aaiah,0
big,g06,6,10,2,2,hua,0
big,g06,9,10,2,2,piua,1
big,g06,10,10,2,2,piu-te,0
big,g06,11,10,2,2,piu-as,0
big,g06,12,10,2,2,woh-ta,0
big,g06,14,10,2,2,fuptea,1
big,g06,8,10,2,3,puuw-ou,1
big,g06,11,10,2,3,fup-to,0
big,g06,13,10,2,3,hom-to,1
big,g06,14,10,2,3,poki-to,1
big,g06,6,10,2,4,puu-te-o,0
big,g06,7,10,2,4,heu-o,0
big,g06,9,10,2,4,poki-tu,0
big,g06,10,10,2,4,fupeau,0
big,g06,12,10,2,4,fup-ieui,0
big,g06,6,10,2,5,fup-u,0
big,g06,7,10,2,5,poki,0
big,g06,8,10,2,5,huo-gin,1
big,g06,11,10,2,5,puu-u,0
big,g06,9,10,2,6,ptu-taum,0
big,g06,10,10,2,6,puo-tia,0
big,g06,11,10,2,6,fup-tum,1
big,g06,13,10,2,6,huo-tua,1
big,g06,14,10,2,6,huo-eum,1
big,g06,8,10,2,7,fuki,1
big,g06,12,10,2,7,piu-kini,0
big,g06,13,10,2,7,piu-kini,1
big,g06,14,10,2,7,fup-ki-ni,0
big,g06,7,10,2,8,fup,0
big,g06,9,10,2,8,fuit,0
big,g06,10,10,2,8,moho,0
big,g06,13,10,2,8,fuipt,1
big,g06,5,11,2,1,mueeh,0
big,g06,9,11,2,1,fuieeh,0
big,g06,10,11,2,1,fupieeh,1
big,g06,11,11,2,1,fup-e,1
big,g06,14,11,2,1,fupieeh,1
big,g06,5,11,2,2,huo-to,0
big,g06,7,11,2,2,fupto,0
big,g06,8,11,2,2,huiu,0
big,g06,5,11,2,3,puuo,0
big,g06,6,11,2,3,hue,1
big,g06,7,11,2,3,huai,0
big,g06,9,11,2,3,ptu-e,0
big,g06,10,11,2,3,moh-e,0
big,g06,12,11,2,3,fuup-e,1
big,g06,13,11,2,3,hom-e,0
big,g06,5,11,2,4,wito,1
big,g06,8,11,2,4,puuw-ia,1
big,g06,11,11,2,4,wohh-po,0
big,g06,14,11,2,4,heu-ue,1
big,g06,5,11,2,5,mum-o,1
big,g06,9,11,2,5,poki-ta,0
big,g06,10,11,2,5,piu-o,0
big,g06,12,11,2,5,poki-i,0
big,g06,14,11,2,5,poki-te,0
big,g06,5,11,2,6,huo-ti,1
big,g06,6,11,2,6,huo-ti,1
big,g06,7,11,2,6,huo-tii,0
big,g06,8,11,2,6,huo-tiie,1
big,g06,12,11,2,6,huo-teo,1
big,g06,13,11,2,6,huo-teii,1
big,g06,5,11,2,7,puuo,0
big,g06,6,11,2,7,puu-o-te,1
big,g06,7,11,2,7,mu-ieh,1
big,g06,9,11,2,7,skong-kia,0
big,g06,10,11,2,7,piuote,1
big,g06,11,11,2,7,puu-ote,0
big,g06,13,11,2,7,piu-te-i,1
big,g06,5,11,2,8,wota,0
big,g06,6,11,2,8,fup,0
big,g06,8,11,2,8,fupt,0
big,g06,11,11,2,8,fupee,0
big,g06,12,11,2,8,fuip,1
big,g06,13,11,2,8,fupt,1
big,g06,14,11,2,8,fupti,1
big,g06,3,12,2,1,haup,0
big,g06,4,12,2,1,meaup,0
big,g06,8,12,2,1,huotaah,1
big,g06,9,12,2,1,fuiaah,0
big,g06,10,12,2,1,fupiaah,0
big,g06,12,12,2,1,pokiaah,0
big,g06,13,12,2,1,hua-woop,1
big,g06,3,12,2,2,poki-te,1
big,g06,7,12,2,2,fup,1
big,g06,11,12,2,2,piu-te,1
big,g06,12,12,2,2,huo-tee,0
big,g06,13,12,2,2,huo-u,0
big,g06,14,12,2,2,fupte,1
big,g06,3,12,2,3,moh,1
big,g06,5,12,2,3,puue,0
big,g06,6,12,2,3,hua,0
big,g06,7,12,2,3,hua,0
big,g06,8,12,2,3,tuuk-ua,0
big,g06,9,12,2,3,ptu-au,0
big,g06,10,12,2,3,moh-te,0
big,g06,11,12,2,3,pto-te,0
big,g06,14,12,2,3,poke-te,0
big,g06,3,12,2,4,wium,0
big,g06,4,12,2,4,hueu,0
big,g06,12,12,2,4,fup-io,1
big,g06,13,12,2,4,piu-i,0
big,g06,3,12,2,5,poki-e,0
big,g06,5,12,2,5,mum-o,1
big,g06,8,12,2,5,huo-ta,0
big,g06,9,12,2,5,poki-ti,1
big,g06,10,12,2,5,poki-te,0
big,g06,11,12,2,5,puu-kiu,0
big,g06,13,12,2,5,fiup-to,1
big,g06,3,12,2,6,puia,0
big,g06,5,12,2,6,huo-ti,0
big,g06,6,12,2,6,huo-ti,0
big,g06,7,12,2,6,huo-tii,0
big,g06,11,12,2,6,fupteei,0
big,g06,14,12,2,6,huo-teii,1
big,g06,3,12,2,7,piu-ki,1
big,g06,4,12,2,7,piu-ki,0
big,g06,6,12,2,7,uu-o,0
big,g06,7,12,2,7,mu-aah,1
big,g06,8,12,2,7,fupki,0
big,g06,9,12,2,7,piuo-ki,0
big,g06,10,12,2,7,piu-kio,0
big,g06,12,12,2,7,fuup-kio,1
big,g06,14,12,2,7,fup-kio,1
big,g06,3,12,2,8,fhui,0
big,g06,4,12,2,8,fui,0
big,g06,5,12,2,8,wata,1
big,g06,6,12,2,8,pok,0
big,g06,1,13,2,1,huo,0
big,g06,1,13,2,1,heo,0
big,g06,2,13,2,1,huueep,0
big,g06,3,13,2,1,muip,0
big,g06,5,13,2,1,mumoh,1
big,g06,10,13,2,1,fupeeh,0
big,g06,11,13,2,1,fupieeh,0
big,g06,13,13,2,1,fupeeum,0
big,g06,14,13,2,1,fup-eeh-ni,1
big,g06,1,13,2,2,hom,0
big,g06,2,13,2,2,huo-te,1
big,g06,3,13,2,2,poki-ti,1
big,g06,4,13,2,2,huo-ti,0
big,g06,5,13,2,2,huo-ta,0
big,g06,7,13,2,2,fupo,0
big,g06,8,13,2,2,huoi,0
big,g06,9,13,2,2,piu-u,0
big,g06,13,13,2,2,huo-o,0
big,g06,1,13,2,3,moh,0
big,g06,1,13,2,3,wuf,1
big,g06,2,13,2,3,mho,0
big,g06,3,13,2,3,mohu,0
big,g06,4,13,2,3,mohu,0
big,g06,6,13,2,3,hui,0
big,g06,7,13,2,3,pokei,0
big,g06,10,13,2,3,moh-o,1
big,g06,12,13,2,3,fup-mo,0
big,g06,1,13,2,4,wha,1
big,g06,2,13,2,4,wah,0
big,g06,3,13,2,4,huip,1
big,g06,5,13,2,4,wutu,1
big,g06,8,13,2,4,puuw-ua,0
big,g06,9,13,2,4,poki-tea,1
big,g06,11,13,2,4,wohh-ieu,0
big,g06,13,13,2,4,piu-ie,1
big,g06,14,13,2,4,heu-uie,0
big,g06,1,13,2,5,skong,0
big,g06,1,13,2,5,pouia,0
big,g06,2,13,2,5,gim,1
big,g06,3,13,2,5,poki,1
big,g06,4,13,2,5,poki,0
big,g06,10,13,2,5,poki-hi,0
big,g06,12,13,2,5,poki-tuu,0
big,g06,13,13,2,5,fiup-wuwi,1
big,g06,14,13,2,5,poki-io,0
big,g06,1,13,2,6,puo,0
big,g06,2,13,2,6,pouia,1
big,g06,3,13,2,6,piu-ka,0
big,g06,4,13,2,6,niki,0
big,g06,6,13,2,6,huo-tiaa,1
big,g06,7,13,2,6,heu-te,1
big,g06,8,13,2,6,huo-teum,1
big,g06,9,13,2,6,ptu-ea,1
big,g06,12,13,2,6,huo-teum,0
big,g06,1,13,2,7,pok,0
big,g06,1,13,2,7,as-te,1
big,g06,2,13,2,7,hu-ni,0
big,g06,3,13,2,7,piu-te,1
big,g06,5,13,2,7,puu-te,1
big,g06,6,13,2,7,puu-te-ka,0
big,g06,7,13,2,7,mu-mu-te,0
big,g06,10,13,2,7,piu-ni,1
big,g06,11,13,2,7,puu-teni,1
big,g06,1,13,2,8,fuo,1
big,g06,2,13,2,8,fih,0
big,g06,3,13,2,8,mho,0
big,g06,6,13,2,8,fpu,0
big,g06,8,13,2,8,fuiki,0
big,g06,9,13,2,8,fuiop,0
big,g06,11,13,2,8,fup,0
big,g06,12,13,2,8,fuip,0
big,g06,14,13,2,8,fuipti,0
big,g06,5,14,2,1,moie,0
big,g06,7,14,2,1,muaa,1
big,g06,9,14,2,1,fuaate,0
big,g06,11,14,2,1,fupaa-te,1
big,g06,5,14,2,2,huo-te,1
big,g06,8,14,2,2,huo-te,1
big,g06,10,14,2,2,piu-a,0
big,g06,14,14,2,2,fuptee,1
big,g06,5,14,2,3,puui,1
big,g06,6,14,2,3,huu,0
big,g06,9,14,2,3,ptu-u,0
big,g06,12,14,2,3,fuup-ti,0
big,g06,13,14,2,3,hom-ti,0
big,g06,14,14,2,3,poke-ti,1
big,g06,5,14,2,4,witi,1
big,g06,7,14,2,4,heu-a,0
big,g06,8,14,2,4,tuuk-eo,0
big,g06,10,14,2,4,fupi,0
big,g06,11,14,2,4,piu-i,1
big,g06,5,14,2,5,mum-i,0
big,g06,7,14,2,5,poki-ska,0
big,g06,9,14,2,5,poki-auieo,0
big,g06,12,14,2,5,poki-aum,0
big,g06,5,14,2,6,huo-ti,1
big,g06,6,14,2,6,huo-te,1
big,g06,8,14,2,6,huo-te,0
big,g06,10,14,2,6,puo-te,0
big,g06,12,14,2,6,huo-te,0
big,g06,13,14,2,6,huo-tei,0
big,g06,14,14,2,6,huoe,0
big,g06,5,14,2,7,puu-ki,0
big,g06,6,14,2,7,puu-ki,0
big,g06,9,14,2,7,piu-ki,0
big,g06,11,14,2,7,puu-ki,0
big,g06,13,14,2,7,piu-ki,0
big,g06,14,14,2,7,fup-ki,0
big,g06,5,14,2,8,wate,0
big,g06,6,14,2,8,fpu,1
big,g06,7,14,2,8,fupt,1
big,g06,8,14,2,8,fupt,0
big,g06,10,14,2,8,moha,0
big,g06,11,14,2,8,fupi,1
big,g06,12,14,2,8,fuipt,0
big,g06,13,14,2,8,fuip,0
big,g06,1,15,3,1,skup,1
big,g06,1,15,3,1,skee,1
big,g06,2,15,3,1,ptee,0
big,g06,3,15,3,1,weeup,0
big,g06,5,15,3,1,skongeeuw,1
big,g06,7,15,3,1,skongieh,0
big,g06,8,15,3,1,skongiee,0
big,g06,10,15,3,1,skongieeh,1
big,g06,12,15,3,1,skongieeh,1
big,g06,13,15,3,1,skong-ti,0
big,g06,14,15,3,1,skong-ieeh,1
big,g06,1,15,3,2,wuh,1
big,g06,2,15,3,2,fu-o,0
big,g06,3,15,3,2,hu-o,0
big,g06,4,15,3,2,spong-to,0
big,g06,5,15,3,2,wiki-to,0
big,g06,9,15,3,2,skong-kia,0
big,g06,11,15,3,2,skong-po,0
big,g06,12,15,3,2,skong-po,0
big,g06,13,15,3,2,skong-e,1
big,g06,1,15,3,3,skeng,0
big,g06,1,15,3,3,skeng,0
big,g06,2,15,3,3,skeng,0
big,g06,3,15,3,3,tuup,0
big,g06,4,15,3,3,skang,0
big,g06,6,15,3,3,sponge,1
big,g06,8,15,3,3,skong-ia,1
big,g06,10,15,3,3,skong-e,0
big,g06,11,15,3,3,skong-e,1
big,g06,1,15,3,4,nim,1
big,g06,2,15,3,4,nim,0
big,g06,3,15,3,4,wam,0
big,g06,5,15,3,4,kto-o,0
big,g06,7,15,3,4,kgo-u,0
big,g06,9,15,3,4,skong-te,0
big,g06,12,15,3,4,skong-iu,1
big,g06,13,15,3,4,skong-te-i,1
big,g06,14,15,3,4,skong-ui,1
big,g06,1,15,3,5,wika,0
big,g06,1,15,3,5,wika,1
big,g06,2,15,3,5,kint,0
big,g06,3,15,3,5,skongi,0
big,g06,4,15,3,5,piu-ke,0
big,g06,7,15,3,5,skong,0
big,g06,8,15,3,5,skong-iuiu,0
big,g06,10,15,3,5,skong-tu,1
big,g06,11,15,3,5,skong-uo,0
big,g06,13,15,3,5,skong-uo,1
big,g06,14,15,3,5,skong-uo,1
big,g06,1,15,3,6,wika,1
big,g06,2,15,3,6,skong,0
big,g06,3,15,3,6,wika,0
big,g06,4,15,3,6,tkoi,0
big,g06,6,15,3,6,skongii,1
big,g06,9,15,3,6,skong-iii,0
big,g06,11,15,3,6,skongea,0
big,g06,1,15,3,7,piu-te,1
big,g06,1,15,3,7,piu-te,1
big,g06,2,15,3,7,piu-te,0
big,g06,3,15,3,7,piu-te,0
big,g06,5,15,3,7,skongo,1
big,g06,6,15,3,7,kgo-o-te,1
big,g06,8,15,3,7,skongteo,1
big,g06,10,15,3,7,skongote,1
big,g06,12,15,3,7,skong-teo,1
big,g06,1,15,3,8,puo,0
big,g06,2,15,3,8,ptu,0
big,g06,3,15,3,8,pto,0
big,g06,6,15,3,8,skong,1
big,g06,7,15,3,8,kto,0
big,g06,9,15,3,8,tko,0
big,g06,14,15,3,8,skongti,1
big,g06,1,16,3,1,skee,0
big,g06,2,16,3,1,ptup,0
big,g06,4,16,3,1,skau,0
big,g06,6,16,3,1,skongaaieh,0
big,g06,7,16,3,1,skongaah,0
big,g06,9,16,3,1,skongiaah,1
big,g06,12,16,3,1,skong-woop,0
big,g06,13,16,3,1,skongaah,0
big,g06,1,16,3,2,weh,0
big,g06,1,16,3,2,fup,0
big,g06,2,16,3,2,ho-o,0
big,g06,3,16,3,2,hu-te,0
big,g06,6,16,3,2,spongu,1
big,g06,8,16,3,2,spongeeh,0
big,g06,10,16,3,2,skong-ta,1
big,g06,11,16,3,2,skong-te,0
big,g06,12,16,3,2,skong-te,0
big,g06,13,16,3,2,skong-tu,0
big,g06,14,16,3,2,skong-te,1
big,g06,1,16,3,3,skong,1
big,g06,2,16,3,3,skong,0
big,g06,5,16,3,3,skongaa,0
big,g06,9,16,3,3,skong,0
big,g06,11,16,3,3,skong-te,0
big,g06,14,16,3,3,skong-te,1
big,g06,1,16,3,4,skong,1
big,g06,1,16,3,4,skong,1
big,g06,2,16,3,4,skong,1
big,g06,3,16,3,4,wem,1
big,g06,4,16,3,4,spoing-tio,1
big,g06,6,16,3,4,kgo-o,1
big,g06,7,16,3,4,kgo-i,0
big,g06,8,16,3,4,kgo-oh,0
big,g06,10,16,3,4,skong-woop,1
big,g06,12,16,3,4,skong-ue,0
big,g06,13,16,3,4,skong-ko,0
big,g06,1,16,3,5,wika,0
big,g06,2,16,3,5,skong,1
big,g06,5,16,3,5,skong-ieuw,1
big,g06,6,16,3,5,skong-u,0
big,g06,7,16,3,5,skong-a,1
big,g06,9,16,3,5,skong-te,0
big,g06,11,16,3,5,skong-te,0
big,g06,13,16,3,5,skong-tie,0
big,g06,1,16,3,6,wik,0
big,g06,1,16,3,6,wika,0
big,g06,2,16,3,6,wika,0
big,g06,3,16,3,6,wika,0
big,g06,5,16,3,6,wiki-ti,1
big,g06,8,16,3,6,skongi,0
big,g06,10,16,3,6,skong-taa,0
big,g06,11,16,3,6,skong-tiie,0
big,g06,14,16,3,6,skoeng-eii,1
big,g06,1,16,3,7,piu-ki,1
big,g06,2,16,3,7,piu-ki,0
big,g06,4,16,3,7,piu-o,1
big,g06,9,16,3,7,skong-kio,1
big,g06,12,16,3,7,skong-kio,1
big,g06,14,16,3,7,skong-kio,0
big,g06,1,16,3,8,pio,0
big,g06,1,16,3,8,piu,1
big,g06,2,16,3,8,pto,0
big,g06,3,16,3,8,tpo,1
big,g06,4,16,3,8,kto,0
big,g06,5,16,3,8,okt,0
big,g06,7,16,3,8,kto,0
big,g06,8,16,3,8,ktok,0
big,g06,10,16,3,8,skoong,1
big,g06,4,18,3,1,ptaa,0
big,g06,6,18,3,1,skongaam,1
big,g06,10,18,3,1,skongaa-te,1
big,g06,11,18,3,1,skongaa-te,1
big,g06,14,18,3,1,skonga-te,0
big,g06,4,18,3,2,spong-tu,0
big,g06,6,18,3,2,sponge,1
big,g06,7,18,3,2,woha,0
big,g06,8,18,3,2,skongaai,0
big,g06,9,18,3,2,skong-kia,0
big,g06,4,18,3,3,skonge,0
big,g06,5,18,3,3,skonga,1
big,g06,7,18,3,3,skongu,1
big,g06,10,18,3,3,skong-ti,1
big,g06,12,18,3,3,skong-ti,0
big,g06,13,18,3,3,skong-ti,1
big,g06,4,18,3,4,wiew,0
big,g06,6,18,3,4,kgo-ti,1
big,g06,8,18,3,4,gko-iu,1
big,g06,9,18,3,4,skong-ti,0
big,g06,11,18,3,4,skong-gnoks,1
big,g06,14,18,3,4,skong-gnoks,0
big,g06,4,18,3,5,piu-ki,1
big,g06,5,18,3,5,skong-ki,1
big,g06,6,18,3,5,skong-wi,1
big,g06,10,18,3,5,skong-i,1
big,g06,12,18,3,5,skong-ieumm,1
big,g06,14,18,3,5,skong-iaia,1
big,g06,4,18,3,6,onki,0
big,g06,5,18,3,6,wiki,0
big,g06,7,18,3,6,kto-te,0
big,g06,8,18,3,6,skong-te,1
big,g06,9,18,3,6,skong-te,1
big,g06,12,18,3,6,skoeng-tee,0
big,g06,13,18,3,6,skoengee,0
big,g06,4,18,3,7,piu-ki,1
big,g06,7,18,3,7,skong-aa,1
big,g06,10,18,3,7,skongki,0
big,g06,11,18,3,7,skong-p,0
big,g06,13,18,3,7,skong-ki,0
big,g06,4,18,3,8,tko,0
big,g06,5,18,3,8,tko,0
big,g06,8,18,3,8,skongo,1
big,g06,9,18,3,8,skongte,1
big,g06,11,18,3,8,skongi,1
big,g06,12,18,3,8,skongo,0
big,g06,13,18,3,8,skonga,1
big,g06,14,18,3,8,skongtee,1
big,g06,3,19,3,1,wau,0
big,g06,4,19,3,1,ptea,0
big,g06,7,19,3,1,skongaah,0
big,g06,8,19,3,1,skongaai,0
big,g06,10,19,3,1,skongaauh,1
big,g06,11,19,3,1,skongaum,0
big,g06,14,19,3,1,skongaum,0
big,g06,3,19,3,2,hu-te,0
big,g06,4,19,3,2,wuuw,0
big,g06,9,19,3,2,skong-ki,1
big,g06,3,19,3,3,tuup,0
big,g06,4,19,3,3,ptoo,0
big,g06,5,19,3,3,skonguu,1
big,g06,6,19,3,3,spongo,0
big,g06,8,19,3,3,skong-ou,1
big,g06,10,19,3,3,skong-te,0
big,g06,12,19,3,3,skong-to,0
big,g06,13,19,3,3,skong-to,1
big,g06,3,19,3,4,wim,0
big,g06,4,19,3,4,heau,0
big,g06,7,19,3,4,kgo-it,0
big,g06,9,19,3,4,skong-iuo,0
big,g06,11,19,3,4,skong-ieuo,0
big,g06,14,19,3,4,skong-ioeu,1
big,g06,3,19,3,5,skong-u,0
big,g06,4,19,3,5,piu-ka,0
big,g06,5,19,3,5,skong-u,1
big,g06,7,19,3,5,skon,0
big,g06,8,19,3,5,skon,1
big,g06,10,19,3,5,skon,1
big,g06,12,19,3,5,skon,1
big,g06,14,19,3,5,skon,1
big,g06,3,19,3,6,wike,1
big,g06,4,19,3,6,tko,0
big,g06,5,19,3,6,wiki-ta,1
big,g06,6,19,3,6,skongaam,0
big,g06,9,19,3,6,skoeng-tae,0
big,g06,12,19,3,6,skong-teum,0
big,g06,13,19,3,6,skong-tam,1
big,g06,3,19,3,7,pui-ni,1
big,g06,4,19,3,7,piu-ki,0
big,g06,6,19,3,7,kgo-ki-ka,0
big,g06,8,19,3,7,skongkini,0
big,g06,10,19,3,7,skongkini,0
big,g06,11,19,3,7,skong-kini,0
big,g06,13,19,3,7,skong-ki-ni,1
big,g06,3,19,3,8,tpo,0
big,g06,4,19,3,8,kto,0
big,g06,5,19,3,8,otk,1
big,g06,6,19,3,8,skong-te,1
big,g06,7,19,3,8,tko,0
big,g06,9,19,3,8,kto,0
big,g06,11,19,3,8,skonga,1
big,g06,12,19,3,8,skong-ta,0
big,g06,13,19,3,8,skong-te,1
big,g06,14,19,3,8,skongta,1
big,g06,6,20,3,1,skongohee,1
big,g06,9,20,3,1,skongieeh,0
big,g06,11,20,3,1,skongeeh,1
big,g06,12,20,3,1,skong-aah,1
big,g06,13,20,3,1,skongeeh,0
big,g06,6,20,3,2,spongo,0
big,g06,7,20,3,2,ktu,1
big,g06,8,20,3,2,spong-ti,0
big,g06,10,20,3,2,skong-tu,1
big,g06,12,20,3,2,skong-tou,0
big,g06,13,20,3,2,skong-o,1
big,g06,14,20,3,2,skong-to,0
big,g06,7,20,3,3,skonge,1
big,g06,9,20,3,3,skong-eo,1
big,g06,14,20,3,3,skong-o,1
big,g06,6,20,3,4,gkoo,1
big,g06,8,20,3,4,kgo-tu,0
big,g06,10,20,3,4,skongit,1
big,g06,11,20,3,4,skong-g,0
big,g06,12,20,3,4,skong-s,0
big,g06,13,20,3,4,skong-g,0
big,g06,6,20,3,5,skong-e,0
big,g06,9,20,3,5,skong-ki,1
big,g06,13,20,3,5,skong-iou,1
big,g06,7,20,3,6,kta,1
big,g06,8,20,3,6,wikaa,0
big,g06,10,20,3,6,skong-tim,0
big,g06,14,20,3,6,skoengeum,1
big,g06,7,20,3,7,skong-mu-te,0
big,g06,9,20,3,7,skong-teni,1
big,g06,11,20,3,7,skong-tesi,1
big,g06,12,20,3,7,skong-teni,0
big,g06,14,20,3,7,skong-te-ni,0
big,g06,8,20,3,8,kto,0
big,g06,10,20,3,8,skonguo,1
big,g06,11,20,3,8,skongia,1
big,g06,2,21,3,1,ptup,1
big,g06,3,21,3,1,wop,0
big,g06,6,21,3,1,skongum,0
big,g06,7,21,3,1,skongoo,1
big,g06,9,21,3,1,skongom,1
big,g06,10,21,3,1,skongom,0
big,g06,11,21,3,1,skongute,0
big,g06,12,21,3,1,skongum,1
big,g06,13,21,3,1,skongum,1
big,g06,2,21,3,2,foo,0
big,g06,2,21,3,2,ho-ni,0
big,g06,3,21,3,2,hu-o,0
big,g06,4,21,3,2,spong-ti,0
big,g06,6,21,3,2,spongo,0
big,g06,8,21,3,2,spongoo,1
big,g06,12,21,3,2,skong-oo,1
big,g06,13,21,3,2,skong-u,1
big,g06,14,21,3,2,skongoo,1
big,g06,2,21,3,3,skongu,0
big,g06,3,21,3,3,tup,1
big,g06,4,21,3,3,skongu,1
big,g06,5,21,3,3,skongu,0
big,g06,9,21,3,3,skong-u,0
big,g06,10,21,3,3,skong-u,0
big,g06,14,21,3,3,skong-u,0
big,g06,2,21,3,4,wef,0
big,g06,2,21,3,4,wef,0
big,g06,3,21,3,4,wom,1
big,g06,6,21,3,4,kgo-a,1
big,g06,7,21,3,4,kto-tu,0
big,g06,8,21,3,4,kgo-u,1
big,g06,11,21,3,4,skong-u,0
big,g06,12,21,3,4,skong-sk,1
big,g06,13,21,3,4,skong-ni,1
big,g06,2,21,3,5,skongi,0
big,g06,3,21,3,5,skong,1
big,g06,4,21,3,5,piu-ka,1
big,g06,5,21,3,5,skong-i,0
big,g06,6,21,3,5,skong-a,0
big,g06,7,21,3,5,skong-o,1
big,g06,9,21,3,5,skong-pi,1
big,g06,10,21,3,5,skong-to,0
big,g06,13,21,3,5,skong-aa,1
big,g06,2,21,3,6,wika,0
big,g06,2,21,3,6,skonga,0
big,g06,3,21,3,6,wike,0
big,g06,4,21,3,6,koto,1
big,g06,5,21,3,6,wika,0
big,g06,8,21,3,6,skong-aa,0
big,g06,14,21,3,6,skonguum,0
big,g06,2,21,3,7,piu-ni,0
big,g06,3,21,3,7,fup-ni,0
big,g06,9,21,3,7,skongu,1
big,g06,10,21,3,7,skongni,0
big,g06,11,21,3,7,skong-ni,0
big,g06,12,21,3,7,skong-ni,1
big,g06,14,21,3,7,skong-ni,0
big,g06,2,21,3,8,pti,0
big,g06,2,21,3,8,pto,0
big,g06,3,21,3,8,tpo,0
big,g06,5,21,3,8,kto,0
big,g06,7,21,3,8,ktok,0
big,g06,8,21,3,8,okt,1
big,g06,11,21,3,8,skongia,0
big,g06,2,23,4,1,weep,0
big,g06,3,23,4,1,weep,1
big,g06,5,23,4,1,woopeu,1
big,g06,8,23,4,1,woopeiu,0
big,g06,9,23,4,1,woopiee,0
big,g06,11,23,4,1,woopeeh,1
big,g06,12,23,4,1,woop-eum,0
big,g06,2,23,4,2,woop,1
big,g06,4,23,4,2,woop-ti,1
big,g06,5,23,4,2,woop-te,1
big,g06,7,23,4,2,woopa,1
big,g06,10,23,4,2,woop-oi,0
big,g06,12,23,4,2,woop-tu,1
big,g06,14,23,4,2,woop-to,0
big,g06,2,23,4,3,wuup,1
big,g06,3,23,4,3,woopu,1
big,g06,4,23,4,3,woopu,1
big,g06,6,23,4,3,woopi,0
big,g06,7,23,4,3,woopei,0
big,g06,8,23,4,3,woop-o,1
big,g06,9,23,4,3,woop-o,1
big,g06,13,23,4,3,woop-o,1
big,g06,14,23,4,3,woop-o,1
big,g06,2,23,4,4,wuup,0
big,g06,5,23,4,4,wiip,0
big,g06,10,23,4,4,woop-poow,1
big,g06,11,23,4,4,woop-poow,1
big,g06,12,23,4,4,woop-poow,1
big,g06,2,23,4,5,woop,0
big,g06,3,23,4,5,woop-i,0
big,g06,4,23,4,5,woop,1
big,g06,8,23,4,5,woop,1
big,g06,9,23,4,5,woop,1
big,g06,2,23,4,6,woop,0
big,g06,4,23,4,6,woop,0
big,g06,6,23,4,6,woopaaah,1
big,g06,7,23,4,6,woop-tam,1
big,g06,10,23,4,6,woop-ni,1
big,g06,13,23,4,6,woop-tum,1
big,g06,14,23,4,6,woop-ium,1
big,g06,2,23,4,7,woop,1
big,g06,3,23,4,7,woop-to,1
big,g06,5,23,4,7,woop-te,1
big,g06,6,23,4,7,woop-te,0
big,g06,7,23,4,7,woop-mu-te,1
big,g06,8,23,4,7,sateni,0
big,g06,9,23,4,7,woopu,1
big,g06,11,23,4,7,woop-te,1
big,g06,12,23,4,7,woop-teni,1
big,g06,13,23,4,7,woop-i-ni,0
big,g06,14,23,4,7,woop-te-ni,1
big,g06,2,23,4,8,weep,1
big,g06,6,23,4,8,wep,0
big,g06,10,23,4,8,wop,1
big,g06,11,23,4,8,wop,1
big,g06,13,23,4,8,waap,1
big,g06,1,25,4,1,woop,1
big,g06,1,25,4,1,woop,1
big,g06,2,25,4,1,woop,1
big,g06,3,25,4,1,woop,1
big,g06,4,25,4,1,woop,1
big,g06,5,25,4,1,woop,1
big,g06,8,25,4,1,woop,1
big,g06,9,25,4,1,woop,1
big,g06,13,25,4,1,woop-au,0
big,g06,14,25,4,1,woop,0
big,g06,1,25,4,2,woop,1
big,g06,2,25,4,2,woopo,1
big,g06,3,25,4,2,woop,0
big,g06,5,25,4,2,woop,1
big,g06,7,25,4,2,woop,1
big,g06,10,25,4,2,woop,1
big,g06,11,25,4,2,woop,1
big,g06,13,25,4,2,woop,1
big,g06,1,25,4,3,woop,1
big,g06,1,25,4,3,woop,1
big,g06,2,25,4,3,woop,1
big,g06,3,25,4,3,woop,1
big,g06,6,25,4,3,woop,1
big,g06,7,25,4,3,woopa,0
big,g06,8,25,4,3,woop,1
big,g06,9,25,4,3,woop-te,1
big,g06,11,25,4,3,woop,1
big,g06,12,25,4,3,woop-te,0
big,g06,1,25,4,4,woop,1
big,g06,2,25,4,4,woop,0
big,g06,3,25,4,4,woop,1
big,g06,4,25,4,4,woop,1
big,g06,5,25,4,4,woop,1
big,g06,10,25,4,4,woop,1
big,g06,13,25,4,4,woop,0
big,g06,14,25,4,4,woop,1
big,g06,1,25,4,5,woop,1
big,g06,1,25,4,5,woop,1
big,g06,2,25,4,5,woop,1
big,g06,3,25,4,5,woop,1
big,g06,8,25,4,5,woo-auioe-p,0
big,g06,9,25,4,5,woo-o-p,0
big,g06,11,25,4,5,woo-o-p,0
big,g06,12,25,4,5,woo-oi-p,0
big,g06,13,25,4,5,woo-o-p,0
big,g06,14,25,4,5,waap,0
big,g06,1,25,4,6,woop,1
big,g06,2,25,4,6,woop,1
big,g06,3,25,4,6,woop,0
big,g06,6,25,4,6,woop,1
big,g06,7,25,4,6,woop,1
big,g06,10,25,4,6,woop,1
big,g06,11,25,4,6,woop,1
big,g06,12,25,4,6,woop,1
big,g06,1,25,4,7,woop,1
big,g06,1,25,4,7,woop,1
big,g06,2,25,4,7,woop-o,1
big,g06,3,25,4,7,woop,1
big,g06,4,25,4,7,woop-o,1
big,g06,5,25,4,7,woopo,1
big,g06,6,25,4,7,woop-ki,0
big,g06,7,25,4,7,woopo,0
big,g06,8,25,4,7,woopki,0
big,g06,9,25,4,7,woopo,1
big,g06,1,25,4,8,kpo,0
big,g06,2,25,4,8,woop,1
big,g06,3,25,4,8,woop,1
big,g06,4,25,4,8,woop,1
big,g06,6,25,4,8,wooop,0
big,g06,10,25,4,8,woop,1
big,g06,12,25,4,8,waap,0
big,g06,14,25,4,8,woopte,0
big,g06,6,26,4,1,woopaah,1
big,g06,8,26,4,1,woopaai,1
big,g06,9,26,4,1,woopaah,0
big,g06,11,26,4,1,woopaah,1
big,g06,14,26,4,1,woop-aah,0
big,g06,6,26,4,2,woopo,1
big,g06,7,26,4,2,woopa,0
big,g06,10,26,4,2,woop-te,1
big,g06,7,26,4,3,woopuu,1
big,g06,8,26,4,3,woop-ou,1
big,g06,9,26,4,3,woop-te,0
big,g06,12,26,4,3,woop-to,0
big,g06,13,26,4,3,woop-to,1
big,g06,6,26,4,4,woop-ka,0
big,g06,10,26,4,4,woop-wo,0
big,g06,11,26,4,4,woop-woopwo,0
big,g06,14,26,4,4,woop-eu,1
big,g06,6,26,4,5,wop,1
big,g06,8,26,4,5,wop,1
big,g06,9,26,4,5,wop,0
big,g06,12,26,4,5,wop,0
big,g06,14,26,4,5,wop,0
big,g06,7,26,4,6,woop-ta,1
big,g06,10,26,4,6,woop-tim,1
big,g06,12,26,4,6,woop-eum,1
big,g06,13,26,4,6,woop-oum,1
big,g06,7,26,4,7,woopaah,1
big,g06,8,26,4,7,sakini,0
big,g06,9,26,4,7,woopki,0
big,g06,11,26,4,7,woop-ki,1
big,g06,13,26,4,7,woop-kini,1
big,g06,10,26,4,8,wap,0
big,g06,11,26,4,8,wap,0
big,g06,12,26,4,8,wap,1
big,g06,13,26,4,8,wap,1
big,g06,14,26,4,8,woopta,1
big,g06,4,28,4,1,weeoop,1
big,g06,5,28,4,1,weepeeh,0
big,g06,6,28,4,1,woopiee,1
big,g06,7,28,4,1,woopieeh,1
big,g06,8,28,4,1,woopieeh,0
big,g06,9,28,4,1,woopiee,0
big,g06,12,28,4,1,woopeeium,1
big,g06,14,28,4,1,woopee-te,0
big,g06,4,28,4,2,woop-ta,1
big,g06,5,28,4,2,woop-to,1
big,g06,6,28,4,2,woopi,1
big,g06,10,28,4,2,woop-ti,0
big,g06,11,28,4,2,woop-ko,1
big,g06,12,28,4,2,woop-po,1
big,g06,4,28,4,3,woope,1
big,g06,8,28,4,3,woop-e,1
big,g06,9,28,4,3,woop-e,0
big,g06,11,28,4,3,woop-e,1
big,g06,13,28,4,3,woop-i,1
big,g06,4,28,4,4,wiip,1
big,g06,5,28,4,4,wuap,0
big,g06,6,28,4,4,woop-i,0
big,g06,7,28,4,4,woop-ti,0
big,g06,10,28,4,4,woop,0
big,g06,12,28,4,4,woop-wo,1
big,g06,14,28,4,4,woop-wo,0
big,g06,4,28,4,5,woop,1
big,g06,6,28,4,5,woop-i,1
big,g06,7,28,4,5,wooop,1
big,g06,8,28,4,5,wooop,1
big,g06,9,28,4,5,wooop,1
big,g06,11,28,4,5,wooop,1
big,g06,14,28,4,5,wooop,0
big,g06,4,28,4,6,weep,1
big,g06,10,28,4,6,woop-tee,1
big,g06,11,28,4,6,woop-io,1
big,g06,13,28,4,6,woop-teei,1
big,g06,4,28,4,7,woop-te,1
big,g06,5,28,4,7,woop-te,1
big,g06,8,28,4,7,woopte,1
big,g06,9,28,4,7,woopte,1
big,g06,12,28,4,7,woop-teo,1
big,g06,13,28,4,7,woop-i-te,1
big,g06,4,28,4,8,weep,1
big,g06,7,28,4,8,wiip,1
big,g06,10,28,4,8,weep,1
big,g06,13,28,4,8,waaap,1
big,g06,14,28,4,8,woopti,1
big,g07,1,9,2,1,pulo,0
big,g07,1,9,2,3,loekoe,0
big,g07,1,9,2,5,guga,0
big,g07,1,9,2,7,guga,1
big,g07,1,19,3,2,merdi,1
big,g07,1,19,3,4,merdi,0
big,g07,1,19,3,6,loekoe,0
big,g07,1,19,3,8,merdi,1
big,g07,1,17,3,1,merdi-bo,1
big,g07,1,17,3,3,pulo,0
big,g07,1,17,3,5,loekoe,0
big,g07,1,17,3,7,merdo,1
big,g07,1,7,1,2,kzek-reg,0
big,g07,1,7,1,4,brie-bra,0
big,g07,1,7,1,6,o-kzek,0
big,g07,1,7,1,8,kzek,1
big,g07,1,22,4,1,leof,0
big,g07,1,22,4,3,kzek,0
big,g07,1,22,4,5,ol-kzek,0
big,g07,1,22,4,7,leofa,1
big,g07,1,5,1,2,kzek-bo,1
big,g07,1,5,1,4,brie-bra,1
big,g07,1,5,1,6,l-briebra,0
big,g07,1,5,1,8,kzeka,1
big,g07,1,28,4,1,leof,0
big,g07,1,28,4,3,gugar,0
big,g07,1,28,4,5,leof,1
big,g07,1,28,4,7,leof,1
big,g07,1,10,2,2,pulo,1
big,g07,1,10,2,4,rira,0
big,g07,1,10,2,6,lug-guga,0
big,g07,1,10,2,8,pulo,1
big,g07,1,19,3,1,merdi-bu,1
big,g07,1,19,3,3,ruo,0
big,g07,1,19,3,5,rig-gugga,0
big,g07,1,19,3,7,kzek,0
big,g07,1,9,2,2,puloo,0
big,g07,1,9,2,4,ulibe,1
big,g07,1,9,2,6,er-guga,0
big,g07,1,9,2,8,pulok,1
big,g07,1,7,1,1,loekoe,0
big,g07,1,7,1,3,orebo,0
big,g07,1,7,1,5,polaz,0
big,g07,1,7,1,7,kzek,0
big,g07,1,17,3,2,merdi,1
big,g07,1,17,3,4,merdi,0
big,g07,1,17,3,6,lug-ziza,0
big,g07,1,17,3,8,merdo,0
big,g07,1,22,4,1,leof-bo,1
big,g07,1,22,4,3,gugal,0
big,g07,1,22,4,5,ol-krez,0
big,g07,1,22,4,7,leofa,1
big,g07,1,28,4,2,leofreg,0
big,g07,1,28,4,4,gugal,0
big,g07,1,28,4,6,i-krez,1
big,g07,1,28,4,8,leof,1
big,g07,1,10,2,1,pulo,0
big,g07,1,10,2,3,ulio,0
big,g07,1,10,2,5,ol-guga,1
big,g07,1,10,2,7,pulo,1
big,g07,1,5,1,2,kzeki,0
big,g07,1,5,1,4,klori,0
big,g07,1,5,1,6,ol-briebra,0
big,g07,1,5,1,8,kzek,0
big,g07,1,9,2,1,puloo,1
big,g07,1,9,2,3,ulibo,0
big,g07,1,9,2,5,lup-guga,0
big,g07,1,9,2,7,guga,1
big,g07,1,19,3,2,merdii,1
big,g07,1,19,3,4,uderio,0
big,g07,1,19,3,6,ol-ziza,0
big,g07,1,19,3,8,merdi,1
big,g07,1,17,3,1,merdi,1
big,g07,1,17,3,3,boroli,1
big,g07,1,17,3,5,ol-ziza,1
big,g07,1,17,3,7,merdia,1
big,g07,1,22,4,2,leoff,1
big,g07,1,22,4,4,ugagi,0
big,g07,1,22,4,6,ein-leof,0
big,g07,1,22,4,8,leofk,1
big,g07,1,10,2,1,pulo,1
big,g07,1,10,2,3,uolie,0
big,g07,1,10,2,5,ol-leof,0
big,g07,1,10,2,7,pulo,1
big,g07,1,28,4,2,leof,1
big,g07,1,28,4,4,drafe,0
big,g07,1,28,4,6,ol-leof,0
big,g07,1,28,4,8,leof,1
big,g07,1,5,1,1,loekoe,1
big,g07,1,5,1,3,obo,0
big,g07,1,5,1,5,polaz,0
big,g07,1,5,1,7,kzeko,1
big,g07,2,7,1,2,kzek,1
big,g07,2,7,1,4,brie-bra,0
big,g07,2,7,1,6,ol-briebra,0
big,g07,2,7,1,8,kzek,1
big,g07,2,23,4,1,leof,0
big,g07,2,23,4,3,reguga,0
big,g07,2,23,4,5,ol-krez,0
big,g07,2,23,4,7,leof,0
big,g07,2,28,4,2,leoff,0
big,g07,2,28,4,4,grigo,0
big,g07,2,28,4,6,ip-guga,1
big,g07,2,28,4,8,leof,1
big,g07,2,24,4,1,leof-nana,0
big,g07,2,24,4,3,loguga,1
big,g07,2,24,4,5,ol-krez,1
big,g07,2,24,4,7,leofp,1
big,g07,2,9,2,2,puloo,1
big,g07,2,9,2,4,merdi,0
big,g07,2,9,2,6,erlopu,0
big,g07,2,9,2,8,pulo-nana,0
big,g07,2,17,3,1,merdi,1
big,g07,2,17,3,3,erlopuo,0
big,g07,2,17,3,5,ol-merdi,0
big,g07,2,17,3,7,briop,0
big,g07,2,5,1,2,kzeko,1
big,g07,2,5,1,4,ol-bra,0
big,g07,2,5,1,6,eep-kzek,0
big,g07,2,5,1,8,kzek-nana,1
big,g07,2,12,2,1,pulo,0
big,g07,2,12,2,3,uom,0
big,g07,2,12,2,5,ek-bra,0
big,g07,2,12,2,7,puloo,1
big,g07,2,10,2,2,puloon,0
big,g07,2,10,2,4,ip-lio,0
big,g07,2,10,2,6,ol-uom,1
big,g07,2,10,2,8,pulo-nene,1
big,g07,2,22,4,1,leof-nene,0
big,g07,2,22,4,3,reguga,0
big,g07,2,22,4,5,ol-krez,0
big,g07,2,22,4,7,leofl,1
big,g07,2,19,3,2,merdiii,0
big,g07,2,19,3,4,ol-merdi,0
big,g07,2,19,3,6,i-ziza,1
big,g07,2,19,3,8,merdi,1
big,g07,2,7,1,1,kzek,1
big,g07,2,7,1,3,ore,0
big,g07,2,7,1,5,ziza,0
big,g07,2,7,1,7,kzek,1
big,g07,2,22,4,2,leofl,1
big,g07,2,22,4,4,ol-kzek,1
big,g07,2,22,4,6,reguga,1
big,g07,2,22,4,8,leof-nana,0
big,g07,2,24,4,1,leof-nini,0
big,g07,2,24,4,3,regugoo,1
big,g07,2,24,4,5,bgol-kzek,0
big,g07,2,24,4,7,leofip,1
big,g07,2,17,3,2,merdip,1
big,g07,2,17,3,4,ol-merdi,0
big,g07,2,17,3,6,ziza-i,1
big,g07,2,17,3,8,merdi-nana,1
big,g07,2,9,2,1,pulo,0
big,g07,2,9,2,3,ureom,0
big,g07,2,9,2,5,ol-merdi,0
big,g07,2,9,2,7,puloip,0
big,g07,2,12,2,2,puloipr,1
big,g07,2,12,2,4,ol-ura,0
big,g07,2,12,2,6,re-reom,0
big,g07,2,12,2,8,pulo,1
big,g07,2,5,1,1,kzek-nana,1
big,g07,2,5,1,3,rereom,0
big,g07,2,5,1,5,ziza,1
big,g07,2,5,1,7,kzekpl,0
big,g07,2,23,4,2,leofl,1
big,g07,2,23,4,4,ol-erd,0
big,g07,2,23,4,6,leof,0
big,g07,2,23,4,8,leof-nene,1
big,g07,2,10,2,1,pulo-nana,0
big,g07,2,10,2,3,uza,0
big,g07,2,10,2,5,zfa-merdi,1
big,g07,2,10,2,7,pulo,1
big,g07,2,19,3,2,merdipr,0
big,g07,2,19,3,4,ol-merdi,0
big,g07,2,19,3,6,i-ziza,0
big,g07,2,19,3,8,merdi,1
big,g07,2,28,4,1,leof,1
big,g07,2,28,4,3,guga,0
big,g07,2,28,4,5,kzek,1
big,g07,2,28,4,7,leof,0
big,g07,2,24,4,2,leoflip,1
big,g07,2,24,4,4,ol-kzek,0
big,g07,2,24,4,6,o-guga,0
big,g07,2,24,4,8,leof-nana,1
big,g07,3,5,1,1,kzek-na,0
big,g07,3,5,1,3,oomg,0
big,g07,3,5,1,5,ol-ziza,0
big,g07,3,5,1,7,kzeku,1
big,g07,3,7,1,2,zizar,0
big,g07,3,7,1,4,kzek-na,0
big,g07,3,7,1,6,kzek-o,1
big,g07,3,7,1,8,oomgr,1
big,g07,3,17,3,1,merdi,1
big,g07,3,17,3,3,zizaomg,0
big,g07,3,17,3,5,ol-leof,0
big,g07,3,17,3,7,merdi-a,1
big,g07,3,23,4,2,leofl,0
big,g07,3,23,4,4,brie-bra,0
big,g07,3,23,4,6,leof,0
big,g07,3,23,4,8,lleof,0
big,g07,3,9,2,1,pulo,1
big,g07,3,9,2,3,ulibo,0
big,g07,3,9,2,5,ol-merdi,0
big,g07,3,9,2,7,puloip,1
big,g07,3,20,3,2,leofur,0
big,g07,3,20,3,4,do-merdi,1
big,g07,3,20,3,6,ziza-ol,1
big,g07,3,20,3,8,ziza,0
big,g07,3,11,2,1,do-pulo,0
big,g07,3,11,2,3,ure,0
big,g07,3,11,2,5,merdir,0
big,g07,3,11,2,7,pulo-ri,0
big,g07,3,10,2,2,pulon,0
big,g07,3,10,2,4,do-pulo,0
big,g07,3,10,2,6,pulo-ol,0
big,g07,3,10,2,8,ure-be,0
big,g07,3,19,3,1,merdi-na,0
big,g07,3,19,3,3,zizarebo,1
big,g07,3,19,3,5,gfad-leof,0
big,g07,3,19,3,7,merdi,1
big,g07,3,3,1,2,kzekun,0
big,g07,3,3,1,4,ziza,1
big,g07,3,3,1,6,kzek,0
big,g07,3,3,1,8,oomg,1
big,g07,3,28,4,1,leof,1
big,g07,3,28,4,3,gugar,0
big,g07,3,28,4,5,kzekun,0
big,g07,3,28,4,7,leofl,0
big,g07,3,22,4,2,leofl,0
big,g07,3,22,4,4,ol-krez,0
big,g07,3,22,4,6,leofl,1
big,g07,3,22,4,8,gugal,1
big,g07,3,12,2,1,pulo-ba,1
big,g07,3,12,2,3,uoomg,0
big,g07,3,12,2,5,gfad-merdi,0
big,g07,3,12,2,7,puloip,0
big,g07,3,24,4,2,leofl,0
big,g07,3,24,4,4,ul-krez,1
big,g07,3,24,4,6,oleoflo,1
big,g07,3,24,4,8,leof,0
big,g07,3,7,1,1,brie-bro,0
big,g07,3,7,1,3,oo-re,1
big,g07,3,7,1,5,pulzor,0
big,g07,3,7,1,7,kzekl,0
big,g07,3,9,2,2,puloo,1
big,g07,3,9,2,4,ul-leof,0
big,g07,3,9,2,6,erlupo,0
big,g07,3,9,2,8,pulo,0
big,g07,3,20,3,1,do-merdi,1
big,g07,3,20,3,3,zizal,1
big,g07,3,20,3,5,leofo,1
big,g07,3,20,3,7,merdido,0
big,g07,3,11,2,2,pulor,0
big,g07,3,11,2,4,ul-kzek,0
big,g07,3,11,2,6,puloi,1
big,g07,3,11,2,8,pulok,0
big,g07,3,22,4,1,na-leof,0
big,g07,3,22,4,3,leof,1
big,g07,3,22,4,5,og-kzek,0
big,g07,3,22,4,7,pleof,0
big,g07,3,12,2,2,puloooo,0
big,g07,3,12,2,4,ul-leof,0
big,g07,3,12,2,6,rebolupo,1
big,g07,3,12,2,8,pulo,1
big,g07,3,3,1,1,brie-bru,0
big,g07,3,3,1,3,oomg,1
big,g07,3,3,1,5,pulzor,1
big,g07,3,3,1,7,kzekur,0
big,g07,3,10,2,2,pulzo,0
big,g07,3,10,2,4,zizo,0
big,g07,3,10,2,6,ol-lupo,1
big,g07,3,10,2,8,pulo,0
big,g07,3,23,4,1,leof,0
big,g07,3,23,4,3,leof,0
big,g07,3,23,4,5,ol-kzek,0
big,g07,3,23,4,7,leofla,0
big,g07,4,7,1,2,kzeki,1
big,g07,4,7,1,3,oome,0
big,g07,4,7,1,5,ol-ziza,0
big,g07,4,7,1,6,kzek-ol,0
big,g07,4,22,4,1,leof,1
big,g07,4,22,4,4,brie-bra,0
big,g07,4,22,4,7,leofpa,0
big,g07,4,22,4,8,leof-lo,1
big,g07,4,23,4,2,brie-braa,0
big,g07,4,23,4,3,leoff,1
big,g07,4,23,4,5,kza-leof,0
big,g07,4,23,4,6,leof,0
big,g07,4,4,1,1,brie-bruu,0
big,g07,4,4,1,4,ziza,0
big,g07,4,4,1,7,ziza-dp,1
big,g07,4,4,1,8,kzek-na,1
big,g07,4,10,2,2,pulo,0
big,g07,4,10,2,3,uol,0
big,g07,4,10,2,5,merdi-pl,0
big,g07,4,10,2,6,gugaol,0
big,g07,4,11,2,1,pulo-na,0
big,g07,4,11,2,4,pulo,1
big,g07,4,11,2,7,pulopi,0
big,g07,4,11,2,8,guga-lo,0
big,g07,4,28,4,2,leof,1
big,g07,4,28,4,3,leoff,0
big,g07,4,28,4,5,ol-leof,0
big,g07,4,28,4,6,leoflo,1
big,g07,4,9,2,1,pulo,1
big,g07,4,9,2,4,pulo-er,0
big,g07,4,9,2,7,pulonk,1
big,g07,4,9,2,8,guga-ol,0
big,g07,4,17,3,2,merdiii,1
big,g07,4,17,3,3,ziza,0
big,g07,4,17,3,5,krke,0
big,g07,4,17,3,6,ziza-i,0
big,g07,4,5,1,1,ziza,0
big,g07,4,5,1,4,zizaaa,0
big,g07,4,5,1,7,ziza-puo,1
big,g07,4,5,1,8,kzek-i,0
big,g07,4,24,4,2,brie-bra-a,1
big,g07,4,24,4,3,leof-ak,1
big,g07,4,24,4,5,krza-leof,1
big,g07,4,24,4,6,oleoflo,0
big,g07,4,21,3,1,o-merdi,1
big,g07,4,21,3,4,merdi-bb,0
big,g07,4,21,3,7,krke-br,1
big,g07,4,21,3,8,ziza-i,1
big,g07,4,14,2,2,puloz,1
big,g07,4,14,2,3,an-pulo,1
big,g07,4,14,2,5,pulzor,0
big,g07,4,14,2,6,lupono,0
big,g07,4,20,3,1,a-merdi,1
big,g07,4,20,3,4,merdi-bbr,0
big,g07,4,20,3,7,krkepa,1
big,g07,4,20,3,8,ziza-no,0
big,g07,4,3,1,2,zizag,1
big,g07,4,3,1,3,brie-bruuu,0
big,g07,4,3,1,5,dga-ziza,1
big,g07,4,3,1,6,kzek,1
big,g07,4,12,2,1,puloo,1
big,g07,4,12,2,4,pulo-oou,1
big,g07,4,12,2,7,pulomi,1
big,g07,4,12,2,8,pugo-i,1
big,g07,4,22,4,2,bribral,0
big,g07,4,22,4,3,leoff,0
big,g07,4,22,4,5,gza-leof,0
big,g07,4,22,4,6,leofl,1
big,g07,4,19,3,1,merdi,0
big,g07,4,19,3,4,merdiii-f,0
big,g07,4,19,3,7,krkebu,0
big,g07,4,19,3,8,ziza-i,1
big,g07,4,4,1,2,zizagu,1
big,g07,4,4,1,3,brie-bruuu,0
big,g07,4,4,1,5,dga-ziza,0
big,g07,4,4,1,6,kzekl,0
big,g07,4,28,4,1,an-leof,1
big,g07,4,28,4,4,leof,1
big,g07,4,28,4,7,leofgi,1
big,g07,4,28,4,8,leof-lo,0
big,g07,4,21,3,2,merdiru,0
big,g07,4,21,3,3,a-merdi,0
big,g07,4,21,3,5,dga-krke,1
big,g07,4,21,3,6,ziza-i,0
big,g07,4,14,2,1,an-pulo,0
big,g07,4,14,2,4,puloooo-f,0
big,g07,4,14,2,7,dga-pulo,1
big,g07,4,14,2,8,puga-i,0
big,g07,4,11,2,2,puloor,0
big,g07,4,11,2,3,am-pulo,1
big,g07,4,11,2,5,ol-pulo,0
big,g07,4,11,2,6,pugali,1
big,g07,5,24,4,1,na-leof,0
big,g07,5,24,4,2,leafol,1
big,g07,5,24,4,4,leof-ii,1
big,g07,5,24,4,7,leofgu,1
big,g07,5,9,2,3,lu-pulo,1
big,g07,5,9,2,5,kza-pulo,0
big,g07,5,9,2,6,eripuga,0
big,g07,5,9,2,8,puga-ii,0
big,g07,5,23,4,1,no-leof,0
big,g07,5,23,4,2,leofel,1
big,g07,5,23,4,4,leof-ppp,0
big,g07,5,23,4,7,leofpi,0
big,g07,5,19,3,3,ziza,0
big,g07,5,19,3,5,zizaf,0
big,g07,5,19,3,6,zizaol,0
big,g07,5,19,3,8,ziza-ii,0
big,g07,5,25,4,1,gmuf-leof,1
big,g07,5,25,4,2,leofer,0
big,g07,5,25,4,4,leof-kk,1
big,g07,5,25,4,7,leof,0
big,g07,5,4,1,3,brie-bruu,0
big,g07,5,4,1,5,fza-krke,1
big,g07,5,4,1,6,kzekl,1
big,g07,5,4,1,8,kzek-m,0
big,g07,5,20,3,1,la-ziza,0
big,g07,5,20,3,2,merdiu,0
big,g07,5,20,3,4,zizaaa-d,0
big,g07,5,20,3,7,zizazu,0
big,g07,5,16,3,3,zizazo,0
big,g07,5,16,3,5,ol-ziza,0
big,g07,5,16,3,6,omerdio-pe,0
big,g07,5,16,3,8,zizaad-m,1
big,g07,5,7,1,1,kzek,0
big,g07,5,7,1,2,zirzar,0
big,g07,5,7,1,4,kzek-zi,0
big,g07,5,7,1,7,brie-bro,1
big,g07,5,22,4,3,leoff,0
big,g07,5,22,4,5,fza-leof,1
big,g07,5,22,4,6,leofl,1
big,g07,5,22,4,8,leof-iz,0
big,g07,5,12,2,1,fza-pulo,0
big,g07,5,12,2,2,pulooop,1
big,g07,5,12,2,4,kzek-uu,0
big,g07,5,12,2,7,pulopu,0
big,g07,5,1,1,3,brie-bru,1
big,g07,5,1,1,5,dza-kzek,1
big,g07,5,1,1,6,ber-kzekma,0
big,g07,5,1,1,8,kzek-uu,0
big,g07,5,11,2,1,dza-pulo,0
big,g07,5,11,2,2,pulorz,1
big,g07,5,11,2,4,kzek-rrp,1
big,g07,5,11,2,7,pulobi,1
big,g07,5,10,2,3,pulo-un,0
big,g07,5,10,2,5,kza-pulo,0
big,g07,5,10,2,6,pulo-ol,0
big,g07,5,10,2,8,kzek-zi,0
big,g07,5,5,1,1,brie-bru,0
big,g07,5,5,1,2,zizarip,0
big,g07,5,5,1,4,leof-zuu,0
big,g07,5,5,1,7,brie-bre,0
big,g07,5,3,1,3,brie-bro,0
big,g07,5,3,1,5,kza-kzek,1
big,g07,5,3,1,6,kzek-id,0
big,g07,5,3,1,8,kzek-zi,0
big,g07,5,28,4,1,do-leof,0
big,g07,5,28,4,2,leoferrr,1
big,g07,5,28,4,4,leof,1
big,g07,5,28,4,7,leof,0
big,g07,5,25,4,3,leof,1
big,g07,5,25,4,5,dzo-leof,0
big,g07,5,25,4,6,leoflopla,0
big,g07,5,25,4,8,leof-m,1
big,g07,5,14,2,1,an-pulo,1
big,g07,5,14,2,2,pulorf,1
big,g07,5,14,2,4,kzek-uui,0
big,g07,5,14,2,7,puloki,1
big,g07,5,17,3,3,zizazu,1
big,g07,5,17,3,5,fza-ziza,0
big,g07,5,17,3,6,merdioi,1
big,g07,5,17,3,8,ziza-i,0
big,g07,5,16,3,1,flu-ziza,1
big,g07,5,16,3,2,merdiri,0
big,g07,5,16,3,4,ziza-iii,0
big,g07,5,16,3,7,zizazo,0
big,g07,5,21,3,3,zizazi,0
big,g07,5,21,3,5,kza-ziza,0
big,g07,5,21,3,6,merdiri,1
big,g07,5,21,3,8,ziza-ii,0
big,g07,5,1,1,1,kza-kzek,1
big,g07,5,1,1,2,kzekip,0
big,g07,5,1,1,4,mziz-ii,0
big,g07,5,1,1,7,brie-bro,1
big,g07,6,12,2,3,pulo,1
big,g07,6,12,2,5,kza-pulo,0
big,g07,6,12,2,6,relupooor,0
big,g07,6,12,2,7,puloip,0
big,g07,6,22,4,1,leof,0
big,g07,6,22,4,2,leofil,1
big,g07,6,22,4,4,leof-iio,1
big,g07,6,22,4,8,leof-mu,0
big,g07,6,17,3,3,ziza-ma,0
big,g07,6,17,3,5,kza-ziza,1
big,g07,6,17,3,6,merdi-opla,0
big,g07,6,17,3,7,merdui,1
big,g07,6,20,3,1,merdi-an,0
big,g07,6,20,3,2,zizamu,1
big,g07,6,20,3,4,merdu-a,0
big,g07,6,20,3,8,kzi-ziza,0
big,g07,6,1,1,3,brie-bru,0
big,g07,6,1,1,5,kza-kzek,0
big,g07,6,1,1,6,kzekola,0
big,g07,6,1,1,7,zizaro,0
big,g07,6,5,1,1,kzek,1
big,g07,6,5,1,2,briebrip,0
big,g07,6,5,1,4,ziza-ruu,1
big,g07,6,5,1,8,kza-kzek,1
big,g07,6,7,1,3,brie-bripel,1
big,g07,6,7,1,5,ol-kzek,1
big,g07,6,7,1,6,kzek-ol,0
big,g07,6,7,1,7,ziza-po,1
big,g07,6,16,3,1,merdi-flu,0
big,g07,6,16,3,2,zizaar,0
big,g07,6,16,3,4,merdi-lli,1
big,g07,6,16,3,8,ol-ziza,1
big,g07,6,6,1,3,pulo,0
big,g07,6,6,1,5,kza-kzek,1
big,g07,6,6,1,6,kzekkrakra,0
big,g07,6,6,1,7,ziza-ruu,0
big,g07,6,21,3,1,merdi-flu,0
big,g07,6,21,3,2,zizuru,1
big,g07,6,21,3,4,merdi-uuii,1
big,g07,6,21,3,8,kzi-ziza,1
big,g07,6,11,2,3,puloru,0
big,g07,6,11,2,5,ol-pulo,1
big,g07,6,11,2,6,lupo-ag,1
big,g07,6,11,2,7,puloro,0
big,g07,6,23,4,1,leof,1
big,g07,6,23,4,2,briebrale,0
big,g07,6,23,4,4,leof-lli,1
big,g07,6,23,4,8,lo-leof,1
big,g07,6,9,2,3,pulo,0
big,g07,6,9,2,5,kza-pulo,1
big,g07,6,9,2,6,lupo-erbloz,1
big,g07,6,9,2,7,pulo-ba,0
big,g07,6,4,1,1,kzek-zuuf,0
big,g07,6,4,1,2,bribrap,1
big,g07,6,4,1,4,ziza-oip,0
big,g07,6,4,1,8,kzi-kzek,1
big,g07,6,14,2,3,pulorap,0
big,g07,6,14,2,5,kzi-pulo,1
big,g07,6,14,2,6,lupo-orf,1
big,g07,6,14,2,7,pulo-oip,0
big,g07,6,27,4,1,leof-li,0
big,g07,6,27,4,2,leofer,1
big,g07,6,27,4,4,leof-opr,1
big,g07,6,27,4,8,kza-leof,1
big,g07,6,19,3,3,ziza-an,0
big,g07,6,19,3,5,kza-ziza,0
big,g07,6,19,3,6,merdinib,0
big,g07,6,19,3,7,merdi-lu,1
big,g07,6,10,2,1,lupo,1
big,g07,6,10,2,2,pulof,0
big,g07,6,10,2,4,pulo-ooib,1
big,g07,6,10,2,8,kzi-pulo,1
big,g07,6,2,1,3,brie-bralap,0
big,g07,6,2,1,5,fza-kzek,0
big,g07,6,2,1,6,kzek-friefrabob,0
big,g07,6,2,1,7,ziza-rb,0
big,g07,6,25,4,1,leof-mruf,1
big,g07,6,25,4,2,leofer,0
big,g07,6,25,4,4,leof-liiip,0
big,g07,6,25,4,8,lo-leof,0
big,g07,6,28,4,3,leofer,0
big,g07,6,28,4,5,ol-leof,0
big,g07,6,28,4,6,leof-ipipi,1
big,g07,6,28,4,7,leof-liip,0
big,g07,6,3,1,1,kzek-fra,0
big,g07,6,3,1,2,briebalud,1
big,g07,6,3,1,4,ziza-opg,0
big,g07,6,3,1,8,kzi-kzek,1
big,g07,6,24,4,3,leofeer,0
big,g07,6,24,4,5,kza-leof,1
big,g07,6,24,4,6,oleoflo,1
big,g07,6,24,4,7,leof-mu,0
big,g07,7,5,1,4,ziza-uur,0
big,g07,7,5,1,5,kza-kzek,0
big,g07,7,5,1,7,ziza-pi,0
big,g07,7,5,1,8,kzek-kza,0
big,g07,7,7,1,1,ziza,0
big,g07,7,7,1,2,kzekzar,1
big,g07,7,7,1,3,kza-kzi,0
big,g07,7,7,1,6,kzeko,0
big,g07,7,22,4,4,leof-iip,0
big,g07,7,22,4,5,leof,0
big,g07,7,22,4,7,leof-iz,0
big,g07,7,22,4,8,leof-bu,1
big,g07,7,10,2,1,pulo,1
big,g07,7,10,2,2,puloep,0
big,g07,7,10,2,3,pulo-an,1
big,g07,7,10,2,6,lupo-roblo,0
big,g07,7,3,1,4,ziza-kliib,0
big,g07,7,3,1,5,kzi-kzek,1
big,g07,7,3,1,7,brie-bru,0
big,g07,7,3,1,8,kzek-ep,0
big,g07,7,14,2,1,pulo-an,0
big,g07,7,14,2,2,puloelp,1
big,g07,7,14,2,3,pulo-am,0
big,g07,7,14,2,6,lupo-orf,1
big,g07,7,24,4,4,leof-rrnu,0
big,g07,7,24,4,5,kza-leof,1
big,g07,7,24,4,7,leof-mi,1
big,g07,7,24,4,8,leof-ple,1
big,g07,7,19,3,1,merdi-o,1
big,g07,7,19,3,2,zizarip,0
big,g07,7,19,3,3,kzi-ziza,1
big,g07,7,19,3,6,merdioob,1
big,g07,7,12,2,4,pulo-iipo,1
big,g07,7,12,2,5,kzi-pulo,0
big,g07,7,12,2,7,pulo-ri,1
big,g07,7,12,2,8,pulo-rip,0
big,g07,7,1,1,1,brie-broo,0
big,g07,7,1,1,2,kzekip,0
big,g07,7,1,1,3,brie-bruu,0
big,g07,7,1,1,6,kzekorlg,1
big,g07,7,9,2,4,pulo-iier,1
big,g07,7,9,2,5,kza-pulo,1
big,g07,7,9,2,7,pulo-ra,1
big,g07,7,9,2,8,pulo-ip,1
big,g07,7,20,3,1,merdi-ra,1
big,g07,7,20,3,2,zizaelp,1
big,g07,7,20,3,3,kzo-ziza,1
big,g07,7,20,3,6,merdi-ol,1
big,g07,7,27,4,4,leof-iirp,1
big,g07,7,27,4,5,kzi-leof,1
big,g07,7,27,4,7,leof-ri,1
big,g07,7,27,4,8,leof-ple,0
big,g07,7,25,4,1,leof-ro,0
big,g07,7,25,4,2,leofer,0
big,g07,7,25,4,3,leof,0
big,g07,7,25,4,6,leof-eppelpl,0
big,g07,7,28,4,4,leof,0
big,g07,7,28,4,5,ol-leof,1
big,g07,7,28,4,7,leof-ro,0
big,g07,7,28,4,8,leof-er,1
big,g07,7,21,3,1,merdi-rura,1
big,g07,7,21,3,2,zizard,1
big,g07,7,21,3,3,kzu-ziza,1
big,g07,7,21,3,6,merdiguur,1
big,g07,7,16,3,4,merdi-iilk,0
big,g07,7,16,3,5,ol-ziza,0
big,g07,7,16,3,7,merdi-ru,1
big,g07,7,16,3,8,ziza-rd,1
big,g07,7,17,3,1,merdi,1
big,g07,7,17,3,2,zizarip,1
big,g07,7,17,3,3,ob-zi-za,1
big,g07,7,17,3,6,merdi-eppelpl,0
big,g07,7,11,2,4,pulo-iuip,1
big,g07,7,11,2,5,ol-pulo,1
big,g07,7,11,2,7,pulo-ru,0
big,g07,7,11,2,8,pulo-er,0
big,g07,7,6,1,1,brie-bribri,0
big,g07,7,6,1,2,kzekip,0
big,g07,7,6,1,3,ob-brie-bru,1
big,g07,7,6,1,6,kzekkzikazmi,0
big,g07,7,2,1,4,ziza-uuaz,1
big,g07,7,2,1,5,fza-briebruu,1
big,g07,7,2,1,7,brie-bre,1
big,g07,7,2,1,8,kzek-elk,1
big,g07,7,23,4,1,leof-lo,1
big,g07,7,23,4,2,leofelp,1
big,g07,7,23,4,3,fza-leof,1
big,g07,7,23,4,6,leof,1
big,g07,7,4,1,4,zizza-uiim,1
big,g07,7,4,1,5,kzu-briebru,1
big,g07,7,4,1,7,brie-rura,1
big,g07,7,4,1,8,kzek-i,0
big,g07,8,5,1,2,kzekip,0
big,g07,8,5,1,4,ziza-uuip,0
big,g07,8,5,1,6,kzek-ii,0
big,g07,8,5,1,8,kzek-i,0
big,g07,8,6,1,1,kzekrikri,0
big,g07,8,6,1,3,ol-ziza,0
big,g07,8,6,1,5,kza-kzek,0
big,g07,8,6,1,7,kzek-lu,0
big,g07,8,1,1,2,kzekili,0
big,g07,8,1,1,4,ziza-iuop,1
big,g07,8,1,1,6,kzek-obl,1
big,g07,8,1,1,8,kzek-lu,1
big,g07,8,10,2,1,pulo,0
big,g07,8,10,2,3,pulo-iuap,0
big,g07,8,10,2,5,kze-pulo,0
big,g07,8,10,2,7,pulo,0
big,g07,8,14,2,2,pulod,0
big,g07,8,14,2,4,pulo-ioii,0
big,g07,8,14,2,6,pulo-orf,1
big,g07,8,14,2,8,pulo-ul,1
big,g07,8,11,2,1,pulooo,0
big,g07,8,11,2,3,pulo-iurp,0
big,g07,8,11,2,5,ol-pulo,1
big,g07,8,11,2,7,pulo-ra,1
big,g07,8,28,4,2,leofer,0
big,g07,8,28,4,4,leof,1
big,g07,8,28,4,6,leof-iip,0
big,g07,8,28,4,8,leof-ra,1
big,g07,8,9,2,1,pulo-la,0
big,g07,8,9,2,3,pulo-iiio,1
big,g07,8,9,2,5,kza-pulo,1
big,g07,8,9,2,7,pulo-le,1
big,g07,8,23,4,2,leofel,0
big,g07,8,23,4,4,leof-aaia,1
big,g07,8,23,4,6,leof,0
big,g07,8,23,4,8,leof-le,1
big,g07,8,4,1,1,brie-rura,0
big,g07,8,4,1,3,ziza-ioii,0
big,g07,8,4,1,5,kzu-kzek,1
big,g07,8,4,1,7,ziza-zu,0
big,g07,8,12,2,2,puloip,1
big,g07,8,12,2,4,pulo-uiop,1
big,g07,8,12,2,6,lupooor,0
big,g07,8,12,2,8,pulo-lu,0
big,g07,8,21,3,1,merdi-rura,1
big,g07,8,21,3,3,merdi-uiap,0
big,g07,8,21,3,5,kzu-ziza,1
big,g07,8,21,3,7,merdi-lbi,0
big,g07,8,16,3,2,merdiri,0
big,g07,8,16,3,4,merdi-kliol,0
big,g07,8,16,3,6,zizabo,0
big,g07,8,16,3,8,merdi-ra,1
big,g07,8,17,3,1,merdiri,1
big,g07,8,17,3,3,merdi-iuop,1
big,g07,8,17,3,5,kza-ziza,1
big,g07,8,17,3,7,merdi-mu,1
big,g07,8,7,1,2,kzekir,0
big,g07,8,7,1,4,zizlkol,1
big,g07,8,7,1,6,kzek-o,1
big,g07,8,7,1,8,ziza-ra,1
big,g07,8,3,1,1,kzekoo,0
big,g07,8,3,1,3,ziza-iioi,0
big,g07,8,3,1,5,kze-kzek,0
big,g07,8,3,1,7,ziza-lum,1
big,g07,8,19,3,2,merdiriri,0
big,g07,8,19,3,4,merdi-ioppi,0
big,g07,8,19,3,6,kzezizab,0
big,g07,8,19,3,8,merdi-i,1
big,g07,8,24,4,1,leofifi,0
big,g07,8,24,4,3,leof-an,1
big,g07,8,24,4,5,kza-leof,0
big,g07,8,24,4,7,leof-ram,0
big,g07,8,27,4,2,leofirir,0
big,g07,8,27,4,4,leof-opllop,1
big,g07,8,27,4,6,goleofb,0
big,g07,8,27,4,8,leof-ra,0
big,g07,8,2,1,1,kzekri,0
big,g07,8,2,1,3,zizazi,0
big,g07,8,2,1,5,fza-kzek,0
big,g07,8,2,1,7,ziza-la,1
big,g07,8,25,4,2,leofer,0
big,g07,8,25,4,4,leof-kllkl,0
big,g07,8,25,4,6,leof-plepl,0
big,g07,8,25,4,8,leof-ra,0
big,g07,8,20,3,1,merdira,0
big,g07,8,20,3,3,merdi-iioi,0
big,g07,8,20,3,5,kze-ziza,0
big,g07,8,20,3,7,merdi-lop,1
big,g07,8,22,4,2,leofel,1
big,g07,8,22,4,4,leof-ioplop,0
big,g07,8,22,4,6,leofl,1
big,g07,8,22,4,8,leof-lo,0
big,g07,9,24,4,1,leofifi,1
big,g07,9,24,4,3,kza-leof,0
big,g07,9,24,4,5,kza-leof,0
big,g07,9,24,4,7,leof-ru,0
big,g07,9,28,4,2,leofel,0
big,g07,9,28,4,4,leof,0
big,g07,9,28,4,6,leof-iip,1
big,g07,9,28,4,8,leof-ik,0
big,g07,9,22,4,1,leofel,1
big,g07,9,22,4,3,leof-aap,0
big,g07,9,22,4,5,fza-leof,1
big,g07,9,22,4,7,leofra,0
big,g07,9,10,2,2,pulob,0
big,g07,9,10,2,4,bmm-pulo,0
big,g07,9,10,2,6,pulo-ol,0
big,g07,9,10,2,8,pulo-de,0
big,g07,9,12,2,1,puloo,0
big,g07,9,12,2,3,pulo-al,0
big,g07,9,12,2,5,kzi-pulo,0
big,g07,9,12,2,7,puloma,1
big,g07,9,5,1,2,kzekip,1
big,g07,9,5,1,4,ziza-iopu,0
big,g07,9,5,1,6,kzekzi,0
big,g07,9,5,1,8,kzek-o,0
big,g07,9,2,1,1,kzek-kri,0
big,g07,9,2,1,3,kzek-kzo,1
big,g07,9,2,1,5,fza-kzek,0
big,g07,9,2,1,7,kzekla,0
big,g07,9,7,1,2,kzekri,1
big,g07,9,7,1,4,ziza-klolk,0
big,g07,9,7,1,6,kzek-o,0
big,g07,9,7,1,8,kzek-irk,0
big,g07,9,1,1,1,kzek-o,1
big,g07,9,1,1,3,kza-kzek,0
big,g07,9,1,1,5,kza-ziza,0
big,g07,9,1,1,7,kzekma,0
big,g07,9,14,2,2,pulobr,1
big,g07,9,14,2,4,pulo-bmgn,0
big,g07,9,14,2,6,pulo-orf,0
big,g07,9,14,2,8,pulo-do,1
big,g07,9,9,2,1,pulo,1
big,g07,9,9,2,3,pulo-alp,1
big,g07,9,9,2,5,kza-pulo,1
big,g07,9,9,2,7,pulo-ub,1
big,g07,9,23,4,2,leofelp,1
big,g07,9,23,4,4,leof-dfag,1
big,g07,9,23,4,6,leof,0
big,g07,9,23,4,8,leof-ke,1
big,g07,9,16,3,1,merdi-flu,1
big,g07,9,16,3,3,ziza-el,0
big,g07,9,16,3,5,ol-ziza,0
big,g07,9,16,3,7,merdira,1
big,g07,9,25,4,2,leofer,0
big,g07,9,25,4,4,leof-klkll,0
big,g07,9,25,4,6,leof-plepl,1
big,g07,9,25,4,8,leof-flu,0
big,g07,9,11,2,1,pulo-do,1
big,g07,9,11,2,3,pulo-el,1
big,g07,9,11,2,5,ol-pulo,0
big,g07,9,11,2,7,pulora,0
big,g07,9,19,3,2,merdipri,0
big,g07,9,19,3,4,merdi-uipl,1
big,g07,9,19,3,6,merdioob,1
big,g07,9,19,3,8,merdi-o,0
big,g07,9,17,3,1,merdi-o,0
big,g07,9,17,3,3,merdiap,1
big,g07,9,17,3,5,kza-merdi,0
big,g07,9,17,3,7,merdipro,0
big,g07,9,4,1,2,kzekrep,1
big,g07,9,4,1,4,ziza-nmkl,1
big,g07,9,4,1,6,kzekzika,1
big,g07,9,4,1,8,kzek-do,0
big,g07,9,3,1,1,kzel-lo,1
big,g07,9,3,1,3,kzekzuka,0
big,g07,9,3,1,5,kze-ziza,1
big,g07,9,3,1,7,kzekrap,0
big,g07,9,21,3,2,merdidil,0
big,g07,9,21,3,4,merdi-nmklm,0
big,g07,9,21,3,6,merdiguur,1
big,g07,9,21,3,8,merdi-do,0
big,g07,9,20,3,1,merdi-da,1
big,g07,9,20,3,3,merdigaar,0
big,g07,9,20,3,5,kze-merdi,1
big,g07,9,20,3,7,merdilid,1
big,g07,9,27,4,2,leofrip,1
big,g07,9,27,4,4,leof-iippiu,1
big,g07,9,27,4,6,leofbrup,0
big,g07,9,27,4,8,leof-do,0
big,g07,9,6,1,1,kzek-krikri,0
big,g07,9,6,1,3,kzakzom,1
big,g07,9,6,1,5,kza-ziza,1
big,g07,9,6,1,7,kzekpul,0
big,g07,10,7,1,2,kzekra,1
big,g07,10,7,1,4,leof-klolkl,0
big,g07,10,7,1,6,kzek-o,0
big,g07,10,7,1,8,kzek-ku,1
big,g07,10,20,3,1,merdi-da,1
big,g07,10,20,3,3,kzu-merdi,0
big,g07,10,20,3,5,kze-ziza,0
big,g07,10,20,3,7,merdi-lup,1
big,g07,10,2,1,2,kzekli,1
big,g07,10,2,1,4,ziza-azza,0
big,g07,10,2,1,6,kzek-kriekra,0
big,g07,10,2,1,8,kzu-kzek,1
big,g07,10,21,3,1,merdi-roro,1
big,g07,10,21,3,3,merdi-ku,1
big,g07,10,21,3,5,kzu-ziza,0
big,g07,10,21,3,7,merdi-ral,1
big,g07,10,6,1,2,kzekip,1
big,g07,10,6,1,4,ziza-uruiru,1
big,g07,10,6,1,6,kzek-rogzi,0
big,g07,10,6,1,8,kzek-mu,1
big,g07,10,24,4,1,leof-ifi,1
big,g07,10,24,4,3,leof-mu,1
big,g07,10,24,4,5,leofur,0
big,g07,10,24,4,7,leof-luga,0
big,g07,10,25,4,2,leofer,1
big,g07,10,25,4,4,leof-kllkl,1
big,g07,10,25,4,6,leof-plepl,0
big,g07,10,25,4,8,leof-ku,1
big,g07,10,22,4,1,leoff,0
big,g07,10,22,4,3,leof-nu,0
big,g07,10,22,4,5,fza-leof,0
big,g07,10,22,4,7,leof-pru,0
big,g07,10,17,3,2,zizaip,0
big,g07,10,17,3,4,merdi-ruurur,1
big,g07,10,17,3,6,merdi-plepl,1
big,g07,10,17,3,8,merdi-mu,1
big,g07,10,23,4,1,leof,1
big,g07,10,23,4,3,leof-nu,1
big,g07,10,23,4,5,fza-leof,0
big,g07,10,23,4,7,leof-la,1
big,g07,10,1,1,2,kzekfga,0
big,g07,10,1,1,4,ziza-rurur,1
big,g07,10,1,1,6,kzek-blorg,0
big,g07,10,1,1,8,kzek-mu,0
big,g07,10,28,4,1,leoffi,0
big,g07,10,28,4,3,leof-ku,1
big,g07,10,28,4,5,leofer,1
big,g07,10,28,4,7,leoflup,0
big,g07,10,16,3,2,zizarr,1
big,g07,10,16,3,4,merdi-klmll,1
big,g07,10,16,3,6,merdi-bleblo,0
big,g07,10,16,3,8,merdi-ku,1
big,g07,10,10,2,1,pulo,0
big,g07,10,10,2,3,pulo-lu,1
big,g07,10,10,2,5,upulo,0
big,g07,10,10,2,7,pulodo,1
big,g07,10,9,2,2,puloip,1
big,g07,10,9,2,4,pulo-eree,1
big,g07,10,9,2,6,pulo-kzer,0
big,g07,10,9,2,8,pulo-mu,0
big,g07,10,27,4,1,leoffi,1
big,g07,10,27,4,3,leof-ku-r,1
big,g07,10,27,4,5,leofi,0
big,g07,10,27,4,7,leof-rul,1
big,g07,10,5,1,2,kzekip,1
big,g07,10,5,1,4,ziza-uuopiii,0
big,g07,10,5,1,6,kzekze,0
big,g07,10,5,1,8,kzek-mu,1
big,g07,10,4,1,1,ziza-ruuu,0
big,g07,10,4,1,3,kzek-lu,1
big,g07,10,4,1,5,kzeko,0
big,g07,10,4,1,7,kzeker,1
big,g07,10,14,2,2,pulola,1
big,g07,10,14,2,4,pulo-nmlm,1
big,g07,10,14,2,6,pulo-orf,1
big,g07,10,14,2,8,pulo-lu,0
big,g07,10,19,3,1,merdi-em,0
big,g07,10,19,3,3,merdi-ku-r,1
big,g07,10,19,3,5,zizaip,1
big,g07,10,19,3,7,merdi-luf,1
big,g07,10,11,2,2,pulor,1
big,g07,10,11,2,4,pulo-klkol,1
big,g07,10,11,2,6,lupo-uf,0
big,g07,10,11,2,8,pulo-ku,1
big,g07,10,3,1,1,ziza-glo,1
big,g07,10,3,1,3,kzek-lu,1
big,g07,10,3,1,5,kzekur,0
big,g07,10,3,1,7,kzekdo,0
big,g07,10,12,2,2,pulirp,1
big,g07,10,12,2,4,pulo-uiope,1
big,g07,10,12,2,6,lupooor,1
big,g07,10,12,2,8,pulo-mu,1
big,g07,11,9,2,7,pulo-lur,1
big,g07,11,11,2,3,pulo-kur,0
big,g07,11,19,3,7,merdi-rip,1
big,g07,11,27,4,3,leof-rip,1
big,g07,11,2,1,7,kzek-lad,0
big,g07,11,10,2,3,pulo-lu,0
big,g07,11,7,1,7,kzek-ri,1
big,g07,11,20,3,3,merdi-luk,1
big,g07,11,6,1,7,kzek-pi,1
big,g07,11,12,2,3,pulo-pi,1
big,g07,11,17,3,7,merdi-pii,1
big,g07,11,21,3,3,merdi-luuu,1
big,g07,11,28,4,7,leof-pi,1
big,g07,11,4,1,3,kzek-luuu,1
big,g07,11,25,4,7,leof-pi,1
big,g07,11,1,1,3,kzep-ri,1
big,g07,11,23,4,7,leof-mar,1
big,g07,11,14,2,3,pulo-lu-pi,1
big,g07,11,5,1,3,kzek-pii,1
big,g07,11,22,4,7,leof-mar,1
big,g07,11,3,1,3,kzek-lumar,1
big,g07,11,24,4,7,leof-marrip,1
big,g07,11,23,4,5,fza-leof,0
big,g07,11,23,4,6,leofb,0
big,g07,11,23,4,8,leof-nu,0
big,g07,11,11,2,1,pulo-flo,0
big,g07,11,11,2,2,pulor,1
big,g07,11,11,2,4,pulo-afda,1
big,g07,11,4,1,5,kzu-kzek,1
big,g07,11,4,1,6,kzekzki,0
big,g07,11,4,1,8,kzek-po,0
big,g07,11,2,1,1,kzek-kri,1
big,g07,11,2,1,2,kzekli,0
big,g07,11,2,1,4,ziza-zzad,0
big,g07,11,12,2,5,kza-pulo,1
big,g07,11,12,2,6,lupooor,1
big,g07,11,12,2,8,pulo-mu,1
big,g07,11,3,1,1,kzek-o,0
big,g07,11,3,1,2,kzeklep,0
big,g07,11,3,1,4,ziza-zzad,1
big,g07,11,1,1,5,kza-kzek,1
big,g07,11,1,1,6,kzeklep,1
big,g07,11,1,1,8,ziza-mu,0
big,g07,11,19,3,1,merdi,1
big,g07,11,19,3,2,merdirii,0
big,g07,11,19,3,4,merdi-iop,0
big,g07,11,22,4,5,fza-leof,1
big,g07,11,22,4,6,leofl,1
big,g07,11,22,4,8,leof-de,0
big,g07,11,14,2,1,pulo-ano,1
big,g07,11,14,2,2,pulord,1
big,g07,11,14,2,4,pulo-nmkl,1
big,g07,11,25,4,5,ol-leof,0
big,g07,11,25,4,6,leof-plepl,0
big,g07,11,25,4,8,leof-nmkl,0
big,g07,11,21,3,1,merdi-rura,1
big,g07,11,21,3,2,merdiuru,1
big,g07,11,21,3,4,merdi-nmkm,1
big,g07,11,6,1,5,kza-kzek,0
big,g07,11,6,1,6,kzekkrizl,1
big,g07,11,6,1,8,ziza-mu,0
big,g07,11,7,1,1,kzek,0
big,g07,11,7,1,2,kzekil,1
big,g07,11,7,1,4,ziza-klpl,1
big,g07,11,27,4,5,ol-leof,1
big,g07,11,27,4,6,leof-pripl,1
big,g07,11,27,4,8,leof-klpl-mu,1
big,g07,11,16,3,7,merdi-pi,1
big,g07,11,16,3,1,merdi-ram,1
big,g07,11,16,3,2,merdiuru,1
big,g07,11,16,3,4,merdi-nmklmm,0
big,g07,11,17,3,5,kza-merdi,0
big,g07,11,17,3,6,merdi-plepl,0
big,g07,11,17,3,8,merdi-mu,1
big,g07,11,24,4,1,leoflili,0
big,g07,11,24,4,2,leoflipl,1
big,g07,11,24,4,4,leof-erade,0
big,g07,11,28,4,5,ol-leof,0
big,g07,11,28,4,6,leof-iip,0
big,g07,11,28,4,8,leof-klml,1
big,g07,11,9,2,1,pulo-la,1
big,g07,11,9,2,2,pulolip,1
big,g07,11,9,2,4,pulo-ergdeee,1
big,g07,11,20,3,5,kze-merdi,0
big,g07,11,20,3,6,merdi-ol,1
big,g07,11,20,3,8,merdi-po,0
big,g07,11,10,2,1,pulo,1
big,g07,11,10,2,2,pulerpl,1
big,g07,11,10,2,4,pulo-zzz,1
big,g07,11,5,1,5,kza-kzek,1
big,g07,11,5,1,6,kzekziza,0
big,g07,11,5,1,8,ziza-mu,1
big,g07,12,14,2,1,pulo-ano,0
big,g07,12,14,2,2,pulerp,0
big,g07,12,14,2,4,pulo-nkmnnb,1
big,g07,12,14,2,8,pulo-lu,1
big,g07,12,9,2,3,pularp,0
big,g07,12,9,2,5,kza-pulo,1
big,g07,12,9,2,6,pulo-kzer,1
big,g07,12,9,2,7,pulo-marrip,0
big,g07,12,12,2,1,pulo-a,0
big,g07,12,12,2,2,pulap,0
big,g07,12,12,2,4,pulo-uuu,1
big,g07,12,12,2,8,kzap-pulo,1
big,g07,12,3,1,3,kzek-lu,1
big,g07,12,3,1,5,kzo-kzek,0
big,g07,12,3,1,6,kzek-a,1
big,g07,12,3,1,7,kzek-dok,0
big,g07,12,5,1,1,kzek,1
big,g07,12,5,1,2,kzekap,0
big,g07,12,5,1,4,ziza-gui,0
big,g07,12,5,1,8,kzap-kzek,0
big,g07,12,24,4,3,leofarp,0
big,g07,12,24,4,5,kza-leof,1
big,g07,12,24,4,6,oleofo,0
big,g07,12,24,4,7,leof-marrip,0
big,g07,12,17,3,1,merdi-o,1
big,g07,12,17,3,2,zizaip,1
big,g07,12,17,3,4,merdi-ururue,1
big,g07,12,17,3,8,kza-merdi,0
big,g07,12,20,3,3,zizorp,0
big,g07,12,20,3,5,kzo-merdi,1
big,g07,12,20,3,6,merdi-ol,1
big,g07,12,20,3,7,merdi-rudok,0
big,g07,12,19,3,1,merdia,1
big,g07,12,19,3,2,merdirip,0
big,g07,12,19,3,4,merdi-uoip,1
big,g07,12,19,3,8,kzap-merdi,1
big,g07,12,4,1,3,kzekluu,0
big,g07,12,4,1,5,kzu-kzek,0
big,g07,12,4,1,6,kzekzi,0
big,g07,12,4,1,7,ziza-ridok,1
big,g07,12,11,2,1,opuloa,1
big,g07,12,11,2,2,pulor,1
big,g07,12,11,2,4,pulo-klkll,0
big,g07,12,11,2,8,kzi-pulo,0
big,g07,12,23,4,3,leofnu,1
big,g07,12,23,4,5,fza-leof,1
big,g07,12,23,4,6,leof,1
big,g07,12,23,4,7,leof-mar,0
big,g07,12,2,1,1,kzekrikri,1
big,g07,12,2,1,2,kzeknul,1
big,g07,12,2,1,4,ziza-azzz,0
big,g07,12,2,1,8,fza-kzek,1
big,g07,12,1,1,3,kzekap,1
big,g07,12,1,1,5,kza-kzek,0
big,g07,12,1,1,6,kzek-blorg,0
big,g07,12,1,1,7,ziza-pi,1
big,g07,12,27,4,1,leofifi,0
big,g07,12,27,4,2,leofrip,1
big,g07,12,27,4,4,leof-piip,0
big,g07,12,27,4,8,kzap-leof,1
big,g07,12,7,1,3,kzekri,1
big,g07,12,7,1,5,ol-kzek,0
big,g07,12,7,1,6,kzek-o,1
big,g07,12,7,1,7,ziza-piip,1
big,g07,12,21,3,1,merdi-rura,0
big,g07,12,21,3,2,zizarup,1
big,g07,12,21,3,4,merdi-mmnm,0
big,g07,12,21,3,8,merdi-kzool,1
big,g07,12,10,2,3,polu-lu,1
big,g07,12,10,2,5,kzo-pulo,1
big,g07,12,10,2,6,lupo-ol,1
big,g07,12,10,2,7,pulo-dok,1
big,g07,12,6,1,1,kzekrikro,1
big,g07,12,6,1,2,kzekip,0
big,g07,12,6,1,4,ziza-uipp,1
big,g07,12,6,1,8,kza-kzek,0
big,g07,12,25,4,3,leofri,1
big,g07,12,25,4,5,ol-leof,1
big,g07,12,25,4,6,leof-plepl,1
big,g07,12,25,4,7,leof-piip,0
big,g07,12,22,4,1,leofa,1
big,g07,12,22,4,2,leofnul,1
big,g07,12,22,4,4,leof-aada,1
big,g07,12,22,4,8,leof-kzakzo,1
big,g07,12,28,4,3,leofri,1
big,g07,12,28,4,5,olkzu-leof,1
big,g07,12,28,4,6,leof-iip,0
big,g07,12,28,4,7,leof-piip,1
big,g07,12,16,3,1,merdi-flu,1
big,g07,12,16,3,2,zizari,1
big,g07,12,16,3,4,merdi-kllmll,1
big,g07,12,16,3,8,merdi-ol,1
big,g07,13,25,4,1,leof-loo,0
big,g07,13,25,4,2,leofer,1
big,g07,13,25,4,3,leof-ri,0
big,g07,13,25,4,6,leof-plepl,0
big,g07,13,5,1,4,ziza-uui,0
big,g07,13,5,1,5,kzi-kzek,1
big,g07,13,5,1,7,kzek-pi,0
big,g07,13,5,1,8,kzek-kza,0
big,g07,13,9,2,1,pulo-a,0
big,g07,13,9,2,2,pulilp,0
big,g07,13,9,2,3,kza-pulo,1
big,g07,13,9,2,6,lupo-kzer,1
big,g07,13,10,2,4,pulo-zzzb,0
big,g07,13,10,2,5,kzo-pulo,0
big,g07,13,10,2,7,pulo-dok,0
big,g07,13,10,2,8,pulo-pli,1
big,g07,13,14,2,1,pulo-ano,1
big,g07,13,14,2,2,pulo-plil,0
big,g07,13,14,2,3,kzu-pulo,1
big,g07,13,14,2,6,pulo-orf,1
big,g07,13,12,2,4,pulo-uur,1
big,g07,13,12,2,5,kzi-pulo,1
big,g07,13,12,2,7,pulo-anpi,1
big,g07,13,12,2,8,pulo-ilp,1
big,g07,13,6,1,1,kzek-krik,0
big,g07,13,6,1,2,kzek-ilp,0
big,g07,13,6,1,3,kzi-kzek,1
big,g07,13,6,1,6,kzekzizag,0
big,g07,13,28,4,4,leof,1
big,g07,13,28,4,5,ol-leof,0
big,g07,13,28,4,7,leof-an,1
big,g07,13,28,4,8,leof-mi,0
big,g07,13,7,1,1,kzek-a,0
big,g07,13,7,1,2,kzekmir,1
big,g07,13,7,1,3,ol-kzek,1
big,g07,13,7,1,6,kzek-o,1
big,g07,13,2,1,4,ziza-aaaaaaz,1
big,g07,13,2,1,5,fza-kzek,0
big,g07,13,2,1,7,kzek-i,0
big,g07,13,2,1,8,kzek-rim,1
big,g07,13,4,1,1,kzek-an,1
big,g07,13,4,1,2,kzekplirp,0
big,g07,13,4,1,3,kzek-al,0
big,g07,13,4,1,6,kzekkika,0
big,g07,13,27,4,4,leof-ppoopp,1
big,g07,13,27,4,5,kzi-leof,1
big,g07,13,27,4,7,leof-anu,0
big,g07,13,27,4,8,leof-irpmi,0
big,g07,13,3,1,1,kzek-koo,1
big,g07,13,3,1,2,kzeklipl,1
big,g07,13,3,1,3,kzo-kzek,1
big,g07,13,3,1,6,kzek,1
big,g07,13,24,4,4,leof-aaaeea,1
big,g07,13,24,4,5,kza-leof,1
big,g07,13,24,4,7,leof-kob,1
big,g07,13,24,4,8,leof-irprim,0
big,g07,13,17,3,1,merdi-koo,0
big,g07,13,17,3,2,zizapi,0
big,g07,13,17,3,3,merdi-kza,1
big,g07,13,17,3,6,merdi-plepl,0
big,g07,13,11,2,4,pulo-lllkll,1
big,g07,13,11,2,5,ol-pulo,1
big,g07,13,11,2,7,pulo-an,0
big,g07,13,11,2,8,pulo-mi,1
big,g07,13,22,4,1,leof,1
big,g07,13,22,4,2,leofel,1
big,g07,13,22,4,3,leof-kza,1
big,g07,13,22,4,6,leofl,0
big,g07,13,21,3,4,merdi-mmnmnn,1
big,g07,13,21,3,5,merdi-kzu,1
big,g07,13,21,3,7,merdi-ano,1
big,g07,13,21,3,8,ziza-pri,1
big,g07,13,20,3,1,merdi-ka,1
big,g07,13,20,3,2,zizapli,1
big,g07,13,20,3,3,kzo-merdi,1
big,g07,13,20,3,6,merdi-ol,0
big,g07,13,23,4,4,leof-aafff,1
big,g07,13,23,4,5,kzo-leof,1
big,g07,13,23,4,7,leof-kai,0
big,g07,13,23,4,8,leof-lu,1
big,g07,13,19,3,1,merdi-lan,1
big,g07,13,19,3,2,zizari,1
big,g07,13,19,3,3,kzi-merdi,1
big,g07,13,19,3,6,merdi-mmmb,1
big,g07,13,1,1,4,ziza-uuuiru,0
big,g07,13,1,1,5,kza-kzek,1
big,g07,13,1,1,7,kzek-bu,0
big,g07,13,1,1,8,kzek-irp,0
big,g07,13,16,3,1,merdi-flu,0
big,g07,13,16,3,2,zizar,1
big,g07,13,16,3,3,kzu-merdi,1
big,g07,13,16,3,6,merdi-bibal,0
big,g08,1,5,1,1,,0
big,g08,1,5,1,3,maspin,1
big,g08,1,5,1,5,pku,1
big,g08,1,5,1,7,maspin,0
big,g08,1,28,4,4,huk,0
big,g08,1,28,4,6,huk,1
big,g08,1,28,4,8,hus,0
big,g08,1,10,2,1,,0
big,g08,1,10,2,3,popo,0
big,g08,1,10,2,5,maspin,0
big,g08,1,10,2,7,kapi,0
big,g08,1,22,4,4,sip,1
big,g08,1,22,4,6,sik,1
big,g08,1,22,4,8,pwat,0
big,g08,1,17,3,1,,0
big,g08,1,17,3,3,wop,1
big,g08,1,17,3,5,sis,0
big,g08,1,17,3,7,kapi,0
big,g08,1,19,3,4,popo,0
big,g08,1,19,3,6,muik,1
big,g08,1,19,3,8,tono,1
big,g08,1,9,2,1,,0
big,g08,1,9,2,3,kapi,1
big,g08,1,9,2,5,kami,0
big,g08,1,9,2,7,pwat,0
big,g08,1,5,1,4,pat,0
big,g08,1,5,1,6,weef,1
big,g08,1,5,1,8,kaptop,0
big,g08,1,10,2,1,,0
big,g08,1,10,2,3,gkapi,1
big,g08,1,10,2,5,sami,0
big,g08,1,10,2,7,kapi,0
big,g08,1,28,4,4,ska,0
big,g08,1,28,4,6,huk,1
big,g08,1,28,4,8,hus,1
big,g08,1,22,4,1,,1
big,g08,1,22,4,3,huk,1
big,g08,1,22,4,5,sip,1
big,g08,1,22,4,7,sip,0
big,g08,1,17,3,4,popo,0
big,g08,1,17,3,6,gut,0
big,g08,1,17,3,8,popo,0
big,g08,1,7,1,1,,0
big,g08,1,7,1,3,soop,1
big,g08,1,7,1,5,psu,0
big,g08,1,7,1,7,maspin,0
big,g08,1,9,2,4,kapi,0
big,g08,1,9,2,6,maspin,0
big,g08,1,9,2,8,kapi,1
big,g08,1,19,3,1,,1
big,g08,1,19,3,3,popo,0
big,g08,1,19,3,5,pup,1
big,g08,1,19,3,7,popo,1
big,g08,1,10,2,4,gkap,1
big,g08,1,10,2,6,wek,0
big,g08,1,10,2,8,pato,0
big,g08,1,28,4,1,,0
big,g08,1,28,4,3,sip,0
big,g08,1,28,4,5,huk,1
big,g08,1,28,4,7,hus,1
big,g08,1,5,1,4,wah,0
big,g08,1,5,1,6,kami,0
big,g08,1,5,1,8,maspin,1
big,g08,1,22,4,1,,1
big,g08,1,22,4,3,sip,1
big,g08,1,22,4,5,sip,1
big,g08,1,22,4,7,sip,0
big,g08,1,7,1,4,soop,0
big,g08,1,7,1,6,kamu,0
big,g08,1,7,1,8,sip,0
big,g08,1,17,3,1,,1
big,g08,1,17,3,3,wop,1
big,g08,1,17,3,5,sis,0
big,g08,1,17,3,7,popo,1
big,g08,1,19,3,4,tha,0
big,g08,1,19,3,6,sis,0
big,g08,1,19,3,8,tono,1
big,g08,1,9,2,1,,0
big,g08,1,9,2,3,kapi,1
big,g08,1,9,2,5,kami,0
big,g08,1,9,2,7,kapi,1
big,g08,2,24,4,2,huk,0
big,g08,2,24,4,4,wag,0
big,g08,2,24,4,6,huk,0
big,g08,2,28,4,1,,0
big,g08,2,28,4,3,sip,0
big,g08,2,28,4,5,wat,0
big,g08,2,28,4,7,sip,0
big,g08,2,19,3,2,kono,1
big,g08,2,19,3,4,pok,1
big,g08,2,19,3,6,pku,0
big,g08,2,10,2,1,,1
big,g08,2,10,2,3,gkapi,1
big,g08,2,10,2,5,saki,0
big,g08,2,10,2,7,kwaf,0
big,g08,2,23,4,2,kuh-ets,0
big,g08,2,23,4,4,wat,0
big,g08,2,23,4,6,tat,0
big,g08,2,5,1,1,,1
big,g08,2,5,1,3,soop,0
big,g08,2,5,1,5,psu,1
big,g08,2,5,1,7,maspin,0
big,g08,2,12,2,2,gutte,0
big,g08,2,12,2,4,kopo,0
big,g08,2,12,2,6,popo,0
big,g08,2,9,2,1,,0
big,g08,2,9,2,3,kapi,0
big,g08,2,9,2,5,kami,1
big,g08,2,9,2,7,kapi,1
big,g08,2,17,3,2,popo,1
big,g08,2,17,3,4,hano,0
big,g08,2,17,3,6,pku,0
big,g08,2,24,4,1,,0
big,g08,2,24,4,3,hku,0
big,g08,2,24,4,5,wata,0
big,g08,2,24,4,7,huk,0
big,g08,2,22,4,2,kuh-ets,1
big,g08,2,22,4,4,watp,0
big,g08,2,22,4,6,sip,1
big,g08,2,7,1,1,,0
big,g08,2,7,1,3,popo,0
big,g08,2,7,1,5,aha,0
big,g08,2,7,1,7,maspin,1
big,g08,2,19,3,2,kono,1
big,g08,2,19,3,4,ahant,0
big,g08,2,19,3,6,pku,0
big,g08,2,22,4,1,,0
big,g08,2,22,4,3,huk,0
big,g08,2,22,4,5,watoh,0
big,g08,2,22,4,7,ku-ets,0
big,g08,2,10,2,2,ettug,0
big,g08,2,10,2,4,gkap,0
big,g08,2,10,2,6,popo,0
big,g08,2,12,2,1,,1
big,g08,2,12,2,3,hku,0
big,g08,2,12,2,5,gkap,0
big,g08,2,12,2,7,gutte,1
big,g08,2,5,1,2,skoop,1
big,g08,2,5,1,4,watoh,0
big,g08,2,5,1,6,popo,0
big,g08,2,17,3,1,,1
big,g08,2,17,3,3,wet,0
big,g08,2,17,3,5,poka,0
big,g08,2,17,3,7,popo,1
big,g08,2,9,2,2,nee-gutte,0
big,g08,2,9,2,4,kapi,1
big,g08,2,9,2,6,huka,0
big,g08,2,24,4,1,,0
big,g08,2,24,4,3,huka,0
big,g08,2,24,4,5,watt,1
big,g08,2,24,4,7,huk,0
big,g08,2,28,4,2,huk,1
big,g08,2,28,4,4,watoh,0
big,g08,2,28,4,6,sip,0
big,g08,2,23,4,1,,0
big,g08,2,23,4,3,hku,1
big,g08,2,23,4,5,wattt,1
big,g08,2,23,4,7,sip,1
big,g08,2,7,1,2,maspin,1
big,g08,2,7,1,4,skoop,0
big,g08,2,7,1,6,kami,0
big,g08,3,23,4,1,,0
big,g08,3,23,4,3,huk-a,0
big,g08,3,23,4,5,watt,0
big,g08,3,23,4,7,huk,0
big,g08,3,10,2,2,ipak,0
big,g08,3,10,2,6,popo,0
big,g08,3,10,2,8,gitta-kitta,0
big,g08,3,3,1,1,,0
big,g08,3,3,1,3,popo-a,0
big,g08,3,3,1,5,psu,0
big,g08,3,3,1,7,maspin-n,0
big,g08,3,12,2,2,gutte,0
big,g08,3,12,2,6,kono,0
big,g08,3,12,2,8,gitta-wisita,0
big,g08,3,22,4,1,,0
big,g08,3,22,4,3,huk-s,1
big,g08,3,22,4,5,sip,1
big,g08,3,22,4,7,sip,1
big,g08,3,11,2,2,guttene,1
big,g08,3,11,2,6,kamu,1
big,g08,3,11,2,8,gitta-minispi,1
big,g08,3,20,3,1,,1
big,g08,3,20,3,3,wase-a,0
big,g08,3,20,3,5,pak,0
big,g08,3,20,3,7,pono,1
big,g08,3,9,2,2,paki,1
big,g08,3,9,2,6,pamu,0
big,g08,3,9,2,8,kapi,0
big,g08,3,7,1,1,,1
big,g08,3,7,1,3,popo-s,0
big,g08,3,7,1,5,psuu,1
big,g08,3,7,1,7,maspin,0
big,g08,3,24,4,2,ttaw,0
big,g08,3,24,4,6,huk-sip,1
big,g08,3,24,4,8,spatini,0
big,g08,3,12,2,1,,0
big,g08,3,12,2,3,gatti-katta,1
big,g08,3,12,2,5,gut,1
big,g08,3,12,2,7,kamu,0
big,g08,3,22,4,2,sip,1
big,g08,3,22,4,6,sip,0
big,g08,3,22,4,8,spatiwi,1
big,g08,3,28,4,1,,1
big,g08,3,28,4,3,spatika,0
big,g08,3,28,4,5,huf,0
big,g08,3,28,4,7,huk,1
big,g08,3,3,1,2,maspinn,0
big,g08,3,3,1,6,pono,0
big,g08,3,3,1,8,popo-titi,1
big,g08,3,19,3,1,,0
big,g08,3,19,3,3,wase-s,0
big,g08,3,19,3,5,kop,1
big,g08,3,19,3,7,kono,0
big,g08,3,10,2,2,tug,0
big,g08,3,10,2,6,pamu,0
big,g08,3,10,2,8,gitta-skitta,0
big,g08,3,11,2,1,,0
big,g08,3,11,2,3,gitta-skitta,0
big,g08,3,11,2,5,guti,1
big,g08,3,11,2,7,kapi,0
big,g08,3,20,3,2,pok,0
big,g08,3,20,3,6,kono,0
big,g08,3,20,3,8,popo-s,0
big,g08,3,9,2,1,,1
big,g08,3,9,2,3,katti-skop,0
big,g08,3,9,2,5,kapi,1
big,g08,3,9,2,7,kapist,1
big,g08,3,23,4,2,watt,1
big,g08,3,23,4,6,huk-sip,0
big,g08,3,23,4,8,spat-knet,0
big,g08,3,17,3,1,,1
big,g08,3,17,3,3,wase-wet,0
big,g08,3,17,3,5,poki,1
big,g08,3,17,3,7,popo,0
big,g08,3,7,1,2,maspin,0
big,g08,3,7,1,6,kapu,0
big,g08,3,7,1,8,popo-skitoni,1
big,g08,3,5,1,1,,1
big,g08,3,5,1,3,popo-fit,1
big,g08,3,5,1,5,maspini,0
big,g08,3,5,1,7,maspin-n,0
big,g08,4,11,2,2,kapii,0
big,g08,4,11,2,5,gut,0
big,g08,4,11,2,6,maspin,0
big,g08,4,14,2,1,,1
big,g08,4,14,2,4,kapi-w,1
big,g08,4,14,2,7,kapi-k,1
big,g08,4,14,2,8,maspin-tipiki,0
big,g08,4,21,3,2,popoo,1
big,g08,4,21,3,5,poka,1
big,g08,4,21,3,6,kono-popo,0
big,g08,4,28,4,1,,0
big,g08,4,28,4,4,sip-sa,1
big,g08,4,28,4,7,huk,1
big,g08,4,28,4,8,spatiwi-ni,0
big,g08,4,4,1,2,maspin-sa,0
big,g08,4,4,1,5,psuu,0
big,g08,4,4,1,6,kamu,0
big,g08,4,19,3,1,,0
big,g08,4,19,3,4,maspin,0
big,g08,4,19,3,7,kono,1
big,g08,4,19,3,8,popo,0
big,g08,4,22,4,2,sip,1
big,g08,4,22,4,5,sip,1
big,g08,4,22,4,6,sip,0
big,g08,4,12,2,1,,0
big,g08,4,12,2,4,gkap-po,1
big,g08,4,12,2,7,kapi-w,0
big,g08,4,12,2,8,maspin,0
big,g08,4,3,1,2,maspini,0
big,g08,4,3,1,5,psup,0
big,g08,4,3,1,6,kwatu,0
big,g08,4,20,3,1,,0
big,g08,4,20,3,4,popoa,0
big,g08,4,20,3,7,kapi-k,0
big,g08,4,20,3,8,kono-sisikoo,1
big,g08,4,14,2,2,gkap,1
big,g08,4,14,2,5,gutu,0
big,g08,4,14,2,6,maspin-ni,0
big,g08,4,21,3,1,,1
big,g08,4,21,3,4,popo-k,0
big,g08,4,21,3,7,poko,0
big,g08,4,21,3,8,kono-hisen,1
big,g08,4,24,4,2,huki,0
big,g08,4,24,4,5,siphugi,1
big,g08,4,24,4,6,swatiko,0
big,g08,4,5,1,1,,0
big,g08,4,5,1,4,maspinii,0
big,g08,4,5,1,7,maspin,0
big,g08,4,5,1,8,popo-nigot,0
big,g08,4,17,3,2,popo,1
big,g08,4,17,3,5,pokka-t,1
big,g08,4,17,3,6,popo-kono,0
big,g08,4,9,2,1,,0
big,g08,4,9,2,4,kapi,1
big,g08,4,9,2,7,kapi-st,1
big,g08,4,9,2,8,maspin-kini,1
big,g08,4,28,4,2,huk,1
big,g08,4,28,4,5,huf,1
big,g08,4,28,4,6,huk,1
big,g08,4,11,2,1,,0
big,g08,4,11,2,4,kapinm,1
big,g08,4,11,2,7,kapi-wo,1
big,g08,4,11,2,8,maspin-tines,0
big,g08,4,10,2,2,gkap,0
big,g08,4,10,2,5,kapi-ti,1
big,g08,4,10,2,6,maspin-ie,0
big,g08,4,4,1,1,,0
big,g08,4,4,1,4,maspink,1
big,g08,4,4,1,7,maspin-kw,1
big,g08,4,4,1,8,popo-tines,1
big,g08,4,23,4,2,sip-ets,1
big,g08,4,23,4,5,siphufti,0
big,g08,4,23,4,6,huk-swatiko,0
big,g08,4,22,4,1,,1
big,g08,4,22,4,4,sip,1
big,g08,4,22,4,7,sip,1
big,g08,4,22,4,8,huk-tikop,0
big,g08,4,7,1,2,maspin,1
big,g08,4,7,1,5,maspin-tw,1
big,g08,4,7,1,6,popo-kono,0
big,g08,5,1,1,1,huk-es,0
big,g08,5,1,1,2,pooks,0
big,g08,5,1,1,4,maspin-sa,0
big,g08,5,1,1,7,,0
big,g08,5,21,3,5,pokka,1
big,g08,5,21,3,6,pokono,1
big,g08,5,21,3,8,kono-too,0
big,g08,5,16,3,1,pokka-op,1
big,g08,5,16,3,2,kono-ets,0
big,g08,5,16,3,4,kono-po,0
big,g08,5,16,3,7,,1
big,g08,5,17,3,5,pokka-es,0
big,g08,5,17,3,6,popo-no,0
big,g08,5,17,3,8,kono-skone,0
big,g08,5,14,2,1,shik,1
big,g08,5,14,2,2,gkap,0
big,g08,5,14,2,4,gkap,0
big,g08,5,14,2,7,,0
big,g08,5,25,4,5,huf-es,0
big,g08,5,25,4,6,huk-sippi,0
big,g08,5,25,4,8,spat-tones,1
big,g08,5,28,4,1,huf-sa,1
big,g08,5,28,4,2,huk,1
big,g08,5,28,4,4,spat-sa,0
big,g08,5,28,4,7,,1
big,g08,5,3,1,5,kapi-op,0
big,g08,5,3,1,6,kamu,0
big,g08,5,3,1,8,popo-spoo,0
big,g08,5,5,1,1,huf-op,0
big,g08,5,5,1,2,skoop,1
big,g08,5,5,1,4,maskin-po,0
big,g08,5,5,1,7,,1
big,g08,5,10,2,5,kapi-es,0
big,g08,5,10,2,6,magin-ni,0
big,g08,5,10,2,8,maspin-stip-stip,0
big,g08,5,11,2,1,kapi-hnm,1
big,g08,5,11,2,2,kapii,0
big,g08,5,11,2,4,gkap-nm,1
big,g08,5,11,2,7,,0
big,g08,5,1,1,5,gut-huf,0
big,g08,5,1,1,6,skopo,0
big,g08,5,1,1,8,maspin-iet,0
big,g08,5,12,2,1,kapi-kp,1
big,g08,5,12,2,2,gutte-ets,1
big,g08,5,12,2,4,gkap-po,1
big,g08,5,12,2,7,,0
big,g08,5,22,4,5,sip,0
big,g08,5,22,4,6,huki-ets,1
big,g08,5,22,4,8,spat-nm,1
big,g08,5,7,1,1,huf-ew,0
big,g08,5,7,1,2,maspin,0
big,g08,5,7,1,4,maspin,0
big,g08,5,7,1,7,,1
big,g08,5,16,3,5,pok-op,1
big,g08,5,16,3,6,pokonop,0
big,g08,5,16,3,8,popo-nm,1
big,g08,5,20,3,1,pok-sa,0
big,g08,5,20,3,2,pokono-iks,1
big,g08,5,20,3,4,popo-sa,0
big,g08,5,20,3,7,,0
big,g08,5,4,1,5,psu-sa,0
big,g08,5,4,1,6,maspin-nik,0
big,g08,5,4,1,8,maspin-mnite,0
big,g08,5,25,4,1,gah-hm,0
big,g08,5,25,4,2,huk-ets,0
big,g08,5,25,4,4,spat-nm,0
big,g08,5,25,4,7,,0
big,g08,5,19,3,5,pok-ho,0
big,g08,5,19,3,6,pokono-its,1
big,g08,5,19,3,8,popo-isem-to,0
big,g08,5,23,4,1,gag-kk,0
big,g08,5,23,4,2,sip-ets,0
big,g08,5,23,4,4,spat,1
big,g08,5,23,4,7,,0
big,g08,5,9,2,5,kami,0
big,g08,5,9,2,6,kami-etsi,0
big,g08,5,9,2,8,gitta-skitta,0
big,g08,5,24,4,1,gaf-aa,1
big,g08,5,24,4,2,huk-iks,1
big,g08,5,24,4,4,spat-as,0
big,g08,5,24,4,7,,1
big,g08,6,24,4,3,huk-wet,0
big,g08,6,24,4,5,huf-u,0
big,g08,6,24,4,6,huksi-ets,1
big,g08,6,24,4,7,,0
big,g08,6,3,1,1,hugu-gt,1
big,g08,6,3,1,2,maspinop,0
big,g08,6,3,1,8,skannoe-moo,0
big,g08,6,28,4,3,huk-nit,0
big,g08,6,28,4,5,huf,1
big,g08,6,28,4,6,huksi,1
big,g08,6,28,4,7,,1
big,g08,6,25,4,1,huksi-nm,0
big,g08,6,25,4,2,huk-nit,1
big,g08,6,25,4,8,huf-enot,1
big,g08,6,2,1,3,maspino-not,0
big,g08,6,2,1,5,kami,0
big,g08,6,2,1,6,hagu-nt,0
big,g08,6,2,1,7,,0
big,g08,6,10,2,1,skop,0
big,g08,6,10,2,2,gkap,1
big,g08,6,10,2,8,gitta-skitta,0
big,g08,6,19,3,3,popo-not,0
big,g08,6,19,3,5,skitta-op,0
big,g08,6,19,3,6,pokono-its,1
big,g08,6,19,3,7,,1
big,g08,6,27,4,1,kapi-ew,0
big,g08,6,27,4,2,sip-iksop,1
big,g08,6,27,4,8,spat-opi,0
big,g08,6,14,2,3,gkapi-wet,1
big,g08,6,14,2,5,kami-op,1
big,g08,6,14,2,6,skopo-its,0
big,g08,6,14,2,7,,0
big,g08,6,4,1,1,hugu-mm,0
big,g08,6,4,1,2,maspin-not,1
big,g08,6,4,1,8,popo-inet,0
big,g08,6,9,2,3,gkapi,0
big,g08,6,9,2,5,kami,1
big,g08,6,9,2,6,skoop-nm,0
big,g08,6,9,2,7,,0
big,g08,6,23,4,1,kah-kk,1
big,g08,6,23,4,2,sip-ets,0
big,g08,6,23,4,8,spat-net,0
big,g08,6,11,2,3,gkapi-hut,1
big,g08,6,11,2,5,kami-si,1
big,g08,6,11,2,6,fuhu-nm,0
big,g08,6,11,2,7,,1
big,g08,6,21,3,1,pokopo-hk,0
big,g08,6,21,3,2,popo-ets,1
big,g08,6,21,3,8,skganski-imet,0
big,g08,6,6,1,3,maspino-get,0
big,g08,6,6,1,5,psu-si,0
big,g08,6,6,1,6,hagu-ets,0
big,g08,6,6,1,7,,0
big,g08,6,16,3,1,pokopo-ko,0
big,g08,6,16,3,2,poponot-ets,0
big,g08,6,16,3,8,skganski-topimet,1
big,g08,6,7,1,3,maspino,1
big,g08,6,7,1,5,psu-ho,1
big,g08,6,7,1,6,hagu-nt,1
big,g08,6,7,1,7,,1
big,g08,6,5,1,1,hagu-ko,0
big,g08,6,5,1,2,skoop,1
big,g08,6,5,1,8,psu-imetho,1
big,g08,6,1,1,3,maspino,0
big,g08,6,1,1,5,psu-huf,1
big,g08,6,1,1,6,hagu-its,1
big,g08,6,1,1,7,,1
big,g08,6,20,3,1,pokopo-esa,0
big,g08,6,20,3,2,poponot-iks,1
big,g08,6,20,3,8,skganski-wints,0
big,g08,6,17,3,3,poponet-wit,1
big,g08,6,17,3,5,skangski-si,1
big,g08,6,17,3,6,pokopo-ets,0
big,g08,6,17,3,7,,0
big,g08,6,22,4,1,hag-iop,1
big,g08,6,22,4,2,sipi,1
big,g08,6,22,4,8,spat-imetho,1
big,g08,6,12,2,3,gkapi-steep,0
big,g08,6,12,2,5,kapi-ho,0
big,g08,6,12,2,6,kamu-its,0
big,g08,6,12,2,7,,0
big,g08,7,4,1,4,maspin-km,0
big,g08,7,4,1,5,kapi-si,0
big,g08,7,4,1,7,,1
big,g08,7,4,1,8,popo,0
big,g08,7,23,4,2,sip-ets,0
big,g08,7,23,4,3,sip-ti,0
big,g08,7,23,4,6,huksip-nm,1
big,g08,7,2,1,4,maspin-nn,1
big,g08,7,2,1,5,psu,0
big,g08,7,2,1,7,,1
big,g08,7,2,1,8,popowo,0
big,g08,7,6,1,2,maspin-no,0
big,g08,7,6,1,3,maspino-tu,0
big,g08,7,6,1,6,maspin-nt,1
big,g08,7,11,2,4,gkap-km,0
big,g08,7,11,2,5,kapi-si,0
big,g08,7,11,2,7,,0
big,g08,7,11,2,8,gitta-skitta-ets,1
big,g08,7,17,3,2,wite-popo,0
big,g08,7,17,3,3,popo-was,0
big,g08,7,17,3,6,pokono-its,0
big,g08,7,16,3,4,poko-po,1
big,g08,7,16,3,5,popo-op,1
big,g08,7,16,3,7,,1
big,g08,7,16,3,8,popo-witono,1
big,g08,7,21,3,2,popo-ets,1
big,g08,7,21,3,3,popo-hot,1
big,g08,7,21,3,6,pokopo-nn,1
big,g08,7,28,4,4,sip-ss,1
big,g08,7,28,4,5,huf,1
big,g08,7,28,4,7,,0
big,g08,7,28,4,8,spat-gents,0
big,g08,7,25,4,2,wite-huk,1
big,g08,7,25,4,3,huk-sat,0
big,g08,7,25,4,6,sip-nm,1
big,g08,7,27,4,4,sip-we,1
big,g08,7,27,4,5,sip-sat,0
big,g08,7,27,4,7,,1
big,g08,7,27,4,8,huk-tipo,1
big,g08,7,20,3,2,nopopo-iks,0
big,g08,7,20,3,3,popo-ftgft,1
big,g08,7,20,3,6,pokopo-sn,0
big,g08,7,9,2,4,kapi,1
big,g08,7,9,2,5,kami,1
big,g08,7,9,2,7,,1
big,g08,7,9,2,8,gitta-skittano,1
big,g08,7,1,1,2,skoop-pakwas,1
big,g08,7,1,1,3,maspino,0
big,g08,7,1,1,6,pokopo-ss,0
big,g08,7,12,2,4,kapi-po,1
big,g08,7,12,2,5,kapi-op,0
big,g08,7,12,2,7,,0
big,g08,7,12,2,8,gitta-skittateto,1
big,g08,7,19,3,2,wite-popono,0
big,g08,7,19,3,3,popo-knkouhuo,1
big,g08,7,19,3,6,pokopo-ets,0
big,g08,7,24,4,4,sip-sa,0
big,g08,7,24,4,5,huf-es,1
big,g08,7,24,4,7,,0
big,g08,7,24,4,8,spat-eksi,0
big,g08,7,14,2,2,gitta-iksop,1
big,g08,7,14,2,3,kapi-feswa,0
big,g08,7,14,2,6,kapi-ets,1
big,g08,7,3,1,4,popoko-tu,0
big,g08,7,3,1,5,maspin-ho,1
big,g08,7,3,1,7,,1
big,g08,7,3,1,8,skannoep,1
big,g08,7,10,2,2,wittegitta-iksop,1
big,g08,7,10,2,3,kapi-kmoip,1
big,g08,7,10,2,6,kapi-nm,1
big,g08,7,22,4,4,sip,0
big,g08,7,22,4,5,sip,1
big,g08,7,22,4,7,,1
big,g08,7,22,4,8,spatti-kini,0
big,g08,7,7,1,2,maspin,0
big,g08,7,7,1,3,maspino,0
big,g08,7,7,1,6,pokopo-tu,0
big,g08,7,5,1,4,maskin-kp,0
big,g08,7,5,1,5,maspino,1
big,g08,7,5,1,7,,1
big,g08,7,5,1,8,skannoe-tonoto,0
big,g08,8,22,4,2,witehuk-eksi,0
big,g08,8,22,4,4,sip,1
big,g08,8,22,4,6,huksippi,0
big,g08,8,20,3,1,popopko-sa,1
big,g08,8,20,3,3,popo-asfg,0
big,g08,8,20,3,5,pophuf,0
big,g08,8,20,3,7,,0
big,g08,8,25,4,2,witehuk-no,0
big,g08,8,25,4,4,sip-nm,0
big,g08,8,25,4,6,huk,1
big,g08,8,2,1,1,maspin-hn,0
big,g08,8,2,1,3,maspino-op,0
big,g08,8,2,1,5,psu,0
big,g08,8,2,1,7,,0
big,g08,8,27,4,2,sip-iksi,0
big,g08,8,27,4,4,sip-we,0
big,g08,8,27,4,6,wuksip,1
big,g08,8,24,4,1,sip-sa,1
big,g08,8,24,4,3,sip-wit,1
big,g08,8,24,4,5,wuk-mi,1
big,g08,8,24,4,7,,1
big,g08,8,19,3,2,wite-kono,0
big,g08,8,19,3,4,kono,0
big,g08,8,19,3,6,kopono-ets,0
big,g08,8,3,1,1,maspin-gt,0
big,g08,8,3,1,3,maspino-gik,0
big,g08,8,3,1,5,psu-op,1
big,g08,8,3,1,7,,0
big,g08,8,7,1,2,maspin,0
big,g08,8,7,1,4,maspino,1
big,g08,8,7,1,6,psu-ti,0
big,g08,8,17,3,1,popoko-hm,0
big,g08,8,17,3,3,popo-tik,1
big,g08,8,17,3,5,popo-si,0
big,g08,8,17,3,7,,0
big,g08,8,16,3,2,popo-hogeks,1
big,g08,8,16,3,4,popo-po,1
big,g08,8,16,3,6,popo-ti,1
big,g08,8,21,3,1,popoko-kk,1
big,g08,8,21,3,3,popo-kapit,1
big,g08,8,21,3,5,popo-siti,1
big,g08,8,21,3,7,,0
big,g08,8,12,2,2,gitta-hogeks,0
big,g08,8,12,2,4,kapi-po,0
big,g08,8,12,2,6,kapi-wi,1
big,g08,8,4,1,1,maspin-nm,0
big,g08,8,4,1,3,maspino-steep,0
big,g08,8,4,1,5,psu-si,1
big,g08,8,4,1,7,,0
big,g08,8,23,4,2,huk-miteks,1
big,g08,8,23,4,4,sip-kk,0
big,g08,8,23,4,6,wuk-nn,1
big,g08,8,9,2,1,mita-ono,1
big,g08,8,9,2,3,kapi,1
big,g08,8,9,2,5,kapi,1
big,g08,8,9,2,7,,0
big,g08,8,28,4,2,huk,0
big,g08,8,28,4,4,sip-ss,1
big,g08,8,28,4,6,wuk-tisi,1
big,g08,8,11,2,1,mita-mm,1
big,g08,8,11,2,3,kapi-gg,0
big,g08,8,11,2,5,kapi-si,0
big,g08,8,11,2,7,,1
big,g08,8,14,2,2,gitta-hogiks,1
big,g08,8,14,2,4,kapi-we,1
big,g08,8,14,2,6,kapi-wu,1
big,g08,8,10,2,1,mita-tew,0
big,g08,8,10,2,3,kapi-pp,0
big,g08,8,10,2,5,kapi-wos,0
big,g08,8,10,2,7,,0
big,g08,8,1,1,2,skoop-pakwas,0
big,g08,8,1,1,4,maspino-sa,0
big,g08,8,1,1,6,psu-wos,1
big,g08,8,6,1,1,skoop-hm,0
big,g08,8,6,1,3,maspino-ss,0
big,g08,8,6,1,5,psu-si,0
big,g08,8,6,1,7,,0
big,g08,8,5,1,2,skoop,0
big,g08,8,5,1,4,maspino-kp,0
big,g08,8,5,1,6,psu-witi,1
big,g08,9,6,1,1,,0
big,g08,9,6,1,3,maspino-aa,0
big,g08,9,6,1,5,psu-si,0
big,g08,9,6,1,7,maspin-ks,0
big,g08,9,27,4,2,huk-hogiks,1
big,g08,9,27,4,4,sip-we,1
big,g08,9,27,4,6,huksipi-ets,1
big,g08,9,20,3,1,,0
big,g08,9,20,3,3,popo-aa,0
big,g08,9,20,3,5,popo-we,0
big,g08,9,20,3,7,popo-kono,1
big,g08,9,21,3,2,popo-miteks,0
big,g08,9,21,3,4,popo-kk,1
big,g08,9,21,3,6,popo-nn,1
big,g08,9,3,1,1,,0
big,g08,9,3,1,3,maspino-ss,1
big,g08,9,3,1,5,psu-ho,1
big,g08,9,3,1,7,maspin-no,0
big,g08,9,4,1,2,maspinno-eks,1
big,g08,9,4,1,4,psu-mn,1
big,g08,9,4,1,6,maspino-an,1
big,g08,9,17,3,1,,0
big,g08,9,17,3,3,popo-ww,1
big,g08,9,17,3,5,popo-si,0
big,g08,9,17,3,7,popo-w,1
big,g08,9,19,3,2,kono-w,1
big,g08,9,19,3,4,popo-we,0
big,g08,9,19,3,6,popo-aa,0
big,g08,9,11,2,1,,1
big,g08,9,11,2,3,kapi-nn,0
big,g08,9,11,2,5,kami-si,0
big,g08,9,11,2,7,kapi-wo,1
big,g08,9,25,4,2,huk-wo,1
big,g08,9,25,4,4,sip-nm,0
big,g08,9,25,4,6,huksipi-as,1
big,g08,9,16,3,1,,1
big,g08,9,16,3,3,popo-tt,1
big,g08,9,16,3,5,popo-ti,1
big,g08,9,16,3,7,kono-kg,1
big,g08,9,23,4,2,huk-miteks,0
big,g08,9,23,4,4,sip-k,1
big,g08,9,23,4,6,huksipi-nn,0
big,g08,9,9,2,1,,0
big,g08,9,9,2,3,kapi,1
big,g08,9,9,2,5,kapi,1
big,g08,9,9,2,7,kapi-ste,1
big,g08,9,14,2,2,gkap,1
big,g08,9,14,2,4,kapi-we,1
big,g08,9,14,2,6,kapi-as,0
big,g08,9,1,1,1,,0
big,g08,9,1,1,3,maspino-s,0
big,g08,9,1,1,5,psu-hu,0
big,g08,9,1,1,7,maspin-pooks,0
big,g08,9,7,1,2,maspin,1
big,g08,9,7,1,4,psu-we,1
big,g08,9,7,1,6,maspino-as,0
big,g08,9,2,1,1,,0
big,g08,9,2,1,3,maspino-sate,0
big,g08,9,2,1,5,psu-sihu,1
big,g08,9,2,1,7,maspin-wao,1
big,g08,9,5,1,2,skoop-hogeks,0
big,g08,9,5,1,4,psu-kp,1
big,g08,9,5,1,6,maspino-ates,0
big,g08,9,12,2,1,,0
big,g08,9,12,2,3,kapi-kut,0
big,g08,9,12,2,5,kapi-ti,1
big,g08,9,12,2,7,kapi-wm,0
big,g08,9,10,2,2,gkap-w,1
big,g08,9,10,2,4,kapi-we,1
big,g08,9,10,2,6,kapi-tuk,1
big,g08,9,22,4,1,,0
big,g08,9,22,4,3,huk,1
big,g08,9,22,4,5,sip,1
big,g08,9,22,4,7,sip,1
big,g08,9,28,4,2,huk,1
big,g08,9,28,4,4,sip-sa,1
big,g08,9,28,4,6,sip,1
big,g08,9,24,4,1,,1
big,g08,9,24,4,3,huk-as,0
big,g08,9,24,4,5,sip-saup,1
big,g08,9,24,4,7,hukstip,0
big,g08,10,12,2,2,kapi-weks,1
big,g08,10,12,2,6,kapi-tu,0
big,g08,10,12,2,8,gittaskitta-uto,1
big,g08,10,3,1,1,,0
big,g08,10,3,1,3,maspino-w,0
big,g08,10,3,1,5,maspin-ho,1
big,g08,10,3,1,7,maspin-no,1
big,g08,10,11,2,2,kapi-w,1
big,g08,10,11,2,6,kapi-its,1
big,g08,10,11,2,8,gittaskitta-uno,0
big,g08,10,19,3,1,,1
big,g08,10,19,3,3,popo-w,1
big,g08,10,19,3,5,popo-ti,1
big,g08,10,19,3,7,kono,1
big,g08,10,14,2,2,kapihogiks-w,1
big,g08,10,14,2,6,kapi-sut,0
big,g08,10,14,2,8,gittaskitta-eto,1
big,g08,10,4,1,1,,1
big,g08,10,4,1,3,maspino-k,0
big,g08,10,4,1,5,maspin-w,1
big,g08,10,4,1,7,maspin-steep,1
big,g08,10,5,1,2,maspinhogeks-w,1
big,g08,10,5,1,6,maspin-teep,1
big,g08,10,5,1,8,maspino-uto,1
big,g08,10,27,4,1,,1
big,g08,10,27,4,3,sip-te,1
big,g08,10,27,4,5,sip-ti,1
big,g08,10,27,4,7,hukstip-mo,0
big,g08,10,9,2,2,kapi-mo,1
big,g08,10,9,2,6,kapi,1
big,g08,10,9,2,8,gittaskitta-no,1
big,g08,10,10,2,1,,1
big,g08,10,10,2,3,gittaskitta-kut,1
big,g08,10,10,2,5,kapi-tim,0
big,g08,10,10,2,7,kapi-kas,0
big,g08,10,16,3,2,popow-hogeks,1
big,g08,10,16,3,6,kono-tas,0
big,g08,10,16,3,8,pats,0
big,g08,10,28,4,1,,0
big,g08,10,28,4,3,sip-hut,0
big,g08,10,28,4,5,huf,1
big,g08,10,28,4,7,huk,1
big,g08,10,1,1,2,skoopwiks-no,0
big,g08,10,1,1,6,mangi-sti,0
big,g08,10,1,1,8,maspino-uno,1
big,g08,10,23,4,1,,1
big,g08,10,23,4,3,sip-kip,0
big,g08,10,23,4,5,sip-mi,1
big,g08,10,23,4,7,huk-sip,0
big,g08,10,17,3,2,popo-w,1
big,g08,10,17,3,6,kono,1
big,g08,10,17,3,8,popo-uno,0
big,g08,10,22,4,1,,1
big,g08,10,22,4,3,sip,0
big,g08,10,22,4,5,sip,1
big,g08,10,22,4,7,sip,1
big,g08,10,25,4,2,sipeks-w,1
big,g08,10,25,4,6,huk,0
big,g08,10,25,4,8,sip-uno,1
big,g08,10,24,4,1,,1
big,g08,10,24,4,3,sip-pok,0
big,g08,10,24,4,5,huf-mi,1
big,g08,10,24,4,7,huk-stip,1
big,g08,10,6,1,2,maspin-eksne,1
big,g08,10,6,1,6,kono-ets,0
big,g08,10,6,1,8,maskino-uno,1
big,g08,10,21,3,1,,1
big,g08,10,21,3,3,popo-so,0
big,g08,10,21,3,5,popo-ass,0
big,g08,10,21,3,7,popo-kas,0
big,g08,10,2,1,2,maspin-ne,0
big,g08,10,2,1,6,mangin-nn,1
big,g08,10,2,1,8,maskino-no,1
big,g08,10,20,3,1,,1
big,g08,10,20,3,3,popo-s,1
big,g08,10,20,3,5,popo-hu,0
big,g08,10,20,3,7,popo-kono,0
big,g08,10,7,1,2,maspin,0
big,g08,10,7,1,6,mangin-ets,0
big,g08,10,7,1,8,maskino-eto,0
big,g08,11,24,4,1,huf-sa,1
big,g08,11,24,4,7,hukstip-o,1
big,g08,11,24,4,8,spat-e,0
big,g08,11,3,1,2,,1
big,g08,11,3,1,3,maspino-so,0
big,g08,11,3,1,5,skoop-ho,0
big,g08,11,3,1,6,mangin-nn,0
big,g08,11,22,4,1,huf-hui,1
big,g08,11,22,4,7,sip,1
big,g08,11,22,4,8,spat-eto,1
big,g08,11,5,1,2,,0
big,g08,11,5,1,3,maspino-ko,1
big,g08,11,5,1,5,skoop-ti,0
big,g08,11,5,1,6,mangin-et,1
big,g08,11,16,3,1,popoko-kop,1
big,g08,11,16,3,7,kono-king,1
big,g08,11,16,3,8,popo-eto,1
big,g08,11,14,2,2,,1
big,g08,11,14,2,3,kapi-a,1
big,g08,11,14,2,5,kapi-wu,1
big,g08,11,14,2,6,kapi-ato,1
big,g08,11,23,4,1,huf-ghk,1
big,g08,11,23,4,7,huk-sip,0
big,g08,11,23,4,8,spat-e,0
big,g08,11,1,1,2,,0
big,g08,11,1,1,3,maspino-k,0
big,g08,11,1,1,5,skoop-hu,1
big,g08,11,1,1,6,magin-to,1
big,g08,11,25,4,1,huf-hnm,1
big,g08,11,25,4,7,huksip-wit,1
big,g08,11,25,4,8,spat-eno,1
big,g08,11,4,1,2,,1
big,g08,11,4,1,3,maspino-faag,0
big,g08,11,4,1,5,skoop-ti,0
big,g08,11,4,1,6,mangin-eno,1
big,g08,11,28,4,1,huf-tfsa,1
big,g08,11,28,4,7,huk,1
big,g08,11,28,4,8,spat-uno,1
big,g08,11,21,3,2,,1
big,g08,11,21,3,3,popo-kaput,0
big,g08,11,21,3,5,popo-tisi,0
big,g08,11,21,3,6,kono-n,0
big,g08,11,17,3,1,popo-hnm,1
big,g08,11,17,3,7,popowit,1
big,g08,11,17,3,8,popo-eno,1
big,g08,11,12,2,2,,1
big,g08,11,12,2,3,kapi-gkaf,1
big,g08,11,12,2,5,kapi-si,1
big,g08,11,12,2,6,kapi-eto,1
big,g08,11,6,1,1,maspin-hnm,0
big,g08,11,6,1,7,skoop-witkas,1
big,g08,11,6,1,8,mangina-eno,1
big,g08,11,20,3,2,,1
big,g08,11,20,3,3,popo-k,0
big,g08,11,20,3,5,popo-huti,1
big,g08,11,20,3,6,popo-eno,0
big,g08,11,7,1,1,maspin-ew,0
big,g08,11,7,1,7,maspin,1
big,g08,11,7,1,8,magine-uto,1
big,g08,11,10,2,2,,1
big,g08,11,10,2,3,kapi-w,0
big,g08,11,10,2,5,kapo-hu,1
big,g08,11,10,2,6,kapi-uto,0
big,g08,11,2,1,1,maspin-n,0
big,g08,11,2,1,7,skoop-king,1
big,g08,11,2,1,8,magine-no,1
big,g08,11,27,4,2,,1
big,g08,11,27,4,3,huf-k,0
big,g08,11,27,4,5,sip-hu,0
big,g08,11,27,4,6,huksipi-ato,1
big,g08,11,19,3,1,popoko-ew,0
big,g08,11,19,3,7,kono,0
big,g08,11,19,3,8,popo-ato,1
big,g08,11,11,2,2,,1
big,g08,11,11,2,3,kapi-nop,1
big,g08,11,11,2,5,kapi-ti,0
big,g08,11,11,2,6,kapi-uno,1
big,g08,11,9,2,1,kapi-n,1
big,g08,11,9,2,7,kapi-ste,0
big,g08,11,9,2,8,kapi-no,1
big,g08,12,5,1,3,maspino-g,0
big,g08,12,5,1,5,skoop-si,0
big,g08,12,5,1,8,wupo-eto,1
big,g08,12,10,2,1,kamsi-ew,1
big,g08,12,10,2,2,,1
big,g08,12,10,2,4,kapi-we,1
big,g08,12,10,2,7,kapi-wito,0
big,g08,12,20,3,3,popo-mopo,1
big,g08,12,20,3,5,popo-hu,1
big,g08,12,20,3,8,popo-uno,0
big,g08,12,9,2,1,kamsi-n,1
big,g08,12,9,2,2,,1
big,g08,12,9,2,4,kapi,1
big,g08,12,9,2,7,kapi-ste,0
big,g08,12,28,4,3,huk-s,1
big,g08,12,28,4,5,huf,0
big,g08,12,28,4,8,spat-uno,1
big,g08,12,24,4,1,huf-fsa,1
big,g08,12,24,4,2,,0
big,g08,12,24,4,4,spat-sa,1
big,g08,12,24,4,7,hukstip,1
big,g08,12,17,3,3,popo-top,0
big,g08,12,17,3,5,popo-ti,1
big,g08,12,17,3,8,popo-eno,0
big,g08,12,16,3,1,popo-kop,1
big,g08,12,16,3,2,,1
big,g08,12,16,3,4,popo-po,1
big,g08,12,16,3,7,popo-king,1
big,g08,12,27,4,3,huf-nue,0
big,g08,12,27,4,5,hufop,0
big,g08,12,27,4,8,spat-eo,0
big,g08,12,7,1,1,skoop-ew,1
big,g08,12,7,1,2,,1
big,g08,12,7,1,4,maspin-eo,1
big,g08,12,7,1,7,maspin,1
big,g08,12,6,1,3,maspino-wikt,1
big,g08,12,6,1,5,skoop-ti,0
big,g08,12,6,1,8,wupo-weno,0
big,g08,12,21,3,1,popo-hk,0
big,g08,12,21,3,2,,1
big,g08,12,21,3,4,popo-k,1
big,g08,12,21,3,7,popo-konokas,1
big,g08,12,25,4,3,huf-witk,1
big,g08,12,25,4,5,huf-ti,1
big,g08,12,25,4,8,spat-weno,1
big,g08,12,14,2,1,kamsi-few,0
big,g08,12,14,2,2,,1
big,g08,12,14,2,4,kapi-we,0
big,g08,12,14,2,7,kapigaas,1
big,g08,12,22,4,3,huf,1
big,g08,12,22,4,5,sip,0
big,g08,12,22,4,8,spat-weto,0
big,g08,12,19,3,1,popo-few,1
big,g08,12,19,3,2,,1
big,g08,12,19,3,4,popo-eo,0
big,g08,12,19,3,7,kono,0
big,g08,12,1,1,3,maspino,1
big,g08,12,1,1,5,skoop-hu,0
big,g08,12,1,1,8,wupo-uno,1
big,g08,12,3,1,1,skoop-t,0
big,g08,12,3,1,2,,1
big,g08,12,3,1,4,wupo-tu,1
big,g08,12,3,1,7,maspino-top,1
big,g08,12,12,2,3,kapi-hft,0
big,g08,12,12,2,5,kapi-si,1
big,g08,12,12,2,8,kita-eto,1
big,g08,12,2,1,1,skoop-n,1
big,g08,12,2,1,2,,1
big,g08,12,2,1,4,wupo-n,0
big,g08,12,2,1,7,maspino-kingo,1
big,g08,12,4,1,3,maspino-kaka,1
big,g08,12,4,1,5,skoop-ti,0
big,g08,12,4,1,8,wupo-eno,1
big,g08,12,11,2,1,kamsi-km,1
big,g08,12,11,2,2,,1
big,g08,12,11,2,4,kapi-eno,0
big,g08,12,11,2,7,kapi-wito,1
big,g08,12,23,4,3,huk-nioks,1
big,g08,12,23,4,5,hufsipi,1
big,g08,12,23,4,8,spat-e,0
big,g08,13,16,3,1,popok-ko,1
big,g08,13,16,3,2,popo-hogeks,1
big,g08,13,16,3,4,popo-po,0
big,g08,13,16,3,8,popo-eto,1
big,g08,13,28,4,3,huf-sneew,1
big,g08,13,28,4,5,huf,0
big,g08,13,28,4,6,huk-kuh,0
big,g08,13,28,4,7,huk,1
big,g08,13,22,4,1,huk-kop,0
big,g08,13,22,4,2,huf-hogeks,0
big,g08,13,22,4,4,huk-po,0
big,g08,13,22,4,8,huf-eto,1
big,g08,13,25,4,3,huf-wiwt,1
big,g08,13,25,4,5,huf-ti,1
big,g08,13,25,4,6,huk-ate,1
big,g08,13,25,4,7,huksip-stip,0
big,g08,13,6,1,1,maspin-hm,0
big,g08,13,6,1,2,maspin-neeks,0
big,g08,13,6,1,4,maspin-nm,1
big,g08,13,6,1,8,upo-ti,1
big,g08,13,10,2,3,kapi-niu,0
big,g08,13,10,2,5,kapi-eto,0
big,g08,13,10,2,6,kapi-hogiks,1
big,g08,13,10,2,7,kapi-witokas,0
big,g08,13,21,3,1,popoko-hk,0
big,g08,13,21,3,2,popo-miteks,0
big,g08,13,21,3,4,popo-k,1
big,g08,13,21,3,8,popo-e,1
big,g08,13,7,1,3,maspino,1
big,g08,13,7,1,5,skoop-eto,1
big,g08,13,7,1,6,mangin-hogis,1
big,g08,13,7,1,7,maspin,1
big,g08,13,27,4,1,huf-few,1
big,g08,13,27,4,2,huf-hogiks,0
big,g08,13,27,4,4,sip-we,0
big,g08,13,27,4,8,spat-uto,0
big,g08,13,1,1,3,maspino-p,0
big,g08,13,1,1,5,skoop-seto,0
big,g08,13,1,1,6,mangin-netee,0
big,g08,13,1,1,7,maspin-king,0
big,g08,13,2,1,1,mangin-n,1
big,g08,13,2,1,2,maspin-ne,0
big,g08,13,2,1,4,maspin-tgn,1
big,g08,13,2,1,8,skoop-no,1
big,g08,13,23,4,3,huf-hogiks,1
big,g08,13,23,4,5,huf-e,1
big,g08,13,23,4,6,huk-k,1
big,g08,13,23,4,7,huksipwitm,0
big,g08,13,11,2,1,haksi-hm,0
big,g08,13,11,2,2,kipaw-eks,1
big,g08,13,11,2,4,popo-nm,0
big,g08,13,11,2,8,kapi-eno,1
big,g08,13,4,1,3,maspino-steep,0
big,g08,13,4,1,5,skoop-eno,1
big,g08,13,4,1,6,mangin-netee,0
big,g08,13,4,1,7,maspin-steep,0
big,g08,13,19,3,1,popoko-few,1
big,g08,13,19,3,2,kono,0
big,g08,13,19,3,4,popo-we,1
big,g08,13,19,3,8,popo-uto,1
big,g08,13,20,3,3,popo-kaka,1
big,g08,13,20,3,5,popo-uno,1
big,g08,13,20,3,6,popoko-sew,0
big,g08,13,20,3,7,popo-wikas,0
big,g08,13,17,3,1,popoko-hm,1
big,g08,13,17,3,2,popo-w,1
big,g08,13,17,3,4,popo-nm,0
big,g08,13,17,3,8,popo-eno,1
big,g08,13,24,4,3,hufw-eks,0
big,g08,13,24,4,5,huf-umi,1
big,g08,13,24,4,6,h-huk,1
big,g08,13,24,4,7,hukstip,1
big,g08,13,5,1,1,maspino-hiop,1
big,g08,13,5,1,2,skoop,1
big,g08,13,5,1,4,maspin-po,0
big,g08,13,5,1,8,upo-eno,0
big,g08,13,3,1,3,kono-weg,0
big,g08,13,3,1,5,skoop-mito,1
big,g08,13,3,1,6,maspin-nn,0
big,g08,13,3,1,7,maspin-kingo,0
big,g08,13,12,2,1,kamsi-op,1
big,g08,13,12,2,2,kapiw-hogeks,1
big,g08,13,12,2,4,kapi-po,0
big,g08,13,12,2,8,kapi-eto,1
big,g08,13,9,2,3,kapi,1
big,g08,13,9,2,5,kapi-mino,0
big,g08,13,9,2,6,kamsi-netee,0
big,g08,13,9,2,7,kapi-ste,0
big,g08,13,14,2,1,kamsi-netee,1
big,g08,13,14,2,2,kapiw-hogiks,1
big,g08,13,14,2,4,kapi-we,1
big,g08,13,14,2,8,kapi-uto,1
big,g08,14,16,3,1,popoko-op,1
big,g08,14,16,3,2,popo-hogeks,1
big,g08,14,16,3,3,popo-ets,1
big,g08,14,16,3,6,kono-hogiks,1
big,g08,14,1,1,4,maspin-es,1
big,g08,14,1,1,5,skoop-uno,1
big,g08,14,1,1,7,maspin-kingo,1
big,g08,14,1,1,8,pnoepo-uno,0
big,g08,14,19,3,1,popoko-ftsew,0
big,g08,14,19,3,2,popow-no,1
big,g08,14,19,3,3,popo-wets,1
big,g08,14,19,3,6,konohog-iks,1
big,g08,14,23,4,4,sip-k,0
big,g08,14,23,4,5,huf-e,1
big,g08,14,23,4,7,huksip-witm,0
big,g08,14,23,4,8,spat-e,1
big,g08,14,20,3,1,popoko-tfs,1
big,g08,14,20,3,2,popo-iksne,1
big,g08,14,20,3,3,popo-awets,1
big,g08,14,20,3,6,kono-netee,1
big,g08,14,21,3,4,kono-k,1
big,g08,14,21,3,5,popo-e,1
big,g08,14,21,3,7,popoko-kas,1
big,g08,14,21,3,8,popo-e,1
big,g08,14,22,4,1,huf-kop,0
big,g08,14,22,4,2,sip,0
big,g08,14,22,4,3,huf-a,1
big,g08,14,22,4,6,huk-hogik,1
big,g08,14,11,2,4,kapi-mk,1
big,g08,14,11,2,5,kapi-eno,0
big,g08,14,11,2,7,kapi-witon,1
big,g08,14,11,2,8,kapi-eno,1
big,g08,14,17,3,1,pooko-hm,1
big,g08,14,17,3,2,popo,1
big,g08,14,17,3,3,popo-wiets,0
big,g08,14,17,3,6,kono-mk,1
big,g08,14,24,4,4,huk-sa,0
big,g08,14,24,4,5,huf-a,0
big,g08,14,24,4,7,huksip-stipo,1
big,g08,14,24,4,8,spat-u,1
big,g08,14,3,1,1,maspin-t,1
big,g08,14,3,1,2,maspin-hog,1
big,g08,14,3,1,3,maspino-g,0
big,g08,14,3,1,6,mangin-hogiks,1
big,g08,14,27,4,4,huk-we,0
big,g08,14,27,4,5,huf-ato,1
big,g08,14,27,4,7,huksip-stipon,0
big,g08,14,27,4,8,spat-ihog,1
big,g08,14,4,1,1,maspin-hm,0
big,g08,14,4,1,2,maspin-no,0
big,g08,14,4,1,3,maspino-kaput,0
big,g08,14,4,1,6,magin-mk,1
big,g08,14,2,1,4,maskin-uhn,0
big,g08,14,2,1,5,skoop-no,1
big,g08,14,2,1,7,mastipon-king,1
big,g08,14,2,1,8,pnokkie-no,0
big,g08,14,7,1,1,maspino-ftse,1
big,g08,14,7,1,2,maspin,0
big,g08,14,7,1,3,skoop-uno,1
big,g08,14,7,1,6,maskinhog-iks,1
big,g08,14,28,4,4,huk-es,0
big,g08,14,28,4,5,huf-ano,1
big,g08,14,28,4,7,huk,0
big,g08,14,28,4,8,spat-ino,0
big,g08,14,6,1,1,maspin-himk,1
big,g08,14,6,1,2,maspin-ne,1
big,g08,14,6,1,3,maspino-wist,0
big,g08,14,6,1,6,magin-mk,0
big,g08,14,12,2,4,kapi-po,1
big,g08,14,12,2,5,kapi-eto,0
big,g08,14,12,2,7,kapi-witmi,1
big,g08,14,12,2,8,kapi-eto,1
big,g08,14,14,2,1,kapi-ftse,1
big,g08,14,14,2,2,kapi-ito,1
big,g08,14,14,2,3,kapi-neto,0
big,g08,14,14,2,6,kapihog-iks,1
big,g08,14,10,2,4,kapi-hogiks,1
big,g08,14,10,2,5,kapi-ato,1
big,g08,14,10,2,7,kapi-wiokas,1
big,g08,14,10,2,8,kapi-ito,1
big,g08,14,9,2,1,kapi-n,1
big,g08,14,9,2,2,kapi,1
big,g08,14,9,2,3,kapi,1
big,g08,14,9,2,6,kapi-netee,1
big,g08,14,5,1,4,maspin-po,1
big,g08,14,5,1,5,skoop-eto,0
big,g08,14,5,1,7,maspin-steepo,1
big,g08,14,5,1,8,pnokkie-ito,0
big,g08,14,25,4,1,hug-mk,0
big,g08,14,25,4,2,hufe-w,0
big,g08,14,25,4,3,huf-awest,1
big,g08,14,25,4,6,hukki,0
big,g09,1,4,1,1,miska,0
big,g09,1,4,1,3,pokas,0
big,g09,1,4,1,5,fuhg,0
big,g09,1,4,1,7,fuh,0
big,g09,1,25,4,2,kawk,0
big,g09,1,25,4,4,tigat,0
big,g09,1,25,4,6,pokas,0
big,g09,1,25,4,8,puo,0
big,g09,1,16,3,1,kawk,0
big,g09,1,16,3,3,huip,1
big,g09,1,16,3,5,fas,0
big,g09,1,16,3,7,kiup,0
big,g09,1,8,2,2,hiwe,0
big,g09,1,8,2,4,kufw,0
big,g09,1,8,2,6,fas,0
big,g09,1,8,2,8,nup,0
big,g09,1,11,2,1,hawe,0
big,g09,1,11,2,3,kufww,0
big,g09,1,11,2,5,fasn,0
big,g09,1,11,2,7,fas,1
big,g09,1,2,1,2,mnwe,0
big,g09,1,2,1,4,kifa,1
big,g09,1,2,1,6,kifa,0
big,g09,1,2,1,8,tupi,0
big,g09,1,24,4,1,tikam,0
big,g09,1,24,4,3,piku,0
big,g09,1,24,4,5,tiu,0
big,g09,1,24,4,7,miun,0
big,g09,1,28,4,2,tma,1
big,g09,1,28,4,4,piku,0
big,g09,1,28,4,6,tiu,0
big,g09,1,28,4,8,nium,0
big,g09,1,8,2,1,hawe,1
big,g09,1,8,2,3,fasw,0
big,g09,1,8,2,5,fas,0
big,g09,1,8,2,7,fuh,0
big,g09,1,11,2,2,nawe,1
big,g09,1,11,2,4,topas,0
big,g09,1,11,2,6,fasn,1
big,g09,1,11,2,8,tag,0
big,g09,1,28,4,1,kti,1
big,g09,1,28,4,3,fikaw,0
big,g09,1,28,4,5,pokasn,0
big,g09,1,28,4,7,pokas,0
big,g09,1,16,3,2,hika,1
big,g09,1,16,3,4,piuh,0
big,g09,1,16,3,6,hiup,0
big,g09,1,16,3,8,piuk,1
big,g09,1,2,1,1,weku,1
big,g09,1,2,1,3,fasw,0
big,g09,1,2,1,5,mseo,0
big,g09,1,2,1,7,miun,0
big,g09,1,24,4,2,hnop,0
big,g09,1,24,4,4,piku,0
big,g09,1,24,4,6,tigat,1
big,g09,1,24,4,8,gium,0
big,g09,1,25,4,1,hwop,0
big,g09,1,25,4,3,pikuw,0
big,g09,1,25,4,5,tigato,0
big,g09,1,25,4,7,miun,0
big,g09,1,4,1,2,upew,1
big,g09,1,4,1,4,fuh,0
big,g09,1,4,1,6,kifa,0
big,g09,1,4,1,8,fup,0
big,g09,1,24,4,1,hwop,0
big,g09,1,24,4,3,pokasw,0
big,g09,1,24,4,5,pokas,0
big,g09,1,24,4,7,pout,0
big,g09,1,2,1,2,hwes,0
big,g09,1,2,1,4,kifa,0
big,g09,1,2,1,6,pokas,0
big,g09,1,2,1,8,twe,0
big,g09,1,16,3,1,huka,0
big,g09,1,16,3,3,hiup,1
big,g09,1,16,3,5,hiu,0
big,g09,1,16,3,7,kiup,0
big,g09,1,11,2,2,hnas,0
big,g09,1,11,2,4,pokas,0
big,g09,1,11,2,6,fasn,1
big,g09,1,11,2,8,pag,0
big,g09,1,8,2,1,hkas,0
big,g09,1,8,2,3,pokasw,0
big,g09,1,8,2,5,faso,1
big,g09,1,8,2,7,kufw,0
big,g09,1,25,4,2,puiw,0
big,g09,1,25,4,4,tigat,1
big,g09,1,25,4,6,pokas,0
big,g09,1,25,4,8,pout,0
big,g09,1,28,4,1,pouw,0
big,g09,1,28,4,3,tigatw,0
big,g09,1,28,4,5,pokato,0
big,g09,1,28,4,7,pokas,1
big,g09,2,2,1,2,hhf,0
big,g09,2,2,1,4,kifa,0
big,g09,2,2,1,6,kifa,0
big,g09,2,2,1,8,fan,0
big,g09,2,24,4,1,hopi,0
big,g09,2,24,4,3,tifat,0
big,g09,2,24,4,5,pokatn,0
big,g09,2,24,4,7,kote,0
big,g09,2,11,2,2,kotw,0
big,g09,2,11,2,4,pokas,0
big,g09,2,11,2,6,fas,1
big,g09,2,11,2,8,pag,0
big,g09,2,13,2,1,pah-upe,0
big,g09,2,13,2,3,fasw,1
big,g09,2,13,2,5,fash,0
big,g09,2,13,2,7,pok-tui,0
big,g09,2,28,4,2,kpwa,0
big,g09,2,28,4,4,tokas,0
big,g09,2,28,4,6,tigat,0
big,g09,2,28,4,8,gia,0
big,g09,2,15,3,1,nupa,0
big,g09,2,15,3,3,hiup,1
big,g09,2,15,3,5,hiup,0
big,g09,2,15,3,7,kofw,0
big,g09,2,4,1,2,hwte,0
big,g09,2,4,1,4,fuh,0
big,g09,2,4,1,6,kifat,0
big,g09,2,4,1,8,hik-pu,0
big,g09,2,25,4,1,naswa,0
big,g09,2,25,4,3,tigat,0
big,g09,2,25,4,5,pokas,0
big,g09,2,25,4,7,miun,0
big,g09,2,16,3,2,moup,0
big,g09,2,16,3,4,piuh,0
big,g09,2,16,3,6,hiup,1
big,g09,2,16,3,8,pua,0
big,g09,2,8,2,1,hame,0
big,g09,2,8,2,3,fasw,1
big,g09,2,8,2,5,fas,0
big,g09,2,8,2,7,fas,1
big,g09,2,6,1,2,pouw,0
big,g09,2,6,1,4,fasw,0
big,g09,2,6,1,6,kifa,0
big,g09,2,6,1,8,hama,1
big,g09,2,28,4,1,kowat,0
big,g09,2,28,4,3,tigat,1
big,g09,2,28,4,5,pokaso,0
big,g09,2,28,4,7,pokas,0
big,g09,2,24,4,2,pokue,0
big,g09,2,24,4,4,pokasw,0
big,g09,2,24,4,6,tiga,1
big,g09,2,24,4,8,mowa,0
big,g09,2,6,1,1,mutu,0
big,g09,2,6,1,3,fika,0
big,g09,2,6,1,5,faso,1
big,g09,2,6,1,7,pouw,0
big,g09,2,15,3,2,wef,0
big,g09,2,15,3,4,huipo,1
big,g09,2,15,3,6,fika,0
big,g09,2,15,3,8,kupa,1
big,g09,2,4,1,1,weku,0
big,g09,2,4,1,3,fikaw,0
big,g09,2,4,1,5,fuh,1
big,g09,2,4,1,7,topiw,1
big,g09,2,13,2,2,pouw,0
big,g09,2,13,2,4,fasw,1
big,g09,2,13,2,6,fask,0
big,g09,2,13,2,8,tipa,0
big,g09,2,16,3,1,kupa-tek,0
big,g09,2,16,3,3,hiup,0
big,g09,2,16,3,5,hiup,1
big,g09,2,16,3,7,piuk,0
big,g09,2,25,4,2,piewa,0
big,g09,2,25,4,4,pokaso,1
big,g09,2,25,4,6,pokas,0
big,g09,2,25,4,8,motup,0
big,g09,2,2,1,1,mata,0
big,g09,2,2,1,3,pokas,0
big,g09,2,2,1,5,fuho,1
big,g09,2,2,1,7,pok-tui,1
big,g09,2,8,2,2,poue,0
big,g09,2,8,2,4,fuhw,0
big,g09,2,8,2,6,faso,0
big,g09,2,8,2,8,pag,0
big,g09,2,11,2,1,peg,1
big,g09,2,11,2,3,fasoo,1
big,g09,2,11,2,5,fas,0
big,g09,2,11,2,7,fuh,0
big,g09,2,13,2,2,fot,0
big,g09,2,13,2,4,fasw,1
big,g09,2,13,2,6,fase,0
big,g09,2,13,2,8,pug,1
big,g09,3,28,4,1,huku-po,0
big,g09,3,28,4,3,pokas,0
big,g09,3,28,4,5,pokas,0
big,g09,3,28,4,7,pokas,1
big,g09,3,6,1,2,hte-tui,0
big,g09,3,6,1,4,faso,0
big,g09,3,6,1,6,kifa,0
big,g09,3,6,1,8,tif,0
big,g09,3,25,4,1,huku-nu,1
big,g09,3,25,4,3,pokas-wo,0
big,g09,3,25,4,5,pokato,0
big,g09,3,25,4,7,miun,0
big,g09,3,11,2,2,mnwe,0
big,g09,3,11,2,4,fas-po,0
big,g09,3,11,2,6,fas,1
big,g09,3,11,2,8,pag,0
big,g09,3,26,4,1,huku-po,0
big,g09,3,26,4,3,pokas,1
big,g09,3,26,4,5,fasu,0
big,g09,3,26,4,7,meft-sag,1
big,g09,3,2,1,2,pow-tui,0
big,g09,3,2,1,4,fas-nu,0
big,g09,3,2,1,6,kifa,0
big,g09,3,2,1,8,tig,0
big,g09,3,1,1,1,fas-mo,1
big,g09,3,1,1,3,tig-wi,1
big,g09,3,1,1,5,otui,0
big,g09,3,1,1,7,wekku-tun,0
big,g09,3,7,1,2,oi-tui,1
big,g09,3,7,1,4,fas-pu,0
big,g09,3,7,1,6,kifu,0
big,g09,3,7,1,8,tig-no,0
big,g09,3,13,2,1,moko-te,1
big,g09,3,13,2,3,kifa-wi,0
big,g09,3,13,2,5,fas,0
big,g09,3,13,2,7,unnip,1
big,g09,3,24,4,2,pokas,1
big,g09,3,24,4,4,huku-pu,0
big,g09,3,24,4,6,poku,0
big,g09,3,24,4,8,pokas-ti,0
big,g09,3,15,3,1,haka-ko,0
big,g09,3,15,3,3,hiup-ne,1
big,g09,3,15,3,5,hiup,0
big,g09,3,15,3,7,kiup-tew,0
big,g09,3,26,4,2,poka,1
big,g09,3,26,4,4,huku-wu,0
big,g09,3,26,4,6,poki,0
big,g09,3,26,4,8,pokas-won,1
big,g09,3,8,2,1,mew-pu,0
big,g09,3,8,2,3,tifat-wi,0
big,g09,3,8,2,5,faso,1
big,g09,3,8,2,7,kufw,0
big,g09,3,4,1,2,hgt,0
big,g09,3,4,1,4,fas-po,1
big,g09,3,4,1,6,kufi,0
big,g09,3,4,1,8,tifat-pu,0
big,g09,3,2,1,1,fas-tu,0
big,g09,3,2,1,3,tifat-sti,0
big,g09,3,2,1,5,hgto,0
big,g09,3,2,1,7,pouw,0
big,g09,3,25,4,2,pokas,0
big,g09,3,25,4,4,huku-tu,0
big,g09,3,25,4,6,pokai,0
big,g09,3,25,4,8,pokas-pu,0
big,g09,3,26,4,1,huku-pa,1
big,g09,3,26,4,3,pokas,0
big,g09,3,26,4,5,pokaso,1
big,g09,3,26,4,7,pokas-kipton,0
big,g09,3,8,2,2,fash,1
big,g09,3,8,2,4,moko-ku,0
big,g09,3,8,2,6,fasi,0
big,g09,3,8,2,8,pag-pu,0
big,g09,3,4,1,1,fas-po,0
big,g09,3,4,1,3,fas-wo,0
big,g09,3,4,1,5,hgto,1
big,g09,3,4,1,7,poku,0
big,g09,3,1,1,2,hgti,0
big,g09,3,1,1,4,fas-pu,1
big,g09,3,1,1,6,kifi,1
big,g09,3,1,1,8,fas-we,1
big,g09,3,7,1,1,fas-pu,0
big,g09,3,7,1,3,fas-sti,0
big,g09,3,7,1,5,hgtoi,0
big,g09,3,7,1,7,kifi-ifik,0
big,g09,3,13,2,2,fasi,1
big,g09,3,13,2,4,moko-pa,1
big,g09,3,13,2,6,faso,0
big,g09,3,13,2,8,pag-te,1
big,g09,3,24,4,1,wuku-pa,1
big,g09,3,24,4,3,pokas-wi,0
big,g09,3,24,4,5,pokato,0
big,g09,3,24,4,7,pokas-tefg,0
big,g09,4,6,1,2,hgto,0
big,g09,4,6,1,3,pokas-wi,1
big,g09,4,6,1,5,hgto,0
big,g09,4,6,1,6,kifa,0
big,g09,4,15,3,1,kawa-ku,0
big,g09,4,15,3,4,haka-to,0
big,g09,4,15,3,7,piuk-hasa,0
big,g09,4,15,3,8,hiup-pu,0
big,g09,4,4,1,2,hgto,0
big,g09,4,4,1,3,pokas-se,1
big,g09,4,4,1,5,hgtw,0
big,g09,4,4,1,6,kifi,0
big,g09,4,1,1,1,pokas-ti,0
big,g09,4,1,1,4,hgta,0
big,g09,4,1,1,7,hgtf,1
big,g09,4,1,1,8,kifi-eft,1
big,g09,4,10,2,2,faso,0
big,g09,4,10,2,3,fas,0
big,g09,4,10,2,5,fas,0
big,g09,4,10,2,6,fasu,0
big,g09,4,28,4,1,tiki-mu,0
big,g09,4,28,4,4,huki,0
big,g09,4,28,4,7,pokas,0
big,g09,4,28,4,8,pokas-unw,0
big,g09,4,16,3,2,huti,0
big,g09,4,16,3,3,hiup-wo,0
big,g09,4,16,3,5,piuk-hasa,0
big,g09,4,16,3,6,hiup,0
big,g09,4,7,1,1,pokas-se,1
big,g09,4,7,1,4,fasi,0
big,g09,4,7,1,7,hgtm,1
big,g09,4,7,1,8,kiup-own,0
big,g09,4,2,1,2,faso,0
big,g09,4,2,1,3,pokas-sti,1
big,g09,4,2,1,5,htgo,0
big,g09,4,2,1,6,kifiui,1
big,g09,4,26,4,1,waka-to,0
big,g09,4,26,4,4,huke,0
big,g09,4,26,4,7,pokas-n,1
big,g09,4,26,4,8,pokas-own,0
big,g09,4,24,4,2,pokas,1
big,g09,4,24,4,3,waka-fie,0
big,g09,4,24,4,5,pokasoi,0
big,g09,4,24,4,6,pokaso,1
big,g09,4,14,2,1,fas-mo,0
big,g09,4,14,2,4,hgto,1
big,g09,4,14,2,7,fas,0
big,g09,4,14,2,8,pag-tehts,0
big,g09,4,17,3,2,hika,0
big,g09,4,17,3,3,hiup-fi,0
big,g09,4,17,3,5,piuk-hasa,0
big,g09,4,17,3,6,hiupuu,0
big,g09,4,11,2,1,fas-fo,0
big,g09,4,11,2,4,hgto,1
big,g09,4,11,2,7,fas,1
big,g09,4,11,2,8,pag-own,1
big,g09,4,25,4,2,pokah,0
big,g09,4,25,4,3,tigat-se,1
big,g09,4,25,4,5,pokaso,1
big,g09,4,25,4,6,pokia,0
big,g09,4,8,2,1,fas-so,0
big,g09,4,8,2,4,hgti,1
big,g09,4,8,2,7,kufw,0
big,g09,4,8,2,8,pag-pu,0
big,g09,4,13,2,2,hgts,0
big,g09,4,13,2,3,fas-wo,0
big,g09,4,13,2,5,faso,0
big,g09,4,13,2,6,pag-gi,0
big,g09,4,10,2,1,fas-ki,0
big,g09,4,10,2,4,hgtsw,0
big,g09,4,10,2,7,fas-e,1
big,g09,4,10,2,8,pag-in,0
big,g09,4,4,1,2,huks,0
big,g09,4,4,1,3,pokas-se,0
big,g09,4,4,1,5,hgto,0
big,g09,4,4,1,6,kifi-gi,0
big,g09,4,6,1,1,pokas-ko,1
big,g09,4,6,1,4,faso,1
big,g09,4,6,1,7,hgtw,0
big,g09,4,6,1,8,kifi-tef,1
big,g09,4,14,2,2,fasos,0
big,g09,4,14,2,3,fas-ko,1
big,g09,4,14,2,5,faso,0
big,g09,4,14,2,6,hiup-hu,1
big,g09,4,17,3,1,hiup-mo,1
big,g09,4,17,3,4,hutos,0
big,g09,4,17,3,7,kiup-mut,1
big,g09,4,17,3,8,hip-ku,0
big,g09,4,15,3,2,hutn,1
big,g09,4,15,3,3,hiup-se,1
big,g09,4,15,3,5,kiup-o,1
big,g09,4,15,3,6,hip-ki,0
big,g09,5,1,1,1,pokas-ka,0
big,g09,5,1,1,2,hatsw,0
big,g09,5,1,1,4,fas-wo,0
big,g09,5,1,1,7,fgtu,0
big,g09,5,23,4,3,tigat,0
big,g09,5,23,4,5,hgto,0
big,g09,5,23,4,6,pokaw,0
big,g09,5,23,4,8,pokas-pu,0
big,g09,5,25,4,1,hgto-tu,1
big,g09,5,25,4,2,pokno,0
big,g09,5,25,4,4,pokas-po,0
big,g09,5,25,4,7,pokas-tugp,0
big,g09,5,2,1,3,fas-wi,0
big,g09,5,2,1,5,pokaso,1
big,g09,5,2,1,6,pokno,0
big,g09,5,2,1,8,mium-up,0
big,g09,5,3,1,1,pokas-mu,0
big,g09,5,3,1,2,haksw,0
big,g09,5,3,1,4,mium-sw,1
big,g09,5,3,1,7,fgtw,0
big,g09,5,21,3,3,hiup-gn,1
big,g09,5,21,3,5,hiu,0
big,g09,5,21,3,6,hiupu,1
big,g09,5,21,3,8,hiup-own,0
big,g09,5,4,1,1,pokas-gu,1
big,g09,5,4,1,2,hakas,0
big,g09,5,4,1,4,mium-po,0
big,g09,5,4,1,7,fgte,0
big,g09,5,24,4,3,tigat-wo,0
big,g09,5,24,4,5,hgt-oi,0
big,g09,5,24,4,6,pokau,1
big,g09,5,24,4,8,pokas-i,0
big,g09,5,13,2,1,kiwe-ka,0
big,g09,5,13,2,2,htow,0
big,g09,5,13,2,4,hiku-we,0
big,g09,5,13,2,7,fas-poiu,1
big,g09,5,14,2,3,fas-eg,0
big,g09,5,14,2,5,fas,0
big,g09,5,14,2,6,fasuu,0
big,g09,5,14,2,8,pag-ke,1
big,g09,5,23,4,1,htgo-mu,0
big,g09,5,23,4,2,pokasw,1
big,g09,5,23,4,4,pokas-uw,1
big,g09,5,23,4,7,pokas-tfg,1
big,g09,5,17,3,3,hiup-tgn,0
big,g09,5,17,3,5,kiup-o,0
big,g09,5,17,3,6,hiupuw,1
big,g09,5,17,3,8,hiup-iu,0
big,g09,5,7,1,1,pokas-ko,1
big,g09,5,7,1,2,haksw,0
big,g09,5,7,1,4,poiu,0
big,g09,5,7,1,7,fgtu,0
big,g09,5,6,1,3,tgfu-wo,0
big,g09,5,6,1,5,pokas-o,1
big,g09,5,6,1,6,haksawo,0
big,g09,5,6,1,8,poi-e,0
big,g09,5,8,2,1,fas-ku,0
big,g09,5,8,2,2,hnto,0
big,g09,5,8,2,4,pag-uw,1
big,g09,5,8,2,7,kufw,0
big,g09,5,11,2,3,kuf-tgn,0
big,g09,5,11,2,5,fas-o,1
big,g09,5,11,2,6,fasuu,1
big,g09,5,11,2,8,pag-ewe,0
big,g09,5,16,3,1,hiup-mu,0
big,g09,5,16,3,2,hakw,0
big,g09,5,16,3,4,piuh-w,0
big,g09,5,16,3,7,kiup,1
big,g09,5,10,2,3,fas-ki,1
big,g09,5,10,2,5,fas-i,0
big,g09,5,10,2,6,fasu,0
big,g09,5,10,2,8,pag-io,1
big,g09,5,15,3,1,hiup-e,1
big,g09,5,15,3,2,hwo-tui,0
big,g09,5,15,3,4,hiup-uo,0
big,g09,5,15,3,7,kiup-o,1
big,g09,5,28,4,3,tigat-sti,0
big,g09,5,28,4,5,hgt-o,1
big,g09,5,28,4,6,pokui,1
big,g09,5,28,4,8,pokas-e,1
big,g09,5,26,4,1,hgt-n,0
big,g09,5,26,4,2,pokasu,1
big,g09,5,26,4,4,pokas-m,1
big,g09,5,26,4,7,tigat-ss,0
big,g09,5,3,1,3,pokas-eg,0
big,g09,5,3,1,5,pokas-io,1
big,g09,5,3,1,6,kifaui,1
big,g09,5,3,1,8,wiu-o,0
big,g09,5,21,3,1,hiup-io,1
big,g09,5,21,3,2,kwsp,0
big,g09,5,21,3,4,hiup-mw,1
big,g09,5,21,3,7,kiup-t,1
big,g09,6,15,3,3,hiup-fik,0
big,g09,6,15,3,5,hiup-o,1
big,g09,6,15,3,6,hiupi,0
big,g09,6,15,3,7,kiup-weh,0
big,g09,6,4,1,1,poaas-i,0
big,g09,6,4,1,2,hakn,0
big,g09,6,4,1,4,fas-n,0
big,g09,6,4,1,8,miw-pu,0
big,g09,6,8,2,3,fas-wo,0
big,g09,6,8,2,5,fas-oo,1
big,g09,6,8,2,6,fasi,1
big,g09,6,8,2,7,fas-tu,0
big,g09,6,26,4,1,tgo-m,0
big,g09,6,26,4,2,pokas,0
big,g09,6,26,4,4,pokas-m,1
big,g09,6,26,4,8,pokas-mo,0
big,g09,6,22,4,3,pokas-ste,0
big,g09,6,22,4,5,pokas-o,1
big,g09,6,22,4,6,kifa-m,0
big,g09,6,22,4,7,pokas-t,1
big,g09,6,25,4,1,kifa-i,0
big,g09,6,25,4,2,pokaso,0
big,g09,6,25,4,4,pokas-te,1
big,g09,6,25,4,8,pokas-eo,1
big,g09,6,23,4,3,pokas-we,0
big,g09,6,23,4,5,pokas-uo,1
big,g09,6,23,4,6,kifa-t,0
big,g09,6,23,4,7,pokas-ff,0
big,g09,6,17,3,1,hiup-o,0
big,g09,6,17,3,2,kif-os,0
big,g09,6,17,3,4,huip-me,1
big,g09,6,17,3,8,hiup-eon,1
big,g09,6,3,1,3,pokas-tgn,0
big,g09,6,3,1,5,hgt-o,0
big,g09,6,3,1,6,poka-u,1
big,g09,6,3,1,7,fas-t,0
big,g09,6,11,2,1,fas-o,1
big,g09,6,11,2,2,fasu-s,0
big,g09,6,11,2,4,pag-me,0
big,g09,6,11,2,8,fas-om,0
big,g09,6,14,2,3,fasu-e,0
big,g09,6,14,2,5,fas-op,0
big,g09,6,14,2,6,fasoo,1
big,g09,6,14,2,7,fas-o,1
big,g09,6,6,1,1,pokak,1
big,g09,6,6,1,2,hako,0
big,g09,6,6,1,4,pag-o,0
big,g09,6,6,1,8,kia-em,1
big,g09,6,7,1,3,hako-we,0
big,g09,6,7,1,5,kia-oo,1
big,g09,6,7,1,6,poku,1
big,g09,6,7,1,7,pag-n,0
big,g09,6,1,1,1,pokas-w,0
big,g09,6,1,1,2,hako-w,0
big,g09,6,1,1,4,pag-ow,0
big,g09,6,1,1,8,kia-eup,0
big,g09,6,9,2,3,hako-uu,0
big,g09,6,9,2,5,fas-oop,0
big,g09,6,9,2,6,fasa-w,0
big,g09,6,9,2,7,fas-e,1
big,g09,6,28,4,1,kifa-o,0
big,g09,6,28,4,2,pokus-es,0
big,g09,6,28,4,4,pokas-me,1
big,g09,6,28,4,8,pokas-ion,1
big,g09,6,21,3,3,hiup-wo,0
big,g09,6,21,3,5,hiup-o,1
big,g09,6,21,3,6,hiup-u,1
big,g09,6,21,3,7,kiup-g,1
big,g09,6,13,2,1,fas-h,1
big,g09,6,13,2,2,hiup-w,0
big,g09,6,13,2,4,fas-w,1
big,g09,6,13,2,8,fas-im,0
big,g09,6,2,1,3,fase-uu,0
big,g09,6,2,1,5,kia-oo,0
big,g09,6,2,1,6,poka-w,0
big,g09,6,2,1,7,pag-s,0
big,g09,6,10,2,1,fas-u,0
big,g09,6,10,2,2,fas-sw,0
big,g09,6,10,2,4,fas-mw,1
big,g09,6,10,2,8,fas-ion,0
big,g09,6,16,3,3,hiup-wo,1
big,g09,6,16,3,5,hiup-t,0
big,g09,6,16,3,6,hiup,0
big,g09,6,16,3,7,kiup,1
big,g09,6,24,4,1,kifa-u,0
big,g09,6,24,4,2,pokas-sw,0
big,g09,6,24,4,4,pokas-me,0
big,g09,6,24,4,8,pokas-inko,1
big,g09,6,5,1,3,fas-eg,0
big,g09,6,5,1,5,kia-oi,0
big,g09,6,5,1,6,poka-u,1
big,g09,6,5,1,7,pag,1
big,g09,7,14,2,4,fas-me,0
big,g09,7,14,2,5,fas-o,0
big,g09,7,14,2,7,fas,0
big,g09,7,14,2,8,fas-ino,1
big,g09,7,5,1,1,pokas-k,0
big,g09,7,5,1,2,hakus,1
big,g09,7,5,1,3,pokas-ste,0
big,g09,7,5,1,6,kifa-u,0
big,g09,7,23,4,4,pokas-nw,0
big,g09,7,23,4,5,hgt-o,1
big,g09,7,23,4,7,pokas-hu,0
big,g09,7,23,4,8,pokas-inko,1
big,g09,7,28,4,1,gto-k,0
big,g09,7,28,4,2,pokas-fos,0
big,g09,7,28,4,3,hgt-sti,1
big,g09,7,28,4,6,pokas-nw,1
big,g09,7,15,3,4,huip-pu,1
big,g09,7,15,3,5,hiup-o,0
big,g09,7,15,3,7,kiup-f,0
big,g09,7,15,3,8,hiup-eo,1
big,g09,7,1,1,1,pokas-u,0
big,g09,7,1,1,2,hakw,0
big,g09,7,1,1,3,fas-o,0
big,g09,7,1,1,6,kifa-wn,1
big,g09,7,17,3,4,huip-em,0
big,g09,7,17,3,5,hiup-oo,0
big,g09,7,17,3,7,kiup-e,1
big,g09,7,17,3,8,hiup-eon,0
big,g09,7,22,4,1,pokas-i,0
big,g09,7,22,4,2,pokasu-s,0
big,g09,7,22,4,3,tigat-uu,0
big,g09,7,22,4,6,pokas-ow,0
big,g09,7,4,1,4,kifa-ow,1
big,g09,7,4,1,5,pokas-o,1
big,g09,7,4,1,7,tgf-e,0
big,g09,7,4,1,8,kia-upm,0
big,g09,7,2,1,1,pokas-o,0
big,g09,7,2,1,2,kia-o,0
big,g09,7,2,1,3,pokas-akn,0
big,g09,7,2,1,6,kifa-own,1
big,g09,7,11,2,4,fas-em,1
big,g09,7,11,2,5,fas-gh,0
big,g09,7,11,2,7,fas,0
big,g09,7,11,2,8,fas-mion,0
big,g09,7,9,2,1,fas-o,1
big,g09,7,9,2,2,fas-no,0
big,g09,7,9,2,3,fas-eh,0
big,g09,7,9,2,6,fas-own,0
big,g09,7,25,4,4,pokas-own,1
big,g09,7,25,4,5,pikat-ou,1
big,g09,7,25,4,7,pokas-u,0
big,g09,7,25,4,8,pokas-upe,0
big,g09,7,26,4,1,tgho-hk,0
big,g09,7,26,4,2,pokan,1
big,g09,7,26,4,3,pikat-kup,0
big,g09,7,26,4,6,pokas-owt,1
big,g09,7,13,2,4,fas-w,0
big,g09,7,13,2,5,fas-ea,0
big,g09,7,13,2,7,fas-p,0
big,g09,7,13,2,8,fas-inkm,1
big,g09,7,21,3,1,hiup-h,1
big,g09,7,21,3,2,haku,0
big,g09,7,21,3,3,hiup-wo,1
big,g09,7,21,3,6,hiup-u,1
big,g09,7,6,1,4,kifa-e,1
big,g09,7,6,1,5,pokas-oo,0
big,g09,7,6,1,7,tfg-i,0
big,g09,7,6,1,8,kia-etsmi,1
big,g09,7,16,3,1,hiup-h,1
big,g09,7,16,3,2,htow,0
big,g09,7,16,3,3,hiup-wog,0
big,g09,7,16,3,6,hiup-e,1
big,g09,7,10,2,4,fas-wm,1
big,g09,7,10,2,5,fas-wa,1
big,g09,7,10,2,7,fas-m,0
big,g09,7,10,2,8,pas-inkso,0
big,g09,7,24,4,1,tgf-n,1
big,g09,7,24,4,2,potassw,1
big,g09,7,24,4,3,tigat-ke,1
big,g09,7,24,4,6,pokas-wm,1
big,g09,7,8,2,4,fas-oww,0
big,g09,7,8,2,5,fas-ku,1
big,g09,7,8,2,7,fas-k,1
big,g09,7,8,2,8,fas-upmi,0
big,g09,7,7,1,1,opokas-n,0
big,g09,7,7,1,2,kia-hak-sw,1
big,g09,7,7,1,3,pokas-to,0
big,g09,7,7,1,6,kifa-wm,1
big,g09,7,3,1,4,kifa-wm,1
big,g09,7,3,1,5,pokas-wo,0
big,g09,7,3,1,7,pokas-e,1
big,g09,7,3,1,8,kia-sw,1
big,g09,8,4,1,2,hakn,0
big,g09,8,4,1,4,kifa-o,1
big,g09,8,4,1,6,kifa-i,0
big,g09,8,4,1,8,kia-nm,0
big,g09,8,10,2,1,fas-h,0
big,g09,8,10,2,3,tigat-wn,0
big,g09,8,10,2,5,fas-oi,0
big,g09,8,10,2,7,fas-t,0
big,g09,8,22,4,2,pokasw,0
big,g09,8,22,4,4,pokas-o,0
big,g09,8,22,4,6,pokas-i,0
big,g09,8,22,4,8,pokas-nm,0
big,g09,8,26,4,1,pokas-k,0
big,g09,8,26,4,3,pokas-wn,0
big,g09,8,26,4,5,pokas-ii,1
big,g09,8,26,4,7,pokas-k,1
big,g09,8,15,3,2,kian-ne,1
big,g09,8,15,3,4,huip-oe,0
big,g09,8,15,3,6,moka-ai,1
big,g09,8,15,3,8,hiup-no,0
big,g09,8,6,1,1,kifas-k,0
big,g09,8,6,1,3,fas-eg,0
big,g09,8,6,1,5,kifa-oo,1
big,g09,8,6,1,7,kia-e,1
big,g09,8,7,1,2,kifas-s,1
big,g09,8,7,1,4,kifa-wm,0
big,g09,8,7,1,6,kifa-ui,1
big,g09,8,7,1,8,kia-sw,1
big,g09,8,5,1,1,kifas-m,1
big,g09,8,5,1,3,pokas-ste,1
big,g09,8,5,1,5,kifa-wa,0
big,g09,8,5,1,7,kia-ew,0
big,g09,8,8,2,2,fata-n,0
big,g09,8,8,2,4,fas-ow,1
big,g09,8,8,2,6,fas-wo,0
big,g09,8,8,2,8,hiup-wn,1
big,g09,8,2,1,1,kifas-k,1
big,g09,8,2,1,3,pokas-akn,0
big,g09,8,2,1,5,kifa-oo,0
big,g09,8,2,1,7,kia-ne,1
big,g09,8,16,3,2,kia-w,0
big,g09,8,16,3,4,huip-w,1
big,g09,8,16,3,6,moka-e,1
big,g09,8,16,3,8,hiup-wm,0
big,g09,8,13,2,1,fas-a,0
big,g09,8,13,2,3,fas-w,1
big,g09,8,13,2,5,fas-wa,0
big,g09,8,13,2,7,fas-w,1
big,g09,8,9,2,2,fas-ne,0
big,g09,8,9,2,4,fas-oe,1
big,g09,8,9,2,6,fas-wi,1
big,g09,8,9,2,8,fas-ne,1
big,g09,8,24,4,1,pokas-a,0
big,g09,8,24,4,3,tigat-own,0
big,g09,8,24,4,5,pokas-st,0
big,g09,8,24,4,7,pokas-sw,1
big,g09,8,17,3,2,kia-es,0
big,g09,8,17,3,4,huip-em,0
big,g09,8,17,3,6,hiup-wn,1
big,g09,8,17,3,8,hiup-es,1
big,g09,8,25,4,1,pokas-o,1
big,g09,8,25,4,3,tigat-uu,0
big,g09,8,25,4,5,pokas-oi,1
big,g09,8,25,4,7,pokas-ne,1
big,g09,8,21,3,2,kia-s,1
big,g09,8,21,3,4,huip-wm,0
big,g09,8,21,3,6,hiup-ai,0
big,g09,8,21,3,8,hiup-sw,1
big,g09,8,14,2,1,fas-m,1
big,g09,8,14,2,3,fas-wn,0
big,g09,8,14,2,5,fas-oo,1
big,g09,8,14,2,7,fas-es,1
big,g09,8,23,4,2,pokas-wn,0
big,g09,8,23,4,4,tigat-ow,0
big,g09,8,23,4,6,pokas-tt,0
big,g09,8,23,4,8,pokas-wn,0
big,g09,8,11,2,1,fas-n,1
big,g09,8,11,2,3,fas-akn,0
big,g09,8,11,2,5,fas-ii,1
big,g09,8,11,2,7,fas,1
big,g09,8,28,4,2,pokas-m,1
big,g09,8,28,4,4,tigat-akn,1
big,g09,8,28,4,6,pokas-ii,1
big,g09,8,28,4,8,pokas-es,1
big,g09,8,1,1,1,kifas-w,1
big,g09,8,1,1,3,pokas-wop,1
big,g09,8,1,1,5,kifa-ut,0
big,g09,8,1,1,7,kia-nos,0
big,g09,8,3,1,2,kifas-m,0
big,g09,8,3,1,4,pokas-wm,0
big,g09,8,3,1,6,kifa-nn,1
big,g09,8,3,1,8,kia-sw,0
big,g09,9,13,2,1,fas-a,1
big,g09,9,13,2,3,fas-akn,1
big,g09,9,13,2,5,fas-wa,0
big,g09,9,13,2,7,fas-w,1
big,g09,9,28,4,2,poktasos,1
big,g09,9,28,4,4,pokas-em,1
big,g09,9,28,4,6,pokas-wm,0
big,g09,9,28,4,8,pokas-es,0
big,g09,9,1,1,1,fikas-w,1
big,g09,9,1,1,3,fasoo,0
big,g09,9,1,1,5,pikat-oi,0
big,g09,9,1,1,7,kia-ns,0
big,g09,9,14,2,2,fasws,0
big,g09,9,14,2,4,fas-em,0
big,g09,9,14,2,6,fas-wm,0
big,g09,9,14,2,8,fas-es,1
big,g09,9,8,2,1,fas-se,0
big,g09,9,8,2,3,fas-kan,1
big,g09,9,8,2,5,fas-ku,1
big,g09,9,8,2,7,fas-nw,1
big,g09,9,6,1,2,kiao,1
big,g09,9,6,1,4,pikat-o,0
big,g09,9,6,1,6,kifa-e,0
big,g09,9,6,1,8,fikas-e,1
big,g09,9,4,1,1,fikas-i,0
big,g09,9,4,1,3,kifa-sw,0
big,g09,9,4,1,5,pikat-uu,0
big,g09,9,4,1,7,kiann,1
big,g09,9,10,2,2,fassw,1
big,g09,9,10,2,4,fas-wm,1
big,g09,9,10,2,6,fas-wn,0
big,g09,9,10,2,8,fas-sw,1
big,g09,9,7,1,1,fikas-sw,1
big,g09,9,7,1,3,pokas-wn,0
big,g09,9,7,1,5,pikat-wa,0
big,g09,9,7,1,7,kiasw,1
big,g09,9,26,4,2,pokass,1
big,g09,9,26,4,4,pokas-m,0
big,g09,9,26,4,6,pokas-ii,0
big,g09,9,26,4,8,pokas-s,1
big,g09,9,16,3,1,hiup-w,1
big,g09,9,16,3,3,hiup-wo,1
big,g09,9,16,3,5,hiup-wo,0
big,g09,9,16,3,7,kiup,0
big,g09,9,9,2,2,fasno,1
big,g09,9,9,2,4,fas-oe,1
big,g09,9,9,2,6,fas-wu,0
big,g09,9,9,2,8,fas-ne,1
big,g09,9,15,3,1,hiup-ne,1
big,g09,9,15,3,3,hiup-ka,0
big,g09,9,15,3,5,hiup-uu,1
big,g09,9,15,3,7,kiupne,1
big,g09,9,3,1,2,kiasw,0
big,g09,9,3,1,4,kifat-wm,0
big,g09,9,3,1,6,kifa-wn,0
big,g09,9,3,1,8,fias-sw,1
big,g09,9,22,4,1,pokas-n,1
big,g09,9,22,4,3,tigat-ste,1
big,g09,9,22,4,5,pokas-oo,1
big,g09,9,22,4,7,pokas-un,1
big,g09,9,2,1,2,kiao,1
big,g09,9,2,1,4,kifat-oe,0
big,g09,9,2,1,6,kifa-wu,0
big,g09,9,2,1,8,fias-on,1
big,g09,9,5,1,1,fias-se,0
big,g09,9,5,1,3,kifa-ste,0
big,g09,9,5,1,5,pikat-uo,1
big,g09,9,5,1,7,kiass,0
big,g09,9,25,4,2,hokasno,0
big,g09,9,25,4,4,pokas-oe,0
big,g09,9,25,4,6,tigat-wu,1
big,g09,9,25,4,8,pokas-ne,1
big,g09,9,23,4,1,pokas-wn,1
big,g09,9,23,4,3,tigat-eg,0
big,g09,9,23,4,5,pokas-ii,1
big,g09,9,23,4,7,pokasnw,1
big,g09,9,11,2,2,fass,1
big,g09,9,11,2,4,fas-em,1
big,g09,9,11,2,6,fas-wm,0
big,g09,9,11,2,8,fas-s,1
big,g09,9,17,3,1,hiup-es,1
big,g09,9,17,3,3,hiup-ma,0
big,g09,9,17,3,5,hiup-sn,1
big,g09,9,17,3,7,kiup-kmf,0
big,g09,9,21,3,2,kiups,0
big,g09,9,21,3,4,hiup-wm,0
big,g09,9,21,3,6,hiup-wn,1
big,g09,9,21,3,8,hiup-sw,1
big,g09,9,24,4,1,pokas-sw,1
big,g09,9,24,4,3,tigat-ka,0
big,g09,9,24,4,5,pokas-st,1
big,g09,9,24,4,7,pokas-tg,0
big,g09,10,28,4,2,pokas-m,0
big,g09,10,28,4,4,pokas-em,1
big,g09,10,28,4,6,pokas-wm,1
big,g09,10,28,4,8,pokas-es,0
big,g09,10,25,4,1,pokas-te,0
big,g09,10,25,4,3,pokas-sti,0
big,g09,10,25,4,5,pokas-oi,1
big,g09,10,25,4,7,pokas-tf,0
big,g09,10,15,3,2,kian,1
big,g09,10,15,3,4,hiup-te,1
big,g09,10,15,3,6,hiup-wu,1
big,g09,10,15,3,8,hiup-ne,0
big,g09,10,9,2,1,fas-te,1
big,g09,10,9,2,3,fas-ste,0
big,g09,10,9,2,5,fas-ii,0
big,g09,10,9,2,7,fas-pk,0
big,g09,10,3,1,2,hak-sw,1
big,g09,10,3,1,4,kifa-wm,1
big,g09,10,3,1,6,kifa-wn,0
big,g09,10,3,1,8,kia-sw,0
big,g09,10,4,1,1,kifa-t,1
big,g09,10,4,1,3,pokas-sw,0
big,g09,10,4,1,5,hak-ip,0
big,g09,10,4,1,7,kifa-po,0
big,g09,10,24,4,2,pakasw,0
big,g09,10,24,4,4,pokas-wm,0
big,g09,10,24,4,6,pokas-wn,0
big,g09,10,24,4,8,pokas-sw,0
big,g09,10,21,3,1,hiup-wm,1
big,g09,10,21,3,3,hiup-wo,1
big,g09,10,21,3,5,hiuf-oo,0
big,g09,10,21,3,7,kiup-hig,0
big,g09,10,22,4,2,pokasn,0
big,g09,10,22,4,4,pokas-t,1
big,g09,10,22,4,6,pokas-i,1
big,g09,10,22,4,8,pokas-n,0
big,g09,10,23,4,1,pokas-tw,1
big,g09,10,23,4,3,pokas-uu,0
big,g09,10,23,4,5,pokas-oi,0
big,g09,10,23,4,7,pokas-feh,1
big,g09,10,11,2,2,fass,0
big,g09,10,11,2,4,fas-em,1
big,g09,10,11,2,6,fas-wm,0
big,g09,10,11,2,8,fas-se,0
big,g09,10,26,4,1,pokas-m,1
big,g09,10,26,4,3,pokas-eg,0
big,g09,10,26,4,5,pokas-ip,0
big,g09,10,26,4,7,pokas-nsm,0
big,g09,10,16,3,2,kiaw,1
big,g09,10,16,3,4,hiup-w,1
big,g09,10,16,3,6,hiup-ee,1
big,g09,10,16,3,8,hiup-w,1
big,g09,10,1,1,1,fias-wm,0
big,g09,10,1,1,3,pokas-wo,0
big,g09,10,1,1,5,hak-ip,0
big,g09,10,1,1,7,kifa-nitm,0
big,g09,10,2,1,2,hako,0
big,g09,10,2,1,4,fias-te,1
big,g09,10,2,1,6,kifa-wu,1
big,g09,10,2,1,8,kia-no,0
big,g09,10,6,1,1,fias-e,1
big,g09,10,6,1,3,kia-akn,0
big,g09,10,6,1,5,hak-oo,1
big,g09,10,6,1,7,kifa-ttt,1
big,g09,10,10,2,2,fass,1
big,g09,10,10,2,4,fas-wm,1
big,g09,10,10,2,6,fas-wn,1
big,g09,10,10,2,8,hiup-sw,0
big,g09,10,13,2,1,fas-w,1
big,g09,10,13,2,3,hiup-wom,1
big,g09,10,13,2,5,fas-oo,1
big,g09,10,13,2,7,fas-pnmk,0
big,g09,10,17,3,2,kia-ip,1
big,g09,10,17,3,4,huip-em,1
big,g09,10,17,3,6,hiup-wm,1
big,g09,10,17,3,8,hiup-es,1
big,g09,10,5,1,1,fias-em,1
big,g09,10,5,1,3,kia-no,0
big,g09,10,5,1,5,hak-ou,0
big,g09,10,5,1,7,kifa-fekp,0
big,g09,10,8,2,2,fasn,0
big,g09,10,8,2,4,fas-tw,1
big,g09,10,8,2,6,fas-wt,1
big,g09,10,8,2,8,fas-nw,0
big,g09,10,14,2,1,fas-em,0
big,g09,10,14,2,3,fas-es,1
big,g09,10,14,2,5,fas-oo,0
big,g09,10,14,2,7,fas,0
big,g09,10,7,1,2,haks,0
big,g09,10,7,1,4,fias-wm,1
big,g09,10,7,1,6,kifa-wn,1
big,g09,10,7,1,8,kia-s,1
big,g09,11,13,2,1,fas-a,0
big,g09,11,13,2,4,fas-w,1
big,g09,11,13,2,7,fas-fgh,1
big,g09,11,13,2,8,fas-w,1
big,g09,11,23,4,2,pokasw,1
big,g09,11,23,4,3,tigat-nw,1
big,g09,11,23,4,5,pokas-ih,0
big,g09,11,23,4,6,pokas-wt,1
big,g09,11,8,2,1,fas-nw,1
big,g09,11,8,2,4,fas-tw,0
big,g09,11,8,2,7,fas-ponm,0
big,g09,11,8,2,8,fas-nw,0
big,g09,11,1,1,2,kiaw,1
big,g09,11,1,1,3,pokas-nw,1
big,g09,11,1,1,5,pikat-ii,0
big,g09,11,1,1,6,kifa-wt,0
big,g09,11,3,1,1,pokas-sw,1
big,g09,11,3,1,4,kia-mw,1
big,g09,11,3,1,7,pikat-fg,0
big,g09,11,3,1,8,kia-sw,0
big,g09,11,28,4,2,pokases,1
big,g09,11,28,4,3,tigat-es,1
big,g09,11,28,4,5,pokas-oo,0
big,g09,11,28,4,6,pokas-wm,1
big,g09,11,25,4,1,tigat-ne,1
big,g09,11,25,4,4,pokas-te,1
big,g09,11,25,4,7,pokas-esa,0
big,g09,11,25,4,8,pokas-ne,0
big,g09,11,5,1,2,kias,0
big,g09,11,5,1,3,pokas-es,1
big,g09,11,5,1,5,pikat-uu,0
big,g09,11,5,1,6,kifa-wm,0
big,g09,11,26,4,1,tigat-s,1
big,g09,11,26,4,4,pokas-s,1
big,g09,11,26,4,7,pokas-ep,0
big,g09,11,26,4,8,pokas-s,0
big,g09,11,2,1,2,kiae,1
big,g09,11,2,1,3,pokas-ne,1
big,g09,11,2,1,5,pikat-oo,1
big,g09,11,2,1,6,kifa-wu,0
big,g09,11,4,1,1,pokas-n,1
big,g09,11,4,1,4,kia-t,0
big,g09,11,4,1,7,pikat-iii,1
big,g09,11,4,1,8,kifa-n,1
big,g09,11,22,4,2,pokast,1
big,g09,11,22,4,3,tigat-n,1
big,g09,11,22,4,5,pokas-iii,1
big,g09,11,22,4,6,pokas-n,1
big,g09,11,10,2,1,fas-sw,1
big,g09,11,10,2,4,fas-mw,1
big,g09,11,10,2,7,fas-hiuw,1
big,g09,11,10,2,8,hiup-sw,0
big,g09,11,11,2,2,fassse,1
big,g09,11,11,2,3,fas-se,1
big,g09,11,11,2,5,fas-uu,1
big,g09,11,11,2,6,fas-wm,1
big,g09,11,21,3,1,hiup-sw,1
big,g09,11,21,3,4,hiup-mw,1
big,g09,11,21,3,7,hiup-uu,0
big,g09,11,21,3,8,hiup-sw,0
big,g09,11,15,3,2,hiupne,1
big,g09,11,15,3,3,hiup-ne,1
big,g09,11,15,3,5,hiup-ih,1
big,g09,11,15,3,6,hiup-wu,0
big,g09,11,16,3,1,hiup-w,1
big,g09,11,16,3,4,hiup-w,1
big,g09,11,16,3,7,hiup-aa,1
big,g09,11,16,3,8,hiup-w,1
big,g09,11,9,2,2,fasne,1
big,g09,11,9,2,3,fas-ne,1
big,g09,11,9,2,5,fas-ih,1
big,g09,11,9,2,6,fas-wu,0
big,g09,11,7,1,1,pokas-sw,1
big,g09,11,7,1,4,kia-mw,0
big,g09,11,7,1,7,pikat-uu,1
big,g09,11,7,1,8,kia-s,0
big,g09,11,17,3,2,hiupes,1
big,g09,11,17,3,3,hiup-es,1
big,g09,11,17,3,5,hiup-sn,1
big,g09,11,17,3,6,hiup-sw,0
big,g09,11,24,4,1,tigat-sw,1
big,g09,11,24,4,4,pokas-mw,1
big,g09,11,24,4,7,pokas-mn,1
big,g09,11,24,4,8,pokas-sw,0
big,g09,11,14,2,2,fases,0
big,g09,11,14,2,3,fas-es,1
big,g09,11,14,2,5,fas-aaa,1
big,g09,11,14,2,6,fas-wm,0
big,g09,11,6,1,1,pokas-e,0
big,g09,11,6,1,4,kia-e,0
big,g09,11,6,1,7,pikat-fff,0
big,g09,11,6,1,8,kia-e,1
big,g09,12,24,4,3,tigat-sw,0
big,g09,12,24,4,5,pokas-st,0
big,g09,12,24,4,6,pokas-wn,0
big,g09,12,24,4,8,pokas-sw,1
big,g09,12,13,2,1,fas-t,1
big,g09,12,13,2,2,fasw,1
big,g09,12,13,2,4,fas-w,1
big,g09,12,13,2,7,fas-aaa,1
big,g09,12,5,1,3,pokas-es,0
big,g09,12,5,1,5,pokas-uu,0
big,g09,12,5,1,6,kifa-wm,0
big,g09,12,5,1,8,kia-es,1
big,g09,12,26,4,1,tigat-s,0
big,g09,12,26,4,2,potassu,1
big,g09,12,26,4,4,pokas-s,1
big,g09,12,26,4,7,pokas-uuu,0
big,g09,12,22,4,3,pokas-n,1
big,g09,12,22,4,5,tigat-iii,1
big,g09,12,22,4,6,potasii,0
big,g09,12,22,4,8,pokas-n,1
big,g09,12,10,2,1,fas-st,0
big,g09,12,10,2,2,fassw,1
big,g09,12,10,2,4,fas-sw,1
big,g09,12,10,2,7,fas-mn,0
big,g09,12,3,1,3,tigat-sw,0
big,g09,12,3,1,5,pokas-aaa,0
big,g09,12,3,1,6,kifa-sw,1
big,g09,12,3,1,8,kia-sw,1
big,g09,12,2,1,1,pokas-u,0
big,g09,12,2,1,2,kifae,0
big,g09,12,2,1,4,kia-nw,0
big,g09,12,2,1,7,tigat-ppp,1
big,g09,12,8,2,3,fas-ppp,0
big,g09,12,8,2,5,fas-ii,0
big,g09,12,8,2,6,fas-wt,0
big,g09,12,8,2,8,fas-nw,1
big,g09,12,28,4,1,tigat-m,0
big,g09,12,28,4,2,potasws,1
big,g09,12,28,4,4,pokas-se,1
big,g09,12,28,4,7,pokas-mmm,0
big,g09,12,15,3,3,hiup-ne,1
big,g09,12,15,3,5,hiup-ii,1
big,g09,12,15,3,6,hiup-wu,1
big,g09,12,15,3,8,hiup-ne,1
big,g09,12,23,4,1,tigat-uu,0
big,g09,12,23,4,2,potasws,1
big,g09,12,23,4,4,pokas-nw,1
big,g09,12,23,4,7,pokas-ppp,0
big,g09,12,4,1,3,fas-ppp,0
big,g09,12,4,1,5,pokas-ii,1
big,g09,12,4,1,6,kifa-i,0
big,g09,12,4,1,8,kia-n,1
big,g09,12,1,1,1,pokas-iii,0
big,g09,12,1,1,2,kiaw,1
big,g09,12,1,1,4,kia-nw,0
big,g09,12,1,1,7,pikat-www,0
big,g09,12,14,2,3,pikat-es,0
big,g09,12,14,2,5,fas-aa,1
big,g09,12,14,2,6,hiup-wm,0
big,g09,12,14,2,8,fas-es,1
big,g09,12,6,1,1,pokas-a,1
big,g09,12,6,1,2,kiae,1
big,g09,12,6,1,4,kia-e,1
big,g09,12,6,1,7,pikat-fff,0
big,g09,12,17,3,3,hiup-es,1
big,g09,12,17,3,5,hiup-sn,1
big,g09,12,17,3,6,hiup-wm,0
big,g09,12,17,3,8,hiup-es,1
big,g09,12,25,4,1,tigat-ii,0
big,g09,12,25,4,2,pokasne,0
big,g09,12,25,4,4,pokas-en,1
big,g09,12,25,4,7,pikat-ppp,0
big,g09,12,11,2,3,fas-s,0
big,g09,12,11,2,5,fas-uu,1
big,g09,12,11,2,6,fas-wm,1
big,g09,12,11,2,8,fas-s,1
big,g09,12,9,2,1,fas-ii,1
big,g09,12,9,2,2,fasse,0
big,g09,12,9,2,4,fas-en,1
big,g09,12,9,2,7,fas-ppp,1
big,g09,12,7,1,3,pokas-sw,1
big,g09,12,7,1,5,pokas-uu,1
big,g09,12,7,1,6,kifa-wn,0
big,g09,12,7,1,8,kia-sw,0
big,g09,12,16,3,1,hiup-n,1
big,g09,12,16,3,2,hiakw,0
big,g09,12,16,3,4,hiup-w,1
big,g09,12,16,3,7,hiup,1
big,g09,12,21,3,3,hiup-sw,1
big,g09,12,21,3,5,hiup-u,0
big,g09,12,21,3,6,hiup-wn,1
big,g09,12,21,3,8,hiup-s,1
big,g09,13,22,4,1,tigat-m,1
big,g09,13,22,4,2,pokasn,1
big,g09,13,22,4,4,pokas-t,1
big,g09,13,22,4,8,pokas-n,0
big,g09,13,2,1,3,pokas-ne,1
big,g09,13,2,1,5,tigat-a,1
big,g09,13,2,1,6,kifa-wu,0
big,g09,13,2,1,7,pikat-ppp,0
big,g09,13,14,2,1,fas-wk,0
big,g09,13,14,2,2,hases,0
big,g09,13,14,2,4,fas-em,1
big,g09,13,14,2,8,fas-es,1
big,g09,13,17,3,3,hiup-es,1
big,g09,13,17,3,5,hiup-sn,0
big,g09,13,17,3,6,hiup-wm,0
big,g09,13,17,3,7,hiup-mmm,1
big,g09,13,8,2,1,fas-en,1
big,g09,13,8,2,2,faswn,0
big,g09,13,8,2,4,fas-tw,0
big,g09,13,8,2,8,fas-nw,0
big,g09,13,10,2,3,fas-sw,1
big,g09,13,10,2,5,fas-uu,0
big,g09,13,10,2,6,fas-em,0
big,g09,13,10,2,7,fas-mn,1
big,g09,13,5,1,1,pokas-wm,1
big,g09,13,5,1,2,pokassse,1
big,g09,13,5,1,4,kia-em,1
big,g09,13,5,1,8,kia-s,0
big,g09,13,28,4,3,tigat-se,1
big,g09,13,28,4,5,pokas-a,0
big,g09,13,28,4,6,tigat-wm,0
big,g09,13,28,4,7,pokas,1
big,g09,13,11,2,1,fas-wm,0
big,g09,13,11,2,2,hasss,1
big,g09,13,11,2,4,fas-em,1
big,g09,13,11,2,8,fas-s,1
big,g09,13,3,1,3,pokas-sw,1
big,g09,13,3,1,5,kia-s,0
big,g09,13,3,1,6,pokas-em,1
big,g09,13,3,1,7,kia-mn,1
big,g09,13,16,3,1,hiup-e,1
big,g09,13,16,3,2,hiaw,0
big,g09,13,16,3,4,huip-w,0
big,g09,13,16,3,8,hiup-w,1
big,g09,13,6,1,3,pokas-e,1
big,g09,13,6,1,5,kia-o,1
big,g09,13,6,1,6,pokas-e,0
big,g09,13,6,1,7,kia-fff,0
big,g09,13,9,2,1,fas-tw,1
big,g09,13,9,2,2,hasne,1
big,g09,13,9,2,4,fas-te,1
big,g09,13,9,2,8,fas-no,1
big,g09,13,25,4,3,tigat-ne,1
big,g09,13,25,4,5,pokas-no,1
big,g09,13,25,4,6,tigat-wu,0
big,g09,13,25,4,7,pokas-te,1
big,g09,13,1,1,1,pokas-eu,1
big,g09,13,1,1,2,pokaswn,1
big,g09,13,1,1,4,kia-tw,1
big,g09,13,1,1,8,kia-wn,0
big,g09,13,23,4,3,tigat-nw,1
big,g09,13,23,4,5,pokas-ih,1
big,g09,13,23,4,6,tigat-eu,1
big,g09,13,23,4,7,pokas-tw,1
big,g09,13,15,3,1,hiup-um,1
big,g09,13,15,3,2,hihane,1
big,g09,13,15,3,4,hiup-te,1
big,g09,13,15,3,8,hiup-no,1
big,g09,13,7,1,3,pokas-sw,1
big,g09,13,7,1,5,kia-u,0
big,g09,13,7,1,6,pokas-wn,1
big,g09,13,7,1,7,kia-mn,0
big,g09,13,13,2,1,fas-e,1
big,g09,13,13,2,2,fasw,1
big,g09,13,13,2,4,fas-w,1
big,g09,13,13,2,8,fas-w,0
big,g09,13,24,4,3,tigat-sw,1
big,g09,13,24,4,5,pokas-st,1
big,g09,13,24,4,6,tigat-wn,1
big,g09,13,24,4,7,pokas-mn,1
big,g09,13,4,1,1,pokas-u,1
big,g09,13,4,1,2,hokasn,1
big,g09,13,4,1,4,kia-t,1
big,g09,13,4,1,8,kia-n,0
big,g09,13,21,3,3,hiup-sw,1
big,g09,13,21,3,5,hiup-u,0
big,g09,13,21,3,6,hiup-wn,1
big,g09,13,21,3,7,hiup-mn,1
big,g09,13,26,4,1,tigat-w,1
big,g09,13,26,4,2,tiatss,1
big,g09,13,26,4,4,pokas-m,1
big,g09,13,26,4,8,pokas-s,1
big,g09,14,4,1,1,pokas-u,0
big,g09,14,4,1,2,hakn,1
big,g09,14,4,1,3,pokas-n,0
big,g09,14,4,1,6,kifa-i,0
big,g09,14,22,4,4,pokas-i,1
big,g09,14,22,4,5,tigat-n,1
big,g09,14,22,4,7,pokas-iii,1
big,g09,14,22,4,8,pokas-n,1
big,g09,14,3,1,1,tigat-wn,0
big,g09,14,3,1,2,haksw,1
big,g09,14,3,1,3,pokas-sw,0
big,g09,14,3,1,6,kifa-wn,1
big,g09,14,13,2,4,fas-w,1
big,g09,14,13,2,5,fas-a,0
big,g09,14,13,2,7,fas-aaa,1
big,g09,14,13,2,8,fas-w,1
big,g09,14,2,1,1,tigat-io,1
big,g09,14,2,1,2,haken,1
big,g09,14,2,1,3,pokas-ne,1
big,g09,14,2,1,6,kifa-wu,0
big,g09,14,7,1,4,kifa-wm,1
big,g09,14,7,1,5,pokas-u,0
big,g09,14,7,1,7,tigat-mn,1
big,g09,14,7,1,8,hak-sw,1
big,g09,14,23,4,1,pokas-ai,0
big,g09,14,23,4,2,pokaswn,1
big,g09,14,23,4,3,tigat-nw,0
big,g09,14,23,4,6,pokas-wt,1
big,g09,14,16,3,4,hiup-w,1
big,g09,14,16,3,5,hiup-o,0
big,g09,14,16,3,7,hiup,0
big,g09,14,16,3,8,hiup-w,1
big,g09,14,24,4,1,pokas-mn,0
big,g09,14,24,4,2,pokassw,1
big,g09,14,24,4,3,tigat-sw,0
big,g09,14,24,4,6,pokas-wn,1
big,g09,14,15,3,4,hiup-te,1
big,g09,14,15,3,5,hiup-i,1
big,g09,14,15,3,7,hiup-ppp,1
big,g09,14,15,3,8,hiup-ne,1
big,g09,14,1,1,1,tigat-ai,0
big,g09,14,1,1,2,hakwn,1
big,g09,14,1,1,3,pokas-nw,1
big,g09,14,1,1,6,kifa-wt,1
big,g09,14,5,1,4,kifa-em,1
big,g09,14,5,1,5,pokas-u,0
big,g09,14,5,1,7,tigat-mmm,1
big,g09,14,5,1,8,hak-es,1
big,g09,14,21,3,1,hiup-mmm,0
big,g09,14,21,3,2,hiasssw,1
big,g09,14,21,3,3,hiup-e,0
big,g09,14,21,3,6,hiup-wn,1
big,g09,14,6,1,4,kifa-e,1
big,g09,14,6,1,5,pokas-o,0
big,g09,14,6,1,7,tigat-fff,1
big,g09,14,6,1,8,hak-e,1
big,g09,14,17,3,1,hiup-fm,1
big,g09,14,17,3,2,hiasses,1
big,g09,14,17,3,3,hiup-es,0
big,g09,14,17,3,6,hiup-em,1
big,g09,14,8,2,4,fas-tw,1
big,g09,14,8,2,5,fas-ku,1
big,g09,14,8,2,7,fas-www,0
big,g09,14,8,2,8,fas-wn,1
big,g09,14,25,4,1,pokas-io,1
big,g09,14,25,4,2,hokasne,1
big,g09,14,25,4,3,tigat-ne,1
big,g09,14,25,4,6,pokas-wu,0
big,g09,14,28,4,4,pokas-em,1
big,g09,14,28,4,5,tigat-se,1
big,g09,14,28,4,7,pokas-fm,0
big,g09,14,28,4,8,pokas-es,1
big,g09,14,14,2,1,fas-mn,1
big,g09,14,14,2,2,hases,1
big,g09,14,14,2,3,fas-se,1
big,g09,14,14,2,6,fas-em,1
big,g09,14,11,2,4,fas-em,1
big,g09,14,11,2,5,fas-s,1
big,g09,14,11,2,7,fas-fm,1
big,g09,14,11,2,8,has-es,0
big,g09,14,26,4,1,pokas-mmm,1
big,g09,14,26,4,2,pokasss,1
big,g09,14,26,4,3,tigat-s,1
big,g09,14,26,4,6,pokas-ii,1
big,g09,14,10,2,4,fas-wm,0
big,g09,14,10,2,5,fas-sw,1
big,g09,14,10,2,7,fas-mn,1
big,g09,14,10,2,8,fas-sw,1
big,g09,14,9,2,1,fas-io,1
big,g09,14,9,2,2,fasne,1
big,g09,14,9,2,3,fas-ne,1
big,g09,14,9,2,6,fas-wu,1
small,g13,1,9,2,1,poik,1
small,g13,1,9,2,4,piok,0
small,g13,1,19,3,2,waes,1
small,g13,1,19,3,3,waes,1
small,g13,1,17,3,1,ikie,1
small,g13,1,17,3,4,waesoe,0
small,g13,1,7,1,2,hoto,1
small,g13,1,7,1,3,kokie,0
small,g13,1,22,4,1,papsa,0
small,g13,1,22,4,4,papsie,0
small,g13,1,5,1,2,hota,1
small,g13,1,5,1,3,pokie,1
small,g13,1,28,4,1,papsa,1
small,g13,1,28,4,4,papoeoe,1
small,g13,1,10,2,2,puih,1
small,g13,1,10,2,3,puih,0
small,g13,1,19,3,1,huig,0
small,g13,1,19,3,4,pokui,0
small,g13,1,9,2,2,poik,0
small,g13,1,9,2,3,poki,0
small,g13,1,7,1,1,hoti,1
small,g13,1,7,1,4,puihui,0
small,g13,1,17,3,2,ikie,1
small,g13,1,17,3,3,kokie,0
small,g13,1,22,4,1,papso,0
small,g13,1,22,4,4,papsie,1
small,g13,1,28,4,2,gatoe,0
small,g13,1,28,4,3,papsoe,1
small,g13,1,10,2,1,waes,0
small,g13,1,10,2,4,pokie,0
small,g13,1,5,1,2,hota,1
small,g13,1,5,1,3,gokie,0
small,g13,1,9,2,1,ikie,0
small,g13,1,9,2,4,pokie,0
small,g13,1,19,3,2,waes,0
small,g13,1,19,3,3,waes,1
small,g13,1,17,3,1,poik,0
small,g13,1,17,3,4,woes,1
small,g13,1,22,4,2,papso,1
small,g13,1,22,4,3,papsie,1
small,g13,1,10,2,1,waes,0
small,g13,1,10,2,4,kokie,0
small,g13,1,28,4,2,papsa,1
small,g13,1,28,4,3,papsoe,1
small,g13,1,5,1,1,hota,1
small,g13,1,5,1,4,uutu,1
small,g13,2,7,1,3,kokie,0
small,g13,2,7,1,4,poksie,0
small,g13,2,23,4,1,papsi,1
small,g13,2,23,4,2,papsu,0
small,g13,2,28,4,3,papsoe,1
small,g13,2,28,4,4,papsoe,1
small,g13,2,24,4,1,papsu,1
small,g13,2,24,4,2,papsi,1
small,g13,2,9,2,3,sopoe,1
small,g13,2,9,2,4,ikkie,0
small,g13,2,17,3,1,poik,1
small,g13,2,17,3,2,ikie,0
small,g13,2,5,1,3,kokoe,0
small,g13,2,5,1,4,fapu,0
small,g13,2,12,2,1,piko,1
small,g13,2,12,2,2,fapu,1
small,g13,2,10,2,3,pope,0
small,g13,2,10,2,4,fapi,0
small,g13,2,22,4,1,papso,1
small,g13,2,22,4,2,papso,0
small,g13,2,19,3,3,waes,0
small,g13,2,19,3,4,waes,1
small,g13,2,7,1,1,kokie,1
small,g13,2,7,1,2,hoto,0
small,g13,2,22,4,3,papsie,0
small,g13,2,22,4,4,papsu,0
small,g13,2,24,4,1,papsu,0
small,g13,2,24,4,2,papsi,1
small,g13,2,17,3,3,waesuu,0
small,g13,2,17,3,4,waesoeoe,0
small,g13,2,9,2,1,popo,0
small,g13,2,9,2,2,poik,1
small,g13,2,12,2,3,popie,1
small,g13,2,12,2,4,poiku,1
small,g13,2,5,1,1,koki,0
small,g13,2,5,1,2,hota,0
small,g13,2,23,4,3,papsaa,0
small,g13,2,23,4,4,papsee,0
small,g13,2,10,2,1,popo,0
small,g13,2,10,2,2,fapu,0
small,g13,2,19,3,3,waes,0
small,g13,2,19,3,4,waes,1
small,g13,2,28,4,1,papsu,0
small,g13,2,28,4,2,papsaa,1
small,g13,2,24,4,3,papshh,0
small,g13,2,24,4,4,papsik,1
small,g13,3,5,1,1,hoti,0
small,g13,3,5,1,2,hota,0
small,g13,3,7,1,3,hotie,0
small,g13,3,7,1,4,hota,1
small,g13,3,17,3,1,poki,0
small,g13,3,17,3,2,ikie,1
small,g13,3,23,4,3,papsuu,1
small,g13,3,23,4,4,papsee,1
small,g13,3,9,2,1,waes,0
small,g13,3,9,2,2,poik,1
small,g13,3,20,3,3,wasoe,1
small,g13,3,20,3,4,waesi,0
small,g13,3,11,2,1,piko,0
small,g13,3,11,2,2,poiki,0
small,g13,3,10,2,3,poikoe,1
small,g13,3,10,2,4,piku,0
small,g13,3,19,3,1,waso,0
small,g13,3,19,3,2,waes,1
small,g13,3,3,1,3,kokaa,1
small,g13,3,3,1,4,heii,0
small,g13,3,28,4,1,papso,0
small,g13,3,28,4,2,papsa,0
small,g13,3,22,4,3,papsie,0
small,g13,3,22,4,4,papsii,1
small,g13,3,12,2,1,poko,0
small,g13,3,12,2,2,poiki,0
small,g13,3,24,4,3,papshhhh,0
small,g13,3,24,4,4,papsoeoe,1
small,g13,3,7,1,1,hotiii,0
small,g13,3,7,1,2,hoto,0
small,g13,3,9,2,3,poik,1
small,g13,3,9,2,4,hotaap,0
small,g13,3,20,3,1,wasi,0
small,g13,3,20,3,2,waeshhh,1
small,g13,3,11,2,3,poikoe,0
small,g13,3,11,2,4,kokuu,0
small,g13,3,22,4,1,papseo,0
small,g13,3,22,4,2,papso,1
small,g13,3,12,2,3,poikgg,0
small,g13,3,12,2,4,kokeo,1
small,g13,3,3,1,1,hoto,0
small,g13,3,3,1,2,hotoe,0
small,g13,3,10,2,3,poikoe,1
small,g13,3,10,2,4,koko,1
small,g13,3,23,4,1,papsee,1
small,g13,3,23,4,2,papsuu,1
small,g13,4,7,1,2,hoto,0
small,g13,4,7,1,3,kokie,0
small,g13,4,22,4,1,papseo,0
small,g13,4,22,4,4,papseo,1
small,g13,4,23,4,2,papsu,0
small,g13,4,23,4,3,papsuu,1
small,g13,4,4,1,1,hotea,1
small,g13,4,4,1,4,kokuu,0
small,g13,4,10,2,2,poikio,0
small,g13,4,10,2,3,pokie,1
small,g13,4,11,2,1,poikea,1
small,g13,4,11,2,4,pokuu,1
small,g13,4,28,4,2,papsia,1
small,g13,4,28,4,3,papsoe,0
small,g13,4,9,2,1,poiki,0
small,g13,4,9,2,4,kokii,0
small,g13,4,17,3,2,waesea,1
small,g13,4,17,3,3,waesiee,0
small,g13,4,5,1,1,hotio,0
small,g13,4,5,1,4,pokiie,0
small,g13,4,24,4,2,papsi,1
small,g13,4,24,4,3,papshhh,0
small,g13,4,21,3,1,koiki,1
small,g13,4,21,3,4,waeshhh,1
small,g13,4,14,2,2,poikie,0
small,g13,4,14,2,3,pokiee,0
small,g13,4,20,3,1,waesi,1
small,g13,4,20,3,4,waesuu,0
small,g13,4,3,1,2,hoot,1
small,g13,4,3,1,3,kokiee,0
small,g13,4,12,2,1,poikio,0
small,g13,4,12,2,4,pokii,0
small,g13,4,22,4,2,papseo,1
small,g13,4,22,4,3,papsiee,1
small,g13,4,19,3,1,waeseo,1
small,g13,4,19,3,4,waes,1
small,g13,4,4,1,2,hotea,0
small,g13,4,4,1,3,kokeo,1
small,g13,4,28,4,1,papsua,1
small,g13,4,28,4,4,papsu,1
small,g13,4,21,3,2,koiki,1
small,g13,4,21,3,3,wasuuu,1
small,g13,4,14,2,1,poikao,0
small,g13,4,14,2,4,pokie,1
small,g13,4,11,2,2,poikea,1
small,g13,4,11,2,3,pokeo,1
small,g13,5,24,4,1,papsu,1
small,g13,5,24,4,2,papsi,1
small,g13,5,9,2,3,poik,1
small,g13,5,9,2,4,pokuuu,1
small,g13,5,23,4,1,papsee,0
small,g13,5,23,4,2,papsu,1
small,g13,5,19,3,3,waes,1
small,g13,5,19,3,4,waes,1
small,g13,5,25,4,1,papsea,1
small,g13,5,25,4,2,papsua,1
small,g13,5,4,1,3,kokea,0
small,g13,5,4,1,4,kokua,1
small,g13,5,20,3,1,waes,0
small,g13,5,20,3,2,waesia,1
small,g13,5,16,3,3,waesie,1
small,g13,5,16,3,4,waesee,1
small,g13,5,7,1,1,hotio,1
small,g13,5,7,1,2,hotio,0
small,g13,5,22,4,3,papsie,0
small,g13,5,22,4,4,waeseu,0
small,g13,5,12,2,1,poipo,1
small,g13,5,12,2,2,poiku,0
small,g13,5,1,1,3,hoikoe,1
small,g13,5,1,1,4,kokii,0
small,g13,5,11,2,1,poikea,0
small,g13,5,11,2,2,poikua,0
small,g13,5,10,2,3,poikae,1
small,g13,5,10,2,4,poik,0
small,g13,5,5,1,1,hoiteo,0
small,g13,5,5,1,2,hotuo,1
small,g13,5,3,1,3,hotuu,1
small,g13,5,3,1,4,hotiii,1
small,g13,5,28,4,1,papsua,0
small,g13,5,28,4,2,papsia,0
small,g13,5,25,4,3,papsei,1
small,g13,5,25,4,4,papsia,1
small,g13,5,14,2,1,poikua,0
small,g13,5,14,2,2,puikio,1
small,g13,5,17,3,3,wasie,1
small,g13,5,17,3,4,waesia,1
small,g13,5,16,3,1,waesio,1
small,g13,5,16,3,2,waeseo,1
small,g13,5,21,3,3,waesuuu,0
small,g13,5,21,3,4,waesu,1
small,g13,5,1,1,1,hoitua,0
small,g13,5,1,1,2,hotio,1
small,g13,6,12,2,3,poikie,1
small,g13,6,12,2,4,poiku,0
small,g13,6,22,4,1,papseo,0
small,g13,6,22,4,2,papsie,1
small,g13,6,17,3,3,waeseo,1
small,g13,6,17,3,4,waesuu,0
small,g13,6,20,3,1,waesu,0
small,g13,6,20,3,2,waesea,0
small,g13,6,1,1,3,hotea,1
small,g13,6,1,1,4,koku,0
small,g13,6,5,1,1,hotio,0
small,g13,6,5,1,2,hotie,1
small,g13,6,7,1,3,hotae,1
small,g13,6,7,1,4,hoti,1
small,g13,6,16,3,1,waeso,0
small,g13,6,16,3,2,waesie,1
small,g13,6,6,1,3,hoteo,1
small,g13,6,6,1,4,hotuuu,0
small,g13,6,21,3,1,waeseeeeee,1
small,g13,6,21,3,2,waesio,1
small,g13,6,11,2,3,poikeo,1
small,g13,6,11,2,4,poikuuu,0
small,g13,6,23,4,1,papseeee,1
small,g13,6,23,4,2,papsio,1
small,g13,6,9,2,3,poik,1
small,g13,6,9,2,4,poikuuu,0
small,g13,6,4,1,1,hoiteeu,0
small,g13,6,4,1,2,hoteo,1
small,g13,6,14,2,3,poikae,1
small,g13,6,14,2,4,poiki,1
small,g13,6,27,4,1,papsi,1
small,g13,6,27,4,2,papsae,0
small,g13,6,19,3,3,waes,1
small,g13,6,19,3,4,waes,1
small,g13,6,10,2,1,poik,0
small,g13,6,10,2,2,poikae,1
small,g13,6,2,1,3,hoik,1
small,g13,6,2,1,4,hot,0
small,g13,6,25,4,1,papseu,0
small,g13,6,25,4,2,papseo,0
small,g13,6,28,4,3,papsoe,0
small,g13,6,28,4,4,papseieieie,0
small,g13,6,3,1,1,hoit,0
small,g13,6,3,1,2,hoot,1
small,g13,6,24,4,3,papshhhhhh,1
small,g13,6,24,4,4,papsiiiiii,1
small,g13,7,5,1,1,hoiteo,1
small,g13,7,5,1,4,hota,0
small,g13,7,7,1,2,hoitio,1
small,g13,7,7,1,3,hotae,0
small,g13,7,22,4,1,papseo,1
small,g13,7,22,4,4,papsa,1
small,g13,7,10,2,2,poikio,1
small,g13,7,10,2,3,pokae,1
small,g13,7,3,1,1,hoito,1
small,g13,7,3,1,4,hot,1
small,g13,7,14,2,2,poikioo,1
small,g13,7,14,2,3,pokaet,1
small,g13,7,24,4,1,papsi,1
small,g13,7,24,4,4,papsiiiii,1
small,g13,7,19,3,2,waes,1
small,g13,7,19,3,3,waes,1
small,g13,7,12,2,1,waeso,0
small,g13,7,12,2,4,poikaa,0
small,g13,7,1,1,2,hoitia,1
small,g13,7,1,1,3,hotoe,0
small,g13,7,9,2,1,poikuu,1
small,g13,7,9,2,4,poik,1
small,g13,7,20,3,2,waesia,1
small,g13,7,20,3,3,waeseo,0
small,g13,7,27,4,1,papsio,1
small,g13,7,27,4,4,papsi,1
small,g13,7,25,4,2,papsea,1
small,g13,7,25,4,3,papsoe,0
small,g13,7,28,4,1,papsia,1
small,g13,7,28,4,4,papeo,1
small,g13,7,21,3,2,waesee,1
small,g13,7,21,3,3,waesuuuu,0
small,g13,7,16,3,1,waeseo,1
small,g13,7,16,3,4,waseuuuu,0
small,g13,7,17,3,2,waesea,1
small,g13,7,17,3,3,waesuooo,1
small,g13,7,11,2,1,poikea,1
small,g13,7,11,2,4,poikeooo,0
small,g13,7,6,1,2,hoitea,1
small,g13,7,6,1,3,hoiteooo,1
small,g13,7,2,1,1,hoitu,1
small,g13,7,2,1,4,hot,1
small,g13,7,23,4,2,papsee,1
small,g13,7,23,4,3,papsuu,1
small,g13,7,4,1,1,hoitea,0
small,g13,7,4,1,4,hoteooo,0
small,g13,8,5,1,3,hota,0
small,g13,8,5,1,4,hotie,1
small,g13,8,6,1,1,hoitea,1
small,g13,8,6,1,2,hotia,0
small,g13,8,1,1,3,hotia,1
small,g13,8,1,1,4,hotuu,1
small,g13,8,10,2,1,poikio,1
small,g13,8,10,2,2,poikeo,1
small,g13,8,14,2,3,poikioa,0
small,g13,8,14,2,4,poke,1
small,g13,8,11,2,1,poikea,0
small,g13,8,11,2,2,poikia,0
small,g13,8,28,4,3,papsoe,0
small,g13,8,28,4,4,papsuu,1
small,g13,8,9,2,1,poika,1
small,g13,8,9,2,2,poik,1
small,g13,8,23,4,3,papsuuu,0
small,g13,8,23,4,4,papseeeee,1
small,g13,8,4,1,1,hoitea,1
small,g13,8,4,1,2,hotia,1
small,g13,8,12,2,3,poikeo,1
small,g13,8,12,2,4,poiksie,1
small,g13,8,21,3,1,waese,0
small,g13,8,21,3,2,waeseeee,1
small,g13,8,16,3,3,waese,0
small,g13,8,16,3,4,waesie,1
small,g13,8,17,3,1,waesea,1
small,g13,8,17,3,2,waesia,1
small,g13,8,7,1,3,hotae,1
small,g13,8,7,1,4,hotsi,1
small,g13,8,3,1,1,hoto,1
small,g13,8,3,1,2,hooot,1
small,g13,8,19,3,3,waes,0
small,g13,8,19,3,4,waes,1
small,g13,8,24,4,1,papsi,1
small,g13,8,24,4,2,papsaa,1
small,g13,8,27,4,3,papsae,0
small,g13,8,27,4,4,papsi,1
small,g13,8,2,1,1,hota,1
small,g13,8,2,1,2,haat,1
small,g13,8,25,4,3,papsae,0
small,g13,8,25,4,4,papsoeu,0
small,g13,8,20,3,1,waesia,1
small,g13,8,20,3,2,waeseo,0
small,g13,8,22,4,3,papsie,0
small,g13,8,22,4,4,papsiee,1
small,g13,9,24,4,1,papsi,1
small,g13,9,24,4,2,papshhh,1
small,g13,9,28,4,3,papsoe,1
small,g13,9,28,4,4,papsiu,1
small,g13,9,22,4,1,papseo,0
small,g13,9,22,4,2,papseo,0
small,g13,9,10,2,3,poikae,0
small,g13,9,10,2,4,poikii,1
small,g13,9,12,2,1,poikeo,1
small,g13,9,12,2,2,poikeoe,0
small,g13,9,5,1,3,hoteo,1
small,g13,9,5,1,4,hoteo,1
small,g13,9,2,1,1,hotu,1
small,g13,9,2,1,2,haat,1
small,g13,9,7,1,3,hotae,1
small,g13,9,7,1,4,hotii,0
small,g13,9,1,1,1,hotia,1
small,g13,9,1,1,2,hotoeh,1
small,g13,9,14,2,3,poikae,1
small,g13,9,14,2,4,poikii,1
small,g13,9,9,2,1,poiku,1
small,g13,9,9,2,2,poik,1
small,g13,9,23,4,3,papsuuuuu,1
small,g13,9,23,4,4,papoe,0
small,g13,9,16,3,1,waeseo,1
small,g13,9,16,3,2,waeseo,1
small,g13,9,25,4,3,papsea,1
small,g13,9,25,4,4,papoeoe,0
small,g13,9,11,2,1,poikea,0
small,g13,9,11,2,2,poikeau,1
small,g13,9,19,3,3,waes,1
small,g13,9,19,3,4,waes,1
small,g13,9,17,3,1,waesea,1
small,g13,9,17,3,2,waesea,1
small,g13,9,4,1,3,hotea,1
small,g13,9,4,1,4,poikea,0
small,g13,9,3,1,1,hoto,1
small,g13,9,3,1,2,hoot,1
small,g13,9,21,3,3,waesuuuuu,1
small,g13,9,21,3,4,waesoe,1
small,g13,9,20,3,1,waesiia,1
small,g13,9,20,3,2,waesoe,1
small,g13,9,27,4,3,papsae,1
small,g13,9,27,4,4,papsi,0
small,g13,9,6,1,1,hoteaaaaaaa,0
small,g13,9,6,1,2,hootea,1
small,g13,10,7,1,2,hotie,1
small,g13,10,7,1,3,hotae,0
small,g13,10,20,3,1,waesia,1
small,g13,10,20,3,4,waesea,1
small,g13,10,2,1,2,hoota,1
small,g13,10,2,1,3,hoik,1
small,g13,10,21,3,1,waese,0
small,g13,10,21,3,4,waesoe,0
small,g13,10,6,1,2,hoteaa,1
small,g13,10,6,1,3,hotea,1
small,g13,10,24,4,1,papsi,1
small,g13,10,24,4,4,papsiiiiiiiii,1
small,g13,10,25,4,2,papsea,1
small,g13,10,25,4,3,papsea,0
small,g13,10,22,4,1,papseo,1
small,g13,10,22,4,4,paseo,0
small,g13,10,17,3,2,waesea,1
small,g13,10,17,3,3,waesea,1
small,g13,10,23,4,1,papse,1
small,g13,10,23,4,4,waesoe,0
small,g13,10,1,1,2,hotaei,1
small,g13,10,1,1,3,hotie,0
small,g13,10,28,4,1,papsia,1
small,g13,10,28,4,4,papsie,1
small,g13,10,16,3,2,waeseo,1
small,g13,10,16,3,3,waesoe,1
small,g13,10,10,2,1,poikio,1
small,g13,10,10,2,4,waesiia,0
small,g13,10,9,2,2,poik,1
small,g13,10,9,2,3,poik,1
small,g13,10,27,4,1,papsioo,1
small,g13,10,27,4,4,papsiia,1
small,g13,10,5,1,2,hoteoe,1
small,g13,10,5,1,3,hotoe,0
small,g13,10,4,1,1,hotea,1
small,g13,10,4,1,4,hotoe,0
small,g13,10,14,2,2,poikie,1
small,g13,10,14,2,3,poikae,0
small,g13,10,19,3,1,waesio,0
small,g13,10,19,3,4,waes,1
small,g13,10,11,2,2,poikea,1
small,g13,10,11,2,3,poikea,0
small,g13,10,3,1,1,hoto,1
small,g13,10,3,1,4,hot,1
small,g13,10,12,2,2,poikeo,1
small,g13,10,12,2,3,poikie,0
small,g13,11,9,2,1,poiku,1
small,g13,11,9,2,2,poik,1
small,g13,11,11,2,3,poikea,1
small,g13,11,11,2,4,poikae,1
small,g13,11,19,3,1,waesio,0
small,g13,11,19,3,2,waes,1
small,g13,11,27,4,3,papsae,0
small,g13,11,27,4,4,papaei,1
small,g13,11,2,1,1,hotu,1
small,g13,11,2,1,2,hoota,1
small,g13,11,10,2,3,poikae,1
small,g13,11,10,2,4,poikiiiie,1
small,g13,11,7,1,1,hoitia,1
small,g13,11,7,1,2,hotiiie,1
small,g13,11,20,3,3,waesoe,0
small,g13,11,20,3,4,waesuua,1
small,g13,11,6,1,1,hoitea,1
small,g13,11,6,1,2,hootae,1
small,g13,11,12,2,3,poikie,1
small,g13,11,12,2,4,poikeaoe,1
small,g13,11,17,3,1,waesea,1
small,g13,11,17,3,2,waesae,1
small,g13,11,21,3,3,waesuuuu,1
small,g13,11,21,3,4,waesoe,1
small,g13,11,28,4,1,papsia,1
small,g13,11,28,4,2,papsuuua,1
small,g13,11,4,1,3,hotea,1
small,g13,11,4,1,4,hotoea,1
small,g13,11,25,4,1,papsea,1
small,g13,11,25,4,2,papsoeaa,1
small,g13,11,1,1,3,hotoe,0
small,g13,11,1,1,4,hotuua,1
small,g13,11,23,4,1,papseeeeeeee,0
small,g13,11,23,4,2,papsoe,1
small,g13,11,14,2,3,poiae,1
small,g13,11,14,2,4,poiksiie,1
small,g13,11,16,3,1,waeseo,1
small,g13,11,16,3,2,poikoeoe,0
small,g13,11,5,1,3,hoteo,1
small,g13,11,5,1,4,hoteaa,0
small,g13,11,22,4,1,papseo,1
small,g13,11,22,4,2,papsoei,0
small,g13,11,3,1,3,hoot,1
small,g13,11,3,1,4,hot,1
small,g13,11,24,4,1,papsiiiiiiiiiiiiiiii,1
small,g13,11,24,4,2,papsuu,1
small,g13,12,23,4,3,papsuuuuu,1
small,g13,12,23,4,4,papsoeoeoeoee,1
small,g13,12,11,2,1,poikea,1
small,g13,12,11,2,2,poikea,1
small,g13,12,4,1,3,hotea,1
small,g13,12,4,1,4,hotea,1
small,g13,12,2,1,1,hotu,1
small,g13,12,2,1,2,hoota,1
small,g13,12,12,2,3,poikie,0
small,g13,12,12,2,4,poikae,0
small,g13,12,3,1,1,hoto,1
small,g13,12,3,1,2,hoot,1
small,g13,12,1,1,3,hotoe,1
small,g13,12,1,1,4,hotue,0
small,g13,12,19,3,1,waesio,0
small,g13,12,19,3,2,waes,1
small,g13,12,22,4,3,papsie,0
small,g13,12,22,4,4,papea,0
small,g13,12,14,2,1,poikio,1
small,g13,12,14,2,2,poikae,0
small,g13,12,25,4,3,papsea,1
small,g13,12,25,4,4,papoeoeoeoei,1
small,g13,12,21,3,1,waeseeeeeeeeeeee,1
small,g13,12,21,3,2,waesee,1
small,g13,12,6,1,3,hotea,1
small,g13,12,6,1,4,hotoeoeoeoeoei,0
small,g13,12,7,1,1,hotio,0
small,g13,12,7,1,2,hotae,1
small,g13,12,27,4,3,papsae,1
small,g13,12,27,4,4,papio,1
small,g13,12,16,3,1,waeseo,0
small,g13,12,16,3,2,waesie,1
small,g13,12,17,3,3,waesea,1
small,g13,12,17,3,4,waesoeoeoeoei,1
small,g13,12,24,4,1,papsiiiiiiiiiiiiii,1
small,g13,12,24,4,2,papsuu,1
small,g13,12,28,4,3,papsoe,1
small,g13,12,28,4,4,papsuuui,1
small,g13,12,9,2,1,waesu,0
small,g13,12,9,2,2,poik,1
small,g13,12,20,3,3,waesoe,1
small,g13,12,20,3,4,waesuuui,1
small,g13,12,10,2,1,poikio,0
small,g13,12,10,2,2,poikaeu,0
small,g13,12,5,1,3,hotie,1
small,g13,12,5,1,4,hotae,1
small,g13,13,14,2,1,poikio,1
small,g13,13,14,2,4,poikiiie,1
small,g13,13,9,2,2,poik,1
small,g13,13,9,2,3,poik,1
small,g13,13,12,2,1,poikeo,1
small,g13,13,12,2,4,poikea,0
small,g13,13,3,1,2,hoot,1
small,g13,13,3,1,3,hoot,1
small,g13,13,5,1,1,hoteo,1
small,g13,13,5,1,4,hotea,1
small,g13,13,24,4,2,papsuu,1
small,g13,13,24,4,3,papsiiiii,1
small,g13,13,17,3,1,waesea,1
small,g13,13,17,3,4,waesae,1
small,g13,13,20,3,2,waesia,1
small,g13,13,20,3,3,wasoe,1
small,g13,13,19,3,1,waesio,1
small,g13,13,19,3,4,wasiiiie,1
small,g13,13,4,1,2,hotea,1
small,g13,13,4,1,3,hotae,1
small,g13,13,11,2,1,poikea,1
small,g13,13,11,2,4,poikae,1
small,g13,13,23,4,2,papseee,1
small,g13,13,23,4,3,papsuuuuuuuuuuuuuuuuuuuuu,1
small,g13,13,2,1,1,hotuuuu,1
small,g13,13,2,1,4,hoot,1
small,g13,13,1,1,2,hotia,1
small,g13,13,1,1,3,hotoe,1
small,g13,13,27,4,1,papsio,1
small,g13,13,27,4,4,papsiiie,1
small,g13,13,7,1,2,hotio,1
small,g13,13,7,1,3,hotiiiie,1
small,g13,13,21,3,1,waeseeeeeeee,1
small,g13,13,21,3,4,waeseoeeoeoeoeoeoeoeoe,0
small,g13,13,10,2,2,poikio,0
small,g13,13,10,2,3,poikiiiie,1
small,g13,13,6,1,1,hoitea,1
small,g13,13,6,1,4,hotuuuuuuui,0
small,g13,13,25,4,2,papsea,1
small,g13,13,25,4,3,papsae,1
small,g13,13,22,4,1,papseo,1
small,g13,13,22,4,4,papsea,1
small,g13,13,28,4,2,papsia,1
small,g13,13,28,4,3,papsoe,1
small,g13,13,16,3,1,waeseo,1
small,g13,13,16,3,4,waesea,0
small,g13,14,25,4,3,papsea,1
small,g13,14,25,4,4,papsuuuuui,0
small,g13,14,5,1,1,hoiteo,1
small,g13,14,5,1,2,hoteo,1
small,g13,14,9,2,3,poik,1
small,g13,14,9,2,4,poik,1
small,g13,14,10,2,1,poikio,1
small,g13,14,10,2,2,poikiie,1
small,g13,14,14,2,3,poikiooo,1
small,g13,14,14,2,4,poikiiiiiiiie,1
small,g13,14,12,2,1,poikeooo,0
small,g13,14,12,2,2,poikeo,1
small,g13,14,6,1,3,hotea,1
small,g13,14,6,1,4,hotuuuuuui,1
small,g13,14,28,4,1,papsia,1
small,g13,14,28,4,2,papsaai,1
small,g13,14,7,1,3,hotio,1
small,g13,14,7,1,4,hotiiiiiiie,1
small,g13,14,2,1,1,hotu,1
small,g13,14,2,1,2,haat,1
small,g13,14,4,1,3,hotea,1
small,g13,14,4,1,4,hotuuuuui,1
small,g13,14,27,4,1,papsio,0
small,g13,14,27,4,2,papsiiie,1
small,g13,14,3,1,3,hoot,1
small,g13,14,3,1,4,haat,1
small,g13,14,24,4,1,papsiiiiiiiiiiiiiiiiii,1
small,g13,14,24,4,2,papshhh,0
small,g13,14,17,3,3,waesea,1
small,g13,14,17,3,4,waesuuuui,1
small,g13,14,11,2,1,poikea,1
small,g13,14,11,2,2,poikuuui,1
small,g13,14,22,4,3,papsie,0
small,g13,14,22,4,4,papea,1
small,g13,14,21,3,1,waeseeeeeeee,1
small,g13,14,21,3,2,waeseee,1
small,g13,14,20,3,3,waesiia,1
small,g13,14,20,3,4,waeshaati,1
small,g13,14,23,4,1,papseeeeee,1
small,g13,14,23,4,2,papseee,1
small,g13,14,19,3,3,waes,0
small,g13,14,19,3,4,waes,1
small,g13,14,1,1,1,hoitia,1
small,g13,14,1,1,2,hootuuui,0
small,g13,14,16,3,3,waesoe,1
small,g13,14,16,3,4,waesea,0
small,g14,5,1,1,1,pieeoup,0
small,g14,9,1,1,1,pieoup,1
small,g14,14,1,1,1,pieoup,0
small,g14,5,1,1,2,opukkie,0
small,g14,7,1,1,2,petop,0
small,g14,9,1,1,2,mesoka,0
small,g14,10,1,1,2,petopnoup,1
small,g14,13,1,1,2,petopki,0
small,g14,14,1,1,2,petopnofuut,0
small,g14,5,1,1,3,ippiee,1
small,g14,6,1,1,3,kiopaa,0
small,g14,7,1,1,3,piokko,0
small,g14,8,1,1,3,opiau,1
small,g14,10,1,1,3,petap,0
small,g14,11,1,1,3,fuutpet,0
small,g14,12,1,1,3,pettau,0
small,g14,13,1,1,3,pettau,0
small,g14,5,1,1,4,skoptt,0
small,g14,6,1,1,4,skoppia,0
small,g14,8,1,1,4,skoppee,0
small,g14,11,1,1,4,petaf,1
small,g14,12,1,1,4,ouppiee,0
small,g14,7,2,1,1,skopie,0
small,g14,8,2,1,1,aaakop,0
small,g14,9,2,1,1,oupiaaahh,0
small,g14,11,2,1,1,mesouppie,0
small,g14,12,2,1,1,oupimisop,0
small,g14,13,2,1,1,mesopki,0
small,g14,14,2,1,1,petiop,1
small,g14,8,2,1,2,petopmi,0
small,g14,9,2,1,2,petamimi,1
small,g14,10,2,1,2,petopma,1
small,g14,11,2,1,2,petopmi,1
small,g14,12,2,1,2,petopminofuut,0
small,g14,14,2,1,2,petopmi,0
small,g14,6,2,1,3,kuukiop,0
small,g14,10,2,1,3,petop,0
small,g14,6,2,1,4,skopi,0
small,g14,7,2,1,4,skoppia,1
small,g14,13,2,1,4,petop,0
small,g14,3,3,1,1,oupooo,0
small,g14,6,3,1,1,ouppie,1
small,g14,7,3,1,1,oupooo,0
small,g14,8,3,1,1,ouppieoooh,0
small,g14,9,3,1,1,ouppoooh,1
small,g14,10,3,1,1,ouppooh,0
small,g14,12,3,1,1,oupieoooh,1
small,g14,3,3,1,2,siopku,1
small,g14,4,3,1,2,opekku,0
small,g14,6,3,1,2,koppku,0
small,g14,8,3,1,2,petop,1
small,g14,9,3,1,2,petopmi,1
small,g14,12,3,1,2,petopmifuut,1
small,g14,13,3,1,2,ouppiemi,0
small,g14,3,3,1,3,sisoiku,0
small,g14,4,3,1,3,mopka,0
small,g14,5,3,1,3,pemopiee,1
small,g14,11,3,1,3,petimpo,0
small,g14,13,3,1,3,petopmi,1
small,g14,14,3,1,3,petmipo,1
small,g14,3,3,1,4,kopop,1
small,g14,5,3,1,4,skoppa,0
small,g14,7,3,1,4,skoppia,0
small,g14,10,3,1,4,kopop,0
small,g14,11,3,1,4,petop,0
small,g14,14,3,1,4,petop,1
small,g14,4,4,1,1,pieoupp,0
small,g14,6,4,1,1,pieouu,0
small,g14,7,4,1,1,ouppah,0
small,g14,8,4,1,1,oupieehh,0
small,g14,10,4,1,1,oupieeh,0
small,g14,4,4,1,2,opekpos,0
small,g14,6,4,1,2,koppkuu,0
small,g14,8,4,1,2,petoppa,0
small,g14,13,4,1,2,petopfaat,0
small,g14,4,4,1,3,kopka,0
small,g14,5,4,1,3,sopiee,0
small,g14,9,4,1,3,petoso,1
small,g14,11,4,1,3,peta,0
small,g14,12,4,1,3,petofuut,0
small,g14,13,4,1,3,petaf,1
small,g14,14,4,1,3,petahh,0
small,g14,4,4,1,4,skoppo,1
small,g14,5,4,1,4,skopha,0
small,g14,7,4,1,4,skoppa,0
small,g14,9,4,1,4,ouppii,0
small,g14,10,4,1,4,kopaf,0
small,g14,11,4,1,4,petafff,0
small,g14,12,4,1,4,oupiemisaf,0
small,g14,14,4,1,4,petaf,0
small,g14,1,5,1,1,ouppie,0
small,g14,2,5,1,1,ouppie,0
small,g14,3,5,1,1,ouppie,0
small,g14,4,5,1,1,ouppie,0
small,g14,5,5,1,1,ouppiee,1
small,g14,6,5,1,1,skoppio,1
small,g14,7,5,1,1,meeoup,0
small,g14,13,5,1,1,ouppie,0
small,g14,14,5,1,1,ouppie,0
small,g14,1,5,1,2,setok,0
small,g14,1,5,1,2,pitop,1
small,g14,2,5,1,2,oppett,0
small,g14,3,5,1,2,kiopkaa,1
small,g14,5,5,1,2,skoppu,1
small,g14,6,5,1,2,kioppuu,0
small,g14,10,5,1,2,oupiehaa,1
small,g14,14,5,1,2,petopfaat,1
small,g14,1,5,1,3,piakfuut,0
small,g14,1,5,1,3,poussa,0
small,g14,2,5,1,3,ouppie,1
small,g14,8,5,1,3,ausopi,0
small,g14,9,5,1,3,petamee,1
small,g14,10,5,1,3,kopguut,0
small,g14,11,5,1,3,petfuut,0
small,g14,12,5,1,3,petfuut,0
small,g14,1,5,1,4,skop,0
small,g14,2,5,1,4,skop,0
small,g14,4,5,1,4,skopa,0
small,g14,7,5,1,4,skoppiee,1
small,g14,8,5,1,4,petopf,0
small,g14,9,5,1,4,ouppiat,0
small,g14,11,5,1,4,petok,0
small,g14,12,5,1,4,petopp,0
small,g14,13,5,1,4,kopguut,0
small,g14,8,6,1,1,misopoupiau,0
small,g14,9,6,1,1,ouppahh,1
small,g14,11,6,1,1,fuutmes,1
small,g14,13,6,1,1,oupiaah,1
small,g14,7,6,1,2,skopoo,0
small,g14,8,6,1,2,petopka,0
small,g14,9,6,1,2,petopka,0
small,g14,10,6,1,2,petopmi,0
small,g14,11,6,1,2,mesup,0
small,g14,6,6,1,3,kiopkuu,0
small,g14,7,6,1,3,skoppa,0
small,g14,10,6,1,3,peta,1
small,g14,12,6,1,3,petfuut,0
small,g14,14,6,1,3,petiahh,1
small,g14,6,6,1,4,skopia,1
small,g14,12,6,1,4,ouppieaf,0
small,g14,13,6,1,4,kopaf,1
small,g14,14,6,1,4,petafnofuut,0
small,g14,1,7,1,1,toutek,0
small,g14,2,7,1,1,pieouu,0
small,g14,3,7,1,1,oupeee,1
small,g14,5,7,1,1,pieoouu,0
small,g14,11,7,1,1,tekfuut,0
small,g14,12,7,1,1,oupieeh,1
small,g14,1,7,1,2,ooppet,0
small,g14,2,7,1,2,fuut,0
small,g14,3,7,1,2,tattuu,0
small,g14,4,7,1,2,upukkie,0
small,g14,5,7,1,2,piokfeet,0
small,g14,7,7,1,2,meauapp,0
small,g14,10,7,1,2,petopmo,1
small,g14,11,7,1,2,petopi,1
small,g14,12,7,1,2,petopfuut,0
small,g14,13,7,1,2,petopfuut,0
small,g14,1,7,1,3,oppet,0
small,g14,2,7,1,3,pipot,0
small,g14,3,7,1,3,kiopku,1
small,g14,4,7,1,3,skoppi,1
small,g14,6,7,1,3,kiopuu,0
small,g14,7,7,1,3,skoppia,0
small,g14,8,7,1,3,oupiooh,1
small,g14,9,7,1,3,petami,0
small,g14,10,7,1,3,petfuut,1
small,g14,13,7,1,3,petfuut,1
small,g14,14,7,1,3,petfuut,1
small,g14,1,7,1,4,skopi,0
small,g14,2,7,1,4,skopi,0
small,g14,3,7,1,4,skopi,1
small,g14,6,7,1,4,skoppio,0
small,g14,8,7,1,4,petopp,0
small,g14,9,7,1,4,ouppio,1
small,g14,14,7,1,4,petopfuut,1
small,g14,1,9,2,1,mosip,1
small,g14,1,9,2,1,mosip,0
small,g14,2,9,2,1,misop,1
small,g14,3,9,2,1,misop,1
small,g14,4,9,2,1,misop,0
small,g14,7,9,2,1,misop,1
small,g14,8,9,2,1,misop,1
small,g14,9,9,2,1,misop,0
small,g14,11,9,2,1,mesop,1
small,g14,12,9,2,1,mesop,1
small,g14,1,9,2,2,opet,0
small,g14,2,9,2,2,neepupp,0
small,g14,3,9,2,2,tutekk,0
small,g14,8,9,2,2,piokkku,1
small,g14,9,9,2,2,mesonoupmi,0
small,g14,10,9,2,2,pioktaak,0
small,g14,11,9,2,2,mesomi,0
small,g14,12,9,2,2,piokmi,0
small,g14,13,9,2,2,ouppieki,0
small,g14,1,9,2,3,mosip,1
small,g14,2,9,2,3,misop,1
small,g14,3,9,2,3,misop,0
small,g14,5,9,2,3,misop,1
small,g14,6,9,2,3,mosip,0
small,g14,10,9,2,3,mesop,0
small,g14,13,9,2,3,mesop,0
small,g14,14,9,2,3,mesiop,1
small,g14,1,9,2,4,mosip,1
small,g14,1,9,2,4,mosip,1
small,g14,2,9,2,4,piakfuut,0
small,g14,3,9,2,4,tiok,0
small,g14,4,9,2,4,piokhuut,0
small,g14,5,9,2,4,piokkaa,0
small,g14,6,9,2,4,piokhuut,0
small,g14,7,9,2,4,piokko,0
small,g14,14,9,2,4,mesafnofuut,0
small,g14,1,10,2,1,toutok,0
small,g14,1,10,2,1,paka,0
small,g14,2,10,2,1,guito,0
small,g14,6,10,2,1,toukie,1
small,g14,8,10,2,1,misep,1
small,g14,10,10,2,1,pioktuk,0
small,g14,12,10,2,1,optek,0
small,g14,14,10,2,1,mestok,1
small,g14,1,10,2,2,kipou,1
small,g14,2,10,2,2,kopppa,0
small,g14,4,10,2,2,misopp,1
small,g14,6,10,2,2,kiopku,0
small,g14,7,10,2,2,mesopp,0
small,g14,8,10,2,2,piokfeet,1
small,g14,12,10,2,2,mesoip,1
small,g14,13,10,2,2,mesoki,0
small,g14,14,10,2,2,mesofuut,1
small,g14,1,10,2,3,piokfuut,1
small,g14,2,10,2,3,piokfuut,0
small,g14,3,10,2,3,siopku,0
small,g14,3,10,2,3,sutak,0
small,g14,4,10,2,3,piokfuut,1
small,g14,5,10,2,3,piokfuut,0
small,g14,7,10,2,3,piokfuut,1
small,g14,9,10,2,3,mesoppi,0
small,g14,11,10,2,3,mesfuut,0
small,g14,13,10,2,3,mesfuut,0
small,g14,1,10,2,4,piokfuut,1
small,g14,1,10,2,4,fuit,0
small,g14,2,10,2,4,piokfuut,0
small,g14,3,10,2,4,piokfuut,0
small,g14,3,10,2,4,piokfuut,0
small,g14,5,10,2,4,piokfuut,0
small,g14,9,10,2,4,piokguut,0
small,g14,10,10,2,4,messi,1
small,g14,11,10,2,4,mesip,0
small,g14,3,11,2,1,piokfet,0
small,g14,4,11,2,1,misep,0
small,g14,5,11,2,1,sitak,0
small,g14,7,11,2,1,titak,0
small,g14,8,11,2,1,misap,1
small,g14,9,11,2,1,misap,1
small,g14,12,11,2,1,misaf,0
small,g14,13,11,2,1,mesopmi,0
small,g14,14,11,2,1,mesahh,0
small,g14,3,11,2,2,sutokk,0
small,g14,4,11,2,2,kiopku,0
small,g14,5,11,2,2,piokfeet,1
small,g14,8,11,2,2,takka,0
small,g14,9,11,2,2,mesoup,0
small,g14,10,11,2,2,mesonoup,0
small,g14,12,11,2,2,mesofuut,0
small,g14,14,11,2,2,mesonofuut,0
small,g14,3,11,2,3,tatta,0
small,g14,4,11,2,3,kiopku,0
small,g14,6,11,2,3,piokfaat,0
small,g14,10,11,2,3,piokfaat,0
small,g14,11,11,2,3,mesa,0
small,g14,3,11,2,4,pioksuut,0
small,g14,4,11,2,4,piokfaat,1
small,g14,6,11,2,4,piokki,0
small,g14,7,11,2,4,piokaa,0
small,g14,11,11,2,4,mesok,0
small,g14,13,11,2,4,mesaf,1
small,g14,2,12,2,1,ouppie,0
small,g14,3,12,2,1,ooopiie,0
small,g14,4,12,2,1,ouppee,0
small,g14,5,12,2,1,sitok,0
small,g14,7,12,2,1,petuup,0
small,g14,9,12,2,1,takkiat,0
small,g14,13,12,2,1,miouppie,0
small,g14,14,12,2,1,mesfuut,0
small,g14,2,12,2,2,piokfota,1
small,g14,3,12,2,2,opakku,0
small,g14,5,12,2,2,piokfeet,1
small,g14,9,12,2,2,mesoppi,0
small,g14,10,12,2,2,mesoup,0
small,g14,14,12,2,2,mesofaat,0
small,g14,2,12,2,3,oupie,0
small,g14,3,12,2,3,totto,0
small,g14,6,12,2,3,piokguut,0
small,g14,8,12,2,3,piokguut,0
small,g14,10,12,2,3,piokguut,0
small,g14,11,12,2,3,mesfuut,0
small,g14,12,12,2,3,mesotau,0
small,g14,2,12,2,4,pookfuut,0
small,g14,3,12,2,4,piokhuut,0
small,g14,4,12,2,4,piokguut,1
small,g14,6,12,2,4,piokfoot,1
small,g14,7,12,2,4,piokee,0
small,g14,8,12,2,4,piokko,0
small,g14,11,12,2,4,mesop,1
small,g14,12,12,2,4,mosipsi,1
small,g14,13,12,2,4,mosipop,0
small,g14,4,14,2,1,pukiop,0
small,g14,5,14,2,1,sopmi,1
small,g14,12,14,2,1,sopmi,1
small,g14,13,14,2,1,setiokmoi,1
small,g14,4,14,2,2,oppukk,0
small,g14,5,14,2,2,sikot,0
small,g14,7,14,2,2,meupp,0
small,g14,10,14,2,2,mesoupmi,0
small,g14,12,14,2,2,mesofuut,1
small,g14,4,14,2,3,piokfuut,1
small,g14,6,14,2,3,piokfuut,0
small,g14,7,14,2,3,piokfuut,0
small,g14,8,14,2,3,sapmi,1
small,g14,9,14,2,3,mesosami,1
small,g14,10,14,2,3,piokfuut,1
small,g14,11,14,2,3,mesfaat,0
small,g14,14,14,2,3,mesguut,0
small,g14,4,14,2,4,piokfuut,1
small,g14,6,14,2,4,piokfuut,0
small,g14,8,14,2,4,piokfuut,0
small,g14,9,14,2,4,misip,0
small,g14,11,14,2,4,piokfuut,0
small,g14,13,14,2,4,mosipop,0
small,g14,14,14,2,4,mesfuut,0
small,g14,5,16,3,1,poekooo,0
small,g14,6,16,3,1,toutook,0
small,g14,7,16,3,1,opogoo,0
small,g14,9,16,3,1,sitooohk,0
small,g14,11,16,3,1,takfuut,1
small,g14,12,16,3,1,poekaa,0
small,g14,13,16,3,1,toktok,0
small,g14,5,16,3,2,sipukk,1
small,g14,6,16,3,2,upkiok,1
small,g14,9,16,3,2,mesoup,0
small,g14,10,16,3,2,pioktuuk,0
small,g14,11,16,3,2,mesoop,0
small,g14,12,16,3,2,piokfaat,1
small,g14,5,16,3,3,koeki,1
small,g14,8,16,3,3,toutak,0
small,g14,10,16,3,3,kopguut,0
small,g14,14,16,3,3,mesguut,0
small,g14,5,16,3,4,poekha,0
small,g14,7,16,3,4,poeki,0
small,g14,8,16,3,4,poeko,0
small,g14,13,16,3,4,mosippp,0
small,g14,14,16,3,4,mesop,0
small,g14,1,17,3,1,setok,0
small,g14,1,17,3,1,setuk,0
small,g14,2,17,3,1,sitak,0
small,g14,3,17,3,1,toutak,0
small,g14,8,17,3,1,toutak,0
small,g14,9,17,3,1,taktou,0
small,g14,11,17,3,1,sipat,0
small,g14,13,17,3,1,mesonofuut,0
small,g14,1,17,3,2,fiotku,0
small,g14,2,17,3,2,nopeki,0
small,g14,3,17,3,2,fetookk,0
small,g14,4,17,3,2,kioppie,0
small,g14,7,17,3,2,opuugu,0
small,g14,8,17,3,2,mesap,0
small,g14,9,17,3,2,mesonoup,0
small,g14,10,17,3,2,taktak,0
small,g14,11,17,3,2,tousa,0
small,g14,1,17,3,3,sokop,0
small,g14,2,17,3,3,poeika,0
small,g14,4,17,3,3,poeka,1
small,g14,5,17,3,3,poeka,0
small,g14,6,17,3,3,fiokfee,0
small,g14,7,17,3,3,poeka,1
small,g14,10,17,3,3,poeka,1
small,g14,12,17,3,3,piokfuut,0
small,g14,14,17,3,3,mesahh,0
small,g14,1,17,3,4,setop,0
small,g14,1,17,3,4,poeika,1
small,g14,2,17,3,4,setop,0
small,g14,5,17,3,4,sikat,0
small,g14,6,17,3,4,toktou,1
small,g14,12,17,3,4,poekaa,0
small,g14,13,17,3,4,mestaf,0
small,g14,14,17,3,4,mesaf,1
small,g14,1,19,3,1,poka,0
small,g14,3,19,3,1,piokfuut,0
small,g14,4,19,3,1,toutak,0
small,g14,10,19,3,1,tektek,0
small,g14,11,19,3,1,fuuttek,0
small,g14,12,19,3,1,tekoff,0
small,g14,13,19,3,1,tekop,0
small,g14,1,19,3,2,setup,0
small,g14,1,19,3,2,kopui,0
small,g14,3,19,3,2,uoki,0
small,g14,7,19,3,2,petaap,0
small,g14,11,19,3,2,mesaup,0
small,g14,12,19,3,2,mesafuut,0
small,g14,1,19,3,3,setap,0
small,g14,1,19,3,3,foeika,1
small,g14,2,19,3,3,poeika,0
small,g14,2,19,3,3,poeika,0
small,g14,5,19,3,3,koeka,0
small,g14,6,19,3,3,piokfuut,0
small,g14,7,19,3,3,apoek,0
small,g14,8,19,3,3,toktau,0
small,g14,9,19,3,3,mesonoup,0
small,g14,14,19,3,3,mesfuut,1
small,g14,1,19,3,4,poeka,1
small,g14,2,19,3,4,poeka,0
small,g14,2,19,3,4,poeka,0
small,g14,4,19,3,4,poeka,0
small,g14,5,19,3,4,poeka,1
small,g14,6,19,3,4,poeka,0
small,g14,8,19,3,4,poeka,0
small,g14,9,19,3,4,takop,0
small,g14,10,19,3,4,piokfuut,0
small,g14,13,19,3,4,mesfuut,0
small,g14,14,19,3,4,mesfuut,0
small,g14,3,20,3,1,sitak,0
small,g14,4,20,3,1,sitak,0
small,g14,5,20,3,1,kikou,1
small,g14,6,20,3,1,tektou,1
small,g14,8,20,3,1,taktou,1
small,g14,9,20,3,1,takap,0
small,g14,10,20,3,1,tektok,0
small,g14,3,20,3,2,nokoppa,1
small,g14,5,20,3,2,poekho,0
small,g14,6,20,3,2,fiokfee,0
small,g14,7,20,3,2,nuop,0
small,g14,8,20,3,2,sokup,0
small,g14,9,20,3,2,mesonoup,0
small,g14,13,20,3,2,mesonofuut,0
small,g14,3,20,3,3,tutokk,0
small,g14,7,20,3,3,poeke,0
small,g14,11,20,3,3,pettak,0
small,g14,12,20,3,3,pioktau,1
small,g14,13,20,3,3,mestau,0
small,g14,14,20,3,3,mestau,1
small,g14,3,20,3,4,poeko,0
small,g14,4,20,3,4,poeki,0
small,g14,10,20,3,4,poekahf,1
small,g14,11,20,3,4,takaff,0
small,g14,12,20,3,4,poekaf,0
small,g14,14,20,3,4,mesaf,1
small,g14,4,21,3,1,setek,0
small,g14,6,21,3,1,toutak,0
small,g14,8,21,3,1,toutek,1
small,g14,10,21,3,1,taktak,0
small,g14,12,21,3,1,sitak,1
small,g14,13,21,3,1,taktak,0
small,g14,14,21,3,1,mestak,0
small,g14,4,21,3,2,kiopka,0
small,g14,6,21,3,2,piokfeet,0
small,g14,7,21,3,2,opoogaa,0
small,g14,8,21,3,2,poekkee,0
small,g14,12,21,3,2,mesami,1
small,g14,14,21,3,2,mesami,1
small,g14,4,21,3,3,sekop,0
small,g14,5,21,3,3,poeke,1
small,g14,7,21,3,3,poekea,1
small,g14,9,21,3,3,mesonap,0
small,g14,11,21,3,3,sipet,1
small,g14,4,21,3,4,poeko,1
small,g14,5,21,3,4,sipak,0
small,g14,9,21,3,4,taksi,1
small,g14,10,21,3,4,poeksi,1
small,g14,11,21,3,4,tousi,0
small,g14,13,21,3,4,taksi,0
small,g14,1,22,4,1,piokfuut,0
small,g14,1,22,4,1,piokfuut,0
small,g14,2,22,4,1,piokfuut,0
small,g14,3,22,4,1,piokfuut,0
small,g14,4,22,4,1,kopouppie,0
small,g14,6,22,4,1,piokfuut,0
small,g14,7,22,4,1,piokfuut,1
small,g14,9,22,4,1,piokfuut,0
small,g14,10,22,4,1,toktok,0
small,g14,11,22,4,1,piokfuut,0
small,g14,13,22,4,1,fuuttak,1
small,g14,1,22,4,2,pitou,0
small,g14,2,22,4,2,poeka,0
small,g14,3,22,4,2,tuttu,0
small,g14,4,22,4,2,opekku,0
small,g14,6,22,4,2,kiopkop,1
small,g14,9,22,4,2,takkion,1
small,g14,11,22,4,2,takop,1
small,g14,1,22,4,3,toutik,1
small,g14,2,22,4,3,toutik,0
small,g14,3,22,4,3,oppaku,0
small,g14,4,22,4,3,toutik,1
small,g14,5,22,4,3,piokfaat,1
small,g14,8,22,4,3,taktou,0
small,g14,12,22,4,3,tautak,1
small,g14,14,22,4,3,takguut,0
small,g14,1,22,4,4,setiop,0
small,g14,1,22,4,4,uppie,0
small,g14,2,22,4,4,uppie,0
small,g14,3,22,4,4,optak,0
small,g14,4,22,4,4,takkiopi,0
small,g14,5,22,4,4,takko,1
small,g14,7,22,4,4,tootak,1
small,g14,8,22,4,4,takop,0
small,g14,10,22,4,4,takop,1
small,g14,12,22,4,4,takopp,1
small,g14,13,22,4,4,toutakop,1
small,g14,14,22,4,4,taknofuut,1
small,g14,2,23,4,1,piokfaat,0
small,g14,3,23,4,1,piokfaat,0
small,g14,5,23,4,1,piokfuut,0
small,g14,6,23,4,1,taksi,1
small,g14,10,23,4,1,tiktik,1
small,g14,11,23,4,1,sitak,1
small,g14,14,23,4,1,sitak,0
small,g14,2,23,4,2,pekioooo,0
small,g14,3,23,4,2,kiopku,0
small,g14,4,23,4,2,upikkopp,0
small,g14,5,23,4,2,poekkoo,0
small,g14,6,23,4,2,kioppa,0
small,g14,7,23,4,2,kwatee,0
small,g14,11,23,4,2,takmi,0
small,g14,13,23,4,2,takfuutmi,0
small,g14,14,23,4,2,takmi,1
small,g14,2,23,4,3,sitak,0
small,g14,3,23,4,3,fetak,0
small,g14,4,23,4,3,fitak,1
small,g14,7,23,4,3,takti,1
small,g14,8,23,4,3,sitak,0
small,g14,9,23,4,3,sitak,1
small,g14,12,23,4,3,sitak,0
small,g14,13,23,4,3,taksi,0
small,g14,2,23,4,4,sopie,1
small,g14,3,23,4,4,sitak,0
small,g14,8,23,4,4,sitak,0
small,g14,9,23,4,4,taksi,0
small,g14,10,23,4,4,taksi,1
small,g14,12,23,4,4,taksi,0
small,g14,2,24,4,1,sitak,1
small,g14,2,24,4,1,guito,0
small,g14,5,24,4,1,fuutpiok,1
small,g14,7,24,4,1,fuutpiok,0
small,g14,8,24,4,1,kopskiee,0
small,g14,9,24,4,1,kittak,1
small,g14,10,24,4,1,tektek,1
small,g14,11,24,4,1,piokpiok,0
small,g14,12,24,4,1,tekof,0
small,g14,14,24,4,1,taksi,0
small,g14,2,24,4,2,kopit,0
small,g14,2,24,4,2,kpiooo,0
small,g14,4,24,4,2,oppukk,0
small,g14,5,24,4,2,piokfuut,0
small,g14,8,24,4,2,takkaa,0
small,g14,9,24,4,2,takmi,1
small,g14,11,24,4,2,takmi,0
small,g14,12,24,4,2,takmii,1
small,g14,13,24,4,2,takmi,1
small,g14,14,24,4,2,takmi,0
small,g14,2,24,4,3,titak,1
small,g14,3,24,4,3,titak,0
small,g14,4,24,4,3,titak,0
small,g14,6,24,4,3,titak,0
small,g14,13,24,4,3,sitak,1
small,g14,2,24,4,4,sipie,1
small,g14,3,24,4,4,sietak,1
small,g14,6,24,4,4,sitak,0
small,g14,7,24,4,4,sitak,1
small,g14,10,24,4,4,taksu,1
small,g14,5,25,4,1,piofuut,0
small,g14,6,25,4,1,kietak,1
small,g14,11,25,4,1,fuutpet,0
small,g14,5,25,4,2,piokfuut,0
small,g14,6,25,4,2,toutokk,0
small,g14,7,25,4,2,fuutpiak,1
small,g14,10,25,4,2,koepko,0
small,g14,11,25,4,2,takaf,0
small,g14,13,25,4,2,faattak,0
small,g14,5,25,4,3,foutak,1
small,g14,7,25,4,3,teetak,1
small,g14,8,25,4,3,koppaa,0
small,g14,9,25,4,3,takoso,0
small,g14,10,25,4,3,taka,1
small,g14,12,25,4,3,takfuut,0
small,g14,13,25,4,3,tautakni,0
small,g14,14,25,4,3,takahh,1
small,g14,5,25,4,4,takgi,0
small,g14,8,25,4,4,takie,0
small,g14,9,25,4,4,takkie,0
small,g14,12,25,4,4,takof,0
small,g14,14,25,4,4,takfuut,0
small,g14,6,27,4,1,fuutpiok,0
small,g14,7,27,4,1,fuutpiooook,0
small,g14,10,27,4,1,pioktek,0
small,g14,13,27,4,1,petopfuuttak,0
small,g14,14,27,4,1,mestik,0
small,g14,6,27,4,2,kioppo,0
small,g14,14,27,4,2,takfuut,1
small,g14,8,27,4,3,skiopoo,0
small,g14,9,27,4,3,tootak,0
small,g14,11,27,4,3,takouppie,0
small,g14,12,27,4,3,fuuttak,1
small,g14,7,27,4,4,tootak,1
small,g14,8,27,4,4,takkie,0
small,g14,9,27,4,4,takop,0
small,g14,10,27,4,4,takop,1
small,g14,11,27,4,4,takopp,1
small,g14,12,27,4,4,takop,0
small,g14,13,27,4,4,takfuut,1
small,g14,1,28,4,1,netek,0
small,g14,2,28,4,1,opet,0
small,g14,3,28,4,1,takop,1
small,g14,4,28,4,1,fuutpiok,0
small,g14,5,28,4,1,foutek,1
small,g14,7,28,4,1,fuutpiok,0
small,g14,10,28,4,1,tektek,0
small,g14,11,28,4,1,takseh,1
small,g14,14,28,4,1,takseh,0
small,g14,1,28,4,2,ketop,0
small,g14,1,28,4,2,poko,0
small,g14,2,28,4,2,kuippo,0
small,g14,3,28,4,2,ipaiku,0
small,g14,4,28,4,2,kioppu,0
small,g14,5,28,4,2,takgoo,0
small,g14,11,28,4,2,takafi,0
small,g14,13,28,4,2,takfuut,0
small,g14,14,28,4,2,takfaat,1
small,g14,1,28,4,3,toutak,1
small,g14,1,28,4,3,toutak,1
small,g14,2,28,4,3,toutak,0
small,g14,4,28,4,3,toutak,1
small,g14,6,28,4,3,toutak,0
small,g14,8,28,4,3,taktou,0
small,g14,9,28,4,3,taktau,0
small,g14,12,28,4,3,taktau,1
small,g14,13,28,4,3,tautak,0
small,g14,1,28,4,4,toutak,1
small,g14,2,28,4,4,speki,0
small,g14,4,28,4,4,tako,0
small,g14,6,28,4,4,takkie,0
small,g14,7,28,4,4,teetak,0
small,g14,8,28,4,4,takko,1
small,g14,9,28,4,4,takkii,0
small,g14,10,28,4,4,takap,1
small,g14,12,28,4,4,takaf,1
small,g15,3,1,1,1,mee,0
small,g15,4,1,1,1,peei,0
small,g15,5,1,1,1,hee-i,0
small,g15,6,1,1,1,haa-i,0
small,g15,8,1,1,1,hees,0
small,g15,9,1,1,1,hee-i,0
small,g15,10,1,1,1,maai,0
small,g15,12,1,1,1,mee-e,0
small,g15,13,1,1,1,hee-e,0
small,g15,3,1,1,2,peeo,0
small,g15,5,1,1,2,peeo,0
small,g15,6,1,1,2,peeop,0
small,g15,7,1,1,2,peeop,0
small,g15,8,1,1,2,peeo,0
small,g15,9,1,1,2,peeo,1
small,g15,12,1,1,2,peeiu,1
small,g15,3,1,1,3,pee-t,1
small,g15,7,1,1,3,pee-w,0
small,g15,11,1,1,3,peeow,0
small,g15,14,1,1,3,pee-o,0
small,g15,3,1,1,4,mef,0
small,g15,4,1,1,4,wes,0
small,g15,10,1,1,4,meso,0
small,g15,11,1,1,4,meso,0
small,g15,13,1,1,4,mesoo,0
small,g15,14,1,1,4,meioo,1
small,g15,1,2,1,1,waai,1
small,g15,2,2,1,1,moi-n,0
small,g15,3,2,1,1,wef,0
small,g15,8,2,1,1,pee-i,0
small,g15,12,2,1,1,mee-i,0
small,g15,1,2,1,2,faw,0
small,g15,1,2,1,2,woei,0
small,g15,2,2,1,2,pee,0
small,g15,3,2,1,2,peek,1
small,g15,4,2,1,2,pee,0
small,g15,7,2,1,2,peeop,0
small,g15,8,2,1,2,peeo,1
small,g15,10,2,1,2,peekopop,0
small,g15,12,2,1,2,peeetup,1
small,g15,13,2,1,2,peeet,0
small,g15,1,2,1,3,wef,0
small,g15,1,2,1,3,wee,0
small,g15,2,2,1,3,pew,0
small,g15,3,2,1,3,pee,0
small,g15,4,2,1,3,pee,0
small,g15,5,2,1,3,pee,0
small,g15,6,2,1,3,pee,0
small,g15,7,2,1,3,pee,0
small,g15,9,2,1,3,pee,1
small,g15,10,2,1,3,meso-i,0
small,g15,11,2,1,3,pee,1
small,g15,13,2,1,3,pee,0
small,g15,14,2,1,3,pee,1
small,g15,1,2,1,4,mio,0
small,g15,2,2,1,4,huk,0
small,g15,3,2,1,4,mas,0
small,g15,5,2,1,4,wes,0
small,g15,6,2,1,4,wes,0
small,g15,9,2,1,4,meso,1
small,g15,11,2,1,4,messo,1
small,g15,14,2,1,4,mesie,1
small,g15,5,3,1,1,pee-i,1
small,g15,7,3,1,1,heeuw,0
small,g15,11,3,1,1,pee-o,0
small,g15,5,3,1,2,peen,0
small,g15,10,3,1,2,peeneenee,0
small,g15,11,3,1,2,peeneenee,0
small,g15,13,3,1,2,peeino,0
small,g15,5,3,1,3,pee,0
small,g15,6,3,1,3,pee-s,0
small,g15,8,3,1,3,hee-i,0
small,g15,9,3,1,3,pee-i,1
small,g15,10,3,1,3,pee-i,0
small,g15,12,3,1,3,pee-i,0
small,g15,13,3,1,3,pee-i,0
small,g15,14,3,1,3,pee-i,0
small,g15,5,3,1,4,wef,0
small,g15,6,3,1,4,wes,0
small,g15,7,3,1,4,pees,1
small,g15,8,3,1,4,peeo,0
small,g15,9,3,1,4,meeio,0
small,g15,12,3,1,4,mesoi,0
small,g15,14,3,1,4,mesii,0
small,g15,1,4,1,1,wee,0
small,g15,2,4,1,1,hok,0
small,g15,3,4,1,1,moi-i,1
small,g15,5,4,1,1,pan,0
small,g15,6,4,1,1,hok,0
small,g15,7,4,1,1,weop,0
small,g15,9,4,1,1,hok,0
small,g15,10,4,1,1,hok,0
small,g15,11,4,1,1,pok,1
small,g15,13,4,1,1,hok,0
small,g15,1,4,1,2,woo,0
small,g15,2,4,1,2,pee,0
small,g15,3,4,1,2,peeo,1
small,g15,4,4,1,2,peeo,1
small,g15,4,4,1,2,peeo,0
small,g15,5,4,1,2,peeo,0
small,g15,6,4,1,2,peeop,1
small,g15,9,4,1,2,peeo,1
small,g15,11,4,1,2,meso,1
small,g15,1,4,1,3,hoka,0
small,g15,2,4,1,3,hoka,1
small,g15,3,4,1,3,pee-o,0
small,g15,4,4,1,3,pee-u,0
small,g15,4,4,1,3,hoka,0
small,g15,8,4,1,3,pee-o,0
small,g15,12,4,1,3,pee-o,1
small,g15,14,4,1,3,pee-o,1
small,g15,1,4,1,4,wef,0
small,g15,2,4,1,4,tup,0
small,g15,3,4,1,4,wef,0
small,g15,7,4,1,4,miso,0
small,g15,8,4,1,4,meso,0
small,g15,10,4,1,4,peeio,1
small,g15,12,4,1,4,mesoo,1
small,g15,13,4,1,4,mesoo,0
small,g15,14,4,1,4,mesoo,1
small,g15,8,5,1,1,pes,1
small,g15,9,5,1,1,mus,0
small,g15,10,5,1,1,pokneenee,0
small,g15,13,5,1,1,hee-ne,0
small,g15,14,5,1,1,pui,1
small,g15,7,5,1,2,peeon,0
small,g15,8,5,1,2,peeo,0
small,g15,9,5,1,2,peenee,1
small,g15,14,5,1,2,meetu,0
small,g15,6,5,1,3,pee-i,0
small,g15,7,5,1,3,pee-i,0
small,g15,11,5,1,3,peu-i,1
small,g15,12,5,1,3,pee-u,1
small,g15,6,5,1,4,wes,0
small,g15,10,5,1,4,meso,0
small,g15,11,5,1,4,weeopkop,0
small,g15,12,5,1,4,meso,0
small,g15,13,5,1,4,meeso,0
small,g15,2,6,1,1,maa-i,0
small,g15,4,6,1,1,hok,0
small,g15,6,6,1,1,hoka,0
small,g15,7,6,1,1,hee-i,0
small,g15,8,6,1,1,pee-i,0
small,g15,10,6,1,1,pee,1
small,g15,11,6,1,1,hes,0
small,g15,12,6,1,1,mesi,0
small,g15,14,6,1,1,huu,0
small,g15,2,6,1,2,pee,0
small,g15,4,6,1,2,pee,1
small,g15,6,6,1,2,pee,1
small,g15,8,6,1,2,pee,0
small,g15,11,6,1,2,peeet,0
small,g15,12,6,1,2,peeet,1
small,g15,13,6,1,2,peeet,0
small,g15,14,6,1,2,meeet,0
small,g15,2,6,1,3,hik,0
small,g15,3,6,1,3,woo,0
small,g15,4,6,1,3,pee-k,0
small,g15,5,6,1,3,hoo-k,1
small,g15,9,6,1,3,pee-u,0
small,g15,13,6,1,3,pee-ii,0
small,g15,2,6,1,4,huk,0
small,g15,3,6,1,4,huk,0
small,g15,4,6,1,4,wes,0
small,g15,5,6,1,4,wes,0
small,g15,7,6,1,4,wes,0
small,g15,9,6,1,4,meso,1
small,g15,10,6,1,4,mesoo,1
small,g15,3,7,1,1,mef,0
small,g15,4,7,1,1,wee,0
small,g15,5,7,1,1,hoo-i,0
small,g15,9,7,1,1,hie,0
small,g15,11,7,1,1,hie-u,0
small,g15,14,7,1,1,pie-u,1
small,g15,3,7,1,2,peen,1
small,g15,5,7,1,2,peeon,0
small,g15,7,7,1,2,peennnnn,0
small,g15,9,7,1,2,peenee,1
small,g15,10,7,1,2,peeneenee,0
small,g15,11,7,1,2,pee,0
small,g15,13,7,1,2,peeinu,1
small,g15,14,7,1,2,meinu,0
small,g15,3,7,1,3,pee-a,1
small,g15,6,7,1,3,pee-s,1
small,g15,7,7,1,3,pees,0
small,g15,8,7,1,3,pee-s,1
small,g15,10,7,1,3,peei,1
small,g15,12,7,1,3,pee-i,0
small,g15,13,7,1,3,pee-i,1
small,g15,3,7,1,4,wef,0
small,g15,4,7,1,4,wes,0
small,g15,6,7,1,4,wes,0
small,g15,8,7,1,4,meso,0
small,g15,12,7,1,4,mesoi,0
small,g15,1,8,2,1,wee,0
small,g15,1,8,2,1,hoka,0
small,g15,2,8,2,1,hokan,0
small,g15,3,8,2,1,hoka,0
small,g15,4,8,2,1,hoei,0
small,g15,5,8,2,1,nok,0
small,g15,7,8,2,1,naa-i,1
small,g15,9,8,2,1,noei,0
small,g15,11,8,2,1,naa,1
small,g15,13,8,2,1,naa-uw,1
small,g15,14,8,2,1,nanok,0
small,g15,1,8,2,2,fio,0
small,g15,2,8,2,2,waai,0
small,g15,3,8,2,2,woei,1
small,g15,5,8,2,2,waai,0
small,g15,9,8,2,2,waaiuit,1
small,g15,10,8,2,2,neeuit,0
small,g15,11,8,2,2,neuit,0
small,g15,14,8,2,2,neuit,1
small,g15,1,8,2,3,mio,1
small,g15,2,8,2,3,mio,0
small,g15,3,8,2,3,mio,0
small,g15,6,8,2,3,twow,0
small,g15,8,8,2,3,nee-e,0
small,g15,10,8,2,3,waaiw,0
small,g15,12,8,2,3,waai-o,0
small,g15,1,8,2,4,poi,0
small,g15,1,8,2,4,mio,0
small,g15,2,8,2,4,woe,0
small,g15,3,8,2,4,wef,0
small,g15,4,8,2,4,pee,0
small,g15,6,8,2,4,weei,0
small,g15,7,8,2,4,weeo,1
small,g15,8,8,2,4,weei,0
small,g15,12,8,2,4,weeio,0
small,g15,13,8,2,4,wuit,0
small,g15,10,9,2,1,nee-i,0
small,g15,12,9,2,1,wee-i,0
small,g15,13,9,2,1,nee-i,0
small,g15,7,9,2,2,neop,1
small,g15,12,9,2,2,waaiu,1
small,g15,6,9,2,3,two-o,0
small,g15,7,9,2,3,wee-p,1
small,g15,8,9,2,3,nee-i,1
small,g15,9,9,2,3,waai,0
small,g15,11,9,2,3,nee,0
small,g15,14,9,2,3,nee,0
small,g15,6,9,2,4,weei,0
small,g15,8,9,2,4,weei,1
small,g15,9,9,2,4,weeio,0
small,g15,10,9,2,4,weeio,1
small,g15,11,9,2,4,weeiup,0
small,g15,13,9,2,4,peei,0
small,g15,14,9,2,4,weeiio,0
small,g15,4,10,2,1,wee,1
small,g15,6,10,2,1,nes,0
small,g15,7,10,2,1,nes,1
small,g15,8,10,2,1,nes,0
small,g15,11,10,2,1,nieuw,0
small,g15,12,10,2,1,nieuw,0
small,g15,14,10,2,1,nee-u,1
small,g15,4,10,2,2,waaio,0
small,g15,6,10,2,2,waaion,1
small,g15,8,10,2,2,waaio,0
small,g15,10,10,2,2,waaineenee,0
small,g15,11,10,2,2,nenee,0
small,g15,12,10,2,2,neinu,0
small,g15,13,10,2,2,naanee,1
small,g15,14,10,2,2,neeto,0
small,g15,4,10,2,3,moia,0
small,g15,5,10,2,3,neshi,0
small,g15,9,10,2,3,waaii,0
small,g15,10,10,2,3,waaii,0
small,g15,13,10,2,3,waai-i,0
small,g15,4,10,2,4,peea,0
small,g15,5,10,2,4,wweh,0
small,g15,7,10,2,4,weein,0
small,g15,9,10,2,4,weeio,0
small,g15,1,11,2,1,hok,0
small,g15,2,11,2,1,wee,0
small,g15,4,11,2,1,hoka,0
small,g15,6,11,2,1,wes,0
small,g15,7,11,2,1,nes,0
small,g15,8,11,2,1,nuk,1
small,g15,13,11,2,1,nuto,1
small,g15,14,11,2,1,nuk,1
small,g15,1,11,2,2,tee,0
small,g15,1,11,2,2,woo,0
small,g15,2,11,2,2,waai,0
small,g15,6,11,2,2,waaion,0
small,g15,8,11,2,2,waain,0
small,g15,10,11,2,2,waainee,0
small,g15,14,11,2,2,neeto,0
small,g15,1,11,2,3,powa,0
small,g15,1,11,2,3,mio,0
small,g15,2,11,2,3,moi-n,0
small,g15,3,11,2,3,mie,0
small,g15,5,11,2,3,nesi,0
small,g15,9,11,2,3,waai-i,0
small,g15,10,11,2,3,wuui-i,0
small,g15,11,11,2,3,niuu,0
small,g15,12,11,2,3,waaiiuu,0
small,g15,1,11,2,4,wef,0
small,g15,2,11,2,4,mio,0
small,g15,3,11,2,4,wee,0
small,g15,4,11,2,4,wee,0
small,g15,5,11,2,4,weeo,1
small,g15,7,11,2,4,weei,0
small,g15,9,11,2,4,weeio,0
small,g15,11,11,2,4,nenee,0
small,g15,12,11,2,4,weeio,0
small,g15,13,11,2,4,weeoo,0
small,g15,2,13,2,1,maai,1
small,g15,3,13,2,1,het-i,0
small,g15,5,13,2,1,nosi,1
small,g15,6,13,2,1,neeuw,1
small,g15,7,13,2,1,nok,0
small,g15,8,13,2,1,naa-i,1
small,g15,9,13,2,1,nes,0
small,g15,10,13,2,1,naa-i,1
small,g15,11,13,2,1,nee-i,1
small,g15,12,13,2,1,nee,1
small,g15,13,13,2,1,nee,1
small,g15,14,13,2,1,nee,0
small,g15,2,13,2,2,waai,0
small,g15,3,13,2,2,waai,0
small,g15,4,13,2,2,waai,0
small,g15,5,13,2,2,waai,0
small,g15,6,13,2,2,waaisti,0
small,g15,8,13,2,2,weest,1
small,g15,9,13,2,2,waaist,0
small,g15,11,13,2,2,neestip,1
small,g15,12,13,2,2,nesti,1
small,g15,14,13,2,2,neip,0
small,g15,2,13,2,3,mio,0
small,g15,2,13,2,3,mioa,0
small,g15,3,13,2,3,mio-a,0
small,g15,4,13,2,3,peea,0
small,g15,2,13,2,4,woei,0
small,g15,2,13,2,4,wee,0
small,g15,3,13,2,4,wef,0
small,g15,7,13,2,4,wep,0
small,g15,10,13,2,4,weeii,0
small,g15,13,13,2,4,weeio,0
small,g15,4,14,2,1,waa-i,0
small,g15,7,14,2,1,nee-i,0
small,g15,8,14,2,1,nee-i,1
small,g15,10,14,2,1,nee-k,1
small,g15,13,14,2,1,nee-i,0
small,g15,4,14,2,2,waaio,0
small,g15,8,14,2,2,waain,0
small,g15,4,14,2,3,ek,0
small,g15,5,14,2,3,nesi,1
small,g15,6,14,2,3,waaion,1
small,g15,9,14,2,3,waai-i,0
small,g15,11,14,2,3,waauu,0
small,g15,12,14,2,3,waaiuu,1
small,g15,14,14,2,3,nu-i,1
small,g15,4,14,2,4,pee,0
small,g15,5,14,2,4,wei,0
small,g15,6,14,2,4,weei,1
small,g15,7,14,2,4,weii,0
small,g15,9,14,2,4,weeio,0
small,g15,10,14,2,4,weei,0
small,g15,11,14,2,4,weeio,0
small,g15,12,14,2,4,weeio,0
small,g15,13,14,2,4,weeio,0
small,g15,14,14,2,4,weeii,0
small,g15,2,15,3,1,asee,1
small,g15,3,15,3,1,moo-i,0
small,g15,4,15,3,1,woei,0
small,g15,5,15,3,1,haauw,0
small,g15,7,15,3,1,maa-i,0
small,g15,9,15,3,1,meeio,0
small,g15,13,15,3,1,mai-ku,0
small,g15,14,15,3,1,maa-i,1
small,g15,2,15,3,2,hok,0
small,g15,3,15,3,2,hoka,1
small,g15,4,15,3,2,hokop,0
small,g15,5,15,3,2,hokop,1
small,g15,9,15,3,2,hokopo,1
small,g15,10,15,3,2,hokopop,0
small,g15,14,15,3,2,hoketu,1
small,g15,2,15,3,3,maa-i,0
small,g15,4,15,3,3,hok-o,1
small,g15,6,15,3,3,hoki,1
small,g15,8,15,3,3,hok,0
small,g15,10,15,3,3,hok-o,0
small,g15,11,15,3,3,miioo,1
small,g15,12,15,3,3,huk-o,1
small,g15,2,15,3,4,huk,0
small,g15,4,15,3,4,huk,0
small,g15,6,15,3,4,huk,0
small,g15,7,15,3,4,huk,1
small,g15,8,15,3,4,huk,0
small,g15,11,15,3,4,hokup,1
small,g15,12,15,3,4,huk,0
small,g15,13,15,3,4,huk,1
small,g15,1,16,3,1,hoka,0
small,g15,1,16,3,1,tee,0
small,g15,2,16,3,1,mee,0
small,g15,5,16,3,1,noo-i,0
small,g15,9,16,3,1,maa-i,0
small,g15,11,16,3,1,mee,1
small,g15,12,16,3,1,hee,0
small,g15,13,16,3,1,tee,0
small,g15,14,16,3,1,mee,1
small,g15,1,16,3,2,hok,0
small,g15,2,16,3,2,hok,1
small,g15,4,16,3,2,hoka,0
small,g15,5,16,3,2,hok,1
small,g15,7,16,3,2,hok,0
small,g15,9,16,3,2,hoknee,0
small,g15,10,16,3,2,hok,1
small,g15,11,16,3,2,hokink,1
small,g15,12,16,3,2,hokin,1
small,g15,14,16,3,2,hokin,1
small,g15,1,16,3,3,hok,1
small,g15,2,16,3,3,hok,0
small,g15,4,16,3,3,hok,0
small,g15,6,16,3,3,hok,1
small,g15,7,16,3,3,hok,0
small,g15,8,16,3,3,hok,0
small,g15,10,16,3,3,hok,0
small,g15,1,16,3,4,ek,0
small,g15,1,16,3,4,pieuw,0
small,g15,2,16,3,4,huk,1
small,g15,6,16,3,4,huk,0
small,g15,8,16,3,4,huk,1
small,g15,13,16,3,4,huk,0
small,g15,4,17,3,1,wee,0
small,g15,6,17,3,1,toka,1
small,g15,7,17,3,1,mes,0
small,g15,9,17,3,1,mus,0
small,g15,4,17,3,2,hok,0
small,g15,6,17,3,2,hokon,0
small,g15,9,17,3,2,hoknee,1
small,g15,10,17,3,2,hokneenee,0
small,g15,13,17,3,2,hoketon,0
small,g15,4,17,3,3,hok-m,1
small,g15,5,17,3,3,hek,0
small,g15,8,17,3,3,huk-i,0
small,g15,10,17,3,3,huk,1
small,g15,11,17,3,3,huk,0
small,g15,12,17,3,3,hukuu,0
small,g15,13,17,3,3,huk,0
small,g15,14,17,3,3,huk,0
small,g15,4,17,3,4,huk,1
small,g15,5,17,3,4,huk,0
small,g15,7,17,3,4,huk,0
small,g15,8,17,3,4,huk,1
small,g15,11,17,3,4,huks,1
small,g15,12,17,3,4,huk,1
small,g15,14,17,3,4,hukkuu,0
small,g15,5,21,3,1,mee-i,0
small,g15,10,21,3,1,weneenee,0
small,g15,11,21,3,1,mieuw,1
small,g15,5,21,3,2,hokon,1
small,g15,7,21,3,2,hok,0
small,g15,11,21,3,2,hoknee,1
small,g15,13,21,3,2,hok,1
small,g15,5,21,3,3,hok-i,0
small,g15,6,21,3,3,hok-s,0
small,g15,7,21,3,3,hoks,1
small,g15,8,21,3,3,hok-i,1
small,g15,9,21,3,3,hok-nei,1
small,g15,12,21,3,3,hok-i,1
small,g15,13,21,3,3,huk-i,1
small,g15,14,21,3,3,nee-i,0
small,g15,5,21,3,4,huk,1
small,g15,6,21,3,4,huk,0
small,g15,8,21,3,4,huk,1
small,g15,9,21,3,4,huk,0
small,g15,10,21,3,4,huk,1
small,g15,12,21,3,4,huki,0
small,g15,14,21,3,4,hukku,0
small,g15,9,22,4,1,wok,0
small,g15,13,22,4,1,wok,1
small,g15,14,22,4,1,wee-o,1
small,g15,7,22,4,2,weop,0
small,g15,9,22,4,2,weopop,0
small,g15,10,22,4,2,weopop,0
small,g15,14,22,4,2,weu,0
small,g15,6,22,4,3,wee-o,0
small,g15,7,22,4,3,weeo,1
small,g15,8,22,4,3,wee-o,1
small,g15,10,22,4,3,wee-o,0
small,g15,11,22,4,3,weeok,0
small,g15,12,22,4,3,weu,1
small,g15,6,22,4,4,weei,0
small,g15,8,22,4,4,mooio,0
small,g15,11,22,4,4,wot,0
small,g15,12,22,4,4,wuko,1
small,g15,13,22,4,4,waaio,1
small,g15,5,23,4,1,poo-i,0
small,g15,7,23,4,1,paauw,0
small,g15,9,23,4,1,wee-i,1
small,g15,10,23,4,1,weeuw,0
small,g15,12,23,4,1,waa-i,1
small,g15,5,23,4,2,weup,0
small,g15,9,23,4,2,weopop,1
small,g15,12,23,4,2,weinu,1
small,g15,13,23,4,2,weiku,1
small,g15,5,23,4,3,wee-w,0
small,g15,6,23,4,3,we-o,0
small,g15,8,23,4,3,woo,0
small,g15,11,23,4,3,weeoa,1
small,g15,13,23,4,3,wee-oi,1
small,g15,14,23,4,3,wee-o,1
small,g15,5,23,4,4,wei,0
small,g15,6,23,4,4,wei,0
small,g15,7,23,4,4,weei,1
small,g15,8,23,4,4,waaii,0
small,g15,10,23,4,4,waaii,0
small,g15,11,23,4,4,poot,0
small,g15,14,23,4,4,waaiio,0
small,g15,1,24,4,1,pieuw,1
small,g15,1,24,4,1,pieuw,1
small,g15,2,24,4,1,pieuw,1
small,g15,3,24,4,1,pieuw,0
small,g15,6,24,4,1,pieuw,0
small,g15,8,24,4,1,pieuw,1
small,g15,9,24,4,1,mie-o,0
small,g15,11,24,4,1,pie-e,0
small,g15,1,24,4,2,wee,0
small,g15,2,24,4,2,wee,0
small,g15,3,24,4,2,faw,0
small,g15,4,24,4,2,wee,0
small,g15,6,24,4,2,weon,0
small,g15,7,24,4,2,weas,0
small,g15,8,24,4,2,west,0
small,g15,9,24,4,2,wenenene,1
small,g15,10,24,4,2,weneenee,0
small,g15,11,24,4,2,wenenenee,0
small,g15,13,24,4,2,weinun,0
small,g15,1,24,4,3,pieuwa,0
small,g15,2,24,4,3,pee,0
small,g15,3,24,4,3,waa-i,0
small,g15,4,24,4,3,moia,0
small,g15,5,24,4,3,wee-i,0
small,g15,7,24,4,3,weein,0
small,g15,10,24,4,3,waaii,1
small,g15,12,24,4,3,wee-i,0
small,g15,13,24,4,3,wee-i,0
small,g15,14,24,4,3,wee-i,0
small,g15,1,24,4,4,tui,0
small,g15,1,24,4,4,ek,0
small,g15,2,24,4,4,wee,0
small,g15,3,24,4,4,wef,0
small,g15,5,24,4,4,wei,0
small,g15,12,24,4,4,waaio,0
small,g15,14,24,4,4,waaiio,0
small,g15,1,25,4,1,hoka,0
small,g15,2,25,4,1,moi-n,0
small,g15,3,25,4,1,poo,0
small,g15,5,25,4,1,waa-i,0
small,g15,6,25,4,1,paa-i,0
small,g15,7,25,4,1,paauw,0
small,g15,8,25,4,1,woo,0
small,g15,10,25,4,1,wee-i,0
small,g15,11,25,4,1,waa-i,0
small,g15,12,25,4,1,wee-i,0
small,g15,1,25,4,2,fkee,0
small,g15,1,25,4,2,pee,0
small,g15,2,25,4,2,woo,1
small,g15,3,25,4,2,pee,0
small,g15,4,25,4,2,faw,0
small,g15,5,25,4,2,weweg,1
small,g15,6,25,4,2,weop,1
small,g15,8,25,4,2,weo,0
small,g15,11,25,4,2,weopkop,0
small,g15,12,25,4,2,weetu,1
small,g15,13,25,4,2,weinu,0
small,g15,1,25,4,3,wee,0
small,g15,1,25,4,3,wee,0
small,g15,2,25,4,3,wee,0
small,g15,3,25,4,3,wee,0
small,g15,4,25,4,3,wiee,0
small,g15,9,25,4,3,wee,1
small,g15,13,25,4,3,wee,0
small,g15,14,25,4,3,wee,1
small,g15,1,25,4,4,ek,0
small,g15,2,25,4,4,mio,0
small,g15,3,25,4,4,wef,1
small,g15,7,25,4,4,weeio,0
small,g15,9,25,4,4,waaii,1
small,g15,10,25,4,4,waaiio,1
small,g15,14,25,4,4,waaio,1
small,g15,3,26,4,1,poo-i,0
small,g15,3,26,4,1,wee,0
small,g15,4,26,4,1,pee,0
small,g15,5,26,4,1,pee,0
small,g15,6,26,4,1,pee,0
small,g15,8,26,4,1,waai,1
small,g15,10,26,4,1,wes,0
small,g15,11,26,4,1,wus,1
small,g15,12,26,4,1,wuk,0
small,g15,13,26,4,1,wes,0
small,g15,3,26,4,2,pwee,0
small,g15,3,26,4,2,faw,0
small,g15,5,26,4,2,wenee,0
small,g15,6,26,4,2,wenee,1
small,g15,7,26,4,2,weon,0
small,g15,8,26,4,2,weo,0
small,g15,11,26,4,2,wenee,0
small,g15,12,26,4,2,weu,0
small,g15,3,26,4,3,weep,0
small,g15,7,26,4,3,wee-n,1
small,g15,9,26,4,3,waai-n,0
small,g15,14,26,4,3,wee-uu,1
small,g15,3,26,4,4,woei,1
small,g15,4,26,4,4,moia,0
small,g15,9,26,4,4,waaio,0
small,g15,10,26,4,4,waaio,0
small,g15,13,26,4,4,waaiio,0
small,g15,14,26,4,4,waaiio,0
small,g15,1,28,4,1,hok,0
small,g15,1,28,4,1,pee,0
small,g15,2,28,4,1,pee,0
small,g15,3,28,4,1,mee-i,0
small,g15,4,28,4,1,pee,0
small,g15,6,28,4,1,pee-i,0
small,g15,12,28,4,1,weeui,0
small,g15,14,28,4,1,wu-i,1
small,g15,1,28,4,2,wee,0
small,g15,2,28,4,2,wee,0
small,g15,3,28,4,2,wee,0
small,g15,6,28,4,2,weon,0
small,g15,7,28,4,2,weon,0
small,g15,10,28,4,2,weneenee,0
small,g15,12,28,4,2,weetun,1
small,g15,13,28,4,2,weeton,0
small,g15,14,28,4,2,weeto,0
small,g15,1,28,4,3,ek,0
small,g15,2,28,4,3,ek,0
small,g15,5,28,4,3,ek,0
small,g15,7,28,4,3,wee-m,0
small,g15,8,28,4,3,wuu,1
small,g15,9,28,4,3,wuu-i,0
small,g15,10,28,4,3,weu-i,0
small,g15,11,28,4,3,weu-i,0
small,g15,13,28,4,3,wee-uu,0
small,g15,1,28,4,4,powa,0
small,g15,1,28,4,4,ek,1
small,g15,2,28,4,4,waai,0
small,g15,4,28,4,4,moia,0
small,g15,5,28,4,4,waaii,0
small,g15,8,28,4,4,waaio,0
small,g15,9,28,4,4,waaii,1
small,g15,11,28,4,4,waaio,0
small,g16,3,1,1,1,wef-www,1
small,g16,4,1,1,1,wof-www,0
small,g16,5,1,1,1,wef-wwww,0
small,g16,6,1,1,1,wef-www,1
small,g16,8,1,1,1,wef-aw,0
small,g16,9,1,1,1,wef-aw,1
small,g16,10,1,1,1,wef-aw,0
small,g16,12,1,1,1,wef-aw,1
small,g16,13,1,1,1,wwef-hh,1
small,g16,3,1,1,2,wefuuu,1
small,g16,5,1,1,2,weeef-s,1
small,g16,6,1,1,2,weeef-of,1
small,g16,7,1,1,2,woof-so,0
small,g16,8,1,1,2,weef-wi,1
small,g16,9,1,1,2,weeef-hi,1
small,g16,12,1,1,2,weef-hm,0
small,g16,3,1,1,3,ggwof,0
small,g16,7,1,1,3,wef-at,1
small,g16,11,1,1,3,wef-aas,0
small,g16,14,1,1,3,wef-aat,1
small,g16,3,1,1,4,wefp,0
small,g16,4,1,1,4,wefww,0
small,g16,10,1,1,4,wefww,0
small,g16,11,1,1,4,wefww,0
small,g16,13,1,1,4,wefaat,1
small,g16,14,1,1,4,wefawaw,0
small,g16,1,2,1,1,wof-p,0
small,g16,2,2,1,1,wof,0
small,g16,3,2,1,1,wef-ppp,1
small,g16,8,2,1,1,wef-kp,1
small,g16,12,2,1,1,wef-kp,1
small,g16,1,2,1,2,woof,1
small,g16,1,2,1,2,weef,1
small,g16,2,2,1,2,weeef,0
small,g16,3,2,1,2,nuuut,0
small,g16,4,2,1,2,wofff-f,1
small,g16,7,2,1,2,weeef-h,0
small,g16,8,2,1,2,weeef-h,0
small,g16,10,2,1,2,wef-kk,0
small,g16,12,2,1,2,weef-hu,0
small,g16,13,2,1,2,weoof-h,1
small,g16,1,2,1,3,wef,1
small,g16,1,2,1,3,wof,0
small,g16,2,2,1,3,wef-ttt,1
small,g16,3,2,1,3,wef-wa,1
small,g16,4,2,1,3,wef-aw,0
small,g16,5,2,1,3,wef-www,1
small,g16,6,2,1,3,wef-nn,1
small,g16,7,2,1,3,wef-pp,1
small,g16,9,2,1,3,wef-tk,1
small,g16,10,2,1,3,wef-tk,1
small,g16,11,2,1,3,wef-tkk,1
small,g16,13,2,1,3,wef-ttk,1
small,g16,14,2,1,3,wef-tkk,1
small,g16,1,2,1,4,tif,0
small,g16,2,2,1,4,wuop,0
small,g16,3,2,1,4,wefp,1
small,g16,5,2,1,4,wefpp,1
small,g16,6,2,1,4,wefpp,1
small,g16,9,2,1,4,wefpp,1
small,g16,11,2,1,4,wefpp,0
small,g16,14,2,1,4,wefnw,0
small,g16,5,3,1,1,wef-aaaaaaaaaaaaa,1
small,g16,7,3,1,1,wef-sss,0
small,g16,11,3,1,1,smut-aas,0
small,g16,5,3,1,2,wefff-m,0
small,g16,10,3,1,2,wwef-m,0
small,g16,11,3,1,2,ww-ef-m,1
small,g16,13,3,1,2,wwef-m,1
small,g16,5,3,1,3,wef-ggg,1
small,g16,6,3,1,3,wef-of,0
small,g16,8,3,1,3,wef-as,0
small,g16,9,3,1,3,wef-as,0
small,g16,10,3,1,3,wef-as,1
small,g16,12,3,1,3,wef-as,0
small,g16,13,3,1,3,wef-aas,1
small,g16,14,3,1,3,wef-aas,1
small,g16,5,3,1,4,wefss,1
small,g16,6,3,1,4,wefsnsn,0
small,g16,7,3,1,4,wefss,1
small,g16,8,3,1,4,wefss,0
small,g16,9,3,1,4,wefsnsn,1
small,g16,12,3,1,4,wefsnsn,1
small,g16,14,3,1,4,wefsnsn,0
small,g16,1,4,1,1,wef,0
small,g16,2,4,1,1,wef-www,0
small,g16,3,4,1,1,wef-ttt,0
small,g16,5,4,1,1,wef-tttttttttttttttttttttttttttttttt,1
small,g16,6,4,1,1,wef-ttt,1
small,g16,7,4,1,1,wef-ttt,0
small,g16,9,4,1,1,wef-tt,1
small,g16,10,4,1,1,smut-momomomom,0
small,g16,11,4,1,1,smut-tt,1
small,g16,13,4,1,1,smut-tt,0
small,g16,1,4,1,2,w-e-f,1
small,g16,2,4,1,2,w-oo-f,0
small,g16,3,4,1,2,w-ooo-f,1
small,g16,4,4,1,2,w-e-f,1
small,g16,4,4,1,2,w-ooo-f-s,0
small,g16,5,4,1,2,w-e-f--w,1
small,g16,6,4,1,2,n-uuii-t--w,0
small,g16,9,4,1,2,n-uii-t-w,0
small,g16,11,4,1,2,w-e-f-wi,1
small,g16,1,4,1,3,wof,0
small,g16,2,4,1,3,wef-uuu,1
small,g16,3,4,1,3,wef-hhh,1
small,g16,4,4,1,3,wef-www,0
small,g16,4,4,1,3,wef-aa,0
small,g16,8,4,1,3,wef-tt,1
small,g16,12,4,1,3,wef-ttt,0
small,g16,14,4,1,3,wef-t,1
small,g16,1,4,1,4,wep,0
small,g16,2,4,1,4,woip,0
small,g16,3,4,1,4,weftt,1
small,g16,7,4,1,4,weftt,1
small,g16,8,4,1,4,weftt,0
small,g16,10,4,1,4,weftt,1
small,g16,12,4,1,4,weftt,1
small,g16,13,4,1,4,weftt,1
small,g16,14,4,1,4,wefuu,1
small,g16,8,5,1,1,wef-mk,1
small,g16,9,5,1,1,wef-mm,1
small,g16,10,5,1,1,wef-nm,0
small,g16,13,5,1,1,weeff-h,0
small,g16,14,5,1,1,wef-sssk,1
small,g16,7,5,1,2,wefff-iw,1
small,g16,8,5,1,2,weff-ii,1
small,g16,9,5,1,2,weff-ii,0
small,g16,14,5,1,2,weff-iis,0
small,g16,6,5,1,3,wef-aag,0
small,g16,7,5,1,3,wef-ks,0
small,g16,11,5,1,3,wef-ks,1
small,g16,12,5,1,3,wef-ks,0
small,g16,6,5,1,4,wefmm,1
small,g16,10,5,1,4,wefmm,0
small,g16,11,5,1,4,wefmm,1
small,g16,12,5,1,4,wefmm,1
small,g16,13,5,1,4,wefnnk,1
small,g16,2,6,1,1,wef-fff,1
small,g16,4,6,1,1,wef-kkk,0
small,g16,6,6,1,1,wef-kkkk,1
small,g16,7,6,1,1,wef-kkkkkkkkkkkkkkkkkkkkkkk,0
small,g16,8,6,1,1,wef-kk,1
small,g16,10,6,1,1,wef-kk,0
small,g16,11,6,1,1,wef-kk,1
small,g16,12,6,1,1,wef-kk,1
small,g16,14,6,1,1,wef-k,1
small,g16,2,6,1,2,w-ef,0
small,g16,4,6,1,2,wof-ms,1
small,g16,6,6,1,2,wef-f,1
small,g16,8,6,1,2,wef-hs,0
small,g16,11,6,1,2,wef-hw,0
small,g16,12,6,1,2,wef-h,1
small,g16,13,6,1,2,wef-hk,0
small,g16,14,6,1,2,weff-h,0
small,g16,2,6,1,3,wef-aaa,0
small,g16,3,6,1,3,wef-wa,1
small,g16,4,6,1,3,wef-aa,0
small,g16,5,6,1,3,wef-aaa,0
small,g16,9,6,1,3,wef-kkk,1
small,g16,13,6,1,3,wef-kk,1
small,g16,2,6,1,4,wef,0
small,g16,3,6,1,4,wefk,1
small,g16,4,6,1,4,wefkkk,0
small,g16,5,6,1,4,wefkk,0
small,g16,7,6,1,4,wefkk,1
small,g16,9,6,1,4,wefkk,1
small,g16,10,6,1,4,wefkk,1
small,g16,3,7,1,1,wef-sss,1
small,g16,4,7,1,1,wof-sss,0
small,g16,5,7,1,1,wef-sss,0
small,g16,9,7,1,1,wef-snsn,1
small,g16,11,7,1,1,wef-ass,1
small,g16,14,7,1,1,wef-ass,1
small,g16,3,7,1,2,wwwof,0
small,g16,5,7,1,2,wefff-f,1
small,g16,7,7,1,2,weff-oo,1
small,g16,9,7,1,2,wwef-ow,0
small,g16,10,7,1,2,wwef-h,1
small,g16,11,7,1,2,nnuit-h,0
small,g16,13,7,1,2,wwef-iso,1
small,g16,14,7,1,2,wwef-osi,1
small,g16,3,7,1,3,wef-pu,1
small,g16,6,7,1,3,wef-af,0
small,g16,7,7,1,3,wef-sa,0
small,g16,8,7,1,3,wef-as,1
small,g16,10,7,1,3,wef-as,0
small,g16,12,7,1,3,wef-as,0
small,g16,13,7,1,3,wef-ass,1
small,g16,3,7,1,4,wefnn,1
small,g16,4,7,1,4,wefnn,0
small,g16,6,7,1,4,wefnn,1
small,g16,8,7,1,4,wefss,0
small,g16,12,7,1,4,wefsnsn,1
small,g16,1,8,2,1,nuig-n,0
small,g16,1,8,2,1,nuig,1
small,g16,2,8,2,1,nuug-www,0
small,g16,3,8,2,1,fiop-eee,1
small,g16,4,8,2,1,nuit-www,1
small,g16,5,8,2,1,pti-eee,1
small,g16,7,8,2,1,nuit-wwwwwwwwwwwwww,0
small,g16,9,8,2,1,nuit-we,1
small,g16,11,8,2,1,nuit-at,1
small,g16,13,8,2,1,nnuuit-ww,1
small,g16,14,8,2,1,nif-att,1
small,g16,1,8,2,2,nuuiig,0
small,g16,2,8,2,2,n-uiii-t,0
small,g16,3,8,2,2,nooot,0
small,g16,5,8,2,2,niiif-o,1
small,g16,9,8,2,2,nuuuit-to,0
small,g16,10,8,2,2,nuit-t,1
small,g16,11,8,2,2,nnuit-t,1
small,g16,14,8,2,2,nuuit-t,1
small,g16,1,8,2,3,hon,0
small,g16,2,8,2,3,knu,0
small,g16,3,8,2,3,nuut-p,0
small,g16,6,8,2,3,pti-k,0
small,g16,8,8,2,3,nuit-at,1
small,g16,10,8,2,3,nif-att,1
small,g16,12,8,2,3,nuit-at,1
small,g16,1,8,2,4,tes,0
small,g16,1,8,2,4,nim,0
small,g16,2,8,2,4,mip,0
small,g16,3,8,2,4,fiop,1
small,g16,4,8,2,4,nifww,0
small,g16,6,8,2,4,nuigww,1
small,g16,7,8,2,4,nifww,0
small,g16,8,8,2,4,nuitww,1
small,g16,12,8,2,4,nuitww,1
small,g16,13,8,2,4,nifatt,1
small,g16,10,9,2,1,nuit-pp,0
small,g16,12,9,2,1,nuit-pp,1
small,g16,13,9,2,1,nuiit-k,1
small,g16,7,9,2,2,nuuiit-oi,1
small,g16,12,9,2,2,nuiit-oi,1
small,g16,6,9,2,3,pti-ka,0
small,g16,7,9,2,3,pti-pp,0
small,g16,8,9,2,3,nuit-tk,1
small,g16,9,9,2,3,nuit-tt,0
small,g16,11,9,2,3,nif-tk,1
small,g16,14,9,2,3,nif-tk,1
small,g16,6,9,2,4,nuigpp,1
small,g16,8,9,2,4,nuitpp,1
small,g16,9,9,2,4,nuigpp,1
small,g16,10,9,2,4,nifpp,0
small,g16,11,9,2,4,nifpp,0
small,g16,13,9,2,4,niftk,1
small,g16,14,9,2,4,nuitpp,0
small,g16,4,10,2,1,nuit-sss,1
small,g16,6,10,2,1,nuig-sss,1
small,g16,7,10,2,1,nuit-sssssssssssssssssssssssssss,1
small,g16,8,10,2,1,nuit-as,1
small,g16,11,10,2,1,nif-aas,1
small,g16,12,10,2,1,nuit-as,1
small,g16,14,10,2,1,nif-as,1
small,g16,4,10,2,2,nnnuit-s,1
small,g16,6,10,2,2,nuittt-s,0
small,g16,8,10,2,2,nnuit-h,1
small,g16,10,10,2,2,nnuit-iw,0
small,g16,11,10,2,2,nnuit-h,0
small,g16,12,10,2,2,nnuit-sh,1
small,g16,13,10,2,2,nnuit-hs,1
small,g16,14,10,2,2,nnuit-sh,1
small,g16,4,10,2,3,nuut-nn,0
small,g16,5,10,2,3,pti-gg,0
small,g16,9,10,2,3,pti-as,0
small,g16,10,10,2,3,nif-as,1
small,g16,13,10,2,3,nif-an,1
small,g16,4,10,2,4,nifnn,0
small,g16,5,10,2,4,nifss,1
small,g16,7,10,2,4,nifss,1
small,g16,9,10,2,4,nuigsnsn,1
small,g16,1,11,2,1,nuigg,1
small,g16,2,11,2,1,nuk,1
small,g16,4,11,2,1,nuit-mmm,0
small,g16,6,11,2,1,nuig-mmn,1
small,g16,7,11,2,1,nuit-mmm,0
small,g16,8,11,2,1,nuit-nnn,1
small,g16,13,11,2,1,nuuitt-h,1
small,g16,14,11,2,1,nif-ssssk,1
small,g16,1,11,2,2,nuig-n,0
small,g16,1,11,2,2,nuigg,0
small,g16,2,11,2,2,nuitttt,0
small,g16,6,11,2,2,nuitt-m,1
small,g16,8,11,2,2,nuitt-m,1
small,g16,10,11,2,2,nuitt-m,1
small,g16,14,11,2,2,nnuitt-m,1
small,g16,1,11,2,3,ste,0
small,g16,1,11,2,3,kwop,0
small,g16,2,11,2,3,nuut-www,1
small,g16,3,11,2,3,pti-nn,0
small,g16,5,11,2,3,pti-na,0
small,g16,9,11,2,3,nuit-m,1
small,g16,10,11,2,3,nif-ks,0
small,g16,11,11,2,3,nif-kss,1
small,g16,12,11,2,3,nuit-ks,0
small,g16,1,11,2,4,hin,0
small,g16,2,11,2,4,han,0
small,g16,3,11,2,4,fiopm,1
small,g16,4,11,2,4,nifmm,1
small,g16,5,11,2,4,nifmm,1
small,g16,7,11,2,4,nifmm,1
small,g16,9,11,2,4,nuigmm,1
small,g16,11,11,2,4,nifmm,0
small,g16,12,11,2,4,nuitmm,1
small,g16,13,11,2,4,nifnnk,1
small,g16,2,13,2,1,nuut-aaa,1
small,g16,3,13,2,1,fiop-aaa,1
small,g16,5,13,2,1,pti-aaaaaaaaaaaaaaaaaaaaaaaaaaaaaaaaaaaaaaaaaaaaaaaaaaaaaa,1
small,g16,6,13,2,1,nuig-aaa,1
small,g16,7,13,2,1,nuit-aaa,1
small,g16,8,13,2,1,nuit-aa,1
small,g16,9,13,2,1,nuit-aa,1
small,g16,10,13,2,1,nuit-aa,1
small,g16,11,13,2,1,nuit-aa,1
small,g16,12,13,2,1,nuit-aa,1
small,g16,13,13,2,1,nnuit-oo,1
small,g16,14,13,2,1,nif-a,1
small,g16,2,13,2,2,p-kpa,0
small,g16,3,13,2,2,nuiut,0
small,g16,4,13,2,2,nuit-o,1
small,g16,5,13,2,2,nif-o,0
small,g16,6,13,2,2,nuit-os,0
small,g16,8,13,2,2,nuit-o,0
small,g16,9,13,2,2,nuit-oi,0
small,g16,11,13,2,2,nuit-oo,1
small,g16,12,13,2,2,nuit-oo,1
small,g16,14,13,2,2,nnuit-oo,1
small,g16,2,13,2,3,nuuk,1
small,g16,2,13,2,3,kpo,0
small,g16,3,13,2,3,nuut-a,0
small,g16,4,13,2,3,nif-aa,1
small,g16,2,13,2,4,wep,0
small,g16,2,13,2,4,wap,0
small,g16,3,13,2,4,fip,0
small,g16,7,13,2,4,nifaa,1
small,g16,10,13,2,4,nifaa,1
small,g16,13,13,2,4,nifaa,1
small,g16,4,14,2,1,nuit-mmm,1
small,g16,7,14,2,1,nuit-mmm-a-w-t-p-m-n-a,0
small,g16,8,14,2,1,nuit-mk,0
small,g16,10,14,2,1,nuit-mk,1
small,g16,13,14,2,1,nuiitt-h,1
small,g16,4,14,2,2,nuitttt,0
small,g16,8,14,2,2,nuitt-im,1
small,g16,4,14,2,3,nuut-wp,0
small,g16,5,14,2,3,pti-na,1
small,g16,6,14,2,3,smut-f,0
small,g16,9,14,2,3,nuit-ks,1
small,g16,11,14,2,3,nif-ks,1
small,g16,12,14,2,3,nuit-ks,0
small,g16,14,14,2,3,nif-kkks,1
small,g16,4,14,2,4,nifmm,1
small,g16,5,14,2,4,nifmm,0
small,g16,6,14,2,4,nuigmm,0
small,g16,7,14,2,4,nifmm,1
small,g16,9,14,2,4,nuigmkmk,1
small,g16,10,14,2,4,nifmkmk,0
small,g16,11,14,2,4,nifmm,1
small,g16,12,14,2,4,nuitkmkm,1
small,g16,13,14,2,4,nifkkn,1
small,g16,14,14,2,4,nuitmm,1
small,g16,2,15,3,1,kpa-ppp,1
small,g16,3,15,3,1,kpa-ppp,1
small,g16,4,15,3,1,kpa-ppp,0
small,g16,5,15,3,1,kpa-ppp,0
small,g16,7,15,3,1,k-ppppppppppppppppppppp,1
small,g16,9,15,3,1,pti-pp,1
small,g16,13,15,3,1,kpii-ko,1
small,g16,14,15,3,1,kpi-ttk,1
small,g16,2,15,3,2,kpaa,0
small,g16,3,15,3,2,kpaaa,1
small,g16,4,15,3,2,kpaaa,0
small,g16,5,15,3,2,kpaaa-u,0
small,g16,9,15,3,2,kpii-tt,1
small,g16,10,15,3,2,kpii-tt,1
small,g16,14,15,3,2,kpii-tt,1
small,g16,2,15,3,3,ptok,0
small,g16,4,15,3,3,ptok-aw,0
small,g16,6,15,3,3,pti-km,0
small,g16,8,15,3,3,pti-tk,1
small,g16,10,15,3,3,pti-tk,1
small,g16,11,15,3,3,pti-tk,1
small,g16,12,15,3,3,pti-tk,1
small,g16,2,15,3,4,ktif,0
small,g16,4,15,3,4,ktipp,1
small,g16,6,15,3,4,ktipp,1
small,g16,7,15,3,4,ktipp,1
small,g16,8,15,3,4,ktipp,1
small,g16,11,15,3,4,kpipp,1
small,g16,12,15,3,4,ktipp,1
small,g16,13,15,3,4,ktipp,1
small,g16,1,16,3,1,kpa,1
small,g16,1,16,3,1,kpa,1
small,g16,2,16,3,1,kpa-a,1
small,g16,5,16,3,1,kpa-aaa,0
small,g16,9,16,3,1,pti-aa,1
small,g16,11,16,3,1,pki-aa,1
small,g16,12,16,3,1,kti-aa,1
small,g16,13,16,3,1,kkpi-oo,1
small,g16,14,16,3,1,kpi-a,1
small,g16,1,16,3,2,kpaaa,1
small,g16,2,16,3,2,kpaa,0
small,g16,4,16,3,2,kpa-o,1
small,g16,5,16,3,2,kpa-o,1
small,g16,7,16,3,2,kpa-o,1
small,g16,9,16,3,2,kpi-o,1
small,g16,10,16,3,2,kpi-o,1
small,g16,11,16,3,2,kpi-o,1
small,g16,12,16,3,2,pti-o,1
small,g16,14,16,3,2,kkpi-o,0
small,g16,1,16,3,3,pwug,0
small,g16,2,16,3,3,ptok-ppp,0
small,g16,4,16,3,3,pti-gg,1
small,g16,6,16,3,3,ptok-nnn,0
small,g16,7,16,3,3,ptok-aaa,1
small,g16,8,16,3,3,pti-aa,1
small,g16,10,16,3,3,pti-aa,1
small,g16,1,16,3,4,fnip,0
small,g16,1,16,3,4,sti,1
small,g16,2,16,3,4,stiw,0
small,g16,6,16,3,4,ktiaa,1
small,g16,8,16,3,4,ktiaa,0
small,g16,13,16,3,4,ktiaa,1
small,g16,4,17,3,1,kpa-mmm,1
small,g16,6,17,3,1,kti-mmm,1
small,g16,7,17,3,1,kpa-mmm,1
small,g16,9,17,3,1,kti-mk,1
small,g16,4,17,3,2,kppa-m,1
small,g16,6,17,3,2,pkkko-m,0
small,g16,9,17,3,2,ptti-m,1
small,g16,10,17,3,2,kppi-m,1
small,g16,13,17,3,2,kppi-m,1
small,g16,4,17,3,3,pti-mm,1
small,g16,5,17,3,3,pta-na,0
small,g16,8,17,3,3,pti-ks,1
small,g16,10,17,3,3,pti-mm,1
small,g16,11,17,3,3,pti-ks,1
small,g16,12,17,3,3,pti-ks,1
small,g16,13,17,3,3,pti-kn,1
small,g16,14,17,3,3,pti-ks,1
small,g16,4,17,3,4,ktimm,0
small,g16,5,17,3,4,kpamm,1
small,g16,7,17,3,4,ktimm,1
small,g16,8,17,3,4,ktimm,1
small,g16,11,17,3,4,ktimm,0
small,g16,12,17,3,4,ktimm,1
small,g16,14,17,3,4,ktimm,1
small,g16,5,21,3,1,kpa-sss,0
small,g16,10,21,3,1,kpi-oo,1
small,g16,11,21,3,1,pti-ass,1
small,g16,5,21,3,2,kkpa-wo,0
small,g16,7,21,3,2,kpa-ow,1
small,g16,11,21,3,2,kkpi-ow,0
small,g16,13,21,3,2,kkpi-is,1
small,g16,5,21,3,3,pta-gaa,0
small,g16,6,21,3,3,ptok-app,0
small,g16,7,21,3,3,ptok-ss,1
small,g16,8,21,3,3,pti-as,1
small,g16,9,21,3,3,pti-as,1
small,g16,12,21,3,3,pti-as,1
small,g16,13,21,3,3,pti-as,1
small,g16,14,21,3,3,pti-sssa,1
small,g16,5,21,3,4,kpaass,1
small,g16,6,21,3,4,ktinn,0
small,g16,8,21,3,4,ktiss,0
small,g16,9,21,3,4,ktinsns,1
small,g16,10,21,3,4,ktisnsn,1
small,g16,12,21,3,4,ktisnsn,1
small,g16,14,21,3,4,ktianan,0
small,g16,9,22,4,1,smut-tt,1
small,g16,13,22,4,1,smuuut-k,1
small,g16,14,22,4,1,smut-t,1
small,g16,7,22,4,2,sm-u-t-k,0
small,g16,9,22,4,2,sm-uu-t-im,0
small,g16,10,22,4,2,sm-uu-t-im,1
small,g16,14,22,4,2,sm-uu-t-im,1
small,g16,6,22,4,3,smmut-k,1
small,g16,7,22,4,3,smut-tt,1
small,g16,8,22,4,3,smut-tt,1
small,g16,10,22,4,3,smut-t,1
small,g16,11,22,4,3,smut-tt,1
small,g16,12,22,4,3,smut-t,1
small,g16,6,22,4,4,smuttt,1
small,g16,8,22,4,4,smuttt,0
small,g16,11,22,4,4,sputtt,1
small,g16,12,22,4,4,smuttt,1
small,g16,13,22,4,4,smut,1
small,g16,5,23,4,1,smut-www,0
small,g16,7,23,4,1,wwwwwwww,0
small,g16,9,23,4,1,smut-aw,1
small,g16,10,23,4,1,smut-aw,0
small,g16,12,23,4,1,smut-aw,1
small,g16,5,23,4,2,smuiit--,1
small,g16,9,23,4,2,smuut-h,1
small,g16,12,23,4,2,smuut-h,0
small,g16,13,23,4,2,smuut-th,1
small,g16,5,23,4,3,smut-aa,0
small,g16,6,23,4,3,smut-aa,1
small,g16,8,23,4,3,smut-at,1
small,g16,11,23,4,3,smut-at,1
small,g16,13,23,4,3,smut-at,1
small,g16,14,23,4,3,smut-at,1
small,g16,5,23,4,4,smutww,0
small,g16,6,23,4,4,smutww,1
small,g16,7,23,4,4,smutww,1
small,g16,8,23,4,4,smutww,0
small,g16,10,23,4,4,smutww,1
small,g16,11,23,4,4,smutww,0
small,g16,14,23,4,4,smutww,1
small,g16,1,24,4,1,kti-ii,0
small,g16,1,24,4,1,kti-a,0
small,g16,2,24,4,1,smut-aaa,0
small,g16,3,24,4,1,smut-aaa,0
small,g16,6,24,4,1,smut-sss,1
small,g16,8,24,4,1,smut-as,1
small,g16,9,24,4,1,smut-as,1
small,g16,11,24,4,1,smut-as,1
small,g16,1,24,4,2,smuttt,0
small,g16,2,24,4,2,smuutttt,0
small,g16,3,24,4,2,p-kti,0
small,g16,4,24,4,2,kktti-t,1
small,g16,6,24,4,2,smuttt-to,0
small,g16,7,24,4,2,smuttt-tt,0
small,g16,8,24,4,2,smmut-ho,0
small,g16,9,24,4,2,ssmut-th,0
small,g16,10,24,4,2,ssmut-to,1
small,g16,11,24,4,2,ssmut-to,1
small,g16,13,24,4,2,smmut-to,1
small,g16,1,24,4,3,sget,1
small,g16,2,24,4,3,kwet-hhh,1
small,g16,3,24,4,3,smut-pa,0
small,g16,4,24,4,3,smut-ww,0
small,g16,5,24,4,3,smut-gaa,1
small,g16,7,24,4,3,smut-ss,1
small,g16,10,24,4,3,smut-as,1
small,g16,12,24,4,3,smut-as,0
small,g16,13,24,4,3,smut-aas,1
small,g16,14,24,4,3,smut-aas,1
small,g16,1,24,4,4,ktef,0
small,g16,1,24,4,4,fwuit,0
small,g16,2,24,4,4,ktip,0
small,g16,3,24,4,4,smutss,1
small,g16,5,24,4,4,smutss,0
small,g16,12,24,4,4,smutsnsn,1
small,g16,14,24,4,4,smutanan,0
small,g16,1,25,4,1,kti-ii,0
small,g16,2,25,4,1,smut-ppp,0
small,g16,3,25,4,1,smut-ppp,1
small,g16,5,25,4,1,smut-ppppppp,0
small,g16,6,25,4,1,smut-ppp,1
small,g16,7,25,4,1,smut-ppp,0
small,g16,8,25,4,1,smut-kp,1
small,g16,10,25,4,1,smut-pp,1
small,g16,11,25,4,1,smut-kp,0
small,g16,12,25,4,1,smut-pp,1
small,g16,1,25,4,2,ktiii-i,0
small,g16,1,25,4,2,ktiii,0
small,g16,2,25,4,2,kt-iii,1
small,g16,3,25,4,2,sm-uuit,0
small,g16,4,25,4,2,ktii-i,1
small,g16,5,25,4,2,smuuut-h,0
small,g16,6,25,4,2,smuuut-h,1
small,g16,8,25,4,2,smuuut-o,1
small,g16,11,25,4,2,smuut-os,1
small,g16,12,25,4,2,smuut-ho,0
small,g16,13,25,4,2,smuut-hos,1
small,g16,1,25,4,3,kwet,1
small,g16,1,25,4,3,kpet,1
small,g16,2,25,4,3,kwit,0
small,g16,3,25,4,3,smut-www,0
small,g16,4,25,4,3,smut-ap,1
small,g16,9,25,4,3,smut-tk,1
small,g16,13,25,4,3,smut-tk,1
small,g16,14,25,4,3,smut-tk,1
small,g16,1,25,4,4,spet,0
small,g16,2,25,4,4,kmut,1
small,g16,3,25,4,4,smutip,1
small,g16,7,25,4,4,smutpp,1
small,g16,9,25,4,4,smutpp,1
small,g16,10,25,4,4,smutpp,1
small,g16,14,25,4,4,smutpp,1
small,g16,3,26,4,1,smut-nnn,0
small,g16,3,26,4,1,smut-nnn,1
small,g16,4,26,4,1,kti-nnn,1
small,g16,5,26,4,1,smut-nnn,0
small,g16,6,26,4,1,smut-nnn,1
small,g16,8,26,4,1,smut-nn,1
small,g16,10,26,4,1,smut-nn,0
small,g16,11,26,4,1,smut-nn,1
small,g16,12,26,4,1,smut-nn,1
small,g16,13,26,4,1,smut-ss,0
small,g16,3,26,4,2,sm-u-ttt,0
small,g16,3,26,4,2,sm-uuu-t,0
small,g16,5,26,4,2,sm-u-tt,0
small,g16,6,26,4,2,smmutt--,1
small,g16,7,26,4,2,sm-u-t-n,1
small,g16,8,26,4,2,sm-u-tt-h,1
small,g16,11,26,4,2,smm-u-tt-h,1
small,g16,12,26,4,2,smm-u-tt-h,0
small,g16,3,26,4,3,smut-kk,0
small,g16,7,26,4,3,smut-s,0
small,g16,9,26,4,3,smut-ss,0
small,g16,14,26,4,3,smut-s,1
small,g16,3,26,4,4,smutn,1
small,g16,4,26,4,4,smutnn,1
small,g16,9,26,4,4,snutnn,1
small,g16,10,26,4,4,smutnn,0
small,g16,13,26,4,4,smutnn,1
small,g16,14,26,4,4,smutnn,0
small,g16,1,28,4,1,kti,1
small,g16,1,28,4,1,kti-iii,1
small,g16,2,28,4,1,kwet-mmm,1
small,g16,3,28,4,1,smut-mmm,1
small,g16,4,28,4,1,kti-mmm,1
small,g16,6,28,4,1,smut-mmm,1
small,g16,12,28,4,1,smut-mk,1
small,g16,14,28,4,1,smut-kkks,1
small,g16,1,28,4,2,kti-t,0
small,g16,2,28,4,2,p-kti,1
small,g16,3,28,4,2,smuttt,0
small,g16,6,28,4,2,smutt-g,0
small,g16,7,28,4,2,smutt-h,0
small,g16,10,28,4,2,smutt-hh,1
small,g16,12,28,4,2,smutt-hh,0
small,g16,13,28,4,2,smutt-hh,1
small,g16,14,28,4,2,smutt-hh,0
small,g16,1,28,4,3,pwok,0
small,g16,2,28,4,3,nuut-www,0
small,g16,5,28,4,3,smut-an,0
small,g16,7,28,4,3,smut-pp,0
small,g16,8,28,4,3,smut-ks,1
small,g16,9,28,4,3,smut-ks,0
small,g16,10,28,4,3,smut-ks,1
small,g16,11,28,4,3,smut-ks,1
small,g16,13,28,4,3,smut-kkn,1
small,g16,1,28,4,4,gnup,0
small,g16,1,28,4,4,kniet,0
small,g16,2,28,4,4,ktim,1
small,g16,4,28,4,4,smutmm,0
small,g16,5,28,4,4,smutmm,1
small,g16,8,28,4,4,smutkmkm,1
small,g16,9,28,4,4,smutmkmk,1
small,g16,11,28,4,4,smutmm,1
small,g17,4,1,1,1,fewio,1
small,g17,6,1,1,1,fewo,0
small,g17,9,1,1,1,fewo,0
small,g17,14,1,1,1,fewos,0
small,g17,4,1,1,2,fewke,1
small,g17,6,1,1,2,fegtsee,0
small,g17,7,1,1,2,fewse,1
small,g17,9,1,1,2,fegtsi,0
small,g17,10,1,1,2,fewk,0
small,g17,13,1,1,2,fewki,1
small,g17,14,1,1,2,hitse,0
small,g17,4,1,1,3,hitip,0
small,g17,5,1,1,3,fegtis,0
small,g17,7,1,1,3,hitiii,1
small,g17,8,1,1,3,fegtseee,0
small,g17,10,1,1,3,hitssaa,0
small,g17,11,1,1,3,fegtssee,0
small,g17,12,1,1,3,fegtssee,0
small,g17,13,1,1,3,fegtssee,0
small,g17,4,1,1,4,hita,0
small,g17,5,1,1,4,hitu,0
small,g17,8,1,1,4,hito,1
small,g17,11,1,1,4,hitkaaa,1
small,g17,12,1,1,4,feweeee,0
small,g17,1,3,1,1,kwa,0
small,g17,2,3,1,1,poka,0
small,g17,3,3,1,1,hitu,0
small,g17,4,3,1,1,fewo,0
small,g17,5,3,1,1,fewo,0
small,g17,7,3,1,1,fewo,1
small,g17,10,3,1,1,fewoo,1
small,g17,11,3,1,1,fewwoo,0
small,g17,13,3,1,1,fewwo,1
small,g17,1,3,1,2,fegt,1
small,g17,2,3,1,2,hito,1
small,g17,3,3,1,2,fegt,0
small,g17,5,3,1,2,hit,0
small,g17,11,3,1,2,hit,1
small,g17,1,3,1,3,poku,0
small,g17,2,3,1,3,poki,0
small,g17,6,3,1,3,fegtke,0
small,g17,8,3,1,3,fegtk,0
small,g17,9,3,1,3,fegte,1
small,g17,12,3,1,3,fegtt,1
small,g17,14,3,1,3,fewet,0
small,g17,1,3,1,4,hiku,0
small,g17,2,3,1,4,hito,0
small,g17,4,3,1,4,hito,0
small,g17,6,3,1,4,fewaa,1
small,g17,7,3,1,4,hita,1
small,g17,8,3,1,4,hitof,0
small,g17,9,3,1,4,hit,1
small,g17,10,3,1,4,hit,1
small,g17,12,3,1,4,few,1
small,g17,13,3,1,4,fegg,1
small,g17,14,3,1,4,hit,1
small,g17,1,4,1,1,fewen,0
small,g17,1,4,1,1,kwon,1
small,g17,4,4,1,1,fewkeee,1
small,g17,5,4,1,1,fewaa,0
small,g17,6,4,1,1,fewaa,0
small,g17,7,4,1,1,fewaa,0
small,g17,8,4,1,1,fewaa,0
small,g17,11,4,1,1,askooh,0
small,g17,13,4,1,1,fewwe,0
small,g17,1,4,1,2,kwa,0
small,g17,4,4,1,2,fewkeee,1
small,g17,5,4,1,2,hitke,0
small,g17,6,4,1,2,fegtkee,0
small,g17,8,4,1,2,hitke,0
small,g17,10,4,1,2,fewkeee,0
small,g17,11,4,1,2,hitkeee,0
small,g17,1,4,1,3,poki,0
small,g17,2,4,1,3,pokes,0
small,g17,2,4,1,3,poko,0
small,g17,3,4,1,3,fegtow,1
small,g17,4,4,1,3,hitaw,0
small,g17,9,4,1,3,fegtsee,0
small,g17,10,4,1,3,hitssa,0
small,g17,12,4,1,3,fegtsse,0
small,g17,14,4,1,3,fegtsse,0
small,g17,1,4,1,4,hitu,0
small,g17,1,4,1,4,hitu,0
small,g17,2,4,1,4,hiti,0
small,g17,2,4,1,4,hita,1
small,g17,3,4,1,4,hito,0
small,g17,4,4,1,4,hita,0
small,g17,7,4,1,4,hita,0
small,g17,9,4,1,4,hiti,0
small,g17,12,4,1,4,hitseee,0
small,g17,13,4,1,4,fegkki,0
small,g17,14,4,1,4,hitkee,1
small,g17,2,5,1,1,pokees,0
small,g17,3,5,1,1,pewo,0
small,g17,4,5,1,1,fewoo,0
small,g17,5,5,1,1,fewon,0
small,g17,10,5,1,1,askk,0
small,g17,13,5,1,1,fewee,1
small,g17,14,5,1,1,fewee,0
small,g17,2,5,1,2,hito,0
small,g17,3,5,1,2,fegt,1
small,g17,5,5,1,2,hiti,0
small,g17,7,5,1,2,fewku,0
small,g17,14,5,1,2,hitii,0
small,g17,2,5,1,3,poki,0
small,g17,3,5,1,3,fegt,1
small,g17,6,5,1,3,fegtet,1
small,g17,7,5,1,3,hitof,0
small,g17,8,5,1,3,fegtke,1
small,g17,9,5,1,3,fegttke,0
small,g17,11,5,1,3,fewkke,1
small,g17,12,5,1,3,fegtkke,1
small,g17,2,5,1,4,hito,0
small,g17,3,5,1,4,hita,0
small,g17,4,5,1,4,hita,1
small,g17,6,5,1,4,hita,0
small,g17,8,5,1,4,hitkeee,0
small,g17,9,5,1,4,hitseee,1
small,g17,10,5,1,4,hitoa,1
small,g17,11,5,1,4,hitaaa,1
small,g17,12,5,1,4,fewaaaa,1
small,g17,13,5,1,4,fegkii,0
small,g17,5,6,1,1,fewoi,0
small,g17,6,6,1,1,fewup,0
small,g17,7,6,1,1,fewii,0
small,g17,8,6,1,1,fewkii,1
small,g17,12,6,1,1,fewo-o-o,0
small,g17,13,6,1,1,fewo-o-o-o-o,0
small,g17,14,6,1,1,fewo-o-o-o-o,0
small,g17,5,6,1,2,fewke,0
small,g17,6,6,1,2,fegtkeee,0
small,g17,8,6,1,2,fewkeee,0
small,g17,10,6,1,2,fewkeee,0
small,g17,12,6,1,2,fegtkeee,1
small,g17,14,6,1,2,hitkeee,0
small,g17,5,6,1,3,fewep,0
small,g17,9,6,1,3,fegtsse,0
small,g17,10,6,1,3,hitssa,0
small,g17,11,6,1,3,fegtsse,1
small,g17,5,6,1,4,hito,0
small,g17,7,6,1,4,hita,1
small,g17,9,6,1,4,hiti,1
small,g17,11,6,1,4,hitkeee,1
small,g17,13,6,1,4,fegse,1
small,g17,3,7,1,1,pikie,0
small,g17,4,7,1,1,fewo,0
small,g17,7,7,1,1,fewa,0
small,g17,8,7,1,1,fewap,0
small,g17,10,7,1,1,fewwa,0
small,g17,11,7,1,1,fegoa,0
small,g17,12,7,1,1,fewo-o,0
small,g17,3,7,1,2,fegtow,0
small,g17,8,7,1,2,hitaa,0
small,g17,11,7,1,2,hitseee,1
small,g17,12,7,1,2,fegtkeee,0
small,g17,13,7,1,2,fegto-o,1
small,g17,3,7,1,3,fewen,0
small,g17,5,7,1,3,fewon,0
small,g17,6,7,1,3,fegtsoo,1
small,g17,9,7,1,3,fegtkee,1
small,g17,13,7,1,3,fegtkee,0
small,g17,14,7,1,3,fewkee,1
small,g17,3,7,1,4,hito,0
small,g17,4,7,1,4,hitip,1
small,g17,5,7,1,4,hitke,0
small,g17,6,7,1,4,fewup,0
small,g17,7,7,1,4,fewaa,0
small,g17,9,7,1,4,hita,0
small,g17,10,7,1,4,powkki,0
small,g17,14,7,1,4,hitki,1
small,g17,1,8,2,1,eskon,1
small,g17,2,8,2,1,fewuk,0
small,g17,2,8,2,1,feguk,0
small,g17,3,8,2,1,fewuk,0
small,g17,6,8,2,1,askup,0
small,g17,7,8,2,1,askup,0
small,g17,12,8,2,1,asku-u,1
small,g17,1,8,2,2,fewen,0
small,g17,1,8,2,2,fewen,0
small,g17,2,8,2,2,fewen,0
small,g17,2,8,2,2,asko,1
small,g17,3,8,2,2,fewen,1
small,g17,4,8,2,2,asken,1
small,g17,6,8,2,2,fewen,1
small,g17,10,8,2,2,asken,1
small,g17,12,8,2,2,fewen,1
small,g17,13,8,2,2,asken,1
small,g17,1,8,2,3,fefo,0
small,g17,1,8,2,3,fefo,1
small,g17,4,8,2,3,fewen,1
small,g17,5,8,2,3,fewen,0
small,g17,8,8,2,3,asko,0
small,g17,9,8,2,3,fewen,1
small,g17,10,8,2,3,fewen,1
small,g17,11,8,2,3,askon,1
small,g17,13,8,2,3,fewen,1
small,g17,14,8,2,3,fewen,0
small,g17,1,8,2,4,fefo,1
small,g17,5,8,2,4,fewke,0
small,g17,7,8,2,4,fewup,0
small,g17,8,8,2,4,fewii,0
small,g17,9,8,2,4,askii,1
small,g17,11,8,2,4,asku,1
small,g17,14,8,2,4,asken,1
small,g17,1,9,2,1,fewa,0
small,g17,2,9,2,1,fewen,0
small,g17,5,9,2,1,aski,0
small,g17,9,9,2,1,aski,1
small,g17,10,9,2,1,aski,1
small,g17,13,9,2,1,aski,1
small,g17,1,9,2,2,aski,0
small,g17,1,9,2,2,aski,1
small,g17,2,9,2,2,aski,0
small,g17,4,9,2,2,aski,1
small,g17,4,9,2,2,aski,1
small,g17,5,9,2,2,fewa,1
small,g17,7,9,2,2,aski,1
small,g17,9,9,2,2,fewo,1
small,g17,1,9,2,3,fego,0
small,g17,1,9,2,3,feha,1
small,g17,2,9,2,3,fego,0
small,g17,3,9,2,3,fego,0
small,g17,3,9,2,3,fewof,0
small,g17,4,9,2,3,fewo,0
small,g17,4,9,2,3,fewop,1
small,g17,6,9,2,3,fewop,1
small,g17,7,9,2,3,fewi,0
small,g17,8,9,2,3,askop,1
small,g17,11,9,2,3,askop,1
small,g17,12,9,2,3,fewop,1
small,g17,14,9,2,3,asko,1
small,g17,1,9,2,4,feha,1
small,g17,2,9,2,4,asko,0
small,g17,3,9,2,4,asko,1
small,g17,3,9,2,4,pewa,0
small,g17,6,9,2,4,askup,0
small,g17,8,9,2,4,fewi,0
small,g17,10,9,2,4,fewi,1
small,g17,11,9,2,4,fewi,0
small,g17,12,9,2,4,aski,1
small,g17,13,9,2,4,fewo,1
small,g17,14,9,2,4,aski,1
small,g17,6,10,2,1,askoo,0
small,g17,7,10,2,1,askio,1
small,g17,8,10,2,1,aska,0
small,g17,12,10,2,1,asko,0
small,g17,6,10,2,2,fewkeee,1
small,g17,8,10,2,2,fewke,0
small,g17,10,10,2,2,aske,1
small,g17,12,10,2,2,fewkeee,1
small,g17,13,10,2,2,askkeee,0
small,g17,9,10,2,3,fewsse,1
small,g17,10,10,2,3,fewsse,0
small,g17,11,10,2,3,fewsse,1
small,g17,13,10,2,3,fewsse,0
small,g17,14,10,2,3,askos,1
small,g17,7,10,2,4,fewseee,1
small,g17,9,10,2,4,askii,0
small,g17,11,10,2,4,askeee,1
small,g17,14,10,2,4,askeee,1
small,g17,5,11,2,1,askoo,0
small,g17,9,11,2,1,asku,1
small,g17,10,11,2,1,askku,0
small,g17,11,11,2,1,fewwu,0
small,g17,14,11,2,1,askku-u,0
small,g17,5,11,2,2,fewi,1
small,g17,7,11,2,2,asku,1
small,g17,9,11,2,2,fewii,1
small,g17,11,11,2,2,askii,1
small,g17,13,11,2,2,asku-u-u,1
small,g17,14,11,2,2,askii,1
small,g17,5,11,2,3,askop,0
small,g17,6,11,2,3,fewop,0
small,g17,7,11,2,3,fewek,0
small,g17,8,11,2,3,fewke,0
small,g17,12,11,2,3,fewke,0
small,g17,13,11,2,3,fewsee,1
small,g17,5,11,2,4,pewke,0
small,g17,6,11,2,4,aske,0
small,g17,8,11,2,4,fewkeee,0
small,g17,10,11,2,4,fewsaa,1
small,g17,12,11,2,4,askkaaa,0
small,g17,4,12,2,1,askoo,1
small,g17,8,12,2,1,askoo,1
small,g17,9,12,2,1,askaa,1
small,g17,10,12,2,1,askaa,1
small,g17,12,12,2,1,askeee,1
small,g17,13,12,2,1,askeee,0
small,g17,7,12,2,2,asksee,1
small,g17,8,12,2,2,fewseee,0
small,g17,9,12,2,2,fewki,1
small,g17,12,12,2,2,fewsee,0
small,g17,3,12,2,3,fewo,0
small,g17,3,12,2,3,fewop,1
small,g17,5,12,2,3,asko,1
small,g17,6,12,2,3,feweee,0
small,g17,7,12,2,3,fewseee,0
small,g17,11,12,2,3,askoos,1
small,g17,14,12,2,3,fewsee,0
small,g17,3,12,2,4,feko,0
small,g17,3,12,2,4,pewu,0
small,g17,4,12,2,4,pewu,0
small,g17,5,12,2,4,fewp,0
small,g17,6,12,2,4,askoo,1
small,g17,10,12,2,4,fewsee,1
small,g17,11,12,2,4,askaa,0
small,g17,13,12,2,4,fewsee,0
small,g17,14,12,2,4,asksee,0
small,g17,1,13,2,1,asko,1
small,g17,1,13,2,1,fewon,0
small,g17,2,13,2,1,pokes,0
small,g17,3,13,2,1,fewa,1
small,g17,5,13,2,1,askoo,1
small,g17,10,13,2,1,askii,0
small,g17,11,13,2,1,asko-o,1
small,g17,13,13,2,1,asko-o-o,0
small,g17,14,13,2,1,asko-o-o,1
small,g17,1,13,2,2,asko,1
small,g17,2,13,2,2,asko,1
small,g17,3,13,2,2,feowo,0
small,g17,4,13,2,2,fewo,0
small,g17,5,13,2,2,fewt,0
small,g17,7,13,2,2,askii,1
small,g17,11,13,2,2,askseee,1
small,g17,14,13,2,2,askki,1
small,g17,1,13,2,3,fego,1
small,g17,2,13,2,3,fego,1
small,g17,3,13,2,3,fewow,1
small,g17,4,13,2,3,fewon,1
small,g17,6,13,2,3,fewes,0
small,g17,7,13,2,3,fewkee,1
small,g17,8,13,2,3,askoo,1
small,g17,9,13,2,3,fewkkee,1
small,g17,12,13,2,3,fewkkee,0
small,g17,1,13,2,4,fefo,0
small,g17,1,13,2,4,hiti,0
small,g17,2,13,2,4,aski,0
small,g17,3,13,2,4,pewa,0
small,g17,6,13,2,4,fewa,0
small,g17,8,13,2,4,fewke,0
small,g17,9,13,2,4,feww,0
small,g17,10,13,2,4,fewsa,1
small,g17,12,13,2,4,fewo-o-o,1
small,g17,13,13,2,4,askka,1
small,g17,5,14,2,1,asko,0
small,g17,7,14,2,1,ask,1
small,g17,9,14,2,1,askk,1
small,g17,11,14,2,1,askk,1
small,g17,5,14,2,2,fewk,1
small,g17,9,14,2,2,fewk,0
small,g17,10,14,2,2,askk,1
small,g17,11,14,2,2,askk,1
small,g17,13,14,2,2,askk,0
small,g17,5,14,2,3,askin,1
small,g17,6,14,2,3,feweni,0
small,g17,8,14,2,3,aski,1
small,g17,10,14,2,3,fewi,0
small,g17,12,14,2,3,fewi,1
small,g17,13,14,2,3,fewi,1
small,g17,14,14,2,3,aski,1
small,g17,5,14,2,4,fewo,1
small,g17,6,14,2,4,fewke,0
small,g17,7,14,2,4,fewa,1
small,g17,8,14,2,4,fewke,1
small,g17,12,14,2,4,askk,1
small,g17,14,14,2,4,askk,1
small,g17,1,15,3,1,pow,0
small,g17,1,15,3,1,pow,1
small,g17,2,15,3,1,powuk,0
small,g17,3,15,3,1,powuk,0
small,g17,3,15,3,1,powuk,0
small,g17,5,15,3,1,powuk,1
small,g17,7,15,3,1,powup,1
small,g17,8,15,3,1,powupp,0
small,g17,10,15,3,1,powup,1
small,g17,12,15,3,1,powu-u-u,0
small,g17,13,15,3,1,powu-u-u,1
small,g17,14,15,3,1,powu-u-u,0
small,g17,1,15,3,2,pow,0
small,g17,2,15,3,2,pow,0
small,g17,3,15,3,2,pow,0
small,g17,3,15,3,2,pow,0
small,g17,4,15,3,2,pow,0
small,g17,5,15,3,2,hito,0
small,g17,8,15,3,2,powii,1
small,g17,12,15,3,2,powii,0
small,g17,14,15,3,2,powii,1
small,g17,1,15,3,3,hita,0
small,g17,2,15,3,3,hita,1
small,g17,4,15,3,3,powek,0
small,g17,6,15,3,3,powek,0
small,g17,9,15,3,3,powke,1
small,g17,11,15,3,3,powke,1
small,g17,1,15,3,4,poki,0
small,g17,1,15,3,4,poki,0
small,g17,2,15,3,4,poki,0
small,g17,6,15,3,4,powo,0
small,g17,7,15,3,4,powo,1
small,g17,9,15,3,4,powa,0
small,g17,10,15,3,4,hitsaa,0
small,g17,11,15,3,4,powkii,1
small,g17,13,15,3,4,powsee,1
small,g17,1,16,3,1,upiw,1
small,g17,2,16,3,1,hako,1
small,g17,4,16,3,1,powo,0
small,g17,6,16,3,1,powoo,0
small,g17,7,16,3,1,powo,0
small,g17,9,16,3,1,powo,0
small,g17,12,16,3,1,powoo,0
small,g17,13,16,3,1,powo,0
small,g17,1,16,3,2,piw,0
small,g17,1,16,3,2,paw,0
small,g17,2,16,3,2,poka,0
small,g17,6,16,3,2,powseee,1
small,g17,9,16,3,2,powsi,1
small,g17,10,16,3,2,powsi,0
small,g17,12,16,3,2,powii,1
small,g17,1,16,3,3,haku,0
small,g17,1,16,3,3,poku,1
small,g17,2,16,3,3,hito,0
small,g17,3,16,3,3,powko,1
small,g17,5,16,3,3,powop,1
small,g17,8,16,3,3,powseeee,0
small,g17,10,16,3,3,powsee,1
small,g17,11,16,3,3,powsee,0
small,g17,14,16,3,3,powsee,1
small,g17,1,16,3,4,hitu,0
small,g17,2,16,3,4,poku,1
small,g17,3,16,3,4,poku,0
small,g17,4,16,3,4,powa,0
small,g17,5,16,3,4,hitu,0
small,g17,7,16,3,4,powu,1
small,g17,8,16,3,4,powkeee,1
small,g17,11,16,3,4,powke,0
small,g17,13,16,3,4,powsi,0
small,g17,14,16,3,4,powsee,1
small,g17,4,18,3,1,powki,1
small,g17,6,18,3,1,powki,1
small,g17,10,18,3,1,fuotii,0
small,g17,11,18,3,1,powii,0
small,g17,14,18,3,1,powi-i-i,0
small,g17,4,18,3,2,powke,1
small,g17,6,18,3,2,powk,1
small,g17,7,18,3,2,powk,1
small,g17,11,18,3,2,powk,1
small,g17,13,18,3,2,powk,0
small,g17,14,18,3,2,powk,1
small,g17,4,18,3,3,powip,0
small,g17,5,18,3,3,powit,1
small,g17,7,18,3,3,powseee,0
small,g17,8,18,3,3,pows,0
small,g17,9,18,3,3,pows,1
small,g17,12,18,3,3,powi,0
small,g17,13,18,3,3,powi,1
small,g17,4,18,3,4,powip,1
small,g17,5,18,3,4,powo,0
small,g17,8,18,3,4,powof,0
small,g17,9,18,3,4,poww,1
small,g17,10,18,3,4,powi,1
small,g17,12,18,3,4,poww,0
small,g17,3,19,3,1,poww,1
small,g17,7,19,3,1,powu,0
small,g17,8,19,3,1,poww,0
small,g17,10,19,3,1,poww,0
small,g17,11,19,3,1,powww,0
small,g17,14,19,3,1,powwoo,1
small,g17,3,19,3,2,poko,0
small,g17,4,19,3,2,powkeee,0
small,g17,4,19,3,2,powkeee,1
small,g17,8,19,3,2,powkeee,0
small,g17,11,19,3,2,powkeee,1
small,g17,13,19,3,2,powkee,1
small,g17,14,19,3,2,powkeee,1
small,g17,3,19,3,3,powof,1
small,g17,4,19,3,3,powog,1
small,g17,4,19,3,3,powog,1
small,g17,5,19,3,3,powof,1
small,g17,6,19,3,3,powonm,0
small,g17,9,19,3,3,powse,0
small,g17,12,19,3,3,powkke,1
small,g17,13,19,3,3,powssoi,0
small,g17,3,19,3,4,poki,0
small,g17,5,19,3,4,powi,0
small,g17,6,19,3,4,powke,1
small,g17,7,19,3,4,poko,0
small,g17,9,19,3,4,powii,1
small,g17,10,19,3,4,powse,0
small,g17,12,19,3,4,powo-o-o,0
small,g17,6,20,3,1,powo,0
small,g17,9,20,3,1,powoa,0
small,g17,11,20,3,1,powoa,1
small,g17,12,20,3,1,powo-a,0
small,g17,13,20,3,1,powo-a,0
small,g17,6,20,3,2,powsoo,1
small,g17,7,20,3,2,powii,1
small,g17,9,20,3,2,powkkee,1
small,g17,10,20,3,2,powseee,1
small,g17,11,20,3,2,powseee,0
small,g17,12,20,3,2,fewseee,0
small,g17,7,20,3,3,powkee,0
small,g17,8,20,3,3,powonn,0
small,g17,10,20,3,3,powkee,0
small,g17,14,20,3,3,powkkee,1
small,g17,8,20,3,4,powaa,1
small,g17,13,20,3,4,powka,0
small,g17,14,20,3,4,powki,0
small,g17,2,21,3,1,pow,0
small,g17,3,21,3,1,powo,1
small,g17,3,21,3,1,powo,0
small,g17,6,21,3,1,powu,1
small,g17,7,21,3,1,powo,0
small,g17,9,21,3,1,powo,0
small,g17,10,21,3,1,powso,0
small,g17,11,21,3,1,powon,1
small,g17,12,21,3,1,powo-o,1
small,g17,13,21,3,1,powo-o,0
small,g17,2,21,3,2,pewen,0
small,g17,3,21,3,2,powen,1
small,g17,3,21,3,2,powen,1
small,g17,4,21,3,2,powen,1
small,g17,6,21,3,2,powen,0
small,g17,9,21,3,2,powen,0
small,g17,11,21,3,2,powu,1
small,g17,12,21,3,2,powen,1
small,g17,2,21,3,3,haku,0
small,g17,2,21,3,3,pow,0
small,g17,4,21,3,3,powofs,0
small,g17,5,21,3,3,powon,0
small,g17,8,21,3,3,powon,0
small,g17,14,21,3,3,powon,0
small,g17,2,21,3,4,poka,0
small,g17,2,21,3,4,poko,1
small,g17,5,21,3,4,powa,0
small,g17,7,21,3,4,powaa,0
small,g17,8,21,3,4,powa,0
small,g17,10,21,3,4,powen,1
small,g17,13,21,3,4,powu,1
small,g17,14,21,3,4,powen,1
small,g17,2,23,4,1,fuoto,1
small,g17,3,23,4,1,fuoti,1
small,g17,4,23,4,1,fuoti,1
small,g17,5,23,4,1,fuoti,0
small,g17,8,23,4,1,fuoti,1
small,g17,9,23,4,1,fuott,0
small,g17,11,23,4,1,fuotio,0
small,g17,12,23,4,1,fuotsi,0
small,g17,2,23,4,2,fuoka,0
small,g17,3,23,4,2,fuoko,1
small,g17,5,23,4,2,fuoki,1
small,g17,7,23,4,2,fuoko,0
small,g17,8,23,4,2,futoia,0
small,g17,9,23,4,2,futoke,1
small,g17,10,23,4,2,futoseee,1
small,g17,11,23,4,2,futseee,1
small,g17,12,23,4,2,fuotseee,1
small,g17,13,23,4,2,futo-o-o,1
small,g17,2,23,4,3,fuotes,1
small,g17,6,23,4,3,fuotii,0
small,g17,7,23,4,3,fuotii,0
small,g17,10,23,4,3,fuotkkii,0
small,g17,13,23,4,3,fuotkkii,1
small,g17,14,23,4,3,fuotkkii,1
small,g17,2,23,4,4,fuoti,1
small,g17,4,23,4,4,fuoti,0
small,g17,6,23,4,4,fuoti,0
small,g17,14,23,4,4,fiotki,1
small,g17,1,25,4,1,fuoti,1
small,g17,1,25,4,1,fuoti,1
small,g17,2,25,4,1,fuoti,1
small,g17,3,25,4,1,fuotaa,1
small,g17,4,25,4,1,fuokii,1
small,g17,5,25,4,1,fuotiii,0
small,g17,8,25,4,1,fuotii,1
small,g17,9,25,4,1,fuotii,1
small,g17,13,25,4,1,fuottoo,0
small,g17,14,25,4,1,fuotsoo,1
small,g17,1,25,4,2,fukoki,0
small,g17,2,25,4,2,fuoki,1
small,g17,3,25,4,2,fuoki,0
small,g17,5,25,4,2,fuoti,1
small,g17,7,25,4,2,fuotiseee,1
small,g17,8,25,4,2,fuotisee,1
small,g17,9,25,4,2,futosee,1
small,g17,10,25,4,2,futoaa,1
small,g17,14,25,4,2,futseee,0
small,g17,1,25,4,3,fuoti,1
small,g17,2,25,4,3,fuoti,0
small,g17,3,25,4,3,fuoti,1
small,g17,6,25,4,3,fuoti,0
small,g17,7,25,4,3,fuoti,1
small,g17,10,25,4,3,fuotssii,1
small,g17,11,25,4,3,fuoti,1
small,g17,12,25,4,3,fuoti,1
small,g17,1,25,4,4,fuoti,1
small,g17,1,25,4,4,fuoti,1
small,g17,2,25,4,4,fuoki,1
small,g17,3,25,4,4,fuomi,1
small,g17,4,25,4,4,fuota,0
small,g17,6,25,4,4,fuota,1
small,g17,11,25,4,4,fiotkaaa,1
small,g17,12,25,4,4,fioteeeee,1
small,g17,13,25,4,4,fiotsii,1
small,g17,6,26,4,1,fuoti,1
small,g17,8,26,4,1,fuoti,1
small,g17,9,26,4,1,fuot,0
small,g17,11,26,4,1,fuoti,0
small,g17,14,26,4,1,fuot-o-o-o-o-o-o,0
small,g17,6,26,4,2,fuokkeee,1
small,g17,7,26,4,2,fuokikeee,0
small,g17,8,26,4,2,fuotikeee,1
small,g17,9,26,4,2,futosse,1
small,g17,10,26,4,2,futokeee,1
small,g17,11,26,4,2,futokeee,1
small,g17,13,26,4,2,futokeee,0
small,g17,14,26,4,2,futakeee,0
small,g17,7,26,4,3,fuotiii,0
small,g17,10,26,4,3,fuotsi,1
small,g17,12,26,4,3,fuotti,0
small,g17,13,26,4,3,fuotkki,0
small,g17,12,26,4,4,fioti-i-i,0
small,g17,4,28,4,1,fuoti,1
small,g17,5,28,4,1,fuoti,0
small,g17,6,28,4,1,fuoto,1
small,g17,7,28,4,1,fuotii,0
small,g17,8,28,4,1,fuoto,1
small,g17,9,28,4,1,fuotii,0
small,g17,12,28,4,1,fuotso-o-o,0
small,g17,14,28,4,1,fuotso-o-o-o-o-o,1
small,g17,4,28,4,2,fuoki,1
small,g17,5,28,4,2,fuoti,0
small,g17,6,28,4,2,fuokii,1
small,g17,8,28,4,2,futoiii,0
small,g17,9,28,4,2,futoii,1
small,g17,10,28,4,2,futoii,1
small,g17,12,28,4,2,futakee,0
small,g17,13,28,4,2,futoii,1
small,g17,14,28,4,2,futii,1
small,g17,4,28,4,3,fuotog,1
small,g17,10,28,4,3,fuotkki,0
small,g17,11,28,4,3,fuotkki,0
small,g17,13,28,4,3,fuotki,1
small,g17,4,28,4,4,fuotog,1
small,g17,7,28,4,4,fuota,1
small,g17,11,28,4,4,fiotsaaa,1
small,g18,4,1,1,1,soo,0
small,g18,6,1,1,1,soo,0
small,g18,9,1,1,1,soo,0
small,g18,14,1,1,1,s-oo,1
small,g18,4,1,1,2,moo,0
small,g18,6,1,1,2,moo,0
small,g18,7,1,1,2,moo,1
small,g18,9,1,1,2,moo,1
small,g18,10,1,1,2,moo,0
small,g18,13,1,1,2,moo,0
small,g18,14,1,1,2,moo,0
small,g18,4,1,1,3,sto,0
small,g18,5,1,1,3,kgg,0
small,g18,7,1,1,3,moo,0
small,g18,8,1,1,3,stp,0
small,g18,10,1,1,3,moo,0
small,g18,11,1,1,3,nui,0
small,g18,12,1,1,3,nsmut,0
small,g18,13,1,1,3,nut,1
small,g18,4,1,1,4,pui,0
small,g18,5,1,1,4,ggoom,0
small,g18,8,1,1,4,moogg,0
small,g18,11,1,1,4,ggooms,0
small,g18,12,1,1,4,smoogghh,0
small,g18,1,3,1,1,smg,0
small,g18,2,3,1,1,smg,0
small,g18,3,3,1,1,sog,0
small,g18,5,3,1,1,sog,0
small,g18,7,3,1,1,sg,0
small,g18,10,3,1,1,so,0
small,g18,11,3,1,1,sg,0
small,g18,13,3,1,1,s-o,1
small,g18,1,3,1,2,smt,0
small,g18,2,3,1,2,moogh,0
small,g18,3,3,1,2,moogghh,0
small,g18,4,3,1,2,noooo,0
small,g18,5,3,1,2,gnoow,0
small,g18,11,3,1,2,ssttm,0
small,g18,1,3,1,3,hkp,0
small,g18,2,3,1,3,moo,0
small,g18,4,3,1,3,pui,0
small,g18,6,3,1,3,pui,0
small,g18,8,3,1,3,oot,0
small,g18,9,3,1,3,ooo,0
small,g18,12,3,1,3,okgt,0
small,g18,14,3,1,3,w-ot,0
small,g18,1,3,1,4,pui,1
small,g18,2,3,1,4,moogghh,0
small,g18,6,3,1,4,moogg,0
small,g18,7,3,1,4,moogghh,0
small,g18,8,3,1,4,smoogg,0
small,g18,9,3,1,4,moogg,0
small,g18,10,3,1,4,moogg,0
small,g18,12,3,1,4,smoogg,0
small,g18,13,3,1,4,smoogg,0
small,g18,14,3,1,4,moogg,0
small,g18,1,4,1,1,mot,1
small,g18,1,4,1,1,smt,1
small,g18,2,4,1,1,smt,0
small,g18,4,4,1,1,sot,0
small,g18,5,4,1,1,sot,0
small,g18,6,4,1,1,sot,0
small,g18,7,4,1,1,sot,0
small,g18,8,4,1,1,sot,0
small,g18,11,4,1,1,s-ot,0
small,g18,13,4,1,1,s-ot,0
small,g18,1,4,1,2,smatp,1
small,g18,2,4,1,2,gmpf,1
small,g18,4,4,1,2,stm,0
small,g18,5,4,1,2,puik,0
small,g18,6,4,1,2,smip,0
small,g18,8,4,1,2,smut,0
small,g18,10,4,1,2,kgt,0
small,g18,11,4,1,2,smut,0
small,g18,1,4,1,3,moogghh,0
small,g18,2,4,1,3,muik,0
small,g18,3,4,1,3,moogg,0
small,g18,4,4,1,3,moogg,0
small,g18,9,4,1,3,woo,0
small,g18,10,4,1,3,wut,0
small,g18,12,4,1,3,sui,0
small,g18,14,4,1,3,sui,0
small,g18,1,4,1,4,moo,0
small,g18,1,4,1,4,moo,0
small,g18,2,4,1,4,wut,0
small,g18,3,4,1,4,mogg,0
small,g18,4,4,1,4,wom,0
small,g18,7,4,1,4,mooggt,0
small,g18,9,4,1,4,sggoom,0
small,g18,12,4,1,4,moogg,0
small,g18,13,4,1,4,mooggs,0
small,g18,14,4,1,4,moogghh,0
small,g18,2,5,1,1,soogg,0
small,g18,3,5,1,1,soogg,0
small,g18,4,5,1,1,soogg,0
small,g18,5,5,1,1,soogg,0
small,g18,10,5,1,1,s-oogg,1
small,g18,13,5,1,1,s-oogg,0
small,g18,14,5,1,1,s-oogg,1
small,g18,2,5,1,2,moogg,0
small,g18,3,5,1,2,moogg,0
small,g18,5,5,1,2,moogg,0
small,g18,7,5,1,2,moogg,0
small,g18,14,5,1,2,mooggg,0
small,g18,2,5,1,3,pui,0
small,g18,3,5,1,3,pui,0
small,g18,6,5,1,3,stp,0
small,g18,7,5,1,3,moogg,1
small,g18,8,5,1,3,too,0
small,g18,9,5,1,3,nui,0
small,g18,11,5,1,3,nst,0
small,g18,12,5,1,3,nsmut,0
small,g18,2,5,1,4,kopk,0
small,g18,3,5,1,4,moogghh,1
small,g18,4,5,1,4,moogghh,0
small,g18,6,5,1,4,moogg,1
small,g18,8,5,1,4,smoogg,0
small,g18,9,5,1,4,smoogg,0
small,g18,10,5,1,4,smoogg,0
small,g18,11,5,1,4,smoogg,0
small,g18,12,5,1,4,moogg,1
small,g18,13,5,1,4,smoogg,0
small,g18,5,6,1,1,sot,0
small,g18,6,6,1,1,sot,0
small,g18,7,6,1,1,sot,1
small,g18,8,6,1,1,sot,1
small,g18,12,6,1,1,s-gt,0
small,g18,13,6,1,1,s-gt,0
small,g18,14,6,1,1,s-ot,0
small,g18,5,6,1,2,smt,0
small,g18,6,6,1,2,smut,1
small,g18,8,6,1,2,smut,0
small,g18,10,6,1,2,smut,1
small,g18,12,6,1,2,smut,0
small,g18,14,6,1,2,smut,0
small,g18,5,6,1,3,moo,0
small,g18,9,6,1,3,wmut,0
small,g18,10,6,1,3,soo,0
small,g18,11,6,1,3,sst,1
small,g18,5,6,1,4,moogg,0
small,g18,7,6,1,4,ggoom,0
small,g18,9,6,1,4,moogghh,0
small,g18,11,6,1,4,kogsmu,1
small,g18,13,6,1,4,ggoom,0
small,g18,3,7,1,1,sog,0
small,g18,4,7,1,1,sogt,1
small,g18,7,7,1,1,sgt,0
small,g18,8,7,1,1,sgt,0
small,g18,10,7,1,1,sgt,0
small,g18,11,7,1,1,s-gt,0
small,g18,12,7,1,1,s-gt,0
small,g18,3,7,1,2,kopk,0
small,g18,8,7,1,2,smut-kog,0
small,g18,11,7,1,2,smut-kog,0
small,g18,12,7,1,2,smut-kog,0
small,g18,13,7,1,2,smut-kog,0
small,g18,3,7,1,3,pui,0
small,g18,5,7,1,3,moogg,0
small,g18,6,7,1,3,kopk,0
small,g18,9,7,1,3,moos,0
small,g18,13,7,1,3,pui,0
small,g18,14,7,1,3,sui,1
small,g18,3,7,1,4,moogghh,1
small,g18,4,7,1,4,moogghh,0
small,g18,5,7,1,4,ggoom,1
small,g18,6,7,1,4,moogg,0
small,g18,7,7,1,4,moogg,0
small,g18,9,7,1,4,moogghh,0
small,g18,10,7,1,4,soo,1
small,g18,14,7,1,4,moogg,0
small,g18,1,8,2,1,ot,0
small,g18,2,8,2,1,kmt,0
small,g18,3,8,2,1,kot,1
small,g18,6,8,2,1,kogt,1
small,g18,7,8,2,1,kog,1
small,g18,12,8,2,1,k-ogt,0
small,g18,1,8,2,2,mot,1
small,g18,1,8,2,2,smt,0
small,g18,2,8,2,2,pui,0
small,g18,3,8,2,2,pui,1
small,g18,4,8,2,2,pui,0
small,g18,6,8,2,2,stpp,0
small,g18,10,8,2,2,stum-n,1
small,g18,12,8,2,2,smut-n,0
small,g18,13,8,2,2,smut-n,0
small,g18,1,8,2,3,poogghh,0
small,g18,1,8,2,3,pui,0
small,g18,2,8,2,3,muik,0
small,g18,4,8,2,3,pui,0
small,g18,5,8,2,3,moogghh,0
small,g18,8,8,2,3,poo,0
small,g18,9,8,2,3,soo,1
small,g18,10,8,2,3,oo,0
small,g18,11,8,2,3,sui,0
small,g18,13,8,2,3,sui,0
small,g18,14,8,2,3,sst,0
small,g18,1,8,2,4,pog,0
small,g18,2,8,2,4,wut,0
small,g18,5,8,2,4,tuw,1
small,g18,7,8,2,4,twuit,0
small,g18,8,8,2,4,stup,1
small,g18,9,8,2,4,twut,0
small,g18,11,8,2,4,twuit,0
small,g18,14,8,2,4,goomm,1
small,g18,1,9,2,1,mog,0
small,g18,2,9,2,1,kog,0
small,g18,3,9,2,1,kog,0
small,g18,4,9,2,1,kog,0
small,g18,5,9,2,1,kog,0
small,g18,9,9,2,1,kog,0
small,g18,10,9,2,1,kog,1
small,g18,13,9,2,1,k-og,0
small,g18,1,9,2,2,pott,0
small,g18,1,9,2,2,moohgg,0
small,g18,2,9,2,2,kopk,0
small,g18,3,9,2,2,mok,0
small,g18,4,9,2,2,moowoog,0
small,g18,5,9,2,2,mooohhggg,0
small,g18,7,9,2,2,moowoogg,0
small,g18,9,9,2,2,moowoog,0
small,g18,1,9,2,3,pui,0
small,g18,1,9,2,3,moogg,0
small,g18,2,9,2,3,pui,0
small,g18,3,9,2,3,moogg,0
small,g18,4,9,2,3,moo,1
small,g18,6,9,2,3,moo,0
small,g18,7,9,2,3,twut,0
small,g18,8,9,2,3,moo,0
small,g18,11,9,2,3,noo,0
small,g18,12,9,2,3,nui,0
small,g18,14,9,2,3,nui,0
small,g18,1,9,2,4,moogghh,0
small,g18,2,9,2,4,moogg,0
small,g18,3,9,2,4,kui,0
small,g18,4,9,2,4,pug,1
small,g18,6,9,2,4,wut,0
small,g18,8,9,2,4,huw,0
small,g18,10,9,2,4,twuit,0
small,g18,11,9,2,4,fgmp,0
small,g18,12,9,2,4,wuit,0
small,g18,13,9,2,4,wut,0
small,g18,14,9,2,4,twuit,1
small,g18,6,10,2,1,sot,0
small,g18,7,10,2,1,sot,0
small,g18,8,10,2,1,kot,0
small,g18,12,10,2,1,k-gt,0
small,g18,6,10,2,2,smut,0
small,g18,8,10,2,2,smut,0
small,g18,10,10,2,2,smut,0
small,g18,12,10,2,2,smut,0
small,g18,13,10,2,2,smut,0
small,g18,9,10,2,3,soo,0
small,g18,10,10,2,3,soo,0
small,g18,11,10,2,3,m-st,0
small,g18,13,10,2,3,wut,0
small,g18,14,10,2,3,sst,0
small,g18,7,10,2,4,puit,0
small,g18,9,10,2,4,smog,0
small,g18,11,10,2,4,tuip,1
small,g18,14,10,2,4,tiuwt,0
small,g18,5,11,2,1,koogg,0
small,g18,9,11,2,1,koogg,1
small,g18,10,11,2,1,koogg,0
small,g18,11,11,2,1,koogg,0
small,g18,14,11,2,1,w-oogg,0
small,g18,5,11,2,2,moogg,0
small,g18,7,11,2,2,moogg,1
small,g18,9,11,2,2,moogg,0
small,g18,11,11,2,2,moogg,0
small,g18,13,11,2,2,moogg,0
small,g18,14,11,2,2,moogg,0
small,g18,5,11,2,3,stp,0
small,g18,6,11,2,3,stp,0
small,g18,7,11,2,3,pui,0
small,g18,8,11,2,3,koo,1
small,g18,12,11,2,3,nsmut,0
small,g18,13,11,2,3,nmoog,0
small,g18,5,11,2,4,wut,0
small,g18,6,11,2,4,twogt,0
small,g18,8,11,2,4,smuit,1
small,g18,10,11,2,4,tuiwt,0
small,g18,12,11,2,4,pgt,0
small,g18,3,12,2,1,koo,1
small,g18,4,12,2,1,koo,0
small,g18,8,12,2,1,koo,0
small,g18,9,12,2,1,koo,0
small,g18,10,12,2,1,koo,0
small,g18,12,12,2,1,k-oo,0
small,g18,13,12,2,1,k-oo,0
small,g18,3,12,2,2,moo,0
small,g18,7,12,2,2,moo,0
small,g18,8,12,2,2,moo,0
small,g18,9,12,2,2,moo,1
small,g18,12,12,2,2,moo,0
small,g18,3,12,2,3,moo,1
small,g18,5,12,2,3,moo,0
small,g18,6,12,2,3,moo,1
small,g18,7,12,2,3,moo,0
small,g18,11,12,2,3,moo,0
small,g18,14,12,2,3,nst,0
small,g18,3,12,2,4,wut,0
small,g18,4,12,2,4,ggoomm,0
small,g18,5,12,2,4,tuw,0
small,g18,6,12,2,4,puit,0
small,g18,10,12,2,4,tuiwt,0
small,g18,11,12,2,4,wuit,0
small,g18,13,12,2,4,puit,0
small,g18,14,12,2,4,twunt,0
small,g18,1,13,2,1,mo,0
small,g18,1,13,2,1,kot,1
small,g18,2,13,2,1,kog,0
small,g18,3,13,2,1,kog,0
small,g18,5,13,2,1,kggt,1
small,g18,10,13,2,1,kgt,0
small,g18,11,13,2,1,k-gt,0
small,g18,13,13,2,1,k-gt,0
small,g18,14,13,2,1,k-ui,0
small,g18,1,13,2,2,kopk,0
small,g18,2,13,2,2,kopk,0
small,g18,3,13,2,2,kopk,0
small,g18,4,13,2,2,mst,0
small,g18,5,13,2,2,kopk,1
small,g18,7,13,2,2,smut-kog,0
small,g18,11,13,2,2,smut-kog,0
small,g18,14,13,2,2,smut-kog,0
small,g18,1,13,2,3,pgkp,0
small,g18,2,13,2,3,moogghh,0
small,g18,3,13,2,3,moogg,0
small,g18,4,13,2,3,soth,0
small,g18,6,13,2,3,moogghh,1
small,g18,7,13,2,3,pui,0
small,g18,8,13,2,3,moow,0
small,g18,9,13,2,3,soo,0
small,g18,12,13,2,3,sui,0
small,g18,1,13,2,4,wut,0
small,g18,1,13,2,4,moo,0
small,g18,2,13,2,4,pui,0
small,g18,3,13,2,4,moo,0
small,g18,6,13,2,4,tsot,0
small,g18,8,13,2,4,tuwt,0
small,g18,9,13,2,4,gook,0
small,g18,10,13,2,4,wut,0
small,g18,12,13,2,4,wuit,0
small,g18,13,13,2,4,wuit,0
small,g18,5,14,2,1,ko,1
small,g18,7,14,2,1,so,0
small,g18,9,14,2,1,ko,1
small,g18,11,14,2,1,k-o,1
small,g18,5,14,2,2,tuwww,0
small,g18,9,14,2,2,stm,0
small,g18,10,14,2,2,wust,0
small,g18,11,14,2,2,gmpf,0
small,g18,13,14,2,2,stmpf,0
small,g18,5,14,2,3,kog,0
small,g18,6,14,2,3,moogg,0
small,g18,8,14,2,3,hoo,0
small,g18,10,14,2,3,woo,1
small,g18,12,14,2,3,wsmut,1
small,g18,13,14,2,3,wst,0
small,g18,14,14,2,3,wst,0
small,g18,5,14,2,4,mogg,0
small,g18,6,14,2,4,twut,0
small,g18,7,14,2,4,twut,0
small,g18,8,14,2,4,pui,0
small,g18,12,14,2,4,twut,1
small,g18,14,14,2,4,smut,0
small,g18,1,15,3,1,moogg,1
small,g18,1,15,3,1,moogg,1
small,g18,2,15,3,1,moogg,0
small,g18,3,15,3,1,moogg,0
small,g18,5,15,3,1,moogg,1
small,g18,7,15,3,1,moogg,1
small,g18,8,15,3,1,moogg,0
small,g18,10,15,3,1,moogg,1
small,g18,12,15,3,1,m-oogg,1
small,g18,13,15,3,1,m-oogg,0
small,g18,14,15,3,1,m-oogg,0
small,g18,1,15,3,2,moogg,1
small,g18,2,15,3,2,moo,0
small,g18,3,15,3,2,moogg,1
small,g18,4,15,3,2,moogg,1
small,g18,5,15,3,2,moogg,0
small,g18,8,15,3,2,moogg,0
small,g18,12,15,3,2,moogg,1
small,g18,14,15,3,2,moogg,0
small,g18,1,15,3,3,moogghh,0
small,g18,2,15,3,3,smt,0
small,g18,3,15,3,3,moo,0
small,g18,4,15,3,3,moogghh,0
small,g18,6,15,3,3,moogg,0
small,g18,9,15,3,3,nui,0
small,g18,11,15,3,3,noo,0
small,g18,1,15,3,4,wut,0
small,g18,1,15,3,4,moogghh,1
small,g18,2,15,3,4,moogg,1
small,g18,3,15,3,4,moo,0
small,g18,6,15,3,4,twut,0
small,g18,7,15,3,4,puit,0
small,g18,9,15,3,4,twut,0
small,g18,10,15,3,4,twuit,0
small,g18,11,15,3,4,puit,1
small,g18,13,15,3,4,twut,0
small,g18,1,16,3,1,moo,1
small,g18,2,16,3,1,moo,1
small,g18,4,16,3,1,moo,1
small,g18,6,16,3,1,moo,1
small,g18,7,16,3,1,moo,1
small,g18,9,16,3,1,moo,1
small,g18,12,16,3,1,m-oo,0
small,g18,13,16,3,1,m-oo,0
small,g18,1,16,3,2,moogg,0
small,g18,1,16,3,2,moogg,0
small,g18,2,16,3,2,moo,1
small,g18,6,16,3,2,moo,1
small,g18,9,16,3,2,moo,0
small,g18,10,16,3,2,moo,1
small,g18,12,16,3,2,moo,1
small,g18,1,16,3,3,moo,0
small,g18,1,16,3,3,muik,1
small,g18,2,16,3,3,puik,0
small,g18,3,16,3,3,moo,1
small,g18,5,16,3,3,moo,1
small,g18,8,16,3,3,moo,1
small,g18,10,16,3,3,noo,0
small,g18,11,16,3,3,moo,1
small,g18,14,16,3,3,moo,1
small,g18,1,16,3,4,moo,0
small,g18,2,16,3,4,moo,1
small,g18,3,16,3,4,tuw,0
small,g18,4,16,3,4,moogg,0
small,g18,5,16,3,4,wut,0
small,g18,7,16,3,4,wut,0
small,g18,8,16,3,4,puit,0
small,g18,11,16,3,4,swuit,0
small,g18,13,16,3,4,oos,0
small,g18,14,16,3,4,wuit,0
small,g18,4,18,3,1,mo,0
small,g18,6,18,3,1,mo,0
small,g18,10,18,3,1,mo,0
small,g18,11,18,3,1,m-o,1
small,g18,14,18,3,1,m-g,0
small,g18,4,18,3,2,moooon,1
small,g18,6,18,3,2,mooonnn,0
small,g18,7,18,3,2,wsst,0
small,g18,11,18,3,2,gmpf,0
small,g18,13,18,3,2,smtk,0
small,g18,14,18,3,2,smtp,0
small,g18,4,18,3,3,sogt,1
small,g18,5,18,3,3,pui,0
small,g18,7,18,3,3,moot,1
small,g18,8,18,3,3,woo,0
small,g18,9,18,3,3,woo,0
small,g18,12,18,3,3,wmoo,0
small,g18,13,18,3,3,woo,0
small,g18,4,18,3,4,ggoomm,0
small,g18,5,18,3,4,tuwt,0
small,g18,8,18,3,4,twuit,0
small,g18,9,18,3,4,moogg,0
small,g18,10,18,3,4,wut,1
small,g18,12,18,3,4,wiut,0
small,g18,3,19,3,1,mo,0
small,g18,4,19,3,1,mot,0
small,g18,7,19,3,1,mot,1
small,g18,8,19,3,1,mot,0
small,g18,10,19,3,1,mot,0
small,g18,11,19,3,1,g-st,0
small,g18,14,19,3,1,m-gt,0
small,g18,3,19,3,2,smt,0
small,g18,4,19,3,2,stm,0
small,g18,8,19,3,2,smut,0
small,g18,11,19,3,2,smut,0
small,g18,13,19,3,2,smut,0
small,g18,14,19,3,2,smut,0
small,g18,3,19,3,3,mok,0
small,g18,4,19,3,3,ggoomm,0
small,g18,5,19,3,3,po,0
small,g18,6,19,3,3,smut,1
small,g18,9,19,3,3,sui,1
small,g18,12,19,3,3,soo,1
small,g18,13,19,3,3,soo,0
small,g18,3,19,3,4,wut,1
small,g18,4,19,3,4,moo,0
small,g18,5,19,3,4,puwt,1
small,g18,6,19,3,4,mog,0
small,g18,7,19,3,4,twut,0
small,g18,9,19,3,4,twuit,0
small,g18,10,19,3,4,twuit,0
small,g18,12,19,3,4,goomm,0
small,g18,6,20,3,1,mogt,1
small,g18,9,20,3,1,mgt,1
small,g18,11,20,3,1,m-gt,0
small,g18,12,20,3,1,m-gt,0
small,g18,13,20,3,1,m-gt,0
small,g18,6,20,3,2,kopk,0
small,g18,7,20,3,2,smut-kog,0
small,g18,9,20,3,2,smut-kog,0
small,g18,10,20,3,2,stum-kog,0
small,g18,11,20,3,2,smut-kog,0
small,g18,12,20,3,2,smut-kog,0
small,g18,7,20,3,3,stp,0
small,g18,8,20,3,3,moogg,0
small,g18,10,20,3,3,soo,0
small,g18,14,20,3,3,soo,0
small,g18,8,20,3,4,twut,0
small,g18,13,20,3,4,tuwt,0
small,g18,14,20,3,4,smuit,0
small,g18,2,21,3,1,mot,0
small,g18,3,21,3,1,mot,1
small,g18,6,21,3,1,mogt,0
small,g18,7,21,3,1,mogt,0
small,g18,9,21,3,1,mogt,0
small,g18,10,21,3,1,mogt,0
small,g18,11,21,3,1,m-ogt,0
small,g18,12,21,3,1,m-ogt,0
small,g18,13,21,3,1,sm-ogt,0
small,g18,2,21,3,2,wut,0
small,g18,3,21,3,2,stmp,0
small,g18,4,21,3,2,pui,0
small,g18,6,21,3,2,pui,0
small,g18,9,21,3,2,smut-n,0
small,g18,11,21,3,2,smut-n,0
small,g18,12,21,3,2,smut-n,0
small,g18,2,21,3,3,mo,1
small,g18,2,21,3,3,moogg,0
small,g18,3,21,3,3,pui,0
small,g18,4,21,3,3,moogghh,0
small,g18,5,21,3,3,stp,0
small,g18,8,21,3,3,moopp,1
small,g18,14,21,3,3,soo,0
small,g18,2,21,3,4,moo,0
small,g18,2,21,3,4,moogg,0
small,g18,3,21,3,4,mogg,1
small,g18,5,21,3,4,tup,0
small,g18,7,21,3,4,twut,0
small,g18,8,21,3,4,wut,0
small,g18,10,21,3,4,tuwt,0
small,g18,13,21,3,4,twuit,0
small,g18,14,21,3,4,sompt,0
small,g18,2,23,4,1,pmg,1
small,g18,3,23,4,1,nog,0
small,g18,5,23,4,1,nggt,0
small,g18,8,23,4,1,ngt,0
small,g18,9,23,4,1,ngt,0
small,g18,11,23,4,1,n-gt,1
small,g18,12,23,4,1,p-gt,0
small,g18,2,23,4,2,kopk,0
small,g18,3,23,4,2,kopk,0
small,g18,4,23,4,2,mst,0
small,g18,5,23,4,2,kopk,1
small,g18,7,23,4,2,smut-kog,0
small,g18,8,23,4,2,smut-kog,0
small,g18,9,23,4,2,smut-kog,1
small,g18,10,23,4,2,smut-kog,0
small,g18,11,23,4,2,smut-kog,0
small,g18,12,23,4,2,smut-kogk,0
small,g18,13,23,4,2,smut-kogk,0
small,g18,2,23,4,3,pui,1
small,g18,4,23,4,3,stp,0
small,g18,6,23,4,3,pui,0
small,g18,7,23,4,3,pui,0
small,g18,10,23,4,3,sui,1
small,g18,13,23,4,3,pui,0
small,g18,14,23,4,3,sui,1
small,g18,2,23,4,4,pui,1
small,g18,6,23,4,4,pui,0
small,g18,14,23,4,4,pui,0
small,g18,1,25,4,1,nmo,0
small,g18,1,25,4,1,noo,0
small,g18,2,25,4,1,moo,0
small,g18,3,25,4,1,noo,0
small,g18,4,25,4,1,noo,0
small,g18,5,25,4,1,noo,1
small,g18,8,25,4,1,noo,0
small,g18,9,25,4,1,noo,0
small,g18,13,25,4,1,n-oo,0
small,g18,14,25,4,1,n-oo,0
small,g18,1,25,4,2,moo,0
small,g18,2,25,4,2,moo,0
small,g18,3,25,4,2,pui,0
small,g18,5,25,4,2,moo,0
small,g18,7,25,4,2,moo,0
small,g18,8,25,4,2,moo,0
small,g18,9,25,4,2,mooooo,0
small,g18,10,25,4,2,moooo,0
small,g18,14,25,4,2,mook,0
small,g18,1,25,4,3,mui,1
small,g18,2,25,4,3,pmg,0
small,g18,3,25,4,3,kopk,0
small,g18,6,25,4,3,stp,0
small,g18,7,25,4,3,wut,1
small,g18,10,25,4,3,nuit,1
small,g18,11,25,4,3,nui,0
small,g18,12,25,4,3,nui,0
small,g18,1,25,4,4,moogg,0
small,g18,1,25,4,4,pui,0
small,g18,2,25,4,4,pui,0
small,g18,3,25,4,4,pui,0
small,g18,4,25,4,4,wut,0
small,g18,6,25,4,4,pui,0
small,g18,11,25,4,4,pui,0
small,g18,12,25,4,4,puit,0
small,g18,13,25,4,4,pui,0
small,g18,6,26,4,1,pot,1
small,g18,8,26,4,1,not,1
small,g18,9,26,4,1,not,0
small,g18,11,26,4,1,n-gt,0
small,g18,14,26,4,1,n-gt,0
small,g18,6,26,4,2,smut,1
small,g18,7,26,4,2,sot,0
small,g18,8,26,4,2,smutk,1
small,g18,9,26,4,2,smut,1
small,g18,10,26,4,2,smutk,1
small,g18,11,26,4,2,smut,1
small,g18,13,26,4,2,smutk,0
small,g18,14,26,4,2,moooggghh,1
small,g18,7,26,4,3,pui,0
small,g18,10,26,4,3,sui,1
small,g18,12,26,4,3,sui,1
small,g18,13,26,4,3,sui,1
small,g18,12,26,4,4,pui,0
small,g18,4,28,4,1,noogg,0
small,g18,5,28,4,1,noogg,0
small,g18,6,28,4,1,noogg,0
small,g18,7,28,4,1,noogg,0
small,g18,8,28,4,1,noogg,0
small,g18,9,28,4,1,noogg,1
small,g18,12,28,4,1,n-oogg,1
small,g18,14,28,4,1,n-oogg,0
small,g18,4,28,4,2,moogg,1
small,g18,5,28,4,2,moogg,0
small,g18,6,28,4,2,moogg,0
small,g18,8,28,4,2,moogg,0
small,g18,9,28,4,2,moogg,0
small,g18,10,28,4,2,mooggggg,1
small,g18,12,28,4,2,mooggk,0
small,g18,13,28,4,2,moogggk,1
small,g18,14,28,4,2,mooggk,0
small,g18,4,28,4,3,wut,0
small,g18,10,28,4,3,nui,1
small,g18,11,28,4,3,nui,1
small,g18,13,28,4,3,nui,0
small,g18,4,28,4,4,pui,0
small,g18,7,28,4,4,pui,0
small,g18,11,28,4,4,gfpm,0
small,g19,1,9,2,1,wegf,0
small,g19,1,9,2,4,pew,1
small,g19,1,19,3,2,ieung,1
small,g19,1,19,3,3,kimf,0
small,g19,1,17,3,1,kimpf,1
small,g19,1,17,3,4,kimf,0
small,g19,1,7,1,2,wegf,1
small,g19,1,7,1,3,iomo,0
small,g19,1,22,4,1,woei,0
small,g19,1,22,4,4,hgunt,1
small,g19,1,5,1,2,kimf,0
small,g19,1,5,1,3,iomo,0
small,g19,1,28,4,1,woei,0
small,g19,1,28,4,4,woei,1
small,g19,1,10,2,2,iofo,0
small,g19,1,10,2,3,pew,0
small,g19,1,19,3,1,ieung,1
small,g19,1,19,3,4,kimf,0
small,g19,1,9,2,2,pew,1
small,g19,1,9,2,3,pew,0
small,g19,1,7,1,1,woei,0
small,g19,1,7,1,4,iofo,1
small,g19,1,17,3,2,kimf,1
small,g19,1,17,3,3,kimf,0
small,g19,1,22,4,1,wegf,0
small,g19,1,22,4,4,hgunt,0
small,g19,1,28,4,2,hgunt,0
small,g19,1,28,4,3,woei,1
small,g19,1,10,2,1,pew,0
small,g19,1,10,2,4,thum,0
small,g19,1,5,1,2,iofo,1
small,g19,1,5,1,3,iomo,0
small,g19,1,9,2,1,pew,1
small,g19,1,9,2,4,pew,0
small,g19,1,19,3,2,ieung,1
small,g19,1,19,3,3,kimf,0
small,g19,1,17,3,1,kimf,1
small,g19,1,17,3,4,kimf,0
small,g19,1,22,4,2,woei,0
small,g19,1,22,4,3,hgunt,0
small,g19,1,10,2,1,iofo,0
small,g19,1,10,2,4,thum,1
small,g19,1,28,4,2,hgunt,0
small,g19,1,28,4,3,woei,0
small,g19,1,5,1,1,woei,0
small,g19,1,5,1,4,iomo,1
small,g19,2,7,1,3,iomo,0
small,g19,2,7,1,4,iofo,1
small,g19,2,23,4,1,woei,1
small,g19,2,23,4,2,ghweit,0
small,g19,2,28,4,3,hgunt,1
small,g19,2,28,4,4,woei,0
small,g19,2,24,4,1,iofo,0
small,g19,2,24,4,2,thiunw,0
small,g19,2,9,2,3,pew,1
small,g19,2,9,2,4,pew,1
small,g19,2,17,3,1,kimf,1
small,g19,2,17,3,2,kimf,1
small,g19,2,5,1,3,iomo,0
small,g19,2,5,1,4,iofo,1
small,g19,2,12,2,1,iofo,0
small,g19,2,12,2,2,woei,0
small,g19,2,10,2,3,pew,1
small,g19,2,10,2,4,thum,1
small,g19,2,22,4,1,woei,0
small,g19,2,22,4,2,woei,0
small,g19,2,19,3,3,kimf,0
small,g19,2,19,3,4,kimf,0
small,g19,2,7,1,1,woei,0
small,g19,2,7,1,2,wegf,1
small,g19,2,22,4,3,hgunt,1
small,g19,2,22,4,4,hguntio,0
small,g19,2,24,4,1,wegf,0
small,g19,2,24,4,2,ghtuno,1
small,g19,2,17,3,3,kimf,1
small,g19,2,17,3,4,kimf,1
small,g19,2,9,2,1,pew,1
small,g19,2,9,2,2,pew,1
small,g19,2,12,2,3,pew,0
small,g19,2,12,2,4,pewio,0
small,g19,2,5,1,1,wegf,0
small,g19,2,5,1,2,iofo,1
small,g19,2,23,4,3,woei,0
small,g19,2,23,4,4,hgunt,0
small,g19,2,10,2,1,iofo,0
small,g19,2,10,2,2,pewti,0
small,g19,2,19,3,3,kimf,1
small,g19,2,19,3,4,kimfgo,1
small,g19,2,28,4,1,hgunt,0
small,g19,2,28,4,2,hgunt,1
small,g19,2,24,4,3,woei,0
small,g19,2,24,4,4,hguntgo,0
small,g19,3,5,1,1,iofo,1
small,g19,3,5,1,2,iofo,1
small,g19,3,7,1,3,iofo,0
small,g19,3,7,1,4,iofo,1
small,g19,3,17,3,1,ieung,1
small,g19,3,17,3,2,kimf,1
small,g19,3,23,4,3,hgunt,0
small,g19,3,23,4,4,hgunt,0
small,g19,3,9,2,1,pew,1
small,g19,3,9,2,2,pew,0
small,g19,3,20,3,3,kimf,0
small,g19,3,20,3,4,ieunggo,0
small,g19,3,11,2,1,pewo,1
small,g19,3,11,2,2,pewea,1
small,g19,3,10,2,3,pew,0
small,g19,3,10,2,4,pewio,0
small,g19,3,19,3,1,kimf,1
small,g19,3,19,3,2,ieung,0
small,g19,3,3,1,3,iomo,0
small,g19,3,3,1,4,iofoio,1
small,g19,3,28,4,1,hguntie,0
small,g19,3,28,4,2,hgunt,1
small,g19,3,22,4,3,woei,1
small,g19,3,22,4,4,hgunt,1
small,g19,3,12,2,1,pewpo,0
small,g19,3,12,2,2,thum,0
small,g19,3,24,4,3,hgunt,1
small,g19,3,24,4,4,woeiso,0
small,g19,3,7,1,1,iofeu,0
small,g19,3,7,1,2,wegf,1
small,g19,3,9,2,3,pew,1
small,g19,3,9,2,4,pew,1
small,g19,3,20,3,1,kimfie,1
small,g19,3,20,3,2,kinpf,0
small,g19,3,11,2,3,pewea,1
small,g19,3,11,2,4,pewio,1
small,g19,3,22,4,1,hguntio,1
small,g19,3,22,4,2,woei,0
small,g19,3,12,2,3,pew,0
small,g19,3,12,2,4,pewpo,1
small,g19,3,3,1,1,iofeu,0
small,g19,3,3,1,2,iofof,1
small,g19,3,10,2,3,pewea,1
small,g19,3,10,2,4,pewgo,1
small,g19,3,23,4,1,hguntie,1
small,g19,3,23,4,2,hguneat,0
small,g19,4,7,1,2,wegf,0
small,g19,4,7,1,3,iomo,0
small,g19,4,22,4,1,hgunt,0
small,g19,4,22,4,4,woeino,1
small,g19,4,23,4,2,hguneat,0
small,g19,4,23,4,3,woei,1
small,g19,4,4,1,1,iofeu,0
small,g19,4,4,1,4,iomono,1
small,g19,4,10,2,2,pewaow,1
small,g19,4,10,2,3,pew,0
small,g19,4,11,2,1,iofeo,0
small,g19,4,11,2,4,pewio,0
small,g19,4,28,4,2,hgunt,1
small,g19,4,28,4,3,hgunt,1
small,g19,4,9,2,1,pew,1
small,g19,4,9,2,4,pew,1
small,g19,4,17,3,2,kimf,1
small,g19,4,17,3,3,kimf,1
small,g19,4,5,1,1,iofieu,0
small,g19,4,5,1,4,iomo,0
small,g19,4,24,4,2,hgunoit,0
small,g19,4,24,4,3,hgunt,0
small,g19,4,21,3,1,kimfio,1
small,g19,4,21,3,4,kimfto,1
small,g19,4,14,2,2,pewhgtu,0
small,g19,4,14,2,3,pewea,1
small,g19,4,20,3,1,kimfio,1
small,g19,4,20,3,4,kimfmae,1
small,g19,4,3,1,2,wegiofo,0
small,g19,4,3,1,3,iomo,1
small,g19,4,12,2,1,wegfio,0
small,g19,4,12,2,4,pewpo,1
small,g19,4,22,4,2,hguntwi,1
small,g19,4,22,4,3,woeiea,1
small,g19,4,19,3,1,ieung,1
small,g19,4,19,3,4,ieung,0
small,g19,4,4,1,2,iofae,0
small,g19,4,4,1,3,iomofe,1
small,g19,4,28,4,1,hguntio,0
small,g19,4,28,4,4,hgunt,0
small,g19,4,21,3,2,kimeaf,1
small,g19,4,21,3,3,kimfo,1
small,g19,4,14,2,1,wegf,0
small,g19,4,14,2,4,pewso,0
small,g19,4,11,2,2,wegfeui,1
small,g19,4,11,2,3,pew,0
small,g19,5,24,4,1,hgunti,1
small,g19,5,24,4,2,hguntwe,1
small,g19,5,9,2,3,pew,1
small,g19,5,9,2,4,pew,1
small,g19,5,23,4,1,hguntio,1
small,g19,5,23,4,2,hgunaet,1
small,g19,5,19,3,3,kimf,1
small,g19,5,19,3,4,ieung,1
small,g19,5,25,4,1,hguntieu,1
small,g19,5,25,4,2,hguntwep,0
small,g19,5,4,1,3,iomo,1
small,g19,5,4,1,4,iofomo,1
small,g19,5,20,3,1,ieungio,0
small,g19,5,20,3,2,ieunfo,0
small,g19,5,16,3,3,kimf,0
small,g19,5,16,3,4,ieungti,1
small,g19,5,7,1,1,iofio,1
small,g19,5,7,1,2,iofegf,1
small,g19,5,22,4,3,woei,0
small,g19,5,22,4,4,hguntfae,0
small,g19,5,12,2,1,iofieu,0
small,g19,5,12,2,2,pewaap,1
small,g19,5,1,1,3,iomo,0
small,g19,5,1,1,4,iofea,1
small,g19,5,11,2,1,pewio,0
small,g19,5,11,2,2,peweag,1
small,g19,5,10,2,3,pew,1
small,g19,5,10,2,4,pewmo,1
small,g19,5,5,1,1,iomo,0
small,g19,5,5,1,2,iofo,1
small,g19,5,3,1,3,iomof,0
small,g19,5,3,1,4,iosof,1
small,g19,5,28,4,1,hguntio,0
small,g19,5,28,4,2,hgunt,1
small,g19,5,25,4,3,hgunt,1
small,g19,5,25,4,4,hguntwep,1
small,g19,5,14,2,1,pewpo,1
small,g19,5,14,2,2,pewghoi,0
small,g19,5,17,3,3,kimf,1
small,g19,5,17,3,4,kimf,1
small,g19,5,16,3,1,kimfio,0
small,g19,5,16,3,2,ieunimf,0
small,g19,5,21,3,3,kimfh,1
small,g19,5,21,3,4,ieungea,1
small,g19,5,1,1,1,iomieu,0
small,g19,5,1,1,2,iofwepg,0
small,g19,6,12,2,3,pew,0
small,g19,6,12,2,4,pewpo,1
small,g19,6,22,4,1,hguntio,1
small,g19,6,22,4,2,woei,1
small,g19,6,17,3,3,kimf,1
small,g19,6,17,3,4,kimf,1
small,g19,6,20,3,1,kimfio,1
small,g19,6,20,3,2,ieunimf,0
small,g19,6,1,1,3,iomo,0
small,g19,6,1,1,4,iofomae,0
small,g19,6,5,1,1,iofo,1
small,g19,6,5,1,2,iofo,0
small,g19,6,7,1,3,iomof,1
small,g19,6,7,1,4,iofopae,0
small,g19,6,16,3,1,kimfio,1
small,g19,6,16,3,2,kimieuf,0
small,g19,6,6,1,3,iomof,0
small,g19,6,6,1,4,iofomae,0
small,g19,6,21,3,1,kimfwoei,0
small,g19,6,21,3,2,kimeaf,0
small,g19,6,11,2,3,pew,0
small,g19,6,11,2,4,pewio,0
small,g19,6,23,4,1,hgunt,0
small,g19,6,23,4,2,hguneat,0
small,g19,6,9,2,3,pewea,0
small,g19,6,9,2,4,pew,1
small,g19,6,4,1,1,iofeu,0
small,g19,6,4,1,2,iofiof,1
small,g19,6,14,2,3,pewf,1
small,g19,6,14,2,4,pewfeu,0
small,g19,6,27,4,1,hguntio,1
small,g19,6,27,4,2,hgunswi,1
small,g19,6,19,3,3,kimf,0
small,g19,6,19,3,4,ieung,1
small,g19,6,10,2,1,pewieung,1
small,g19,6,10,2,2,wegf,0
small,g19,6,2,1,3,iomo,1
small,g19,6,2,1,4,iofoeung,0
small,g19,6,25,4,1,hguntkimf,0
small,g19,6,25,4,2,hguntnae,0
small,g19,6,28,4,3,hguntae,0
small,g19,6,28,4,4,hgunt,0
small,g19,6,3,1,1,iofeu,1
small,g19,6,3,1,2,iofso,0
small,g19,6,24,4,3,woei,0
small,g19,6,24,4,4,woeiso,0
small,g19,7,5,1,1,iofeu,0
small,g19,7,5,1,4,iomo,0
small,g19,7,7,1,2,iofegf,1
small,g19,7,7,1,3,iomof,0
small,g19,7,22,4,1,hguntio,0
small,g19,7,22,4,4,woeiso,0
small,g19,7,10,2,2,pewoi,1
small,g19,7,10,2,3,pew,0
small,g19,7,3,1,1,iofeu,1
small,g19,7,3,1,4,iomoko,0
small,g19,7,14,2,2,pewsui,0
small,g19,7,14,2,3,pewea,1
small,g19,7,24,4,1,hgunt,1
small,g19,7,24,4,4,woeieu,0
small,g19,7,19,3,2,ieung,1
small,g19,7,19,3,3,kimf,1
small,g19,7,12,2,1,pewio,1
small,g19,7,12,2,4,pewpo,1
small,g19,7,1,1,2,iofunt,0
small,g19,7,1,1,3,iomo,0
small,g19,7,9,2,1,pew,1
small,g19,7,9,2,4,pew,1
small,g19,7,20,3,2,kimiunf,1
small,g19,7,20,3,3,kimfi,1
small,g19,7,27,4,1,hguntio,1
small,g19,7,27,4,4,woeiwa,1
small,g19,7,25,4,2,hgunaeg,0
small,g19,7,25,4,3,woeieu,1
small,g19,7,28,4,1,hguniag,0
small,g19,7,28,4,4,woei,0
small,g19,7,21,3,2,kimaef,0
small,g19,7,21,3,3,kimf,0
small,g19,7,16,3,1,kimfio,1
small,g19,7,16,3,4,kimfo,1
small,g19,7,17,3,2,kimf,1
small,g19,7,17,3,3,kimfi,1
small,g19,7,11,2,1,pewieu,1
small,g19,7,11,2,4,pewio,1
small,g19,7,6,1,2,iofunf,0
small,g19,7,6,1,3,iomof,0
small,g19,7,2,1,1,iofunf,1
small,g19,7,2,1,4,iomea,1
small,g19,7,23,4,2,hgunaet,0
small,g19,7,23,4,3,woei,1
small,g19,7,4,1,1,iofaet,1
small,g19,7,4,1,4,iomeu,0
small,g19,8,5,1,3,iomo,0
small,g19,8,5,1,4,iofo,1
small,g19,8,6,1,1,iomeu,1
small,g19,8,6,1,2,iofimf,0
small,g19,8,1,1,3,iomoi,0
small,g19,8,1,1,4,iofogo,0
small,g19,8,10,2,1,pewio,1
small,g19,8,10,2,2,pewsa,0
small,g19,8,14,2,3,pew,0
small,g19,8,14,2,4,pewea,1
small,g19,8,11,2,1,pewei,1
small,g19,8,11,2,2,pewaemf,0
small,g19,8,28,4,3,hgunti,0
small,g19,8,28,4,4,hgunt,1
small,g19,8,9,2,1,pew,0
small,g19,8,9,2,2,pew,1
small,g19,8,23,4,3,woei,0
small,g19,8,23,4,4,woei,0
small,g19,8,4,1,1,iomeu,1
small,g19,8,4,1,2,iofae,0
small,g19,8,12,2,3,pewe,1
small,g19,8,12,2,4,pewpo,1
small,g19,8,21,3,1,ieungo,0
small,g19,8,21,3,2,kimaef,1
small,g19,8,16,3,3,ieungi,1
small,g19,8,16,3,4,kimeuf,0
small,g19,8,17,3,1,kimf,1
small,g19,8,17,3,2,kimf,1
small,g19,8,7,1,3,iomoi,1
small,g19,8,7,1,4,iofoieu,1
small,g19,8,3,1,1,iomoi,0
small,g19,8,3,1,2,iofiof,0
small,g19,8,19,3,3,kimf,1
small,g19,8,19,3,4,ieung,1
small,g19,8,24,4,1,hgunt,0
small,g19,8,24,4,2,hgunsa,0
small,g19,8,27,4,3,hgunti,0
small,g19,8,27,4,4,hguntwa,0
small,g19,8,2,1,1,iomeu,0
small,g19,8,2,1,2,iofew,0
small,g19,8,25,4,3,woeieu,0
small,g19,8,25,4,4,woeiwa,1
small,g19,8,20,3,1,kimf,0
small,g19,8,20,3,2,ieunimf,0
small,g19,8,22,4,3,hgunt,0
small,g19,8,22,4,4,woeiwe,1
small,g19,9,24,4,1,hgunti,0
small,g19,9,24,4,2,hgunsa,0
small,g19,9,28,4,3,hgunti,1
small,g19,9,28,4,4,woei,0
small,g19,9,22,4,1,hguntio,1
small,g19,9,22,4,2,woei,1
small,g19,9,10,2,3,pew,0
small,g19,9,10,2,4,pewmio,0
small,g19,9,12,2,1,pewio,0
small,g19,9,12,2,2,pewaew,1
small,g19,9,5,1,3,iomo,0
small,g19,9,5,1,4,iofo,0
small,g19,9,2,1,1,iofeu,1
small,g19,9,2,1,2,iofug,0
small,g19,9,7,1,3,iofu,0
small,g19,9,7,1,4,iofia,1
small,g19,9,1,1,1,iofeu,0
small,g19,9,1,1,2,iofunt,0
small,g19,9,14,2,3,pew,1
small,g19,9,14,2,4,pewfeu,1
small,g19,9,9,2,1,pew,1
small,g19,9,9,2,2,pew,1
small,g19,9,23,4,3,woei,1
small,g19,9,23,4,4,hgunt,1
small,g19,9,16,3,1,kimfio,0
small,g19,9,16,3,2,kimaewf,1
small,g19,9,25,4,3,hguntae,1
small,g19,9,25,4,4,woeiinf,0
small,g19,9,11,2,1,pew-kimf,1
small,g19,9,11,2,2,pewae,0
small,g19,9,19,3,3,kimf,0
small,g19,9,19,3,4,ieung,1
small,g19,9,17,3,1,kimf,1
small,g19,9,17,3,2,kimf,0
small,g19,9,4,1,3,iomof,1
small,g19,9,4,1,4,iofogif,0
small,g19,9,3,1,1,iofeu,1
small,g19,9,3,1,2,iofuug,0
small,g19,9,21,3,3,kimfi,1
small,g19,9,21,3,4,kimfgif,0
small,g19,9,20,3,1,kimio,1
small,g19,9,20,3,2,ieunimf,1
small,g19,9,27,4,3,woeieu,0
small,g19,9,27,4,4,woeiwa,0
small,g19,9,6,1,1,iofo-kimf,1
small,g19,9,6,1,2,iofeaew,0
small,g19,10,7,1,2,iofieug,1
small,g19,10,7,1,3,iomof,0
small,g19,10,20,3,1,kimfio,0
small,g19,10,20,3,4,kimfof,1
small,g19,10,2,1,2,iofew,0
small,g19,10,2,1,3,iomofi,0
small,g19,10,21,3,1,kimf-hgunt,0
small,g19,10,21,3,4,kimfgi,1
small,g19,10,6,1,2,iofemf,1
small,g19,10,6,1,3,iomoi,0
small,g19,10,24,4,1,hguntio,0
small,g19,10,24,4,4,woeiso,0
small,g19,10,25,4,2,hgunimf,0
small,g19,10,25,4,3,woeieu,1
small,g19,10,22,4,1,hguntiimf,1
small,g19,10,22,4,4,woeiwef,0
small,g19,10,17,3,2,kimf,1
small,g19,10,17,3,3,kimf,1
small,g19,10,23,4,1,hgunt,0
small,g19,10,23,4,4,hgunt,1
small,g19,10,1,1,2,iofunt,0
small,g19,10,1,1,3,iomo,0
small,g19,10,28,4,1,hguntio,0
small,g19,10,28,4,4,woei,0
small,g19,10,16,3,2,kimiuef,1
small,g19,10,16,3,3,kimfi,1
small,g19,10,10,2,1,peweuf,1
small,g19,10,10,2,4,pewma,1
small,g19,10,9,2,2,pew,1
small,g19,10,9,2,3,pewe,1
small,g19,10,27,4,1,hgunteuf,0
small,g19,10,27,4,4,woeiwa,1
small,g19,10,5,1,2,iofo,1
small,g19,10,5,1,3,iomof,0
small,g19,10,4,1,1,iogio,1
small,g19,10,4,1,4,iomoti,1
small,g19,10,14,2,2,peweug,1
small,g19,10,14,2,3,pew,0
small,g19,10,19,3,1,ieung,1
small,g19,10,19,3,4,ieung,0
small,g19,10,11,2,2,pewimf,1
small,g19,10,11,2,3,pew,0
small,g19,10,3,1,1,iofeuf,0
small,g19,10,3,1,4,iomoma,1
small,g19,10,12,2,2,pewae,1
small,g19,10,12,2,3,pewe,0
small,g19,11,9,2,1,pew,1
small,g19,11,9,2,2,pew,1
small,g19,11,11,2,3,pewe,1
small,g19,11,11,2,4,pewio,1
small,g19,11,19,3,1,ieung,0
small,g19,11,19,3,2,ieung,1
small,g19,11,27,4,3,woeieu,0
small,g19,11,27,4,4,woeiwa,0
small,g19,11,2,1,1,iofeu,1
small,g19,11,2,1,2,iofew,1
small,g19,11,10,2,3,pewea,0
small,g19,11,10,2,4,pewmi,0
small,g19,11,7,1,1,iofio,0
small,g19,11,7,1,2,iofiug,1
small,g19,11,20,3,3,kimfi,1
small,g19,11,20,3,4,kimfiug,1
small,g19,11,6,1,1,iofeu,0
small,g19,11,6,1,2,iofimf,0
small,g19,11,12,2,3,pew,0
small,g19,11,12,2,4,pewpo,0
small,g19,11,17,3,1,kimf,0
small,g19,11,17,3,2,kimf,1
small,g19,11,21,3,3,kimfi,1
small,g19,11,21,3,4,kimfgif,0
small,g19,11,28,4,1,hgunteu,1
small,g19,11,28,4,2,hgunt,1
small,g19,11,4,1,3,iomof,0
small,g19,11,4,1,4,iofoti,1
small,g19,11,25,4,1,hguntio,1
small,g19,11,25,4,2,hgunimf,1
small,g19,11,1,1,3,iomo,1
small,g19,11,1,1,4,iofoimf,0
small,g19,11,23,4,1,hgntiae,0
small,g19,11,23,4,2,hgunaet,1
small,g19,11,14,2,3,pew,1
small,g19,11,14,2,4,pewae,1
small,g19,11,16,3,1,kimfiae,1
small,g19,11,16,3,2,kimieug,1
small,g19,11,5,1,3,iomof,0
small,g19,11,5,1,4,iofo,1
small,g19,11,22,4,1,hguntio,1
small,g19,11,22,4,2,hgunto,0
small,g19,11,3,1,3,iomo,1
small,g19,11,3,1,4,iofoma,1
small,g19,11,24,4,1,hguntie,0
small,g19,11,24,4,2,hgunsat,1
small,g19,12,23,4,3,hgunti,1
small,g19,12,23,4,4,woei,1
small,g19,12,11,2,1,pew-kimf,1
small,g19,12,11,2,2,pewimf,0
small,g19,12,4,1,3,iomof,1
small,g19,12,4,1,4,iofotu,0
small,g19,12,2,1,1,iofotu,0
small,g19,12,2,1,2,iofew,0
small,g19,12,12,2,3,pew,0
small,g19,12,12,2,4,pewpo,0
small,g19,12,3,1,1,iofio,1
small,g19,12,3,1,2,iofug,0
small,g19,12,1,1,3,iofu,1
small,g19,12,1,1,4,iofoieu,1
small,g19,12,19,3,1,ieung,1
small,g19,12,19,3,2,ieung,0
small,g19,12,22,4,3,hguntie,1
small,g19,12,22,4,4,woeitu,0
small,g19,12,14,2,1,pew-ieung,1
small,g19,12,14,2,2,pewiug,1
small,g19,12,25,4,3,woeieu,1
small,g19,12,25,4,4,hguntio,1
small,g19,12,21,3,1,kimf-hgunt,0
small,g19,12,21,3,2,kimaef,1
small,g19,12,6,1,3,iofug,1
small,g19,12,6,1,4,iofomi,0
small,g19,12,7,1,1,iofo-ieung,1
small,g19,12,7,1,2,iofieun,0
small,g19,12,27,4,3,woeie,1
small,g19,12,27,4,4,woei-ieung,1
small,g19,12,16,3,1,kimfio,1
small,g19,12,16,3,2,kimieuf,1
small,g19,12,17,3,3,kimfi,0
small,g19,12,17,3,4,kimf,1
small,g19,12,24,4,1,hguntiae,1
small,g19,12,24,4,2,hgunsa,1
small,g19,12,28,4,3,woeieu,0
small,g19,12,28,4,4,hgunt,1
small,g19,12,9,2,1,pew,1
small,g19,12,9,2,2,pew,0
small,g19,12,20,3,3,kimfi,0
small,g19,12,20,3,4,kimf-pew,1
small,g19,12,10,2,1,pew-ieung,1
small,g19,12,10,2,2,pewsag,1
small,g19,12,5,1,3,iofug,0
small,g19,12,5,1,4,iofo-ieung,0
small,g19,13,14,2,1,pew-ieung,1
small,g19,13,14,2,4,pewea,1
small,g19,13,9,2,2,pew,1
small,g19,13,9,2,3,pew,1
small,g19,13,12,2,1,pewio,0
small,g19,13,12,2,4,pewpo,0
small,g19,13,3,1,2,iofug,1
small,g19,13,3,1,3,iomo,0
small,g19,13,5,1,1,iofug,1
small,g19,13,5,1,4,iomo,1
small,g19,13,24,4,2,hgunsa,1
small,g19,13,24,4,3,woeieu,1
small,g19,13,17,3,1,kimf,1
small,g19,13,17,3,4,kimf,1
small,g19,13,20,3,2,kimfunt,0
small,g19,13,20,3,3,kimfi,1
small,g19,13,19,3,1,ieung,1
small,g19,13,19,3,4,ieung,1
small,g19,13,4,1,2,iofaemf,0
small,g19,13,4,1,3,iomof,1
small,g19,13,11,2,1,pew-kimf,1
small,g19,13,11,2,4,pewio,0
small,g19,13,23,4,2,hgunaet,0
small,g19,13,23,4,3,woei,1
small,g19,13,2,1,1,iofo-pew,1
small,g19,13,2,1,4,iofoae,0
small,g19,13,1,1,2,iofo-hgunt,1
small,g19,13,1,1,3,iomof,0
small,g19,13,27,4,1,hgnt-ieung,1
small,g19,13,27,4,4,woeiwa,0
small,g19,13,7,1,2,iofieung,1
small,g19,13,7,1,3,iomo,0
small,g19,13,21,3,1,kimfae,1
small,g19,13,21,3,4,kimfgif,0
small,g19,13,10,2,2,pewieung,1
small,g19,13,10,2,3,pewe,1
small,g19,13,6,1,1,iofo-kimf,1
small,g19,13,6,1,4,iomomi,1
small,g19,13,25,4,2,hgunimf,1
small,g19,13,25,4,3,woeiwa,1
small,g19,13,22,4,1,hgntio,1
small,g19,13,22,4,4,woeitu,0
small,g19,13,28,4,2,hgunt,1
small,g19,13,28,4,3,hguntia,1
small,g19,13,16,3,1,kimfio,1
small,g19,13,16,3,4,kimfia,1
small,g19,14,25,4,3,woeiwa,0
small,g19,14,25,4,4,hguntwa,0
small,g19,14,5,1,1,iofio,1
small,g19,14,5,1,2,iofo,1
small,g19,14,9,2,3,pew,1
small,g19,14,9,2,4,pew,1
small,g19,14,10,2,1,pew-ieung,1
small,g19,14,10,2,2,pewiung,1
small,g19,14,14,2,3,pewe,1
small,g19,14,14,2,4,pewae,0
small,g19,14,12,2,1,pewio,0
small,g19,14,12,2,2,pewaeo,0
small,g19,14,6,1,3,iofug,1
small,g19,14,6,1,4,iofoae,1
small,g19,14,28,4,1,hgntiae,1
small,g19,14,28,4,2,hgunt,1
small,g19,14,7,1,3,iofug,1
small,g19,14,7,1,4,iofofi,0
small,g19,14,2,1,1,iof,1
small,g19,14,2,1,2,iofew,0
small,g19,14,4,1,3,iofui,0
small,g19,14,4,1,4,iofotu,1
small,g19,14,27,4,1,hgnti-ieung,1
small,g19,14,27,4,2,hguntiug,1
small,g19,14,3,1,3,iofu,0
small,g19,14,3,1,4,iofoma,1
small,g19,14,24,4,1,hgntiae,0
small,g19,14,24,4,2,hgunsa,0
small,g19,14,17,3,3,kimf,1
small,g19,14,17,3,4,kimf,1
small,g19,14,11,2,1,pew-kimf,0
small,g19,14,11,2,2,pewaemf,0
small,g19,14,22,4,3,hgunti,0
small,g19,14,22,4,4,woeitu,0
small,g19,14,21,3,1,kimf-hgntu,0
small,g19,14,21,3,2,kimaef,0
small,g19,14,20,3,3,kimfi,0
small,g19,14,20,3,4,ieung,1
small,g19,14,23,4,1,hgtio,1
small,g19,14,23,4,2,woei,1
small,g19,14,19,3,3,kimf,1
small,g19,14,19,3,4,ieung,1
small,g19,14,1,1,1,iofo-hgnti,1
small,g19,14,1,1,2,iofgunt,1
small,g19,14,16,3,3,kimfi,0
small,g19,14,16,3,4,kimfmi,1
small,g20,1,5,1,1,foup,1
small,g20,1,5,1,4,ghip,1
small,g20,1,28,4,2,feusk,0
small,g20,1,28,4,3,geusk,0
small,g20,1,10,2,1,nipo-poi,0
small,g20,1,10,2,4,nipo,1
small,g20,1,22,4,2,nifeusk,0
small,g20,1,22,4,3,fogk,0
small,g20,1,17,3,1,kuwa-poi,0
small,g20,1,17,3,4,nuit,1
small,g20,1,19,3,2,kuwa,0
small,g20,1,19,3,3,fuka,0
small,g20,1,9,2,1,ninipo,0
small,g20,1,9,2,4,niponaa,1
small,g20,1,5,1,2,kuma,0
small,g20,1,5,1,3,foup,0
small,g20,1,10,2,1,nipo-poi,0
small,g20,1,10,2,4,nipo,1
small,g20,1,28,4,2,feusk,1
small,g20,1,28,4,3,geusk,0
small,g20,1,22,4,1,feusk,0
small,g20,1,22,4,4,geuskaa,1
small,g20,1,17,3,2,snipo,0
small,g20,1,17,3,3,fukaa,0
small,g20,1,7,1,1,foup-poi,0
small,g20,1,7,1,4,foupaa,1
small,g20,1,9,2,2,kump,0
small,g20,1,9,2,3,nipaaa,1
small,g20,1,19,3,1,kuwa-poi,0
small,g20,1,19,3,4,fuka,1
small,g20,1,10,2,2,kuwa-poi,0
small,g20,1,10,2,3,nipo,1
small,g20,1,28,4,1,feusk-poi,0
small,g20,1,28,4,4,gusk,1
small,g20,1,5,1,2,tuma-nipo,0
small,g20,1,5,1,3,foup,1
small,g20,1,22,4,1,ni-feusk,1
small,g20,1,22,4,4,guskaa,0
small,g20,1,7,1,2,tuma-poi,0
small,g20,1,7,1,3,foupaa,1
small,g20,1,17,3,1,kuwa-nipo,0
small,g20,1,17,3,4,nuit,0
small,g20,1,19,3,2,kuwa-poi,0
small,g20,1,19,3,3,nuitaa,1
small,g20,1,9,2,1,hump-poi,0
small,g20,1,9,2,4,nipaa,1
small,g20,2,24,4,3,guskim,1
small,g20,2,24,4,4,guski,0
small,g20,2,28,4,1,feusk-poi,0
small,g20,2,28,4,2,sguski,0
small,g20,2,19,3,3,fuka-ka,0
small,g20,2,19,3,4,nuitaa,1
small,g20,2,10,2,1,nipo-ni,1
small,g20,2,10,2,2,ponuitaa,0
small,g20,2,23,4,3,feusk-im,0
small,g20,2,23,4,4,guskee,0
small,g20,2,5,1,1,foup-poi,1
small,g20,2,5,1,2,mutaposki,0
small,g20,2,12,2,3,nipo-poi,1
small,g20,2,12,2,4,nopi,0
small,g20,2,9,2,1,nipo-im,1
small,g20,2,9,2,2,snopi,0
small,g20,2,17,3,3,fuka-poim,0
small,g20,2,17,3,4,nuit,0
small,g20,2,24,4,1,feusk-im,0
small,g20,2,24,4,2,guski,1
small,g20,2,22,4,3,feusk-poi,0
small,g20,2,22,4,4,sguskee,1
small,g20,2,7,1,1,foup-mi,1
small,g20,2,7,1,2,umuta,1
small,g20,2,19,3,3,fuka-im,1
small,g20,2,19,3,4,nuitaa,0
small,g20,2,22,4,1,feusk-poi,1
small,g20,2,22,4,2,sguski,1
small,g20,2,10,2,3,nipo-im,1
small,g20,2,10,2,4,snipo,0
small,g20,2,12,2,1,nipo-poi,1
small,g20,2,12,2,2,aanipo,0
small,g20,2,5,1,3,foup-poi,0
small,g20,2,5,1,4,umuuta,1
small,g20,2,17,3,1,kuwa-mi,1
small,g20,2,17,3,2,snipo,0
small,g20,2,9,2,3,nipo-sk,1
small,g20,2,9,2,4,nipoaa,0
small,g20,2,24,4,1,feusk-im,1
small,g20,2,24,4,2,muta,0
small,g20,2,28,4,3,feusk-sk,0
small,g20,2,28,4,4,sgisk,1
small,g20,2,23,4,1,feusk-im,0
small,g20,2,23,4,2,ugisk,0
small,g20,2,7,1,3,foup-im,0
small,g20,2,7,1,4,umuta,0
small,g20,3,23,4,1,feusk-im,1
small,g20,3,23,4,2,ugisk,0
small,g20,3,10,2,3,nipo,0
small,g20,3,10,2,4,nipo,0
small,g20,3,3,1,1,foup-sk,0
small,g20,3,3,1,2,gmuta,0
small,g20,3,12,2,3,nipo-a,0
small,g20,3,12,2,4,niposi,1
small,g20,3,22,4,1,feusk-si,1
small,g20,3,22,4,2,gisk-a,1
small,g20,3,11,2,3,nipo-u,0
small,g20,3,11,2,4,niposo,0
small,g20,3,20,3,1,kuwa-poi,0
small,g20,3,20,3,2,ninipo-s,0
small,g20,3,9,2,3,fuka-s,0
small,g20,3,9,2,4,nipoo,1
small,g20,3,7,1,1,nipo-pi,0
small,g20,3,7,1,2,muta-f,0
small,g20,3,24,4,3,geusk-f,1
small,g20,3,24,4,4,guske,0
small,g20,3,12,2,1,nipo-si,1
small,g20,3,12,2,2,nipo-a,0
small,g20,3,22,4,3,geusk-a,1
small,g20,3,22,4,4,gu-ski,1
small,g20,3,28,4,1,gu-po,1
small,g20,3,28,4,2,geusk-f,1
small,g20,3,3,1,3,kuwa-a,0
small,g20,3,3,1,4,foupoh,1
small,g20,3,19,3,1,kuwa-po,0
small,g20,3,19,3,2,nipo-g,0
small,g20,3,10,2,3,nipo-g,1
small,g20,3,10,2,4,nipo-po,0
small,g20,3,11,2,1,nipo-so,1
small,g20,3,11,2,2,nipo-e,1
small,g20,3,20,3,3,fuka-e,1
small,g20,3,20,3,4,kuniwa-sko,0
small,g20,3,9,2,1,nipo-oi,0
small,g20,3,9,2,2,fuka-s,0
small,g20,3,23,4,3,geusk-ee,1
small,g20,3,23,4,4,gusk-pe,1
small,g20,3,17,3,1,kuwa-so,1
small,g20,3,17,3,2,nipo-e,0
small,g20,3,7,1,3,foup-s,0
small,g20,3,7,1,4,foup-ski,1
small,g20,3,5,1,1,foup-si,1
small,g20,3,5,1,2,foup-a,1
small,g20,4,11,2,2,nipo-e,0
small,g20,4,11,2,3,nipo-u,0
small,g20,4,14,2,1,nipo-si,1
small,g20,4,14,2,4,nipo-uu,0
small,g20,4,21,3,2,kuwa-a,1
small,g20,4,21,3,3,kuwa-ua,0
small,g20,4,28,4,1,feusk-so,1
small,g20,4,28,4,4,gu-ski,1
small,g20,4,4,1,2,muta-e,0
small,g20,4,4,1,3,foup-u,1
small,g20,4,19,3,1,kuwa-pi,0
small,g20,4,19,3,4,nuitaa,0
small,g20,4,22,4,2,feusk-a,0
small,g20,4,22,4,3,geusk-ii,0
small,g20,4,12,2,1,nipo-a,0
small,g20,4,12,2,4,nipo-skii,0
small,g20,4,3,1,2,kuwa-u,0
small,g20,4,3,1,3,foup-aa,1
small,g20,4,20,3,1,kuwa-po,0
small,g20,4,20,3,4,nuitski,1
small,g20,4,14,2,2,nipo-u,0
small,g20,4,14,2,3,nipo-aa,0
small,g20,4,21,3,1,kuwa-ak,0
small,g20,4,21,3,4,nuit-ae,0
small,g20,4,24,4,2,feusk-s,1
small,g20,4,24,4,3,geusk-ae,0
small,g20,4,5,1,1,foup-a,1
small,g20,4,5,1,4,foupskii,1
small,g20,4,17,3,2,kuwa-ak,1
small,g20,4,17,3,3,nuit-uu,0
small,g20,4,9,2,1,nipo-o,0
small,g20,4,9,2,4,nipo-aao,0
small,g20,4,28,4,2,feusk-sk,1
small,g20,4,28,4,3,geusk-ao,1
small,g20,4,11,2,1,nipo-ak,1
small,g20,4,11,2,4,nipo-ske,0
small,g20,4,10,2,2,nipo-su,1
small,g20,4,10,2,3,nipo-ae,1
small,g20,4,4,1,1,foup-ak,0
small,g20,4,4,1,4,foup-sko,1
small,g20,4,23,4,2,feusk-a,1
small,g20,4,23,4,3,geusk-uu,0
small,g20,4,22,4,1,feusk-sa,0
small,g20,4,22,4,4,geusk-ski,1
small,g20,4,7,1,2,foup-su,1
small,g20,4,7,1,3,foup-ae,1
small,g20,5,1,1,1,foup-so,0
small,g20,5,1,1,2,foup-sk,1
small,g20,5,21,3,3,nuit-im,0
small,g20,5,21,3,4,kuwa-ae,0
small,g20,5,16,3,1,nuit-si,1
small,g20,5,16,3,2,kuwa-au,1
small,g20,5,17,3,3,nuit-ik,1
small,g20,5,17,3,4,kuwa-ao,0
small,g20,5,14,2,1,nipo-sa,0
small,g20,5,14,2,2,nipo-su,1
small,g20,5,25,4,3,geusk-ik,1
small,g20,5,25,4,4,gusk-ao,1
small,g20,5,28,4,1,geusk-ak,0
small,g20,5,28,4,2,feusk-sk,0
small,g20,5,3,1,3,foup-ski,1
small,g20,5,3,1,4,foup-mo,1
small,g20,5,5,1,1,foup-si,0
small,g20,5,5,1,2,foup-ae,1
small,g20,5,10,2,3,nipo-sa,1
small,g20,5,10,2,4,nipo-ski,0
small,g20,5,11,2,1,nipo-po,1
small,g20,5,11,2,2,nipo-ak,1
small,g20,5,1,1,3,foup-pa,1
small,g20,5,1,1,4,foup-sio,1
small,g20,5,12,2,1,nipo-si,1
small,g20,5,12,2,2,nipo-ae,0
small,g20,5,22,4,3,geusk-si,1
small,g20,5,22,4,4,feusk-ae,1
small,g20,5,7,1,1,foup-sa,1
small,g20,5,7,1,2,foup-se,1
small,g20,5,16,3,3,nuit-si,1
small,g20,5,16,3,4,kuwa-ae,1
small,g20,5,20,3,1,nuit-pa,1
small,g20,5,20,3,2,kuwa-sk,0
small,g20,5,4,1,3,foup-po,0
small,g20,5,4,1,4,foup-ao,1
small,g20,5,25,4,1,feusk-po,1
small,g20,5,25,4,2,feusk-ak,0
small,g20,5,19,3,3,nuit-sa,1
small,g20,5,19,3,4,kuwa-se,1
small,g20,5,23,4,1,feusk-i,1
small,g20,5,23,4,2,feusk-a,1
small,g20,5,9,2,3,nipo-poa,1
small,g20,5,9,2,4,nipo-mw,1
small,g20,5,24,4,1,feusk-a,1
small,g20,5,24,4,2,feusk-s,1
small,g20,6,24,4,3,geusk-i,0
small,g20,6,24,4,4,feu-s,0
small,g20,6,3,1,1,foup-o,0
small,g20,6,3,1,2,foup-u,1
small,g20,6,28,4,3,geusk-a,0
small,g20,6,28,4,4,feu-sw,0
small,g20,6,25,4,1,feu-si,1
small,g20,6,25,4,2,geusk-ak,0
small,g20,6,2,1,3,foup-uk,0
small,g20,6,2,1,4,foup-mw,0
small,g20,6,10,2,1,nipo-ka,0
small,g20,6,10,2,2,nipo-su,1
small,g20,6,19,3,3,nuit-su,1
small,g20,6,19,3,4,kuwa-ka,1
small,g20,6,27,4,1,feu-ka,1
small,g20,6,27,4,2,feusk-su,1
small,g20,6,14,2,3,nipo-su,1
small,g20,6,14,2,4,nipo-ka,1
small,g20,6,4,1,1,foup-si,1
small,g20,6,4,1,2,foup-ak,0
small,g20,6,9,2,3,nipo-suk,1
small,g20,6,9,2,4,nipo-mw,1
small,g20,6,23,4,1,feu-s,1
small,g20,6,23,4,2,feusk-a,1
small,g20,6,11,2,3,nipo-ak,1
small,g20,6,11,2,4,nipo-si,1
small,g20,6,21,3,1,kuwa-s,1
small,g20,6,21,3,2,kuwa-a,1
small,g20,6,6,1,3,nipo-ak,0
small,g20,6,6,1,4,foup-si,0
small,g20,6,16,3,1,kuwa-sa,1
small,g20,6,16,3,2,kuwa-au,0
small,g20,6,7,1,3,foup-su,0
small,g20,6,7,1,4,foup-ka,1
small,g20,6,5,1,1,foup-sa,1
small,g20,6,5,1,2,foup-au,0
small,g20,6,1,1,3,foup-ao,1
small,g20,6,1,1,4,foup-ki,1
small,g20,6,20,3,1,kuwa-ki,1
small,g20,6,20,3,2,kuwa-k,1
small,g20,6,17,3,3,kuwa-ak,1
small,g20,6,17,3,4,kuwa-si,1
small,g20,6,22,4,1,feu-sa,1
small,g20,6,22,4,2,feusk-au,1
small,g20,6,12,2,3,nipo-au,1
small,g20,6,12,2,4,nipo-sa,1
small,g20,7,4,1,1,foup-so,0
small,g20,7,4,1,4,foup-si,1
small,g20,7,23,4,2,feusk-a,0
small,g20,7,23,4,3,geusk-so,0
small,g20,7,2,1,1,foup-o,1
small,g20,7,2,1,4,foup-mo,0
small,g20,7,6,1,2,foup-ak,1
small,g20,7,6,1,3,foup-si,1
small,g20,7,11,2,1,nipo-ak,1
small,g20,7,11,2,4,nipo-si,1
small,g20,7,17,3,2,kuwa-ak,1
small,g20,7,17,3,3,nuit-si,1
small,g20,7,16,3,1,kuwa-si,1
small,g20,7,16,3,4,nuit-sa,1
small,g20,7,21,3,2,kuwa-a,0
small,g20,7,21,3,3,nuit-so,1
small,g20,7,28,4,1,feusk-ko,1
small,g20,7,28,4,4,feu-ki,0
small,g20,7,25,4,2,feusk-ak,1
small,g20,7,25,4,3,geusk-si,1
small,g20,7,27,4,1,feusk-se,1
small,g20,7,27,4,4,geusk-ka,1
small,g20,7,20,3,2,kuwa-sk,1
small,g20,7,20,3,3,nuit-ki,1
small,g20,7,9,2,1,nipo-k,1
small,g20,7,9,2,4,nipo-o,1
small,g20,7,1,1,2,foup-sk,1
small,g20,7,1,1,3,foup-ki,1
small,g20,7,12,2,1,nipo-si,1
small,g20,7,12,2,4,nipo-sa,1
small,g20,7,19,3,2,kuwa-su,1
small,g20,7,19,3,3,nuit-ka,1
small,g20,7,24,4,1,feusk-a,0
small,g20,7,24,4,4,geusk-k,1
small,g20,7,14,2,2,nipo-su,1
small,g20,7,14,2,3,nipo-ka,1
small,g20,7,3,1,1,foup-s,0
small,g20,7,3,1,4,foup-oo,1
small,g20,7,10,2,2,nipo-su,1
small,g20,7,10,2,3,nipo-ka,1
small,g20,7,22,4,1,feusk-si,0
small,g20,7,22,4,4,geusk-sa,1
small,g20,7,7,1,2,foup-su,1
small,g20,7,7,1,3,foup-ka,1
small,g20,7,5,1,1,foup-si,0
small,g20,7,5,1,4,foup-sa,1
small,g20,8,22,4,3,geusk-ka,0
small,g20,8,22,4,4,guesk-sa,0
small,g20,8,20,3,1,kuwa-so,1
small,g20,8,20,3,2,kuma-sk,0
small,g20,8,25,4,3,geusk-ko,1
small,g20,8,25,4,4,guesk-si,0
small,g20,8,2,1,1,foup-o,1
small,g20,8,2,1,2,foup-k,1
small,g20,8,27,4,3,geusk-sa,0
small,g20,8,27,4,4,guesk-ae,1
small,g20,8,24,4,1,geusk-s,0
small,g20,8,24,4,2,geusk-s,0
small,g20,8,19,3,3,nuit-sa,0
small,g20,8,19,3,4,kuma-ae,1
small,g20,8,3,1,1,foup-a,1
small,g20,8,3,1,2,foup-u,1
small,g20,8,7,1,3,foup-sa,1
small,g20,8,7,1,4,foup-ae,0
small,g20,8,17,3,1,nuit-ko,1
small,g20,8,17,3,2,kuma-ak,0
small,g20,8,16,3,3,nuit-ka,1
small,g20,8,16,3,4,kuma-se,1
small,g20,8,21,3,1,nuit-k,1
small,g20,8,21,3,2,kuma-s,1
small,g20,8,12,2,3,nipo-ka,1
small,g20,8,12,2,4,nipo-se,1
small,g20,8,4,1,1,foup-ko,0
small,g20,8,4,1,2,foup-sk,1
small,g20,8,23,4,3,geusk-k,1
small,g20,8,23,4,4,guesk-s,1
small,g20,8,9,2,1,nipo-o,1
small,g20,8,9,2,2,nipo-k,1
small,g20,8,28,4,3,geusk-so,1
small,g20,8,28,4,4,guesk-ai,0
small,g20,8,11,2,1,nipo-ko,1
small,g20,8,11,2,2,nipo-sk,0
small,g20,8,14,2,3,nipo-sa,1
small,g20,8,14,2,4,nipo-ae,1
small,g20,8,10,2,1,nipo-sa,1
small,g20,8,10,2,2,nipo-au,1
small,g20,8,1,1,3,foup-so,1
small,g20,8,1,1,4,foup-ai,1
small,g20,8,6,1,1,fouko,1
small,g20,8,6,1,2,foup-sk,0
small,g20,8,5,1,3,foup-ka,1
small,g20,8,5,1,4,foup-sa,1
small,g20,9,6,1,1,foup-ko,0
small,g20,9,6,1,2,foup-sk,0
small,g20,9,27,4,3,geusk-sa,1
small,g20,9,27,4,4,guesk-ski,0
small,g20,9,20,3,1,nuit-so,1
small,g20,9,20,3,2,kuma-ak,0
small,g20,9,21,3,3,nuit-k,0
small,g20,9,21,3,4,nuit-k,1
small,g20,9,3,1,1,foup-i,1
small,g20,9,3,1,2,foup-u,0
small,g20,9,4,1,3,foup-ko,1
small,g20,9,4,1,4,foup-ko,0
small,g20,9,17,3,1,nuit-ko,1
small,g20,9,17,3,2,kuma-ko,1
small,g20,9,19,3,3,kuma-sa,1
small,g20,9,19,3,4,nuit-se,1
small,g20,9,11,2,1,nuit-ko,0
small,g20,9,11,2,2,nipo-ko,1
small,g20,9,25,4,3,geusk-ko,1
small,g20,9,25,4,4,guesk-ko,1
small,g20,9,16,3,1,nipo-si,0
small,g20,9,16,3,2,kuma-uo,0
small,g20,9,23,4,3,geusk-k,1
small,g20,9,23,4,4,guesk-k,1
small,g20,9,9,2,1,nipo-o,1
small,g20,9,9,2,2,nipo-o,1
small,g20,9,14,2,3,nipo-sa,1
small,g20,9,14,2,4,nipo-si,1
small,g20,9,1,1,1,foup-sa,1
small,g20,9,1,1,2,foup-sk,0
small,g20,9,7,1,3,foup-sa,1
small,g20,9,7,1,4,foup-si,0
small,g20,9,2,1,1,foup-o,0
small,g20,9,2,1,2,foup-k,1
small,g20,9,5,1,3,foup-ka,0
small,g20,9,5,1,4,foup-ki,1
small,g20,9,12,2,1,nipo-ki,1
small,g20,9,12,2,2,nipo-ka,1
small,g20,9,10,2,3,nipo-sa,1
small,g20,9,10,2,4,nipo-si,1
small,g20,9,22,4,1,feusk-ki,1
small,g20,9,22,4,2,feusk-ka,1
small,g20,9,28,4,3,feusk-so,1
small,g20,9,28,4,4,feusk-so,1
small,g20,9,24,4,1,feusk-s,1
small,g20,9,24,4,2,feusk-s,1
small,g20,10,12,2,2,nipo-su,0
small,g20,10,12,2,3,nipo-ka,1
small,g20,10,3,1,1,foup-s,1
small,g20,10,3,1,4,foup-a,1
small,g20,10,11,2,2,nipo-sk,0
small,g20,10,11,2,3,nipo-ko,1
small,g20,10,19,3,1,kuwa-sa,1
small,g20,10,19,3,4,kuma-sa,1
small,g20,10,14,2,2,nipo-sa,1
small,g20,10,14,2,3,nipo-sa,1
small,g20,10,4,1,1,foup-ko,1
small,g20,10,4,1,4,foup-ko,1
small,g20,10,5,1,2,foup-so,0
small,g20,10,5,1,3,foup-ka,1
small,g20,10,27,4,1,feusk-ki,1
small,g20,10,27,4,4,feusk-sa,1
small,g20,10,9,2,2,nipo-k,1
small,g20,10,9,2,3,nipo-o,1
small,g20,10,10,2,1,nipo-ki,1
small,g20,10,10,2,4,nipo-sa,0
small,g20,10,16,3,2,kuma-au,0
small,g20,10,16,3,3,kuma-ka,1
small,g20,10,28,4,1,feusk-so,1
small,g20,10,28,4,4,feusk-so,1
small,g20,10,1,1,2,foup-so,1
small,g20,10,1,1,3,foup-so,1
small,g20,10,23,4,1,feusk-s,1
small,g20,10,23,4,4,feusk-k,1
small,g20,10,17,3,2,kuma-sk,0
small,g20,10,17,3,3,kuma-ko,1
small,g20,10,22,4,1,feusk-si,1
small,g20,10,22,4,4,feusk-ka,1
small,g20,10,25,4,2,feusk-sk,1
small,g20,10,25,4,3,feusk-ko,1
small,g20,10,24,4,1,feusk-a,1
small,g20,10,24,4,4,feusk-s,1
small,g20,10,6,1,2,foup-uk,0
small,g20,10,6,1,3,foup-koo,1
small,g20,10,21,3,1,kuwa-k,0
small,g20,10,21,3,4,kuma-k,1
small,g20,10,2,1,2,foup-k,1
small,g20,10,2,1,3,foup-o,1
small,g20,10,20,3,1,kuwa-ku,1
small,g20,10,20,3,4,kuma-soo,1
small,g20,10,7,1,2,foup-au,1
small,g20,10,7,1,3,foup-sa,1
small,g20,11,24,4,1,feusk-a,0
small,g20,11,24,4,2,feusk-s,1
small,g20,11,3,1,3,foup-a,1
small,g20,11,3,1,4,foup-a,0
small,g20,11,22,4,1,feusk-sa,0
small,g20,11,22,4,2,feusk-au,1
small,g20,11,5,1,3,foup-kaa,1
small,g20,11,5,1,4,foep-auu,0
small,g20,11,16,3,1,kuwa-ka,1
small,g20,11,16,3,2,kuma-au,1
small,g20,11,14,2,3,nipo-saa,1
small,g20,11,14,2,4,nipo-suu,1
small,g20,11,23,4,1,feusk-k,1
small,g20,11,23,4,2,feusk-a,1
small,g20,11,1,1,3,foup-soo,1
small,g20,11,1,1,4,foep-soo,0
small,g20,11,25,4,1,feusk-ko,1
small,g20,11,25,4,2,feusk-ak,1
small,g20,11,4,1,3,foup-koo,1
small,g20,11,4,1,4,foep-akk,1
small,g20,11,28,4,1,feusk-so,1
small,g20,11,28,4,2,feusk-sk,1
small,g20,11,21,3,3,kuma-k,1
small,g20,11,21,3,4,kuma-a,1
small,g20,11,17,3,1,kuma-ko,1
small,g20,11,17,3,2,kuma-sk,1
small,g20,11,12,2,3,foup-kaa,0
small,g20,11,12,2,4,nipo-auu,1
small,g20,11,6,1,1,foup-ko,0
small,g20,11,6,1,2,foup-skk,1
small,g20,11,20,3,3,kuma-soo,1
small,g20,11,20,3,4,kuma-skk,0
small,g20,11,7,1,1,foup-sa,1
small,g20,11,7,1,2,foup-su,1
small,g20,11,10,2,3,nipo-saa,1
small,g20,11,10,2,4,nipo-suu,0
small,g20,11,2,1,1,foup-o,1
small,g20,11,2,1,2,foup-k,1
small,g20,11,27,4,3,feusk-saa,1
small,g20,11,27,4,4,feu-skk,1
small,g20,11,19,3,1,kuwa-sa,1
small,g20,11,19,3,2,kuma-skk,1
small,g20,11,11,2,3,nipo-koo,1
small,g20,11,11,2,4,nipo-ak,0
small,g20,11,9,2,1,nipo-o,1
small,g20,11,9,2,2,nipo-k,1
small,g20,12,5,1,3,foup-kaa,0
small,g20,12,5,1,4,foup-kii,1
small,g20,12,10,2,1,nipo-kaa,0
small,g20,12,10,2,2,nipo-su,0
small,g20,12,20,3,3,kuma-koo,1
small,g20,12,20,3,4,kuwa-soo,1
small,g20,12,9,2,1,nipo-o,1
small,g20,12,9,2,2,nipo-k,1
small,g20,12,28,4,3,geusk-ko,0
small,g20,12,28,4,4,feusk-so,1
small,g20,12,24,4,1,feusk-s,1
small,g20,12,24,4,2,geusk-s,1
small,g20,12,17,3,3,kuma-ko,1
small,g20,12,17,3,4,kuwa-ko,1
small,g20,12,16,3,1,kuwa-ki,1
small,g20,12,16,3,2,kuma-au,1
small,g20,12,27,4,3,geusk-saa,1
small,g20,12,27,4,4,feusk-sii,1
small,g20,12,7,1,1,foup-si,1
small,g20,12,7,1,2,kuma-saa,0
small,g20,12,6,1,3,foup-koo,0
small,g20,12,6,1,4,foup-koo,1
small,g20,12,21,3,1,kuwa-k,1
small,g20,12,21,3,2,kuma-a,1
small,g20,12,25,4,3,geusk-ko,1
small,g20,12,25,4,4,feusk-ko,1
small,g20,12,14,2,1,nipo-saa,1
small,g20,12,14,2,2,nipo-suu,1
small,g20,12,22,4,3,geusk-kaa,0
small,g20,12,22,4,4,feusk-kaa,1
small,g20,12,19,3,1,kuwa-sa,1
small,g20,12,19,3,2,kuma-su,1
small,g20,12,1,1,3,foup-soo,1
small,g20,12,1,1,4,foep-soo,1
small,g20,12,3,1,1,foup-a,1
small,g20,12,3,1,2,foup-u,1
small,g20,12,12,2,3,nipo-kaa,1
small,g20,12,12,2,4,nipo-kaa,1
small,g20,12,2,1,1,foup-o,1
small,g20,12,2,1,2,foup-o,1
small,g20,12,4,1,3,foup-koo,0
small,g20,12,4,1,4,foup-ko,1
small,g20,12,11,2,1,nipo-kko,0
small,g20,12,11,2,2,nipo-koo,1
small,g20,12,23,4,3,geusk-k,1
small,g20,12,23,4,4,fuesk-k,1
small,g20,13,16,3,1,kuwa-si,1
small,g20,13,16,3,4,kuma-ka,1
small,g20,13,28,4,2,feusk-sk,0
small,g20,13,28,4,3,geusk-soo,1
small,g20,13,22,4,1,feusk-si,0
small,g20,13,22,4,4,geusk-kaa,0
small,g20,13,25,4,2,feusk-ak,0
small,g20,13,25,4,3,geusk-koo,1
small,g20,13,6,1,1,foup-ak,1
small,g20,13,6,1,4,foup-ko,1
small,g20,13,10,2,2,nipo-ssu,1
small,g20,13,10,2,3,nipo-saa,1
small,g20,13,21,3,1,kuwa-k,1
small,g20,13,21,3,4,kuma-k,1
small,g20,13,7,1,2,foup-su,0
small,g20,13,7,1,3,foup-saa,1
small,g20,13,27,4,1,feusk-su,1
small,g20,13,27,4,4,feusk-sa,1
small,g20,13,1,1,2,foup-ssk,0
small,g20,13,1,1,3,foup-soo,1
small,g20,13,2,1,1,foup-o,0
small,g20,13,2,1,4,foup-o,1
small,g20,13,23,4,2,feusk-a,0
small,g20,13,23,4,3,feusk-k,1
small,g20,13,11,2,1,nipo-sa,0
small,g20,13,11,2,4,nipo-ko,1
small,g20,13,4,1,2,foup-aak,1
small,g20,13,4,1,3,foup-koo,1
small,g20,13,19,3,1,kuwa-si,0
small,g20,13,19,3,4,kuma-saa,1
small,g20,13,20,3,2,kuwa-sk,0
small,g20,13,20,3,3,kuma-soo,1
small,g20,13,17,3,1,kuwa-ko,1
small,g20,13,17,3,4,kuma-koo,1
small,g20,13,24,4,2,feusk-s,1
small,g20,13,24,4,3,geusk-s,1
small,g20,13,5,1,1,foup-ki,0
small,g20,13,5,1,4,foup-ka,1
small,g20,13,3,1,2,foup-u,0
small,g20,13,3,1,3,foup-a,1
small,g20,13,12,2,1,nipo-ki,1
small,g20,13,12,2,4,nipo-kaa,1
small,g20,13,9,2,2,nipo-k,1
small,g20,13,9,2,3,nipo-o,1
small,g20,13,14,2,1,nipo-si,1
small,g20,13,14,2,4,nipo-saa,1
small,g20,14,16,3,3,kuma-kaa,0
small,g20,14,16,3,4,kuma-ka,0
small,g20,14,1,1,1,foup-so,1
small,g20,14,1,1,2,foup-sk,0
small,g20,14,19,3,3,kuma-sa,0
small,g20,14,19,3,4,kuma-sa,1
small,g20,14,23,4,1,feusk-k,1
small,g20,14,23,4,2,feusk-a,1
small,g20,14,20,3,3,kuma-soo,1
small,g20,14,20,3,4,kuma-skk,1
small,g20,14,21,3,1,kuma-k,1
small,g20,14,21,3,2,kuma-a,1
small,g20,14,22,4,3,geusk-kaa,1
small,g20,14,22,4,4,feusk-aii,0
small,g20,14,11,2,1,nipo-ko,1
small,g20,14,11,2,2,nipo-aak,1
small,g20,14,17,3,3,kuma-ko,1
small,g20,14,17,3,4,kuma-ak,1
small,g20,14,24,4,1,feusk-s,1
small,g20,14,24,4,2,feusk-s,1
small,g20,14,3,1,3,foup-a,1
small,g20,14,3,1,4,foep-i,1
small,g20,14,27,4,1,feusk-saa,1
small,g20,14,27,4,2,feusk-ai,0
small,g20,14,4,1,3,foup-koo,1
small,g20,14,4,1,4,foep-akk,1
small,g20,14,2,1,1,foup-o,1
small,g20,14,2,1,2,foup-k,1
small,g20,14,7,1,3,foup-saa,0
small,g20,14,7,1,4,foup-si,1
small,g20,14,28,4,1,feusk-so,1
small,g20,14,28,4,2,feusk-sk,1
small,g20,14,6,1,3,foup-kaa,1
small,g20,14,6,1,4,foup-akk,1
small,g20,14,12,2,1,nipo-ka,1
small,g20,14,12,2,2,nipo-ai,1
small,g20,14,14,2,3,nipo-saa,1
small,g20,14,14,2,4,nipo-sii,1
small,g20,14,10,2,1,nipo-ssa,1
small,g20,14,10,2,2,nipo-ssi,1
small,g20,14,9,2,3,nipo-o,1
small,g20,14,9,2,4,nipo-k,1
small,g20,14,5,1,1,foup-kka,1
small,g20,14,5,1,2,foup-aai,1
small,g20,14,25,4,3,feusk-ko,1
small,g20,14,25,4,4,feusk-ak,1
small,g21,1,4,1,1,wop,0
small,g21,1,4,1,4,fap,0
small,g21,1,25,4,2,wes,1
small,g21,1,25,4,3,euhg,1
small,g21,1,16,3,1,foep,0
small,g21,1,16,3,4,moen,1
small,g21,1,8,2,2,isi,0
small,g21,1,8,2,3,phio,1
small,g21,1,11,2,1,taaf,0
small,g21,1,11,2,4,fui,0
small,g21,1,2,1,2,pio,1
small,g21,1,2,1,3,wefs,0
small,g21,1,24,4,1,fos,0
small,g21,1,24,4,4,woes,1
small,g21,1,28,4,2,wesi,0
small,g21,1,28,4,3,tfas,1
small,g21,1,8,2,1,tep,0
small,g21,1,8,2,4,piof,0
small,g21,1,11,2,2,fosi,0
small,g21,1,11,2,3,gnop,0
small,g21,1,28,4,1,tes,0
small,g21,1,28,4,4,giow,0
small,g21,1,16,3,2,waos,0
small,g21,1,16,3,3,moen,0
small,g21,1,2,1,1,pio,0
small,g21,1,2,1,4,fuiw,0
small,g21,1,24,4,2,wesa,0
small,g21,1,24,4,3,gueh,0
small,g21,1,25,4,1,wes,0
small,g21,1,25,4,4,fasw,0
small,g21,1,4,1,2,tup,0
small,g21,1,4,1,3,phio,0
small,g21,1,24,4,1,fes,0
small,g21,1,24,4,4,maks,0
small,g21,1,2,1,2,piok,0
small,g21,1,2,1,3,pheu,0
small,g21,1,16,3,1,piok,0
small,g21,1,16,3,4,wuse,1
small,g21,1,11,2,2,tuip,0
small,g21,1,11,2,3,phio,1
small,g21,1,8,2,1,tup,0
small,g21,1,8,2,4,muw,0
small,g21,1,25,4,2,wes,1
small,g21,1,25,4,3,gheu,0
small,g21,1,28,4,1,fes,0
small,g21,1,28,4,4,pfui,0
small,g21,2,2,1,3,phio,1
small,g21,2,2,1,4,moeg,0
small,g21,2,24,4,1,fes,0
small,g21,2,24,4,2,wes,0
small,g21,2,11,2,3,gueh,1
small,g21,2,11,2,4,fos,0
small,g21,2,13,2,1,gop,0
small,g21,2,13,2,2,wesi,1
small,g21,2,28,4,3,fioh,0
small,g21,2,28,4,4,fio,0
small,g21,2,15,3,1,tio,0
small,g21,2,15,3,2,fiop,0
small,g21,2,4,1,3,phue,1
small,g21,2,4,1,4,wui,0
small,g21,2,25,4,1,wes,0
small,g21,2,25,4,2,pio,0
small,g21,2,16,3,3,fes,0
small,g21,2,16,3,4,meas,0
small,g21,2,8,2,1,gut,0
small,g21,2,8,2,2,wesf,0
small,g21,2,6,1,3,ghio,0
small,g21,2,6,1,4,fos,0
small,g21,2,28,4,1,fes,0
small,g21,2,28,4,2,piok,0
small,g21,2,24,4,3,gueh,0
small,g21,2,24,4,4,weh,0
small,g21,2,6,1,1,pia,0
small,g21,2,6,1,2,pion,1
small,g21,2,15,3,3,fus,0
small,g21,2,15,3,4,pasw,0
small,g21,2,4,1,1,piot,0
small,g21,2,4,1,2,tup,0
small,g21,2,13,2,3,gim,0
small,g21,2,13,2,4,weas,1
small,g21,2,16,3,1,pig,0
small,g21,2,16,3,2,wesn,1
small,g21,2,25,4,3,fos,1
small,g21,2,25,4,4,paew,0
small,g21,2,2,1,1,phio,0
small,g21,2,2,1,2,piou,1
small,g21,2,8,2,3,gueh,0
small,g21,2,8,2,4,wos,1
small,g21,2,11,2,1,gueh,1
small,g21,2,11,2,2,tups,0
small,g21,2,13,2,3,goeh,1
small,g21,2,13,2,4,waes,0
small,g21,3,28,4,1,fes,0
small,g21,3,28,4,2,piok,0
small,g21,3,6,1,3,huih,0
small,g21,3,6,1,4,faw,0
small,g21,3,25,4,1,wes,0
small,g21,3,25,4,2,pio,0
small,g21,3,11,2,3,muiw,0
small,g21,3,11,2,4,num,0
small,g21,3,26,4,1,tes,1
small,g21,3,26,4,2,tups,0
small,g21,3,2,1,3,hios,1
small,g21,3,2,1,4,wof,0
small,g21,3,1,1,1,piak,0
small,g21,3,1,1,2,wes,0
small,g21,3,7,1,3,hin,0
small,g21,3,7,1,4,puf,0
small,g21,3,13,2,1,geuf,0
small,g21,3,13,2,2,wesn,0
small,g21,3,24,4,3,phion,0
small,g21,3,24,4,4,gef,0
small,g21,3,15,3,1,keg,0
small,g21,3,15,3,2,hoiuh,0
small,g21,3,26,4,3,phiog,0
small,g21,3,26,4,4,nuk,0
small,g21,3,8,2,1,geup,0
small,g21,3,8,2,2,westup,0
small,g21,3,4,1,3,wsut,0
small,g21,3,4,1,4,gow,0
small,g21,3,2,1,1,phio,1
small,g21,3,2,1,2,hiuh,0
small,g21,3,25,4,3,phiot,0
small,g21,3,25,4,4,pok,0
small,g21,3,26,4,1,wes-wop,0
small,g21,3,26,4,2,tps,0
small,g21,3,8,2,3,huifg,0
small,g21,3,8,2,4,wef,0
small,g21,3,4,1,1,phio-pot,0
small,g21,3,4,1,2,taps,1
small,g21,3,1,1,3,tapk,0
small,g21,3,1,1,4,wag,0
small,g21,3,7,1,1,phio-tes,0
small,g21,3,7,1,2,taps,0
small,g21,3,13,2,3,hsei,0
small,g21,3,13,2,4,asf,0
small,g21,3,24,4,1,wes-top,0
small,g21,3,24,4,2,wess,1
small,g21,4,6,1,2,pion,0
small,g21,4,6,1,3,guoh,0
small,g21,4,15,3,1,kaf-fep,0
small,g21,4,15,3,4,poi,0
small,g21,4,4,1,2,taps,0
small,g21,4,4,1,3,guih,0
small,g21,4,1,1,1,pio-tep,0
small,g21,4,1,1,4,gew,0
small,g21,4,10,2,2,wes-sa,0
small,g21,4,10,2,3,huih,0
small,g21,4,28,4,1,wes-kef,0
small,g21,4,28,4,4,muk,0
small,g21,4,16,3,2,wesn,0
small,g21,4,16,3,3,pio,0
small,g21,4,7,1,1,phio-we,0
small,g21,4,7,1,4,nas,0
small,g21,4,2,1,2,pio-tap,1
small,g21,4,2,1,3,nap,0
small,g21,4,26,4,1,wes-wop,0
small,g21,4,26,4,4,muk,1
small,g21,4,24,4,2,wes-sa,1
small,g21,4,24,4,3,mek,0
small,g21,4,14,2,1,geu-fa,0
small,g21,4,14,2,4,kim,0
small,g21,4,17,3,2,pio-sa,0
small,g21,4,17,3,3,kim,1
small,g21,4,11,2,1,geu-sa,1
small,g21,4,11,2,4,kim,1
small,g21,4,25,4,2,pio-tap,0
small,g21,4,25,4,3,map,0
small,g21,4,8,2,1,geu-tap,1
small,g21,4,8,2,4,wes,0
small,g21,4,13,2,2,geu-n,1
small,g21,4,13,2,3,wesf,1
small,g21,4,10,2,1,geu-sa,1
small,g21,4,10,2,4,wesn,1
small,g21,4,4,1,2,pio-tap,1
small,g21,4,4,1,3,hap,0
small,g21,4,6,1,1,phio-ha,1
small,g21,4,6,1,4,muk,0
small,g21,4,14,2,2,geu-sa,0
small,g21,4,14,2,3,woes,0
small,g21,4,17,3,1,geu-fop,0
small,g21,4,17,3,4,woes,0
small,g21,4,15,3,2,fop-tap,1
small,g21,4,15,3,3,woefs,0
small,g21,5,1,1,1,phio-fe,0
small,g21,5,1,1,2,wes-tap,0
small,g21,5,23,4,3,gueh,0
small,g21,5,23,4,4,wesmap,0
small,g21,5,25,4,1,wes-po,0
small,g21,5,25,4,2,pio-tap,0
small,g21,5,2,1,3,phio-ap,0
small,g21,5,2,1,4,piopok,1
small,g21,5,3,1,1,phio-sa,1
small,g21,5,3,1,2,wes-sa,0
small,g21,5,21,3,3,tas-po,0
small,g21,5,21,3,4,wessanes,0
small,g21,5,4,1,1,phio-ko,1
small,g21,5,4,1,2,tap,1
small,g21,5,24,4,3,wes-si,1
small,g21,5,24,4,4,wesmap,1
small,g21,5,13,2,1,geuh-n,0
small,g21,5,13,2,2,geu-n,0
small,g21,5,14,2,3,geuh-ot,0
small,g21,5,14,2,4,geu-mun,1
small,g21,5,23,4,1,wes-fop,1
small,g21,5,23,4,2,wes-tap-,0
small,g21,5,17,3,3,tas-ot,1
small,g21,5,17,3,4,mun-tap,0
small,g21,5,7,1,1,phio-sa,0
small,g21,5,7,1,2,wes-sa,1
small,g21,5,6,1,3,phio-on,0
small,g21,5,6,1,4,fapsa,0
small,g21,5,8,2,1,gheu-tap,1
small,g21,5,8,2,2,geu-tap,0
small,g21,5,11,2,3,geuh-ot,0
small,g21,5,11,2,4,num-sa,0
small,g21,5,16,3,1,ket-n,1
small,g21,5,16,3,2,num-n,0
small,g21,5,10,2,3,geuh-ni,0
small,g21,5,10,2,4,numsa,0
small,g21,5,15,3,1,tas-tap,1
small,g21,5,15,3,2,num-tap,0
small,g21,5,28,4,3,wes-ot,1
small,g21,5,28,4,4,nummap,0
small,g21,5,26,4,1,wes-wop,1
small,g21,5,26,4,2,pio-sa,0
small,g21,5,3,1,3,geuh-nie,0
small,g21,5,3,1,4,pio-wes,0
small,g21,5,21,3,1,pio-sa,0
small,g21,5,21,3,2,num-sa,0
small,g21,6,15,3,3,tas-ap,0
small,g21,6,15,3,4,sa-fap,1
small,g21,6,4,1,1,phio-nop,0
small,g21,6,4,1,2,wes-ap,0
small,g21,6,8,2,3,geuh-sip,0
small,g21,6,8,2,4,nop-sa,0
small,g21,6,26,4,1,wes-wop,0
small,g21,6,26,4,2,pio-sa,0
small,g21,6,22,4,3,pio-sip,1
small,g21,6,22,4,4,wop-nap,1
small,g21,6,25,4,1,wes-tap,0
small,g21,6,25,4,2,pio-sip,0
small,g21,6,23,4,3,pio-fep,0
small,g21,6,23,4,4,wes-tap,1
small,g21,6,17,3,1,tas-ga,1
small,g21,6,17,3,2,fop-sa,1
small,g21,6,3,1,3,geuh-ne,0
small,g21,6,3,1,4,potui,0
small,g21,6,11,2,1,geu-ga,0
small,g21,6,11,2,2,geu-sa,1
small,g21,6,14,2,3,geuh-sa,1
small,g21,6,14,2,4,geu-num,0
small,g21,6,6,1,1,phio-fa,0
small,g21,6,6,1,2,wes-n,0
small,g21,6,7,1,3,wes-ni,0
small,g21,6,7,1,4,fa-num,0
small,g21,6,1,1,1,phio-fa,0
small,g21,6,1,1,2,wes-ni,1
small,g21,6,9,2,3,geuh-pip,1
small,g21,6,9,2,4,fap-po,0
small,g21,6,28,4,1,wes-po,0
small,g21,6,28,4,2,pio-sa,1
small,g21,6,21,3,3,wes-ni,0
small,g21,6,21,3,4,wes-pa,0
small,g21,6,13,2,1,geuh-sa,0
small,g21,6,13,2,2,geu-n,1
small,g21,6,2,1,3,geu-sip,0
small,g21,6,2,1,4,fap-sa,0
small,g21,6,10,2,1,geuh-was,0
small,g21,6,10,2,2,geu-sa,1
small,g21,6,16,3,3,tas-n,1
small,g21,6,16,3,4,geuh-wes,0
small,g21,6,24,4,1,wes-sa,0
small,g21,6,24,4,2,pio-sa,0
small,g21,6,5,1,3,wes-sa,1
small,g21,6,5,1,4,num-pa,0
small,g21,7,14,2,1,geuh-ga,0
small,g21,7,14,2,4,num-sa,0
small,g21,7,5,1,2,wes-sa,0
small,g21,7,5,1,3,wes-sa,0
small,g21,7,23,4,1,wes-fap,0
small,g21,7,23,4,4,map-wes,1
small,g21,7,28,4,2,wes-sa,1
small,g21,7,28,4,3,map-sa,0
small,g21,7,15,3,1,tas-top,1
small,g21,7,15,3,4,fap-fo,1
small,g21,7,1,1,2,pio-tap,0
small,g21,7,1,1,3,wes-no,0
small,g21,7,17,3,1,tas-sa,1
small,g21,7,17,3,4,fap-nu,0
small,g21,7,22,4,2,wes-tap,1
small,g21,7,22,4,3,map-si,1
small,g21,7,4,1,1,phio-nop,0
small,g21,7,4,1,4,si-fap,0
small,g21,7,2,1,2,pio-tap,1
small,g21,7,2,1,3,wes-si,0
small,g21,7,11,2,1,geuh-sa,1
small,g21,7,11,2,4,fap-nu,0
small,g21,7,9,2,2,geuh-tap,1
small,g21,7,9,2,3,tas-si,0
small,g21,7,25,4,1,wes-tap,1
small,g21,7,25,4,4,map-si,1
small,g21,7,26,4,2,wes-sa,0
small,g21,7,26,4,3,map-na,1
small,g21,7,13,2,1,geuh-hak,0
small,g21,7,13,2,4,tas-we,1
small,g21,7,21,3,2,fop-tas-sa,0
small,g21,7,21,3,3,fap-noi,0
small,g21,7,6,1,1,phio-gat,1
small,g21,7,6,1,4,nah-pok,0
small,g21,7,16,3,2,fop-tas-ga,1
small,g21,7,16,3,3,fap-neg,0
small,g21,7,10,2,1,geuh-ket,1
small,g21,7,10,2,4,fap-neg,0
small,g21,7,24,4,2,wes-sa,0
small,g21,7,24,4,3,map-nog,0
small,g21,7,8,2,1,gheuh-tas,0
small,g21,7,8,2,4,paf-no,0
small,g21,7,7,1,2,pio-sa,0
small,g21,7,7,1,3,paf-noi,0
small,g21,7,3,1,1,phio-sa,0
small,g21,7,3,1,4,we-nop,0
small,g21,8,4,1,3,wes-sip,0
small,g21,8,4,1,4,hop-nn,0
small,g21,8,10,2,1,geuh-sa,0
small,g21,8,10,2,2,geuh-sa,0
small,g21,8,22,4,3,wes-sip,0
small,g21,8,22,4,4,map-nn,0
small,g21,8,26,4,1,wes-wop,0
small,g21,8,26,4,2,wes-sa-n,0
small,g21,8,15,3,3,tas-si,0
small,g21,8,15,3,4,tap-nn,0
small,g21,8,6,1,1,tas-hek,0
small,g21,8,6,1,2,pio-tap-n,0
small,g21,8,7,1,3,phio-noig,0
small,g21,8,7,1,4,pio-uu,0
small,g21,8,5,1,1,phio-foig,0
small,g21,8,5,1,2,pio-sa,0
small,g21,8,8,2,3,geuh-nap,1
small,g21,8,8,2,4,pio-nn,0
small,g21,8,2,1,1,phio-tap,0
small,g21,8,2,1,2,pio-tap,0
small,g21,8,16,3,3,tas-neg,0
small,g21,8,16,3,4,hekww,0
small,g21,8,13,2,1,geuh-neg,1
small,g21,8,13,2,2,geuh-n,0
small,g21,8,9,2,3,geuh-si,1
small,g21,8,9,2,4,geuh-ff,1
small,g21,8,24,4,1,wes-noig,1
small,g21,8,24,4,2,wes-sa,1
small,g21,8,17,3,3,tas-sa,1
small,g21,8,17,3,4,pof-ff,0
small,g21,8,25,4,1,wes-tap,1
small,g21,8,25,4,2,wes-tap,0
small,g21,8,21,3,3,tas-nog,1
small,g21,8,21,3,4,pof-ww,1
small,g21,8,14,2,1,geuh-noig,0
small,g21,8,14,2,2,geuh-sa,1
small,g21,8,23,4,3,wes-noi,1
small,g21,8,23,4,4,map-nn,0
small,g21,8,11,2,1,geuh-noig,0
small,g21,8,11,2,2,geuh-sa,0
small,g21,8,28,4,3,wes-sa,1
small,g21,8,28,4,4,map-ff,0
small,g21,8,1,1,1,phio-fop,0
small,g21,8,1,1,2,pio-tap,0
small,g21,8,3,1,3,phio-nog,0
small,g21,8,3,1,4,mapnn,0
small,g21,9,13,2,1,geuh-hek,0
small,g21,9,13,2,2,geuh-n,1
small,g21,9,28,4,3,wes-sa,1
small,g21,9,28,4,4,map-ff,0
small,g21,9,1,1,1,phio-tap,1
small,g21,9,1,1,2,pio-tap,0
small,g21,9,14,2,3,geuh-sa,1
small,g21,9,14,2,4,paf-ff,0
small,g21,9,8,2,1,geuh-tap,1
small,g21,9,8,2,2,geuh-tap,1
small,g21,9,6,1,3,pio-so,1
small,g21,9,6,1,4,pio-ff,1
small,g21,9,4,1,1,phio-sip,1
small,g21,9,4,1,2,pio-tap-so,0
small,g21,9,10,2,3,geuh-nog,0
small,g21,9,10,2,4,paf-ww,0
small,g21,9,7,1,1,phio-sa,0
small,g21,9,7,1,2,pio-sa,0
small,g21,9,26,4,3,wes-si,0
small,g21,9,26,4,4,map-uu,0
small,g21,9,16,3,1,tas-hek,1
small,g21,9,16,3,2,fop-n,1
small,g21,9,9,2,3,geuh-si,0
small,g21,9,9,2,4,paf-nn,1
small,g21,9,15,3,1,tas-fap,0
small,g21,9,15,3,2,fop-tap,1
small,g21,9,3,1,3,pio-nig,1
small,g21,9,3,1,4,pio-ww,0
small,g21,9,22,4,1,wes-nop,0
small,g21,9,22,4,2,wes-tap-n,1
small,g21,9,2,1,3,pio-si,1
small,g21,9,2,1,4,pio-ff,0
small,g21,9,5,1,1,phio-noig,0
small,g21,9,5,1,2,pio-sa,1
small,g21,9,25,4,3,wes-si,1
small,g21,9,25,4,4,map-ff,1
small,g21,9,23,4,1,wes-tap,0
small,g21,9,23,4,2,wes-tap,1
small,g21,9,11,2,3,geuh-sa,1
small,g21,9,11,2,4,tap-uu,0
small,g21,9,17,3,1,tas-noig,0
small,g21,9,17,3,2,fop-sa,1
small,g21,9,21,3,3,fop-nog,1
small,g21,9,21,3,4,tas-ww,1
small,g21,9,24,4,1,wes-ww,1
small,g21,9,24,4,2,wes-sa,0
small,g21,10,28,4,2,wes-sa,1
small,g21,10,28,4,3,wes-sa,0
small,g21,10,25,4,1,wes-fop,0
small,g21,10,25,4,4,wes-ww,0
small,g21,10,15,3,2,fop-tap,0
small,g21,10,15,3,3,fap-ww,1
small,g21,10,9,2,1,geuh-fap,1
small,g21,10,9,2,4,fap-ww,1
small,g21,10,3,1,2,pio-sa,1
small,g21,10,3,1,3,pio-noeg,1
small,g21,10,4,1,1,pio-sip,1
small,g21,10,4,1,4,pio-nn,1
small,g21,10,24,4,2,wes-sa,1
small,g21,10,24,4,3,wes-noeg,0
small,g21,10,21,3,1,tas-sa,1
small,g21,10,21,3,4,tas-uu,1
small,g21,10,22,4,2,wes-tap-n,1
small,g21,10,22,4,3,wes-nn,1
small,g21,10,23,4,1,wes-tap,0
small,g21,10,23,4,4,wes-nn,1
small,g21,10,11,2,2,geuh-sa,0
small,g21,10,11,2,3,geuh-sa,0
small,g21,10,26,4,1,wes-wop,0
small,g21,10,26,4,4,wes-uu,1
small,g21,10,16,3,2,tas-n,0
small,g21,10,16,3,3,fap-neg,0
small,g21,10,1,1,1,phio-tap,0
small,g21,10,1,1,4,pio-ww,1
small,g21,10,2,1,2,pio-tap,1
small,g21,10,2,1,3,pio-si,0
small,g21,10,6,1,1,phio-gop,1
small,g21,10,6,1,4,pio-ff,1
small,g21,10,10,2,2,geuh-sa,1
small,g21,10,10,2,3,geuh-noeg,0
small,g21,10,13,2,1,geuh-hek,0
small,g21,10,13,2,4,geuh-ww,1
small,g21,10,17,3,2,tas-sa,0
small,g21,10,17,3,3,fap-sa,1
small,g21,10,5,1,1,phio-noig,0
small,g21,10,5,1,4,wes-uu,0
small,g21,10,8,2,2,geuh-tap,1
small,g21,10,8,2,3,geuh-noi,1
small,g21,10,14,2,1,geuh-noig,1
small,g21,10,14,2,4,geuh-uu,0
small,g21,10,7,1,2,pio-sa,1
small,g21,10,7,1,3,pio-noeg,1
small,g21,11,13,2,1,geuh-hek,1
small,g21,11,13,2,2,geuh-n,0
small,g21,11,23,4,3,wes-noi,0
small,g21,11,23,4,4,wes-nn,0
small,g21,11,8,2,1,geuh-tap,1
small,g21,11,8,2,2,geuh-tap,0
small,g21,11,1,1,3,pio-noi,0
small,g21,11,1,1,4,pio-nn,0
small,g21,11,3,1,1,phio-sa,1
small,g21,11,3,1,2,pio-sa,1
small,g21,11,28,4,3,wes-noi,1
small,g21,11,28,4,4,wes-uu,1
small,g21,11,25,4,1,wes-fap,1
small,g21,11,25,4,2,wes-nn,1
small,g21,11,5,1,3,pio-noi,1
small,g21,11,5,1,4,pio-uu,0
small,g21,11,26,4,1,wes-wop,1
small,g21,11,26,4,2,wes-sa-n,1
small,g21,11,2,1,3,pio-noeg,0
small,g21,11,2,1,4,wes-ff,0
small,g21,11,4,1,1,pio-sip,1
small,g21,11,4,1,2,pio-tap-n,0
small,g21,11,22,4,3,wes-sip,1
small,g21,11,22,4,4,wes-nn,0
small,g21,11,10,2,1,geuh-sa,1
small,g21,11,10,2,2,geuh-sa,0
small,g21,11,11,2,3,geuh-noi,1
small,g21,11,11,2,4,tan-uu,0
small,g21,11,21,3,1,tas-sa,1
small,g21,11,21,3,2,tan-sa,0
small,g21,11,15,3,3,tas-noeg,1
small,g21,11,15,3,4,tan-nn,0
small,g21,11,16,3,1,tas-hek,1
small,g21,11,16,3,2,tan-nn,1
small,g21,11,9,2,3,geuh-noeg,1
small,g21,11,9,2,4,tan-nn,0
small,g21,11,7,1,1,pio-sa,1
small,g21,11,7,1,2,pio-sa,1
small,g21,11,17,3,3,tas-noi,1
small,g21,11,17,3,4,tan-uu,0
small,g21,11,24,4,1,wes-sa,1
small,g21,11,24,4,2,wes-sa,1
small,g21,11,14,2,3,geuh-noi,0
small,g21,11,14,2,4,tan-uu,0
small,g21,11,6,1,1,pio-sok,1
small,g21,11,6,1,2,pio-n,0
small,g21,12,24,4,3,wes-noi,1
small,g21,12,24,4,4,wes-ww,0
small,g21,12,13,2,1,geuh-hek,0
small,g21,12,13,2,2,geuh-n,1
small,g21,12,5,1,3,pio-sa,1
small,g21,12,5,1,4,pio-uu,1
small,g21,12,26,4,1,wes-wop,1
small,g21,12,26,4,2,wes-sa-n,1
small,g21,12,22,4,3,wes-sip,0
small,g21,12,22,4,4,wes-nn,1
small,g21,12,10,2,1,geuh-sa,0
small,g21,12,10,2,2,geuh-sa,0
small,g21,12,3,1,3,pio-sa,1
small,g21,12,3,1,4,pio-ww,1
small,g21,12,2,1,1,pio-fap,1
small,g21,12,2,1,2,pio-tap,0
small,g21,12,8,2,3,geuh-si,1
small,g21,12,8,2,4,paf-nn,0
small,g21,12,28,4,1,wes-noig,0
small,g21,12,28,4,2,wes-sa,1
small,g21,12,15,3,3,tas-noeg,0
small,g21,12,15,3,4,paf-nn,0
small,g21,12,23,4,1,wes-tap,0
small,g21,12,23,4,2,wes-tap,1
small,g21,12,4,1,3,pio-nn,0
small,g21,12,4,1,4,pio-nn,1
small,g21,12,1,1,1,pio-tap,0
small,g21,12,1,1,2,pio-tap,1
small,g21,12,14,2,3,geuh-sa,1
small,g21,12,14,2,4,heug-uu,0
small,g21,12,6,1,1,pio-kop,0
small,g21,12,6,1,2,pio-n,1
small,g21,12,17,3,3,tas-sa,1
small,g21,12,17,3,4,tap-ww,0
small,g21,12,25,4,1,wes-fap,0
small,g21,12,25,4,2,wes-tap,1
small,g21,12,11,2,3,geuh-sa,1
small,g21,12,11,2,4,heug-ww,0
small,g21,12,9,2,1,geuh-fap,1
small,g21,12,9,2,2,geuh-tap,1
small,g21,12,7,1,3,pio-noi,0
small,g21,12,7,1,4,wes-uu,0
small,g21,12,16,3,1,tas-hek,0
small,g21,12,16,3,2,tas-n,1
small,g21,12,21,3,3,tas-noi,1
small,g21,12,21,3,4,tas-uu,1
small,g21,13,22,4,1,wes-sip,0
small,g21,13,22,4,4,wes-nn,1
small,g21,13,2,1,2,pio-tap-sip,1
small,g21,13,2,1,3,geuh-si,0
small,g21,13,14,2,1,geuh-noig,0
small,g21,13,14,2,4,geuh-uu,1
small,g21,13,17,3,2,tas-sa,1
small,g21,13,17,3,3,tas-uu,1
small,g21,13,8,2,1,geuh-tap,1
small,g21,13,8,2,4,tas-nn,0
small,g21,13,10,2,2,geuh-sa,1
small,g21,13,10,2,3,geuh-noeg,0
small,g21,13,5,1,1,pio-noig,1
small,g21,13,5,1,4,wes-uuff,0
small,g21,13,28,4,2,wes-noig,1
small,g21,13,28,4,3,wes-sa,0
small,g21,13,11,2,1,geuh-noig,1
small,g21,13,11,2,4,geuh-uu,1
small,g21,13,3,1,2,pio-sa,1
small,g21,13,3,1,3,pio-noeg,0
small,g21,13,16,3,1,pio-hek,0
small,g21,13,16,3,4,tas-ww,1
small,g21,13,6,1,2,pio-n,0
small,g21,13,6,1,3,pio-nog,0
small,g21,13,9,2,1,geuh-fap,0
small,g21,13,9,2,4,geuh-nnff,1
small,g21,13,25,4,2,wes-fap,1
small,g21,13,25,4,3,wes-nnff,1
small,g21,13,1,1,1,pio-tap,1
small,g21,13,1,1,4,pio-wwnn,0
small,g21,13,23,4,2,wes-tap,1
small,g21,13,23,4,3,wes-noi,0
small,g21,13,15,3,1,tas-fap,1
small,g21,13,15,3,4,tas-nnff,1
small,g21,13,7,1,2,pio-sa,1
small,g21,13,7,1,3,pio-noeg,0
small,g21,13,13,2,1,geuh-hek,1
small,g21,13,13,2,4,heugww,1
small,g21,13,24,4,2,wes-sa,1
small,g21,13,24,4,3,wes-noeg,1
small,g21,13,4,1,1,pio-sip,0
small,g21,13,4,1,4,pio-nn,1
small,g21,13,21,3,2,tas-sa,1
small,g21,13,21,3,3,tas-noeg,1
small,g21,13,26,4,1,wes-wop,1
small,g21,13,26,4,4,wes-uu,1
small,g21,14,4,1,3,pio-sip,1
small,g21,14,4,1,4,pio-nn,1
small,g21,14,22,4,1,wes-sip,1
small,g21,14,22,4,2,wes-nn,1
small,g21,14,3,1,3,pio-noi,1
small,g21,14,3,1,4,pio-ww-uu,0
small,g21,14,13,2,1,geuh-hek,1
small,g21,14,13,2,2,geuh-n,1
small,g21,14,2,1,3,pio-si,0
small,g21,14,2,1,4,pio-nn-ff,1
small,g21,14,7,1,1,pio-noi,1
small,g21,14,7,1,2,pio-nn-ww,0
small,g21,14,23,4,3,wes-noeg,0
small,g21,14,23,4,4,wes-nn-ww,1
small,g21,14,16,3,1,tas-hek,1
small,g21,14,16,3,2,tas-n,1
small,g21,14,24,4,3,wes-noi,1
small,g21,14,24,4,4,wes-n,0
small,g21,14,15,3,1,tas-fap,1
small,g21,14,15,3,2,tas-nn-ff,1
small,g21,14,1,1,3,pio-noeg,1
small,g21,14,1,1,4,pio-nnww,1
small,g21,14,5,1,1,pio-sa,1
small,g21,14,5,1,2,pio-sa,0
small,g21,14,21,3,3,tas-noi,1
small,g21,14,21,3,4,tas-wwuu,1
small,g21,14,6,1,1,pio-kop,1
small,g21,14,6,1,2,pio-n,0
small,g21,14,17,3,3,tas-sa,1
small,g21,14,17,3,4,tas-ffuu,0
small,g21,14,8,2,1,geuh-tap,1
small,g21,14,8,2,2,geuh-ww-tap,0
small,g21,14,25,4,3,wes-si,1
small,g21,14,25,4,4,wes-nnff,0
small,g21,14,28,4,1,wes-si,0
small,g21,14,28,4,2,wes-sa-ff,1
small,g21,14,14,2,3,geuh-sa,1
small,g21,14,14,2,4,geuf-ffuu,0
small,g21,14,11,2,1,geuh-sai,1
small,g21,14,11,2,2,geuh-ffuu,1
small,g21,14,26,4,3,wes-uu,1
small,g21,14,26,4,4,wes-uu,1
small,g21,14,10,2,1,geuh-noig,1
small,g21,14,10,2,2,geuh-sa,0
small,g21,14,9,2,3,geuh-si,1
small,g21,14,9,2,4,geuh-nnff,0
small,g22,1,28,4,1,ipo,0
small,g22,1,28,4,4,mioh,1
small,g22,1,25,4,2,kion,0
small,g22,1,25,4,3,wegu,0
small,g22,1,8,2,1,sewa,0
small,g22,1,8,2,4,swe,0
small,g22,1,11,2,2,setf,0
small,g22,1,11,2,3,akou,1
small,g22,1,16,3,1,uak,0
small,g22,1,16,3,4,sfe,0
small,g22,1,2,1,2,ion,0
small,g22,1,2,1,3,kion,0
small,g22,1,24,4,1,ikpa,0
small,g22,1,24,4,4,kion,0
small,g22,1,4,1,2,sewa,0
small,g22,1,4,1,3,iho,0
small,g22,1,25,4,1,sewa,0
small,g22,1,25,4,4,mioh,0
small,g22,1,24,4,2,setf,0
small,g22,1,24,4,3,kion,0
small,g22,1,2,1,1,kion,0
small,g22,1,2,1,4,iho,0
small,g22,1,16,3,2,swe,1
small,g22,1,16,3,3,swe,1
small,g22,1,28,4,1,ikpa,0
small,g22,1,28,4,4,mion,0
small,g22,1,11,2,2,ion,0
small,g22,1,11,2,3,pewa,1
small,g22,1,8,2,1,ipa,0
small,g22,1,8,2,4,pewo,1
small,g22,1,28,4,2,twea,0
small,g22,1,28,4,3,mion,1
small,g22,1,24,4,1,tafo,1
small,g22,1,24,4,4,kion,1
small,g22,1,2,1,2,tuip,0
small,g22,1,2,1,3,akto,0
small,g22,1,11,2,1,uko,0
small,g22,1,11,2,4,swe,0
small,g22,1,8,2,2,ugo,1
small,g22,1,8,2,3,pewa,0
small,g22,1,16,3,1,swe,1
small,g22,1,16,3,4,pewa,0
small,g22,1,25,4,2,ugo,1
small,g22,1,25,4,3,wegu,0
small,g22,1,4,1,1,kion,0
small,g22,1,4,1,4,ioh,1
small,g22,2,13,2,3,swe,0
small,g22,2,13,2,4,swe,0
small,g22,2,11,2,1,kion,0
small,g22,2,11,2,2,swet,1
small,g22,2,8,2,3,pewa,0
small,g22,2,8,2,4,swo,1
small,g22,2,2,1,1,ipa,0
small,g22,2,2,1,2,kion,0
small,g22,2,25,4,3,wegu,1
small,g22,2,25,4,4,kion,1
small,g22,2,16,3,1,swe,1
small,g22,2,16,3,2,swe,0
small,g22,2,13,2,3,swe,0
small,g22,2,13,2,4,swee,0
small,g22,2,4,1,1,ipa,1
small,g22,2,4,1,2,tewa,0
small,g22,2,15,3,3,wega,0
small,g22,2,15,3,4,tewo,0
small,g22,2,6,1,1,kion,0
small,g22,2,6,1,2,kuip,0
small,g22,2,24,4,3,wegi,0
small,g22,2,24,4,4,mion,1
small,g22,2,28,4,1,kion,1
small,g22,2,28,4,2,gew,0
small,g22,2,6,1,3,swi,0
small,g22,2,6,1,4,ion,0
small,g22,2,8,2,1,sipu,0
small,g22,2,8,2,2,swet,0
small,g22,2,16,3,3,swe,1
small,g22,2,16,3,4,sweh,0
small,g22,2,25,4,1,kion,0
small,g22,2,25,4,2,ion,0
small,g22,2,4,1,3,iho,0
small,g22,2,4,1,4,kuip,0
small,g22,2,15,3,1,swe,0
small,g22,2,15,3,2,kion,0
small,g22,2,28,4,3,kion,0
small,g22,2,28,4,4,mion,0
small,g22,2,13,2,1,akip,0
small,g22,2,13,2,2,swe,0
small,g22,2,11,2,3,pewa,1
small,g22,2,11,2,4,swen,0
small,g22,2,24,4,1,kion,1
small,g22,2,24,4,2,uion,0
small,g22,2,2,1,3,siko,0
small,g22,2,2,1,4,kui,0
small,g22,3,24,4,1,kion,1
small,g22,3,24,4,2,tewa,0
small,g22,3,13,2,3,swe,1
small,g22,3,13,2,4,swion,0
small,g22,3,7,1,1,iko,0
small,g22,3,7,1,2,tuip,1
small,g22,3,1,1,3,tiuk,0
small,g22,3,1,1,4,iiko,0
small,g22,3,4,1,1,iko,0
small,g22,3,4,1,2,tuki,0
small,g22,3,8,2,3,pewa,0
small,g22,3,8,2,4,swa,0
small,g22,3,26,4,1,okio,0
small,g22,3,26,4,2,hewa,0
small,g22,3,25,4,3,wegu,1
small,g22,3,25,4,4,okiohh,0
small,g22,3,2,1,1,ipa,0
small,g22,3,2,1,2,kion,0
small,g22,3,4,1,3,iho,1
small,g22,3,4,1,4,ipo,0
small,g22,3,8,2,1,wegi,1
small,g22,3,8,2,2,setf,0
small,g22,3,26,4,3,wegi,0
small,g22,3,26,4,4,kwion,1
small,g22,3,15,3,1,swe,0
small,g22,3,15,3,2,kion,0
small,g22,3,24,4,3,wega,0
small,g22,3,24,4,4,kion,1
small,g22,3,13,2,1,woga,0
small,g22,3,13,2,2,swe,0
small,g22,3,7,1,3,nion,0
small,g22,3,7,1,4,swaa,0
small,g22,3,1,1,1,ipok,0
small,g22,3,1,1,2,nia,1
small,g22,3,2,1,3,niu,0
small,g22,3,2,1,4,ipo,0
small,g22,3,26,4,1,kion,0
small,g22,3,26,4,2,weta,0
small,g22,3,11,2,3,pewa,1
small,g22,3,11,2,4,swe,0
small,g22,3,25,4,1,kiop,0
small,g22,3,25,4,2,wesa,0
small,g22,3,6,1,3,fwe,0
small,g22,3,6,1,4,ioh,0
small,g22,3,28,4,1,kion,1
small,g22,3,28,4,2,wehu,1
small,g22,4,15,3,2,nui,0
small,g22,4,15,3,3,tio,0
small,g22,4,17,3,1,swe,0
small,g22,4,17,3,4,tiu,0
small,g22,4,14,2,2,swe,0
small,g22,4,14,2,3,pewi,0
small,g22,4,6,1,1,ipa,0
small,g22,4,6,1,4,ioh,0
small,g22,4,4,1,2,ipu,1
small,g22,4,4,1,3,iho,1
small,g22,4,10,2,1,wegi,0
small,g22,4,10,2,4,swe,0
small,g22,4,13,2,2,swea,0
small,g22,4,13,2,3,swe,0
small,g22,4,8,2,1,swea,0
small,g22,4,8,2,4,sweeh,0
small,g22,4,25,4,2,wegu,0
small,g22,4,25,4,3,wegu,0
small,g22,4,11,2,1,swea,0
small,g22,4,11,2,4,wega,0
small,g22,4,17,3,2,nua,0
small,g22,4,17,3,3,sipo,0
small,g22,4,14,2,1,wago,0
small,g22,4,14,2,4,sipo,0
small,g22,4,24,4,2,setf,0
small,g22,4,24,4,3,wegi,1
small,g22,4,26,4,1,sfio,1
small,g22,4,26,4,4,wege,1
small,g22,4,2,1,2,nuo,0
small,g22,4,2,1,3,fegu,0
small,g22,4,7,1,1,noi,0
small,g22,4,7,1,4,fege,0
small,g22,4,16,3,2,hute,0
small,g22,4,16,3,3,swe,0
small,g22,4,28,4,1,wago,0
small,g22,4,28,4,4,kioh,0
small,g22,4,10,2,2,swef,0
small,g22,4,10,2,3,pewi,0
small,g22,4,1,1,1,ipak,1
small,g22,4,1,1,4,pewa,0
small,g22,4,4,1,2,ipu,1
small,g22,4,4,1,3,iho,0
small,g22,4,15,3,1,swi,0
small,g22,4,15,3,4,wega,1
small,g22,4,6,1,2,ipo,1
small,g22,4,6,1,3,fwe,0
small,g22,5,21,3,1,swi,0
small,g22,5,21,3,2,hute,1
small,g22,5,3,1,3,kion,0
small,g22,5,3,1,4,iohu,0
small,g22,5,26,4,1,ikok,0
small,g22,5,26,4,2,swef,0
small,g22,5,28,4,3,wegi,0
small,g22,5,28,4,4,swehf,0
small,g22,5,15,3,1,swe,0
small,g22,5,15,3,2,hupa,1
small,g22,5,10,2,3,pewi,0
small,g22,5,10,2,4,swef,1
small,g22,5,16,3,1,swok,0
small,g22,5,16,3,2,huku,0
small,g22,5,11,2,3,pewa,0
small,g22,5,11,2,4,swep,0
small,g22,5,8,2,1,powi,1
small,g22,5,8,2,2,swek,1
small,g22,5,6,1,3,fwe,0
small,g22,5,6,1,4,ion,1
small,g22,5,7,1,1,kion,1
small,g22,5,7,1,2,ioas,0
small,g22,5,17,3,3,kwe,1
small,g22,5,17,3,4,huas,1
small,g22,5,23,4,1,wego,0
small,g22,5,23,4,2,weft,1
small,g22,5,14,2,3,pewi,0
small,g22,5,14,2,4,swek,0
small,g22,5,13,2,1,powu,0
small,g22,5,13,2,2,swe,0
small,g22,5,24,4,3,wegai,0
small,g22,5,24,4,4,huos,0
small,g22,5,4,1,1,koak,0
small,g22,5,4,1,2,hua,0
small,g22,5,21,3,3,gwe,1
small,g22,5,21,3,4,huo,0
small,g22,5,3,1,1,koap,0
small,g22,5,3,1,2,hui,0
small,g22,5,2,1,3,koip,0
small,g22,5,2,1,4,huo,0
small,g22,5,25,4,1,wegi,0
small,g22,5,25,4,2,weta,0
small,g22,5,23,4,3,wega,1
small,g22,5,23,4,4,weto,0
small,g22,5,1,1,1,kion,1
small,g22,5,1,1,2,hua,0
small,g22,6,5,1,3,kiop,1
small,g22,6,5,1,4,huo,0
small,g22,6,24,4,1,wogip,0
small,g22,6,24,4,2,wega,1
small,g22,6,16,3,3,swe,1
small,g22,6,16,3,4,swe,1
small,g22,6,10,2,1,ion,0
small,g22,6,10,2,2,swa,0
small,g22,6,2,1,3,kiot,0
small,g22,6,2,1,4,iona,0
small,g22,6,13,2,1,eto,0
small,g22,6,13,2,2,swe,0
small,g22,6,21,3,3,twe,0
small,g22,6,21,3,4,wega,0
small,g22,6,28,4,1,kiop,0
small,g22,6,28,4,2,weft,1
small,g22,6,9,2,3,pewu,0
small,g22,6,9,2,4,wege,0
small,g22,6,1,1,1,kion,0
small,g22,6,1,1,2,tuwe,0
small,g22,6,7,1,3,kiog,0
small,g22,6,7,1,4,kioh,0
small,g22,6,6,1,1,kiuf,0
small,g22,6,6,1,2,kiua,1
small,g22,6,14,2,3,pewa,0
small,g22,6,14,2,4,wegu,0
small,g22,6,11,2,1,wago,0
small,g22,6,11,2,2,pewi,1
small,g22,6,3,1,3,kios,0
small,g22,6,3,1,4,iohn,0
small,g22,6,17,3,1,sewo,0
small,g22,6,17,3,2,pews,0
small,g22,6,23,4,3,wegi,1
small,g22,6,23,4,4,kioan,0
small,g22,6,25,4,1,kiuap,0
small,g22,6,25,4,2,wefa,0
small,g22,6,22,4,3,wefi,1
small,g22,6,22,4,4,kio,0
small,g22,6,26,4,1,kion,1
small,g22,6,26,4,2,wefn,0
small,g22,6,8,2,3,pewo,0
small,g22,6,8,2,4,swah,0
small,g22,6,4,1,1,kuop,0
small,g22,6,4,1,2,kiop,1
small,g22,6,15,3,3,fwe,1
small,g22,6,15,3,4,pwo,0
small,g22,7,3,1,1,kion,0
small,g22,7,3,1,4,ioha,0
small,g22,7,7,1,2,kia,0
small,g22,7,7,1,3,kion,0
small,g22,7,8,2,1,woge,0
small,g22,7,8,2,4,sweh,0
small,g22,7,24,4,2,wegu,0
small,g22,7,24,4,3,wegi,0
small,g22,7,10,2,1,wegi,0
small,g22,7,10,2,4,swo,0
small,g22,7,16,3,2,kiwe,0
small,g22,7,16,3,3,swe,0
small,g22,7,6,1,1,koki,1
small,g22,7,6,1,4,ion,0
small,g22,7,21,3,2,pewa,0
small,g22,7,21,3,3,fwe,0
small,g22,7,13,2,1,wogo,0
small,g22,7,13,2,4,fwo,0
small,g22,7,26,4,2,weta,0
small,g22,7,26,4,3,wega,0
small,g22,7,25,4,1,wefo,0
small,g22,7,25,4,4,wegaa,0
small,g22,7,9,2,2,swea,0
small,g22,7,9,2,3,pewa,0
small,g22,7,11,2,1,seki,0
small,g22,7,11,2,4,pewo,1
small,g22,7,2,1,2,kuin,0
small,g22,7,2,1,3,kion,0
small,g22,7,4,1,1,kisu,0
small,g22,7,4,1,4,kiah,0
small,g22,7,22,4,2,wefa,0
small,g22,7,22,4,3,wege,1
small,g22,7,17,3,1,swoi,0
small,g22,7,17,3,4,swesa,1
small,g22,7,1,1,2,kuiw,0
small,g22,7,1,1,3,kiop,0
small,g22,7,15,3,1,swoip,1
small,g22,7,15,3,4,ioha,0
small,g22,7,28,4,2,wefu,0
small,g22,7,28,4,3,wegiu,0
small,g22,7,23,4,1,wasi,0
small,g22,7,23,4,4,wegia,1
small,g22,7,5,1,2,kuio,1
small,g22,7,5,1,3,kiot,0
small,g22,7,14,2,1,wefoi,0
small,g22,7,14,2,4,swea,0
small,g22,8,3,1,3,kiop,1
small,g22,8,3,1,4,ioha,0
small,g22,8,1,1,1,kion,0
small,g22,8,1,1,2,iou,0
small,g22,8,28,4,3,wegi,0
small,g22,8,28,4,4,mionu,0
small,g22,8,11,2,1,pewa,0
small,g22,8,11,2,2,swet,1
small,g22,8,23,4,3,wegu,0
small,g22,8,23,4,4,kiona,0
small,g22,8,14,2,1,powi,0
small,g22,8,14,2,2,swef,0
small,g22,8,21,3,3,fwe,1
small,g22,8,21,3,4,kionu,0
small,g22,8,25,4,1,woga,0
small,g22,8,25,4,2,wegu,0
small,g22,8,17,3,3,twe,1
small,g22,8,17,3,4,kionu,1
small,g22,8,24,4,1,wegi,0
small,g22,8,24,4,2,weta,0
small,g22,8,9,2,3,pewa,0
small,g22,8,9,2,4,sweta,0
small,g22,8,13,2,1,pawi,1
small,g22,8,13,2,2,swe,0
small,g22,8,16,3,3,swe,1
small,g22,8,16,3,4,kion,0
small,g22,8,2,1,1,kiun,0
small,g22,8,2,1,2,mion,0
small,g22,8,8,2,3,piwi,1
small,g22,8,8,2,4,sweta,1
small,g22,8,5,1,1,kion,1
small,g22,8,5,1,2,mia,1
small,g22,8,7,1,3,kiok,0
small,g22,8,7,1,4,swetu,0
small,g22,8,6,1,1,kiak,1
small,g22,8,6,1,2,miew,0
small,g22,8,15,3,3,gwe,1
small,g22,8,15,3,4,kioneh,1
small,g22,8,26,4,1,powa,0
small,g22,8,26,4,2,wema,0
small,g22,8,22,4,3,wegoe,1
small,g22,8,22,4,4,kione,0
small,g22,8,10,2,1,puwe,0
small,g22,8,10,2,2,swet,0
small,g22,8,4,1,3,kiop,0
small,g22,8,4,1,4,miona,0
small,g22,9,24,4,1,wego,0
small,g22,9,24,4,2,wega,0
small,g22,9,21,3,3,fwe,0
small,g22,9,21,3,4,kionu,0
small,g22,9,17,3,1,swo,0
small,g22,9,17,3,2,fwa,0
small,g22,9,11,2,3,pewa,0
small,g22,9,11,2,4,swot,0
small,g22,9,23,4,1,wogi,0
small,g22,9,23,4,2,wegu,0
small,g22,9,25,4,3,wegi,0
small,g22,9,25,4,4,wogii,1
small,g22,9,5,1,1,kiop,1
small,g22,9,5,1,2,kuia,0
small,g22,9,2,1,3,kiop,0
small,g22,9,2,1,4,kiopa,1
small,g22,9,22,4,1,wagu,0
small,g22,9,22,4,2,wegu,0
small,g22,9,3,1,3,kion,1
small,g22,9,3,1,4,kiopo,0
small,g22,9,15,3,1,swi,0
small,g22,9,15,3,2,pewu,0
small,g22,9,9,2,3,pewa,0
small,g22,9,9,2,4,wii,0
small,g22,9,16,3,1,swae,0
small,g22,9,16,3,2,kuih,0
small,g22,9,26,4,3,wegoe,1
small,g22,9,26,4,4,mioho,0
small,g22,9,7,1,1,kiup,0
small,g22,9,7,1,2,kuia,0
small,g22,9,10,2,3,pewo,1
small,g22,9,10,2,4,wioh,0
small,g22,9,4,1,1,kaop,0
small,g22,9,4,1,2,kuiu,1
small,g22,9,6,1,3,kiug,1
small,g22,9,6,1,4,ion,0
small,g22,9,8,2,1,powa,0
small,g22,9,8,2,2,pewu,1
small,g22,9,14,2,3,pewi,1
small,g22,9,14,2,4,swoha,1
small,g22,9,1,1,1,kaup,1
small,g22,9,1,1,2,kuie,0
small,g22,9,28,4,3,wegu,1
small,g22,9,28,4,4,kiono,0
small,g22,9,13,2,1,piwi,1
small,g22,9,13,2,2,pewa,0
small,g22,10,7,1,2,kuia,0
small,g22,10,7,1,3,kion,0
small,g22,10,14,2,1,pewe,1
small,g22,10,14,2,4,wagu,0
small,g22,10,8,2,2,pewi,0
small,g22,10,8,2,3,pewa,0
small,g22,10,5,1,1,kion,1
small,g22,10,5,1,4,kionu,0
small,g22,10,17,3,2,hute,0
small,g22,10,17,3,3,kwe,0
small,g22,10,13,2,1,powe,1
small,g22,10,13,2,4,swo,0
small,g22,10,10,2,2,powi,1
small,g22,10,10,2,3,pewa,0
small,g22,10,6,1,1,kiup,0
small,g22,10,6,1,4,kion,1
small,g22,10,2,1,2,kiup,0
small,g22,10,2,1,3,kiop,0
small,g22,10,1,1,1,kiap,0
small,g22,10,1,1,4,kioneh,0
small,g22,10,16,3,2,huta,1
small,g22,10,16,3,3,swe,1
small,g22,10,26,4,1,wego,1
small,g22,10,26,4,4,miono,0
small,g22,10,11,2,2,pewn,1
small,g22,10,11,2,3,pewu,1
small,g22,10,23,4,1,wagi,0
small,g22,10,23,4,4,mioneh,1
small,g22,10,22,4,2,wage,1
small,g22,10,22,4,3,mionop,0
small,g22,10,21,3,1,sewe,0
small,g22,10,21,3,4,kionu,0
small,g22,10,24,4,2,wega,0
small,g22,10,24,4,3,wegi,0
small,g22,10,4,1,1,kuap,1
small,g22,10,4,1,4,kiona,0
small,g22,10,3,1,2,kuia,0
small,g22,10,3,1,3,kionu,0
small,g22,10,9,2,1,piwo,1
small,g22,10,9,2,4,wega,0
small,g22,10,15,3,2,hutu,1
small,g22,10,15,3,3,gwe,1
small,g22,10,25,4,1,wiga,1
small,g22,10,25,4,4,wega,1
small,g22,10,28,4,2,wega,0
small,g22,10,28,4,3,wego,1
small,g22,11,6,1,1,kion,1
small,g22,11,6,1,2,kuiu,0
small,g22,11,14,2,3,pewa,1
small,g22,11,14,2,4,wego,0
small,g22,11,24,4,1,wego,0
small,g22,11,24,4,2,wega,1
small,g22,11,17,3,3,swe,1
small,g22,11,17,3,4,swego,0
small,g22,11,7,1,1,kiup,0
small,g22,11,7,1,2,kuia,0
small,g22,11,9,2,3,pewo,1
small,g22,11,9,2,4,wege,0
small,g22,11,16,3,1,swi,0
small,g22,11,16,3,2,pewi,1
small,g22,11,15,3,3,swu,1
small,g22,11,15,3,4,pewe,1
small,g22,11,21,3,1,swo,0
small,g22,11,21,3,2,pewea,1
small,g22,11,11,2,3,pewo,0
small,g22,11,11,2,4,swego,1
small,g22,11,10,2,1,piwu,0
small,g22,11,10,2,2,swea,0
small,g22,11,22,4,3,wego,1
small,g22,11,22,4,4,kioni,0
small,g22,11,4,1,1,kiom,1
small,g22,11,4,1,2,kiou,0
small,g22,11,2,1,3,kiog,1
small,g22,11,2,1,4,kioe,1
small,g22,11,26,4,1,wagu,0
small,g22,11,26,4,2,wega,0
small,g22,11,5,1,3,kion,1
small,g22,11,5,1,4,kioa,1
small,g22,11,25,4,1,wagi,0
small,g22,11,25,4,2,wego,1
small,g22,11,28,4,3,waga,1
small,g22,11,28,4,4,wea,1
small,g22,11,3,1,1,kiun,1
small,g22,11,3,1,2,kuie,0
small,g22,11,1,1,3,kian,0
small,g22,11,1,1,4,kuieh,1
small,g22,11,8,2,1,powa,1
small,g22,11,8,2,2,swee,0
small,g22,11,23,4,3,wega,1
small,g22,11,23,4,4,wee,0
small,g22,11,13,2,1,piwu,1
small,g22,11,13,2,2,swe,0
small,g22,12,21,3,3,swi,0
small,g22,12,21,3,4,weo,0
small,g22,12,16,3,1,woa,1
small,g22,12,16,3,2,swe,1
small,g22,12,7,1,3,kiom,0
small,g22,12,7,1,4,kioa,0
small,g22,12,9,2,1,powa,0
small,g22,12,9,2,2,pewu,0
small,g22,12,11,2,3,pewa,1
small,g22,12,11,2,4,powo,0
small,g22,12,25,4,1,wega,0
small,g22,12,25,4,2,wegu,1
small,g22,12,17,3,3,swo,0
small,g22,12,17,3,4,kiwa,0
small,g22,12,6,1,1,kian,1
small,g22,12,6,1,2,kuio,1
small,g22,12,14,2,3,pewa,0
small,g22,12,14,2,4,swean,0
small,g22,12,1,1,1,kiup,1
small,g22,12,1,1,2,kuiue,1
small,g22,12,4,1,3,kiu,1
small,g22,12,4,1,4,kioep,1
small,g22,12,23,4,1,wogu,0
small,g22,12,23,4,2,wegau,0
small,g22,12,15,3,3,sweu,0
small,g22,12,15,3,4,swege,1
small,g22,12,28,4,1,wiga,0
small,g22,12,28,4,2,wego,0
small,g22,12,8,2,3,pewi,0
small,g22,12,8,2,4,swegi,0
small,g22,12,2,1,1,kaon,0
small,g22,12,2,1,2,kuiui,1
small,g22,12,3,1,3,kuio,0
small,g22,12,3,1,4,kian,0
small,g22,12,10,2,1,powa,0
small,g22,12,10,2,2,pewa,1
small,g22,12,22,4,3,wegio,1
small,g22,12,22,4,4,wegi,0
small,g22,12,26,4,1,wego,1
small,g22,12,26,4,2,wegea,1
small,g22,12,5,1,3,kuion,0
small,g22,12,5,1,4,kioh,1
small,g22,12,13,2,1,piwu,0
small,g22,12,13,2,2,pewa,0
small,g22,12,24,4,3,wegai,1
small,g22,12,24,4,4,sweuh,0
small,g22,13,26,4,1,keon,0
small,g22,13,26,4,4,swio,0
small,g22,13,21,3,2,swea,1
small,g22,13,21,3,3,swe,0
small,g22,13,4,1,1,koan,0
small,g22,13,4,1,4,kioa,1
small,g22,13,24,4,2,wegao,0
small,g22,13,24,4,3,wege,0
small,g22,13,13,2,1,powi,0
small,g22,13,13,2,4,swegei,0
small,g22,13,7,1,2,kuiao,0
small,g22,13,7,1,3,kion,0
small,g22,13,15,3,1,sweo,0
small,g22,13,15,3,4,swega,1
small,g22,13,23,4,2,wegea,0
small,g22,13,23,4,3,wegi,0
small,g22,13,1,1,1,kium,0
small,g22,13,1,1,4,kieh,1
small,g22,13,25,4,2,wegio,0
small,g22,13,25,4,3,wegu,0
small,g22,13,9,2,1,pawo,1
small,g22,13,9,2,4,miona,0
small,g22,13,6,1,2,kuii,0
small,g22,13,6,1,3,koino,0
small,g22,13,16,3,1,hoti,0
small,g22,13,16,3,4,wegi,0
small,g22,13,3,1,2,kuiai,0
small,g22,13,3,1,3,kiop,0
small,g22,13,11,2,1,piwa,0
small,g22,13,11,2,4,mionu,0
small,g22,13,28,4,2,wegau,1
small,g22,13,28,4,3,wege,0
small,g22,13,5,1,1,kion,0
small,g22,13,5,1,4,kionu,0
small,g22,13,10,2,2,pewa,1
small,g22,13,10,2,3,pewa,1
small,g22,13,8,2,1,pewo,1
small,g22,13,8,2,4,pewe,1
small,g22,13,17,3,2,hutui,0
small,g22,13,17,3,3,swi,0
small,g22,13,14,2,1,puwi,0
small,g22,13,14,2,4,pewe,1
small,g22,13,2,1,2,kuio,1
small,g22,13,2,1,3,kion,1
small,g22,13,22,4,1,wegu,1
small,g22,13,22,4,4,mioni,0
small,g22,14,9,2,3,pewa,0
small,g22,14,9,2,4,swei,1
small,g22,14,10,2,1,pewo,1
small,g22,14,10,2,2,swean,1
small,g22,14,26,4,3,wegi,1
small,g22,14,26,4,4,mionu,0
small,g22,14,11,2,1,piwo,0
small,g22,14,11,2,2,sweai,0
small,g22,14,14,2,3,powo,0
small,g22,14,14,2,4,swean,0
small,g22,14,28,4,1,wegu,0
small,g22,14,28,4,2,wegan,0
small,g22,14,25,4,3,wegu,1
small,g22,14,25,4,4,wein,1
small,g22,14,8,2,1,pewa,0
small,g22,14,8,2,2,sweiu,0
small,g22,14,17,3,3,swi,1
small,g22,14,17,3,4,mione,0
small,g22,14,6,1,1,keon,0
small,g22,14,6,1,2,kuio,0
small,g22,14,21,3,3,swe,1
small,g22,14,21,3,4,wega,0
small,g22,14,5,1,1,kiop,0
small,g22,14,5,1,2,kuioa,0
small,g22,14,1,1,3,kiof,1
small,g22,14,1,1,4,kuio,0
small,g22,14,15,3,1,swo,1
small,g22,14,15,3,2,mioo,0
small,g22,14,24,4,3,wege,0
small,g22,14,24,4,4,kioo,0
small,g22,14,16,3,1,swi,1
small,g22,14,16,3,2,miea,0
small,g22,14,23,4,3,wegoe,1
small,g22,14,23,4,4,sweih,0
small,g22,14,7,1,1,kion,0
small,g22,14,7,1,2,kuian,1
small,g22,14,2,1,3,kion,0
small,g22,14,2,1,4,kion,0
small,g22,14,13,2,1,pewe,1
small,g22,14,13,2,2,swe,1
small,g22,14,3,1,3,kios,0
small,g22,14,3,1,4,kuoa,1
small,g22,14,22,4,1,wagu,1
small,g22,14,22,4,2,wegoo,0
small,g22,14,4,1,3,kiou,0
small,g22,14,4,1,4,kuii,1
small,g23,1,25,4,1,heski,0
small,g23,1,25,4,4,poki,0
small,g23,1,9,2,2,noski,0
small,g23,1,9,2,3,suki,1
small,g23,1,13,2,1,netski,0
small,g23,1,13,2,4,saki,0
small,g23,1,8,2,2,notska,0
small,g23,1,8,2,3,soeki,1
small,g23,1,15,3,1,goska,0
small,g23,1,15,3,4,pesko,0
small,g23,1,4,1,2,koska,1
small,g23,1,4,1,3,wieeesss,1
small,g23,1,16,3,1,netski,0
small,g23,1,16,3,4,pesko,0
small,g23,1,3,1,2,metski,0
small,g23,1,3,1,3,wieees,1
small,g23,1,15,3,1,nasko,0
small,g23,1,15,3,4,peskoi,0
small,g23,1,16,3,2,natske,0
small,g23,1,16,3,3,pesko,1
small,g23,1,25,4,1,opski,0
small,g23,1,25,4,4,wase,1
small,g23,1,13,2,2,natska,0
small,g23,1,13,2,3,toki,0
small,g23,1,3,1,1,heski,0
small,g23,1,3,1,4,hufta,0
small,g23,1,8,2,2,natska,0
small,g23,1,8,2,3,suki,1
small,g23,1,4,1,1,hetsko,0
small,g23,1,4,1,4,wieeess,1
small,g23,1,9,2,2,natski,1
small,g23,1,9,2,3,hufta,0
small,g23,1,8,2,1,natsko,0
small,g23,1,8,2,4,suki,1
small,g23,1,15,3,2,wetski,0
small,g23,1,15,3,3,pesko,0
small,g23,1,4,1,1,hetsko,0
small,g23,1,4,1,4,seki,0
small,g23,1,25,4,2,potski,0
small,g23,1,25,4,3,paski,0
small,g23,1,9,2,1,naski,1
small,g23,1,9,2,4,soki,0
small,g23,1,16,3,2,weski,0
small,g23,1,16,3,3,pesko,1
small,g23,1,13,2,1,naste,0
small,g23,1,13,2,4,siki,1
small,g23,2,15,3,3,pesko,0
small,g23,2,15,3,4,peskoi,0
small,g23,2,25,4,1,heski,1
small,g23,2,25,4,2,woskoi,0
small,g23,2,16,3,3,peski,1
small,g23,2,16,3,4,peskoi,0
small,g23,2,8,2,1,nasko,0
small,g23,2,8,2,2,nasko,0
small,g23,2,3,1,3,woeh,0
small,g23,2,3,1,4,hufta,0
small,g23,2,9,2,1,naski,1
small,g23,2,9,2,2,naski,0
small,g23,2,5,1,3,pesko,0
small,g23,2,5,1,4,seki,0
small,g23,2,21,3,1,pesko,0
small,g23,2,21,3,2,nasko,0
small,g23,2,4,1,3,whoeeesss,1
small,g23,2,4,1,4,siki,0
small,g23,2,13,2,1,nasti,0
small,g23,2,13,2,2,siko,0
small,g23,2,23,4,3,poeki,1
small,g23,2,23,4,4,potaa,0
small,g23,2,5,1,1,whieee,0
small,g23,2,5,1,2,pote,0
small,g23,2,21,3,3,soeki,0
small,g23,2,21,3,4,peskoo,0
small,g23,2,16,3,1,soeka,0
small,g23,2,16,3,2,heski,0
small,g23,2,25,4,3,poeki,0
small,g23,2,25,4,4,nasko,0
small,g23,2,23,4,1,poeki,1
small,g23,2,23,4,2,kaska,0
small,g23,2,4,1,3,whieeesss,1
small,g23,2,4,1,4,siki,0
small,g23,2,3,1,1,whiee,0
small,g23,2,3,1,2,hufta,1
small,g23,2,13,2,3,saki,1
small,g23,2,13,2,4,soto,0
small,g23,2,8,2,1,sakto,1
small,g23,2,8,2,2,nasko,0
small,g23,2,9,2,3,hoeki,1
small,g23,2,9,2,4,nakoo,0
small,g23,2,15,3,1,naski,0
small,g23,2,15,3,2,kaska,0
small,g23,2,21,3,3,soki,0
small,g23,2,21,3,4,peskoo,0
small,g23,3,19,3,1,nasko,0
small,g23,3,19,3,2,kaska,0
small,g23,3,9,2,3,poeki,0
small,g23,3,9,2,4,togo,0
small,g23,3,23,4,1,hesko,0
small,g23,3,23,4,2,poska,0
small,g23,3,7,1,3,wieee,0
small,g23,3,7,1,4,huftao,0
small,g23,3,3,1,1,huftaes,1
small,g23,3,3,1,2,whieo,0
small,g23,3,16,3,3,peski,0
small,g23,3,16,3,4,naskooo,0
small,g23,3,8,2,1,tosko,0
small,g23,3,8,2,2,nasko,1
small,g23,3,12,2,3,peski,0
small,g23,3,12,2,4,togo,0
small,g23,3,15,3,1,puskie,0
small,g23,3,15,3,2,peski,0
small,g23,3,4,1,3,whoeeesss,0
small,g23,3,4,1,4,hhhufta,0
small,g23,3,21,3,1,pusko,0
small,g23,3,21,3,2,potko,0
small,g23,3,5,1,3,wieee,0
small,g23,3,5,1,4,huftauu,1
small,g23,3,13,2,1,naskoi,0
small,g23,3,13,2,2,naski,0
small,g23,3,25,4,3,poeki,0
small,g23,3,25,4,4,naskoi,0
small,g23,3,7,1,1,huftooo,0
small,g23,3,7,1,2,whiieo,1
small,g23,3,13,2,3,waaa,0
small,g23,3,13,2,4,naskoi,1
small,g23,3,21,3,1,neesko,0
small,g23,3,21,3,2,potko,0
small,g23,3,12,2,3,peski,0
small,g23,3,12,2,4,naskoiio,1
small,g23,3,5,1,1,huftaaoo,0
small,g23,3,5,1,2,whiiea,1
small,g23,3,19,3,3,soeki,0
small,g23,3,19,3,4,peskoio,0
small,g23,3,25,4,1,hotskaaaaa,0
small,g23,3,25,4,2,soeka,0
small,g23,3,9,2,3,poeki,0
small,g23,3,9,2,4,naskoioo,0
small,g23,3,15,3,1,nasktiiii,1
small,g23,3,15,3,2,soeka,0
small,g23,4,9,2,2,kaski,0
small,g23,4,9,2,3,poeki,0
small,g23,4,23,4,1,satkoi,0
small,g23,4,23,4,4,twetoo,0
small,g23,4,13,2,2,naskoi,0
small,g23,4,13,2,3,saki,0
small,g23,4,5,1,1,hetskiiiii,0
small,g23,4,5,1,4,sakiuu,0
small,g23,4,21,3,2,potko,0
small,g23,4,21,3,3,soeki,0
small,g23,4,16,3,1,potskii,1
small,g23,4,16,3,4,peskoio,1
small,g23,4,18,3,2,potske,0
small,g23,4,18,3,3,pesu,0
small,g23,4,7,1,1,hetskooo,0
small,g23,4,7,1,4,sakieo,0
small,g23,4,1,1,2,whieee,1
small,g23,4,1,1,3,peski,0
small,g23,4,4,1,1,whooohetsko,0
small,g23,4,4,1,4,sikiio,0
small,g23,4,8,2,2,nasko,1
small,g23,4,8,2,3,saki,0
small,g23,4,12,2,1,naskiiiii,1
small,g23,4,12,2,4,puskiiu,0
small,g23,4,19,3,2,potkoe,0
small,g23,4,19,3,3,waaa,0
small,g23,4,3,1,1,hetskee,0
small,g23,4,3,1,4,hufta,0
small,g23,4,28,4,2,poeki,0
small,g23,4,28,4,3,hoeki,0
small,g23,4,25,4,1,poekaaaaaa,1
small,g23,4,25,4,4,hoekiiu,0
small,g23,4,15,3,2,potki,0
small,g23,4,15,3,3,pesko,1
small,g23,4,1,1,1,hetskiiiii,1
small,g23,4,1,1,4,huftaio,0
small,g23,4,19,3,2,potkoe,0
small,g23,4,19,3,3,sakiii,0
small,g23,4,18,3,1,potkee,0
small,g23,4,18,3,4,peskoeee,1
small,g23,4,4,1,2,whieee,1
small,g23,4,4,1,3,whoeeesss,1
small,g23,4,28,4,1,skiiiiiiie,0
small,g23,4,28,4,4,tepeee,0
small,g23,4,9,2,2,naski,1
small,g23,4,9,2,3,hoki,0
small,g23,5,6,1,1,whieee,1
small,g23,5,6,1,2,whieee,1
small,g23,5,16,3,3,peski,1
small,g23,5,16,3,4,peskoiu,0
small,g23,5,15,3,1,pesti,1
small,g23,5,15,3,2,potkoi,0
small,g23,5,19,3,3,hoeki,0
small,g23,5,19,3,4,potkoiio,0
small,g23,5,14,2,1,peska,0
small,g23,5,14,2,2,naske,0
small,g23,5,18,3,3,wiepa,0
small,g23,5,18,3,4,potkoiiii,0
small,g23,5,28,4,1,wieti,0
small,g23,5,28,4,2,poekie,0
small,g23,5,1,1,3,woesh,0
small,g23,5,1,1,4,whieeeesi,0
small,g23,5,13,2,1,peskto,0
small,g23,5,13,2,2,naskoi,0
small,g23,5,12,2,3,peski,0
small,g23,5,12,2,4,naskoiii,0
small,g23,5,4,1,1,whieee,0
small,g23,5,4,1,2,whieee,1
small,g23,5,21,3,3,soeki,0
small,g23,5,21,3,4,naskoooii,0
small,g23,5,11,2,1,pesti,1
small,g23,5,11,2,2,naskii,0
small,g23,5,8,2,3,soeki,0
small,g23,5,8,2,4,naskiooo,0
small,g23,5,3,1,1,whieeeski,0
small,g23,5,3,1,2,whieeei,0
small,g23,5,6,1,3,waaaski,0
small,g23,5,6,1,4,whieehhii,0
small,g23,5,25,4,1,steskaaa,0
small,g23,5,25,4,2,poekiie,0
small,g23,5,7,1,3,whoeski,1
small,g23,5,7,1,4,sikii,0
small,g23,5,5,1,1,wheeeeti,0
small,g23,5,5,1,2,sikio,1
small,g23,5,11,2,3,pesko,0
small,g23,5,11,2,4,naksoie,0
small,g23,5,23,4,1,teskoo,0
small,g23,5,23,4,2,poekii,0
small,g23,5,14,2,3,teskoo,0
small,g23,5,14,2,4,naksoiiiii,0
small,g23,5,9,2,1,teskaaaa,0
small,g23,5,9,2,2,naski,0
small,g23,6,19,3,3,suki,0
small,g23,6,19,3,4,peskoii,0
small,g23,6,18,3,1,pesta,1
small,g23,6,18,3,2,sukie,0
small,g23,6,13,2,3,saki,0
small,g23,6,13,2,4,noekie,0
small,g23,6,10,2,1,noekoo,0
small,g23,6,10,2,2,sakoe,0
small,g23,6,11,2,3,pesko,0
small,g23,6,11,2,4,noekuuuu,0
small,g23,6,21,3,1,pesko,1
small,g23,6,21,3,2,potko,0
small,g23,6,15,3,3,pesko,0
small,g23,6,15,3,4,peskaaa,1
small,g23,6,16,3,1,peskeee,0
small,g23,6,16,3,2,peske,1
small,g23,6,23,4,3,toeki,0
small,g23,6,23,4,4,tipaaaah,0
small,g23,6,6,1,1,heskoo,1
small,g23,6,6,1,2,whiiie,0
small,g23,6,14,2,3,paski,0
small,g23,6,14,2,4,iinoekie,1
small,g23,6,1,1,1,hestaaa,0
small,g23,6,1,1,2,whieei,0
small,g23,6,12,2,3,peski,0
small,g23,6,12,2,4,noekiuuu,0
small,g23,6,8,2,1,noekiiii,0
small,g23,6,8,2,2,pesko,0
small,g23,6,5,1,3,whoeeesss,0
small,g23,6,5,1,4,hesuuu,0
small,g23,6,26,4,1,taskoo,1
small,g23,6,26,4,2,poekei,1
small,g23,6,25,4,3,soekie,0
small,g23,6,25,4,4,taskuuu,0
small,g23,6,4,1,1,heskoo,1
small,g23,6,4,1,2,whieee,0
small,g23,6,7,1,3,waaa,0
small,g23,6,7,1,4,hesaaaa,0
small,g23,6,20,3,1,peskoi,0
small,g23,6,20,3,2,mama,0
small,g23,6,9,2,3,hoki,0
small,g23,6,9,2,4,noekuuu,0
small,g23,6,28,4,1,tasti,0
small,g23,6,28,4,2,soeki,0
small,g23,6,3,1,3,wiee,1
small,g23,6,3,1,4,hesaaaa,1
small,g23,7,21,3,1,naskoo,0
small,g23,7,21,3,4,peskoo,0
small,g23,7,18,3,2,naske,1
small,g23,7,18,3,3,pesaa,0
small,g23,7,7,1,1,hetskoi,0
small,g23,7,7,1,4,sukooo,0
small,g23,7,9,2,2,naski,0
small,g23,7,9,2,3,hoki,1
small,g23,7,19,3,1,peskoo,0
small,g23,7,19,3,4,peskio,0
small,g23,7,11,2,2,naskii,0
small,g23,7,11,2,3,pesko,0
small,g23,7,3,1,1,hetskee,0
small,g23,7,3,1,4,sukeee,0
small,g23,7,23,4,2,soekieee,0
small,g23,7,23,4,3,soekie,0
small,g23,7,4,1,1,soekoo,0
small,g23,7,4,1,4,osiki,0
small,g23,7,12,2,2,naskiie,1
small,g23,7,12,2,3,peski,0
small,g23,7,28,4,1,taskii,0
small,g23,7,28,4,4,tintin,1
small,g23,7,20,3,2,potkoi,1
small,g23,7,20,3,3,soeki,0
small,g23,7,6,1,1,hetskoo,0
small,g23,7,6,1,4,isoeki,0
small,g23,7,5,1,2,hetkii,0
small,g23,7,5,1,3,whoeee,1
small,g23,7,15,3,1,naskaaa,0
small,g23,7,15,3,4,peskuu,1
small,g23,7,13,2,2,naskoii,0
small,g23,7,13,2,3,soeki,0
small,g23,7,8,2,1,naskoop,0
small,g23,7,8,2,4,soekioo,0
small,g23,7,1,1,2,hetskiee,0
small,g23,7,1,1,3,waaash,0
small,g23,7,14,2,1,naskee,0
small,g23,7,14,2,4,aasoeki,0
small,g23,7,26,4,2,poekiee,0
small,g23,7,26,4,3,moeki,0
small,g23,7,10,2,1,poekieee,0
small,g23,7,10,2,4,noekie,0
small,g23,7,25,4,2,poekieee,1
small,g23,7,25,4,3,poekie,0
small,g23,7,16,3,1,naskieee,1
small,g23,7,16,3,4,piska,1
small,g23,8,3,1,3,wieee,0
small,g23,8,3,1,4,hesaa,0
small,g23,8,26,4,1,teskoo,0
small,g23,8,26,4,2,poekei,0
small,g23,8,18,3,3,teskoo,0
small,g23,8,18,3,4,peskii,0
small,g23,8,4,1,1,wieee,0
small,g23,8,4,1,2,heskee,1
small,g23,8,1,1,3,waaa,1
small,g23,8,1,1,4,heskaa,1
small,g23,8,15,3,1,neskti,0
small,g23,8,15,3,2,keskii,0
small,g23,8,5,1,3,whoees,1
small,g23,8,5,1,4,heskii,0
small,g23,8,19,3,1,neskoo,0
small,g23,8,19,3,2,keskee,1
small,g23,8,11,2,3,pesko,1
small,g23,8,11,2,4,noekie,0
small,g23,8,6,1,1,wieee,0
small,g23,8,6,1,2,heskee,0
small,g23,8,13,2,3,soeki,0
small,g23,8,13,2,4,noekaa,0
small,g23,8,10,2,1,soekoo,0
small,g23,8,10,2,2,noekee,1
small,g23,8,8,2,3,saki,0
small,g23,8,8,2,4,noekoo,0
small,g23,8,25,4,1,tasawoesh,0
small,g23,8,25,4,2,noekeii,0
small,g23,8,21,3,3,soeki,0
small,g23,8,21,3,4,peskoo,0
small,g23,8,23,4,1,tasoo,0
small,g23,8,23,4,2,noekii,0
small,g23,8,16,3,3,peski,0
small,g23,8,16,3,4,peskio,0
small,g23,8,28,4,1,tasti,0
small,g23,8,28,4,2,noekie,0
small,g23,8,14,2,3,pesta,0
small,g23,8,14,2,4,inoekie,0
small,g23,8,12,2,1,pestaaa,1
small,g23,8,12,2,2,inoekie,1
small,g23,8,9,2,3,hoki,0
small,g23,8,9,2,4,unoekie,0
small,g23,8,7,1,1,whoeshooo,0
small,g23,8,7,1,2,heskoii,1
small,g23,8,20,3,3,posko,0
small,g23,8,20,3,4,peskeo,0
small,g23,9,21,3,1,peskoo,0
small,g23,9,21,3,2,noeko,0
small,g23,9,4,1,3,waaash,1
small,g23,9,4,1,4,heskio,0
small,g23,9,25,4,1,tasaaa,1
small,g23,9,25,4,2,noeskiie,1
small,g23,9,7,1,3,waaaasi,1
small,g23,9,7,1,4,heskeo,0
small,g23,9,28,4,1,tasti,1
small,g23,9,28,4,2,noeksi,1
small,g23,9,6,1,3,hoeksa,1
small,g23,9,6,1,4,heskio,0
small,g23,9,26,4,1,tasio,1
small,g23,9,26,4,2,noeskae,1
small,g23,9,5,1,3,whoeess,0
small,g23,9,5,1,4,heskue,0
small,g23,9,23,4,1,tasooo,1
small,g23,9,23,4,2,noeskoe,0
small,g23,9,13,2,3,peska,0
small,g23,9,13,2,4,noekeo,0
small,g23,9,11,2,1,noekti,0
small,g23,9,11,2,2,peskie,1
small,g23,9,15,3,3,peski,0
small,g23,9,15,3,4,peskuee,0
small,g23,9,12,2,1,peskuaa,0
small,g23,9,12,2,2,peskei,1
small,g23,9,19,3,3,peskaa,0
small,g23,9,19,3,4,peskio,0
small,g23,9,14,2,1,naskea,0
small,g23,9,14,2,2,peske,1
small,g23,9,10,2,3,peskoo,1
small,g23,9,10,2,4,noekio,0
small,g23,9,9,2,1,noekiaaaa,1
small,g23,9,9,2,2,peski,0
small,g23,9,3,1,3,pestaaa,0
small,g23,9,3,1,4,hesaaa-whieeeesh,0
small,g23,9,20,3,1,peskoo,0
small,g23,9,20,3,2,pestae,0
small,g23,9,18,3,3,pestaaa,1
small,g23,9,18,3,4,ipeski,0
small,g23,9,16,3,1,peskaaa,0
small,g23,9,16,3,2,pestaaee,0
small,g23,9,8,2,3,saki,0
small,g23,9,8,2,4,noekaaaa,0
small,g23,9,1,1,1,wieeeewhoesh,0
small,g23,9,1,1,2,heskee,0
small,g23,10,8,2,2,pesko,0
small,g23,10,8,2,3,saki,0
small,g23,10,5,1,1,hesti,0
small,g23,10,5,1,4,heseu,0
small,g23,10,1,1,2,hesteii,1
small,g23,10,1,1,3,waaash,0
small,g23,10,3,1,1,hesteo,0
small,g23,10,3,1,4,hufta,0
small,g23,10,20,3,2,potkoi,0
small,g23,10,20,3,3,hoekie,0
small,g23,10,21,3,1,potkoi,0
small,g23,10,21,3,4,peskoo,0
small,g23,10,14,2,2,naske,1
small,g23,10,14,2,3,pestaaa,0
small,g23,10,15,3,1,pesti,1
small,g23,10,15,3,4,peskioo,0
small,g23,10,16,3,2,pestei,1
small,g23,10,16,3,3,peskio,1
small,g23,10,11,2,1,nesti,0
small,g23,10,11,2,4,noukio,0
small,g23,10,26,4,2,poekei,0
small,g23,10,26,4,3,souki,0
small,g23,10,18,3,1,peskee,1
small,g23,10,18,3,4,peskiii,0
small,g23,10,10,2,2,peskeei,1
small,g23,10,10,2,3,pesko,0
small,g23,10,19,3,1,peskoei,0
small,g23,10,19,3,4,peskoe,1
small,g23,10,28,4,2,poekiii,0
small,g23,10,28,4,3,souki,0
small,g23,10,12,2,1,neskiii,0
small,g23,10,12,2,4,noekio,0
small,g23,10,25,4,2,poekeei,1
small,g23,10,25,4,3,nouki,0
small,g23,10,9,2,1,neskaaa,0
small,g23,10,9,2,4,noekiou,0
small,g23,10,4,1,2,heskeee,0
small,g23,10,4,1,3,waaash,0
small,g23,10,13,2,1,neskooi,0
small,g23,10,13,2,4,noekoe,0
small,g23,10,23,4,2,poekiii,0
small,g23,10,23,4,3,poekie,1
small,g23,10,7,1,1,heskii,1
small,g23,10,7,1,4,suki,0
small,g23,10,6,1,2,heskeee,0
small,g23,10,6,1,3,soku,1
small,g23,11,11,2,1,nesti,0
small,g23,11,11,2,2,naskii,1
small,g23,11,15,3,3,heski,0
small,g23,11,15,3,4,peskue,0
small,g23,11,3,1,1,wiieeekoo,0
small,g23,11,3,1,2,heskii,1
small,g23,11,12,2,3,peski,0
small,g23,11,12,2,4,noukiu,0
small,g23,11,4,1,1,wieee,0
small,g23,11,4,1,2,heskei,1
small,g23,11,16,3,3,peskio,1
small,g23,11,16,3,4,peskiu,1
small,g23,11,26,4,1,tesweo,0
small,g23,11,26,4,2,noekiee,0
small,g23,11,9,2,3,hooki,0
small,g23,11,9,2,4,naskuu,1
small,g23,11,14,2,1,neskee,1
small,g23,11,14,2,2,naskee,1
small,g23,11,8,2,3,saki,0
small,g23,11,8,2,4,naskoo,1
small,g23,11,21,3,1,peski,0
small,g23,11,21,3,2,noekoo,0
small,g23,11,1,1,3,waash,1
small,g23,11,1,1,4,heskiu,0
small,g23,11,19,3,1,peskee,0
small,g23,11,19,3,2,naskiee,0
small,g23,11,10,2,3,peskoo,0
small,g23,11,10,2,4,naskee,1
small,g23,11,23,4,1,teskoo,1
small,g23,11,23,4,2,noekiii,0
small,g23,11,5,1,3,wieeeh,0
small,g23,11,5,1,4,heseu,1
small,g23,11,20,3,1,peskoo,0
small,g23,11,20,3,2,naskoe,0
small,g23,11,6,1,3,waash,0
small,g23,11,6,1,4,heskio,0
small,g23,11,7,1,1,wieeeko,1
small,g23,11,7,1,2,heskoe,1
small,g23,11,28,4,3,soekie,0
small,g23,11,28,4,4,noekeu,1
small,g23,11,18,3,1,peskee,1
small,g23,11,18,3,2,naskee,0
small,g23,11,25,4,3,soeka,1
small,g23,11,25,4,4,noekiu,0
small,g23,11,13,2,1,neskoo,0
small,g23,11,13,2,2,naskoe,1
small,g23,12,11,2,3,peski,1
small,g23,12,11,2,4,noekue,0
small,g23,12,20,3,1,peskoo,0
small,g23,12,20,3,2,naskoe,0
small,g23,12,4,1,3,waaash,1
small,g23,12,4,1,4,heskio,0
small,g23,12,12,2,1,poekeee,0
small,g23,12,12,2,2,naskeee,0
small,g23,12,9,2,3,hookie,0
small,g23,12,9,2,4,noekoo,1
small,g23,12,7,1,1,heskoo,0
small,g23,12,7,1,2,heskiii,0
small,g23,12,1,1,3,waaash,0
small,g23,12,1,1,4,heskio,0
small,g23,12,21,3,1,peskooo,1
small,g23,12,21,3,2,naskoo,0
small,g23,12,5,1,3,whooes,0
small,g23,12,5,1,4,heskeu,0
small,g23,12,8,2,1,pnoekooo,0
small,g23,12,8,2,2,nasko,1
small,g23,12,18,3,3,pestaa,1
small,g23,12,18,3,4,peski,0
small,g23,12,28,4,1,pnoekti,0
small,g23,12,28,4,2,noekiee,1
small,g23,12,14,2,3,pestaa,0
small,g23,12,14,2,4,inoeki,0
small,g23,12,6,1,1,wieee,1
small,g23,12,6,1,2,hestoii,0
small,g23,12,25,4,3,wieesh,0
small,g23,12,25,4,4,wthggst,0
small,g23,12,10,2,1,neskaa,0
small,g23,12,10,2,2,naskoe,0
small,g23,12,3,1,3,wieee,0
small,g23,12,3,1,4,heskee,1
small,g23,12,23,4,1,pnoeskoo,0
small,g23,12,23,4,2,noekiii,0
small,g23,12,19,3,3,soekie,1
small,g23,12,19,3,4,peskooi,0
small,g23,12,15,3,1,pesti,0
small,g23,12,15,3,2,soekieee,0
small,g23,12,13,2,3,sakie,0
small,g23,12,13,2,4,noekeo,0
small,g23,12,16,3,1,peski,1
small,g23,12,16,3,2,sakeei,0
small,g23,12,26,4,3,sakei,0
small,g23,12,26,4,4,wpksgntio,1
small,g23,13,13,2,1,neskoo,0
small,g23,13,13,2,4,noekeo,0
small,g23,13,1,1,2,heskiee,0
small,g23,13,1,1,3,waaash,0
small,g23,13,20,3,1,peskoo,0
small,g23,13,20,3,4,peskeo,0
small,g23,13,7,1,2,heskiii,0
small,g23,13,7,1,3,waaaash,1
small,g23,13,21,3,1,peskooooooi,0
small,g23,13,21,3,4,peskoo,0
small,g23,13,8,2,2,nasko,0
small,g23,13,8,2,3,saki,0
small,g23,13,6,1,1,heskoowieee,1
small,g23,13,6,1,4,waaashio,0
small,g23,13,18,3,2,neskee,0
small,g23,13,18,3,3,pestaaa,0
small,g23,13,12,2,1,neskeeeea,0
small,g23,13,12,2,4,noekiu,0
small,g23,13,28,4,2,poekiii,0
small,g23,13,28,4,3,soekie,0
small,g23,13,9,2,1,neskaa,0
small,g23,13,9,2,4,noekuu,1
small,g23,13,23,4,2,poekio,1
small,g23,13,23,4,3,soekiee,0
small,g23,13,25,4,1,poekiaa,1
small,g23,13,25,4,4,soekiu,1
small,g23,13,10,2,2,naskoee,1
small,g23,13,10,2,3,peskaa,0
small,g23,13,5,1,1,hesti,1
small,g23,13,5,1,4,whoeesup,1
small,g23,13,26,4,2,poekeee,0
small,g23,13,26,4,3,soekiee,0
small,g23,13,16,3,1,pesaaae,0
small,g23,13,16,3,4,peskiu,0
small,g23,13,19,3,2,pesoee,0
small,g23,13,19,3,3,peskiu,1
small,g23,13,15,3,1,pesti,0
small,g23,13,15,3,4,peskeu,0
small,g23,13,11,2,2,naskii,1
small,g23,13,11,2,3,pesko,0
small,g23,13,4,1,1,wieee,0
small,g23,13,4,1,4,iwhaaaash,1
small,g23,13,14,2,2,naskee,0
small,g23,13,14,2,3,pestaaa,0
small,g23,13,3,1,1,hesteee,0
small,g23,13,3,1,4,whieeeesh,1
small,g23,14,21,3,3,saki,1
small,g23,14,21,3,4,peskoo,0
small,g23,14,18,3,1,sakee,1
small,g23,14,18,3,2,peskee,0
small,g23,14,12,2,3,peski,0
small,g23,14,12,2,4,noekiu,0
small,g23,14,26,4,1,poesko,1
small,g23,14,26,4,2,noekoee,0
small,g23,14,4,1,3,waaash,0
small,g23,14,4,1,4,hesio,1
small,g23,14,25,4,1,poskaa,0
small,g23,14,25,4,2,noekeeee,0
small,g23,14,10,2,3,peskaa,0
small,g23,14,10,2,4,noekio,0
small,g23,14,1,1,1,whoeshwieee,0
small,g23,14,1,1,2,heskeee,1
small,g23,14,9,2,3,hooki,0
small,g23,14,9,2,4,noekooo,0
small,g23,14,5,1,1,whoeshwieeeti,1
small,g23,14,5,1,2,heskiee,0
small,g23,14,20,3,3,soekiaa,0
small,g23,14,20,3,4,peskeo,0
small,g23,14,28,4,1,teskitsi,0
small,g23,14,28,4,2,noekiee,0
small,g23,14,8,2,3,saki,0
small,g23,14,8,2,4,noekooo,0
small,g23,14,11,2,1,sakti,0
small,g23,14,11,2,2,naskiii,0
small,g23,14,14,2,3,pestaaa,0
small,g23,14,14,2,4,naskiii,0
small,g23,14,13,2,1,saktoo,0
small,g23,14,13,2,2,naskoee,0
small,g23,14,23,4,3,sokoo,1
small,g23,14,23,4,4,noekeo,1
small,g23,14,15,3,1,pesti,0
small,g23,14,15,3,2,nnaskii,0
small,g23,14,7,1,3,waaash,1
small,g23,14,7,1,4,heskeo,1
small,g23,14,19,3,1,peswieee,0
small,g23,14,19,3,2,neskii,1
small,g23,14,3,1,3,wieee,0
small,g23,14,3,1,4,heskeee,0
small,g23,14,6,1,1,wieee,0
small,g23,14,6,1,2,neskeeee,0
small,g23,14,16,3,3,peski,1
small,g23,14,16,3,4,neskiu,1
small,g24,1,13,2,1,koi,0
small,g24,1,13,2,4,euh,0
small,g24,1,16,3,2,muh,1
small,g24,1,16,3,3,sag,0
small,g24,1,9,2,1,euh,0
small,g24,1,9,2,4,euh,0
small,g24,1,25,4,2,sag,1
small,g24,1,25,4,3,fau,0
small,g24,1,4,1,1,fau,1
small,g24,1,4,1,4,fau,0
small,g24,1,15,3,2,uki,1
small,g24,1,15,3,3,euh,0
small,g24,1,8,2,1,wke,0
small,g24,1,8,2,4,sss,0
small,g24,1,9,2,2,wki,0
small,g24,1,9,2,3,euh,0
small,g24,1,4,1,1,fau,1
small,g24,1,4,1,4,fau,0
small,g24,1,8,2,2,wku,0
small,g24,1,8,2,3,sss,1
small,g24,1,3,1,1,fiu,1
small,g24,1,3,1,4,fau,0
small,g24,1,13,2,2,wki,0
small,g24,1,13,2,3,sag,0
small,g24,1,25,4,1,asagi,0
small,g24,1,25,4,4,sag,1
small,g24,1,16,3,2,muh,1
small,g24,1,16,3,3,hiou,0
small,g24,1,15,3,1,mih,1
small,g24,1,15,3,4,hiau,0
small,g24,1,3,1,2,fiu,0
small,g24,1,3,1,3,tes,0
small,g24,1,16,3,1,foa,0
small,g24,1,16,3,4,hiou,0
small,g24,1,4,1,2,fau,0
small,g24,1,4,1,3,sag,0
small,g24,1,15,3,1,mih,1
small,g24,1,15,3,4,hiau,0
small,g24,1,8,2,2,wki,0
small,g24,1,8,2,3,sss,1
small,g24,1,13,2,1,wfi,1
small,g24,1,13,2,4,ssh,0
small,g24,1,9,2,2,wgi,1
small,g24,1,9,2,3,ssh,1
small,g24,1,25,4,1,sag,1
small,g24,1,25,4,4,sag,1
small,g24,2,21,3,3,euh,0
small,g24,2,21,3,4,kkt,0
small,g24,2,15,3,1,uki,0
small,g24,2,15,3,2,uki,0
small,g24,2,9,2,3,ssh,1
small,g24,2,9,2,4,euh,0
small,g24,2,4,1,1,koi,1
small,g24,2,4,1,2,fau,1
small,g24,2,13,2,3,ssg,1
small,g24,2,13,2,4,sst,0
small,g24,2,3,1,1,uki,1
small,g24,2,3,1,2,fauw,0
small,g24,2,8,2,3,sss,0
small,g24,2,8,2,4,ssh,0
small,g24,2,23,4,1,sag,1
small,g24,2,23,4,2,sag,0
small,g24,2,25,4,3,sag,0
small,g24,2,25,4,4,sah,1
small,g24,2,16,3,1,uki,1
small,g24,2,16,3,2,muh,0
small,g24,2,21,3,3,ukiop,1
small,g24,2,21,3,4,mut,1
small,g24,2,5,1,1,euhi,0
small,g24,2,5,1,2,faug,1
small,g24,2,23,4,3,saget,0
small,g24,2,23,4,4,sag,1
small,g24,2,13,2,1,koi,0
small,g24,2,13,2,2,ssh,1
small,g24,2,4,1,3,euh,1
small,g24,2,4,1,4,fau,1
small,g24,2,21,3,1,uko,0
small,g24,2,21,3,2,muht,1
small,g24,2,5,1,3,euhi,0
small,g24,2,5,1,4,faug,1
small,g24,2,9,2,1,ukiop,0
small,g24,2,9,2,2,sst,1
small,g24,2,3,1,3,euhi,1
small,g24,2,3,1,4,fauh,1
small,g24,2,8,2,1,koi,0
small,g24,2,8,2,2,ssg,1
small,g24,2,16,3,3,uki,0
small,g24,2,16,3,4,muh,1
small,g24,2,25,4,1,sag,1
small,g24,2,25,4,2,sag,0
small,g24,2,15,3,3,euhi,0
small,g24,2,15,3,4,muht,0
small,g24,3,9,2,1,koi,0
small,g24,3,9,2,2,wuk,0
small,g24,3,15,3,3,fug,0
small,g24,3,15,3,4,muh,0
small,g24,3,25,4,1,sag,0
small,g24,3,25,4,2,sag,1
small,g24,3,19,3,3,fugi,0
small,g24,3,19,3,4,muht,1
small,g24,3,5,1,1,euki,0
small,g24,3,5,1,2,fau,0
small,g24,3,21,3,3,sso,0
small,g24,3,21,3,4,muhk,0
small,g24,3,12,2,1,moi,0
small,g24,3,12,2,2,wik,0
small,g24,3,13,2,3,wek,1
small,g24,3,13,2,4,mou,0
small,g24,3,7,1,1,euko,1
small,g24,3,7,1,2,faug,1
small,g24,3,25,4,3,sag,1
small,g24,3,25,4,4,sagt,1
small,g24,3,13,2,1,uki,0
small,g24,3,13,2,2,wuk,1
small,g24,3,5,1,3,fau,0
small,g24,3,5,1,4,euki,1
small,g24,3,21,3,1,oki,0
small,g24,3,21,3,2,sso,0
small,g24,3,4,1,3,faug,0
small,g24,3,4,1,4,euwi,0
small,g24,3,15,3,1,uki,0
small,g24,3,15,3,2,ssof,1
small,g24,3,12,2,3,wak,0
small,g24,3,12,2,4,euh,0
small,g24,3,8,2,1,koi,0
small,g24,3,8,2,2,wek,0
small,g24,3,16,3,3,ssio,0
small,g24,3,16,3,4,muh,0
small,g24,3,3,1,1,euhi,0
small,g24,3,3,1,2,fau,1
small,g24,3,7,1,3,sagi,0
small,g24,3,7,1,4,eupi,0
small,g24,3,23,4,1,sag,1
small,g24,3,23,4,2,sagi,0
small,g24,3,9,2,3,wek,0
small,g24,3,9,2,4,euhe,1
small,g24,3,19,3,1,uki,0
small,g24,3,19,3,2,sson,0
small,g24,4,9,2,2,wik,0
small,g24,4,9,2,3,wek,0
small,g24,4,28,4,1,sagu,1
small,g24,4,28,4,4,sah,0
small,g24,4,4,1,2,faup,0
small,g24,4,4,1,3,foe,0
small,g24,4,18,3,1,uko,0
small,g24,4,18,3,4,muh,0
small,g24,4,19,3,2,uka,1
small,g24,4,19,3,3,muh,0
small,g24,4,1,1,1,euho,0
small,g24,4,1,1,4,foew,1
small,g24,4,15,3,2,uke,0
small,g24,4,15,3,3,mef,1
small,g24,4,25,4,1,sagu,0
small,g24,4,25,4,4,sah,0
small,g24,4,28,4,2,sagi,1
small,g24,4,28,4,3,sag,0
small,g24,4,19,3,1,ukh,1
small,g24,4,19,3,4,mew,0
small,g24,4,3,1,2,fau,0
small,g24,4,3,1,3,foe,0
small,g24,4,12,2,1,tou,0
small,g24,4,12,2,4,ssh,0
small,g24,4,8,2,2,wuk,0
small,g24,4,8,2,3,sss,1
small,g24,4,4,1,1,fai,0
small,g24,4,4,1,4,foe,0
small,g24,4,1,1,2,faup,1
small,g24,4,1,1,3,foes,0
small,g24,4,7,1,1,faui,0
small,g24,4,7,1,4,foen,1
small,g24,4,18,3,2,uki,0
small,g24,4,18,3,3,eug,0
small,g24,4,16,3,1,uki,1
small,g24,4,16,3,4,muh,1
small,g24,4,21,3,2,uke,1
small,g24,4,21,3,3,muk,0
small,g24,4,5,1,1,fauu,0
small,g24,4,5,1,4,foes,1
small,g24,4,13,2,2,wak,0
small,g24,4,13,2,3,ssf,1
small,g24,4,9,2,1,wuk,0
small,g24,4,9,2,4,ssh,0
small,g24,4,23,4,2,sagu,0
small,g24,4,23,4,3,sag,1
small,g24,5,9,2,1,kou,0
small,g24,5,9,2,2,wek,0
small,g24,5,14,2,3,kou,0
small,g24,5,14,2,4,wef,1
small,g24,5,23,4,1,sag,1
small,g24,5,23,4,2,sagu,1
small,g24,5,11,2,3,ssh,0
small,g24,5,11,2,4,wep,0
small,g24,5,5,1,1,fai,0
small,g24,5,5,1,2,faug,0
small,g24,5,7,1,3,fai,0
small,g24,5,7,1,4,fauw,0
small,g24,5,25,4,1,fau,0
small,g24,5,25,4,2,sag,0
small,g24,5,6,1,3,woe,0
small,g24,5,6,1,4,fau,1
small,g24,5,3,1,1,fka,0
small,g24,5,3,1,2,fau,0
small,g24,5,8,2,3,sss,0
small,g24,5,8,2,4,ssh,0
small,g24,5,11,2,1,koi,0
small,g24,5,11,2,2,wuk,0
small,g24,5,21,3,3,wek,0
small,g24,5,21,3,4,muhh,1
small,g24,5,4,1,1,faun,0
small,g24,5,4,1,2,fau,0
small,g24,5,12,2,3,ssi,0
small,g24,5,12,2,4,sssf,0
small,g24,5,13,2,1,ssh,1
small,g24,5,13,2,2,ssg,0
small,g24,5,1,1,3,fauh,0
small,g24,5,1,1,4,fau,0
small,g24,5,28,4,1,sagu,1
small,g24,5,28,4,2,sagi,1
small,g24,5,18,3,3,woek,1
small,g24,5,18,3,4,muhkk,1
small,g24,5,14,2,1,ssu,1
small,g24,5,14,2,2,sst,0
small,g24,5,19,3,3,woeh,0
small,g24,5,19,3,4,muhhi,0
small,g24,5,15,3,1,uki,1
small,g24,5,15,3,2,muho,1
small,g24,5,16,3,3,woek,0
small,g24,5,16,3,4,muh,1
small,g24,5,6,1,1,faui,1
small,g24,5,6,1,2,fau,0
small,g24,6,3,1,3,faun,0
small,g24,6,3,1,4,fauwww,1
small,g24,6,28,4,1,saggg,0
small,g24,6,28,4,2,sagu,1
small,g24,6,9,2,3,wuk,0
small,g24,6,9,2,4,sssw,0
small,g24,6,20,3,1,uko,0
small,g24,6,20,3,2,uko,1
small,g24,6,7,1,3,fauh,1
small,g24,6,7,1,4,fauk,1
small,g24,6,4,1,1,fauu,1
small,g24,6,4,1,2,faus,0
small,g24,6,25,4,3,sagi,0
small,g24,6,25,4,4,sagh,1
small,g24,6,26,4,1,sagn,1
small,g24,6,26,4,2,sago,0
small,g24,6,5,1,3,faun,0
small,g24,6,5,1,4,fauww,0
small,g24,6,8,2,1,sssu,1
small,g24,6,8,2,2,wuk,0
small,g24,6,12,2,3,wek,0
small,g24,6,12,2,4,sssf,0
small,g24,6,1,1,1,fauue,0
small,g24,6,1,1,2,faug,0
small,g24,6,14,2,3,wak,1
small,g24,6,14,2,4,sssg,0
small,g24,6,6,1,1,faui,1
small,g24,6,6,1,2,fau,1
small,g24,6,23,4,3,sag,0
small,g24,6,23,4,4,sahg,1
small,g24,6,16,3,1,ukih,0
small,g24,6,16,3,2,muh,1
small,g24,6,15,3,3,mih,0
small,g24,6,15,3,4,ukkkki,0
small,g24,6,21,3,1,ukie,1
small,g24,6,21,3,2,moh,0
small,g24,6,11,2,3,wuk,0
small,g24,6,11,2,4,sssw,0
small,g24,6,10,2,1,sssk,1
small,g24,6,10,2,2,wak,0
small,g24,6,13,2,3,wok,1
small,g24,6,13,2,4,ssso,1
small,g24,6,18,3,1,ukio,0
small,g24,6,18,3,2,meh,0
small,g24,6,19,3,3,muh,0
small,g24,6,19,3,4,uki,1
small,g24,7,16,3,1,ukio,0
small,g24,7,16,3,4,muh,1
small,g24,7,25,4,2,sag,1
small,g24,7,25,4,3,sagi,0
small,g24,7,10,2,1,ssssu,0
small,g24,7,10,2,4,ssshe,1
small,g24,7,26,4,2,sagi,1
small,g24,7,26,4,3,sag,0
small,g24,7,14,2,1,sssh,1
small,g24,7,14,2,4,sssk,1
small,g24,7,1,1,2,faug,0
small,g24,7,1,1,3,faun,0
small,g24,7,8,2,1,sssu,0
small,g24,7,8,2,4,ssskkkk,0
small,g24,7,13,2,2,ssso,1
small,g24,7,13,2,3,sstt,0
small,g24,7,15,3,1,ukio,0
small,g24,7,15,3,4,muhk,0
small,g24,7,5,1,2,fauk,0
small,g24,7,5,1,3,faug,1
small,g24,7,6,1,1,faut,1
small,g24,7,6,1,4,fauss,1
small,g24,7,20,3,2,ukia,0
small,g24,7,20,3,3,muhk,0
small,g24,7,28,4,1,sagu,0
small,g24,7,28,4,4,fausss,0
small,g24,7,12,2,2,sst,0
small,g24,7,12,2,3,ssfff,1
small,g24,7,4,1,1,fauw,0
small,g24,7,4,1,4,fau,0
small,g24,7,23,4,2,sagu,1
small,g24,7,23,4,3,sag,1
small,g24,7,3,1,1,faum,0
small,g24,7,3,1,4,faush,0
small,g24,7,11,2,2,sso,0
small,g24,7,11,2,3,sssh,0
small,g24,7,19,3,1,ukia,0
small,g24,7,19,3,4,muhhh,1
small,g24,7,9,2,2,sst,0
small,g24,7,9,2,3,sss,1
small,g24,7,7,1,1,fauf,1
small,g24,7,7,1,4,fauww,1
small,g24,7,18,3,2,ukio,1
small,g24,7,18,3,3,euhish,0
small,g24,7,21,3,1,ukie,1
small,g24,7,21,3,4,muhk,0
small,g24,8,20,3,3,muk,1
small,g24,8,20,3,4,muhhh,0
small,g24,8,7,1,1,fau,0
small,g24,8,7,1,2,fauk,0
small,g24,8,9,2,3,sss,1
small,g24,8,9,2,4,sssw,0
small,g24,8,12,2,1,ssh,0
small,g24,8,12,2,2,sst,1
small,g24,8,14,2,3,ssk,0
small,g24,8,14,2,4,ssk,1
small,g24,8,28,4,1,sagu,1
small,g24,8,28,4,2,sagu,1
small,g24,8,16,3,3,mik,0
small,g24,8,16,3,4,muh,1
small,g24,8,23,4,1,sagu,0
small,g24,8,23,4,2,sagi,1
small,g24,8,21,3,3,mek,0
small,g24,8,21,3,4,muhhk,1
small,g24,8,25,4,1,sago,1
small,g24,8,25,4,2,sag,1
small,g24,8,8,2,3,sskkk,0
small,g24,8,8,2,4,ssskkk,0
small,g24,8,10,2,1,ssssssp,1
small,g24,8,10,2,2,ssh,0
small,g24,8,13,2,3,sskhkhkh,0
small,g24,8,13,2,4,ssso,0
small,g24,8,6,1,1,fau,1
small,g24,8,6,1,2,fau,0
small,g24,8,11,2,3,ssghhh,1
small,g24,8,11,2,4,ssshh,1
small,g24,8,19,3,1,ukii,0
small,g24,8,19,3,2,muhi,1
small,g24,8,5,1,3,faug,1
small,g24,8,5,1,4,fauw,0
small,g24,8,15,3,1,ukio,1
small,g24,8,15,3,2,uki,0
small,g24,8,1,1,3,faug,1
small,g24,8,1,1,4,fauw,1
small,g24,8,4,1,1,fauk,0
small,g24,8,4,1,2,faug,0
small,g24,8,18,3,3,mok,0
small,g24,8,18,3,4,uki,1
small,g24,8,26,4,1,sagi,0
small,g24,8,26,4,2,sago,1
small,g24,8,3,1,3,faug,1
small,g24,8,3,1,4,fau,1
small,g24,9,1,1,1,fau,0
small,g24,9,1,1,2,fauk,0
small,g24,9,8,2,3,sskkk,1
small,g24,9,8,2,4,ssskkk,0
small,g24,9,16,3,1,uki,1
small,g24,9,16,3,2,muh,0
small,g24,9,18,3,3,ukio,0
small,g24,9,18,3,4,ukis,1
small,g24,9,20,3,1,ukip,1
small,g24,9,20,3,2,ukia,0
small,g24,9,3,1,3,faug,0
small,g24,9,3,1,4,fau,0
small,g24,9,9,2,1,ssssek,0
small,g24,9,9,2,2,sso,0
small,g24,9,10,2,3,ssg,1
small,g24,9,10,2,4,sssoesh,0
small,g24,9,14,2,1,ssssn,1
small,g24,9,14,2,2,ssa,0
small,g24,9,19,3,3,muk,0
small,g24,9,19,3,4,ukiee,1
small,g24,9,12,2,1,sssf,0
small,g24,9,12,2,2,sst,0
small,g24,9,15,3,3,ukio,0
small,g24,9,15,3,4,ukki,0
small,g24,9,11,2,1,ssssp,1
small,g24,9,11,2,2,ssh,1
small,g24,9,13,2,3,sskfh,1
small,g24,9,13,2,4,sssoo,1
small,g24,9,23,4,1,sagh,0
small,g24,9,23,4,2,sagu,1
small,g24,9,5,1,3,faug,0
small,g24,9,5,1,4,fauh,0
small,g24,9,26,4,1,sagi,0
small,g24,9,26,4,2,sagi,1
small,g24,9,6,1,3,faughi,1
small,g24,9,6,1,4,fauwwwww,0
small,g24,9,28,4,1,sagf,1
small,g24,9,28,4,2,saghi,0
small,g24,9,7,1,3,faug,0
small,g24,9,7,1,4,fauww,0
small,g24,9,25,4,1,sagh,1
small,g24,9,25,4,2,sag,1
small,g24,9,4,1,3,fau,1
small,g24,9,4,1,4,fau,0
small,g24,9,21,3,1,ukie,1
small,g24,9,21,3,2,ukig,0
small,g24,10,6,1,2,fauk,1
small,g24,10,6,1,3,faug,1
small,g24,10,7,1,1,fauh,0
small,g24,10,7,1,4,faush,0
small,g24,10,23,4,2,sagu,1
small,g24,10,23,4,3,sag,0
small,g24,10,13,2,1,ssshs,0
small,g24,10,13,2,4,sssoo,1
small,g24,10,4,1,2,faug,0
small,g24,10,4,1,3,fau,1
small,g24,10,9,2,1,sssshp,0
small,g24,10,9,2,4,ssshw,0
small,g24,10,25,4,2,sag,0
small,g24,10,25,4,3,sag,1
small,g24,10,12,2,1,ssshp,0
small,g24,10,12,2,4,sssu,0
small,g24,10,28,4,2,sagi,0
small,g24,10,28,4,3,saghi,1
small,g24,10,19,3,1,ukia,1
small,g24,10,19,3,4,muhhh,0
small,g24,10,10,2,2,ssho,1
small,g24,10,10,2,3,sshhhu,1
small,g24,10,18,3,1,ukis,1
small,g24,10,18,3,4,muhw,1
small,g24,10,26,4,2,sagi,0
small,g24,10,26,4,3,sagf,1
small,g24,10,11,2,1,sssu,0
small,g24,10,11,2,4,sssk,0
small,g24,10,16,3,2,muh,0
small,g24,10,16,3,3,mukhi,1
small,g24,10,15,3,1,ukik,0
small,g24,10,15,3,4,muhkkk,1
small,g24,10,14,2,2,ssa,1
small,g24,10,14,2,3,ssshg,0
small,g24,10,21,3,1,ukie,1
small,g24,10,21,3,4,muhk,0
small,g24,10,20,3,2,uko,0
small,g24,10,20,3,3,muhok,0
small,g24,10,3,1,1,faui,0
small,g24,10,3,1,4,faush,0
small,g24,10,1,1,2,faup,1
small,g24,10,1,1,3,faug,1
small,g24,10,5,1,1,faup,1
small,g24,10,5,1,4,fauh,0
small,g24,10,8,2,2,ssu,0
small,g24,10,8,2,3,sssktt,1
small,g24,11,13,2,1,ssssss,1
small,g24,11,13,2,2,ssu,0
small,g24,11,25,4,3,sag,0
small,g24,11,25,4,4,sag,1
small,g24,11,18,3,1,ukis,0
small,g24,11,18,3,2,uko,0
small,g24,11,28,4,3,saghi,0
small,g24,11,28,4,4,sago,1
small,g24,11,7,1,1,fauh,0
small,g24,11,7,1,2,faug,1
small,g24,11,6,1,3,faug,0
small,g24,11,6,1,4,faugo,1
small,g24,11,20,3,1,ukin,0
small,g24,11,20,3,2,ukio,0
small,g24,11,5,1,3,fauht,0
small,g24,11,5,1,4,faush,0
small,g24,11,23,4,1,sagu,1
small,g24,11,23,4,2,sagu,1
small,g24,11,10,2,3,wuk,1
small,g24,11,10,2,4,sssssh,0
small,g24,11,19,3,1,ukig,0
small,g24,11,19,3,2,ukiu,1
small,g24,11,1,1,3,fauh,0
small,g24,11,1,1,4,fauw,0
small,g24,11,21,3,1,ukie,1
small,g24,11,21,3,2,ukio,0
small,g24,11,8,2,3,ssskhkh,1
small,g24,11,8,2,4,ssskk,0
small,g24,11,14,2,1,ssssssskp,0
small,g24,11,14,2,2,ssa,1
small,g24,11,9,2,3,ssgggg,1
small,g24,11,9,2,4,sssw,0
small,g24,11,26,4,1,sagp,1
small,g24,11,26,4,2,sagi,1
small,g24,11,16,3,3,ukig,0
small,g24,11,16,3,4,uki,0
small,g24,11,4,1,1,fauw,0
small,g24,11,4,1,2,fauk,0
small,g24,11,12,2,3,wuk,1
small,g24,11,12,2,4,sssu,0
small,g24,11,3,1,1,fauwuk,0
small,g24,11,3,1,2,fau,0
small,g24,11,15,3,3,ukio,1
small,g24,11,15,3,4,ukio,1
small,g24,11,11,2,1,ssssk,1
small,g24,11,11,2,2,ukio,0
small,g24,12,26,4,3,sagh,1
small,g24,12,26,4,4,sagh,1
small,g24,12,16,3,1,ukie,0
small,g24,12,16,3,2,muh,0
small,g24,12,13,2,3,ssiik,0
small,g24,12,13,2,4,ssso,0
small,g24,12,15,3,1,ukip,0
small,g24,12,15,3,2,ukio,1
small,g24,12,19,3,3,ukie,1
small,g24,12,19,3,4,uki,1
small,g24,12,23,4,1,sag,1
small,g24,12,23,4,2,sagu,1
small,g24,12,3,1,3,faush,0
small,g24,12,3,1,4,fauws,0
small,g24,12,10,2,1,sssm,1
small,g24,12,10,2,2,sso,1
small,g24,12,25,4,3,sag,1
small,g24,12,25,4,4,sago,1
small,g24,12,6,1,1,sagm,0
small,g24,12,6,1,2,fau,1
small,g24,12,14,2,3,wuk,0
small,g24,12,14,2,4,sssk,0
small,g24,12,28,4,1,sagw,1
small,g24,12,28,4,2,sago,1
small,g24,12,18,3,3,ukigh,1
small,g24,12,18,3,4,ukiw,1
small,g24,12,8,2,1,sssssu,1
small,g24,12,8,2,2,ssu,0
small,g24,12,5,1,3,faug,1
small,g24,12,5,1,4,faush,1
small,g24,12,21,3,1,ukie,1
small,g24,12,21,3,2,ukis,0
small,g24,12,1,1,3,faugh,0
small,g24,12,1,1,4,fauh,0
small,g24,12,7,1,1,fauh,1
small,g24,12,7,1,2,faug,1
small,g24,12,9,2,3,sskkk,0
small,g24,12,9,2,4,sssw,1
small,g24,12,12,2,1,ssssi,1
small,g24,12,12,2,2,sst,0
small,g24,12,4,1,3,fau,0
small,g24,12,4,1,4,fau,0
small,g24,12,20,3,1,ukim,1
small,g24,12,20,3,2,ukig,0
small,g24,12,11,2,3,wek,1
small,g24,12,11,2,4,ssshk,1
small,g24,13,3,1,1,fau,1
small,g24,13,3,1,4,faus,0
small,g24,13,14,2,2,ssh,1
small,g24,13,14,2,3,wuk,0
small,g24,13,4,1,1,fauw,0
small,g24,13,4,1,4,fau,1
small,g24,13,11,2,2,ssk,0
small,g24,13,11,2,3,sskhkh,0
small,g24,13,15,3,1,uki,1
small,g24,13,15,3,4,uki,1
small,g24,13,19,3,2,ukio,1
small,g24,13,19,3,3,ukish,0
small,g24,13,16,3,1,ukiw,1
small,g24,13,16,3,4,ukie,1
small,g24,13,26,4,2,sagi,1
small,g24,13,26,4,3,sagk,1
small,g24,13,5,1,1,fauh,1
small,g24,13,5,1,4,faush,0
small,g24,13,10,2,2,ssa,0
small,g24,13,10,2,3,ssshh,1
small,g24,13,25,4,1,sag,1
small,g24,13,25,4,4,sag,1
small,g24,13,23,4,2,sagu,1
small,g24,13,23,4,3,saghi,1
small,g24,13,9,2,1,ssssp,1
small,g24,13,9,2,4,sssw,0
small,g24,13,28,4,2,sagi,1
small,g24,13,28,4,3,sagki,1
small,g24,13,12,2,1,ssssw,1
small,g24,13,12,2,4,sssu,0
small,g24,13,18,3,2,ukia,0
small,g24,13,18,3,3,ukigh,1
small,g24,13,6,1,1,faua,1
small,g24,13,6,1,4,fauwwww,0
small,g24,13,8,2,2,ssw,0
small,g24,13,8,2,3,wukku,0
small,g24,13,21,3,1,ukie,1
small,g24,13,21,3,4,wukku,0
small,g24,13,7,1,2,fauk,0
small,g24,13,7,1,3,fauwwww,1
small,g24,13,20,3,1,ukin,0
small,g24,13,20,3,4,ukishhh,1
small,g24,13,1,1,2,faug,1
small,g24,13,1,1,3,fauwh,1
small,g24,13,13,2,1,sssps,0
small,g24,13,13,2,4,ssso,0
small,g24,14,16,3,3,ukig,1
small,g24,14,16,3,4,uki,1
small,g24,14,6,1,1,faum,0
small,g24,14,6,1,2,faug,0
small,g24,14,3,1,3,faugh,0
small,g24,14,3,1,4,fauh,0
small,g24,14,19,3,1,uki,0
small,g24,14,19,3,2,ukie,0
small,g24,14,7,1,3,fau,1
small,g24,14,7,1,4,fauo,0
small,g24,14,15,3,1,ukit,1
small,g24,14,15,3,2,ukio,1
small,g24,14,23,4,3,saghk,0
small,g24,14,23,4,4,fauso,0
small,g24,14,13,2,1,ssspss,1
small,g24,14,13,2,2,sso,1
small,g24,14,14,2,3,wukk,0
small,g24,14,14,2,4,ssk,0
small,g24,14,11,2,1,ssss,0
small,g24,14,11,2,2,ssp,0
small,g24,14,8,2,3,ssskkk,1
small,g24,14,8,2,4,ssskkk,1
small,g24,14,28,4,1,fauw,0
small,g24,14,28,4,2,sagi,1
small,g24,14,20,3,3,ukio,1
small,g24,14,20,3,4,ukio,1
small,g24,14,5,1,1,fauh,1
small,g24,14,5,1,2,fauk,1
small,g24,14,9,2,3,sssghk,1
small,g24,14,9,2,4,sssw,1
small,g24,14,1,1,1,fauw,0
small,g24,14,1,1,2,faus,1
small,g24,14,10,2,3,sshhhhw,0
small,g24,14,10,2,4,sss-s,0
small,g24,14,25,4,1,sag,1
small,g24,14,25,4,2,sag,1
small,g24,14,4,1,3,fau,0
small,g24,14,4,1,4,fau,1
small,g24,14,26,4,1,sag,0
small,g24,14,26,4,2,sago,1
small,g24,14,12,2,3,wuksh,1
small,g24,14,12,2,4,sssu,1
small,g24,14,18,3,1,ukip,1
small,g24,14,18,3,2,ukie,0
small,g24,14,21,3,3,uki,0
small,g24,14,21,3,4,ukie,1
