pair,trial,repetition,role,tangram,message,num_words,correct
pair01,1,1,director,B,this one kinda looks like they are looking a little down and kneeling with both arms out,17,1
pair01,1,1,director,B,wearing a dress maybe.,4,1
pair01,2,1,director,F,this one is sitting down,5,1
pair01,2,1,director,F,with his knees up,4,1
pair01,3,1,director,C,this one looks like a ghost almost,7,1
pair01,3,1,director,C,with his arms raised up,5,1
pair01,4,1,director,I,this one looks like he is balancing on one leg with his arms out,14,1
pair01,5,1,director,G,this one looks like a woman in a dress who is throwing her head back,15,1
pair01,5,1,director,G,and walking with her hand up,6,1
pair01,6,1,director,D,this one looks like a preacher holding a book and standing straight,12,1
pair01,7,1,director,E,this one has bunny ears,5,1
pair01,8,1,director,L,this one looks like the preacher except he is bending his knees,12,1
pair01,8,1,matcher,L,bending them back?,3,1
pair01,8,1,matcher,L,bending or kneeling,3,1
pair01,8,1,director,L,hmm he is facing right,5,1
pair01,8,1,director,L,bending not kneeling,3,1
pair01,9,1,director,A,this one looks like a man with a block on his back,12,1
pair01,9,1,director,A,maybe he is wearing a hazmat suit,7,1
pair01,10,1,director,J,this one kinda looks like a smaller kid who is a little overweight,13,1
pair01,10,1,matcher,J,right arm out?,3,1
pair01,10,1,director,J,his chest has a pointy part,6,1
pair01,11,1,director,K,this one looks like a person kneeling with their hand out and has a hood,15,1
pair01,11,1,matcher,K,?,1,1
pair01,11,1,matcher,K,kneeling preacher?,2,1
pair01,11,1,director,K,hmm,1,1
pair01,11,1,director,K,yes looks like the bent knee preacher,7,1
pair01,11,1,director,K,except kneeling,2,1
pair01,12,1,director,H,looks like the small kid but no pointy chest,9,1
pair01,13,2,director,G,woman with arm and leg forward in a dress with head back.,12,1
pair01,13,2,matcher,G,sitting on ground?,3,1
pair01,13,2,matcher,G,or the one we did already,6,1
pair01,13,2,director,G,no she is definitely not sitting,6,1
pair01,14,2,director,E,bunny ears,2,1
pair01,15,2,director,C,ghost man,2,1
pair01,16,2,director,K,kneeling preacher,2,1
pair01,17,2,director,A,hazmat suit,2,1
pair01,18,2,director,F,laying on his back with a hump,7,1
pair01,18,2,director,F,he has a square head and his feet are on the left side,13,1
pair01,19,2,director,J,kid with pointy chest,4,1
pair01,20,2,director,L,bending preacher,2,1
pair01,21,2,director,I,"hmm i don't know what to call this guy, he is like a dancing man with arms out to the left",21,1
pair01,22,2,director,D,standing preacher,2,1
pair01,23,2,director,B,do not think we had this one,7,1
pair01,23,2,director,B,square head with diamond on right side,7,1
pair01,24,2,director,H,similar to kid,3,1
pair01,24,2,director,H,no pointy chest,3,1
pair01,25,3,director,J,kid,1,1
pair01,25,3,matcher,J,pointy,1,1
pair01,25,3,director,J,yes,1,1
pair01,26,3,director,C,ghost man,2,1
pair01,27,3,director,B,square triangle on side,4,1
pair01,27,3,director,B,like last time,3,1
pair01,28,3,director,D,standing preacher,2,1
pair01,29,3,director,E,bunny ears,2,1
pair01,30,3,director,G,err the woman with dress with her head back,9,1
pair01,31,3,matcher,H,call her dancing lady,4,1
pair01,31,3,director,H,kid with not pointy chest,5,1
pair01,32,3,director,I,dancing man,2,1
pair01,33,3,director,F,hump man,2,1
pair01,33,3,director,F,on ground,2,1
pair01,34,3,matcher,L,call him on ground,4,1
pair01,34,3,director,L,bending preacher,2,1
pair01,35,3,director,K,kneeling preacher,2,1
pair01,36,3,director,A,hazmat,1,1
pair01,37,4,director,I,dancing man,2,1
pair01,38,4,director,H,kid with not pointy chest,5,1
pair01,39,4,director,L,bending preacher,2,1
pair01,39,4,matcher,L,call him kid and other pointy kid,7,1
pair01,40,4,director,K,kneeling preacher,2,1
pair01,41,4,director,D,standing preacher,2,1
pair01,42,4,director,G,dancing lady,2,1
pair01,43,4,director,A,hazmat,1,1
pair01,44,4,director,C,ghost,1,1
pair01,45,4,director,B,square triangle on side forgot that one,7,1
pair01,46,4,matcher,J,call him triangle,3,1
pair01,46,4,director,J,kid pointy chest,3,1
pair01,47,4,director,E,bunny ears,2,1
pair01,48,4,director,F,hump man,2,1
pair01,49,5,director,K,kneeling preacher,2,1
pair01,50,5,director,C,ghost man,2,1
pair01,51,5,director,F,hump man,2,1
pair01,52,5,director,A,hazmat,1,1
pair01,53,5,director,I,dancing man,2,1
pair01,54,5,director,D,standing preacher,2,1
pair01,55,5,director,H,kid non pointy,3,1
pair01,56,5,director,L,bending preacher,2,1
pair01,57,5,director,J,kid pointy chest,3,1
pair01,58,5,director,E,bunny ears,2,1
pair01,59,5,director,B,square triangle head,3,1
pair01,60,5,director,G,dancing lady,2,1
pair01,61,6,director,G,dancing lady again,3,1
pair01,62,6,director,L,bending preacher,2,1
pair01,63,6,director,B,triangle square head,3,1
pair01,64,6,director,D,standing preacher,2,1
pair01,65,6,director,K,kneeling preacher,2,1
pair01,66,6,director,E,bunny ears,2,1
pair01,67,6,director,F,hump man,2,1
pair01,68,6,director,H,kid not pointy,3,1
pair01,69,6,director,J,kid pointy,2,1
pair01,70,6,director,I,dancing man,2,1
pair01,71,6,director,C,ghost man,2,1
pair01,72,6,director,A,hazmat,1,1
pair02,1,1,director,A,looks sad with his head down kicking rocks,8,1
pair02,2,1,director,J,standing straight and sideways facing east,6,1
pair02,3,1,director,K,woman kneeling and praying,4,1
pair02,4,1,director,G,dancing a high energy dance kneeling with her arms in the air,12,0
pair02,5,1,director,L,man who has an arrow like bottom facing east,9,0
pair02,6,1,director,I,the last one you just picked,6,1
pair02,7,1,director,H,a person standing straight is with a triangle facing east maybe kneeling,12,0
pair02,7,1,matcher,H,is the head shaped like a diamond in the middle of a horizontal line?,14,0
pair02,7,1,director,H,yes the head is a diamond sitting on a triangle look ghostly,12,0
pair02,8,1,director,B,woman praying in front of a mountain,7,0
pair02,9,1,director,C,looks like a man falling backwards diamond head arms sprawled out,11,1
pair02,10,1,director,E,a woman with big bow like thing on her head sitting,11,1
pair02,11,1,director,D,person standing straight facing west,5,1
pair02,11,1,director,D,with arms out,3,1
pair02,12,1,director,F,man sitting facing west,4,1
pair02,13,2,director,B,woman praying by the mountain,5,1
pair02,14,2,director,E,woman with the bow,4,1
pair02,15,2,director,G,lady with diamond head arms facing east kneeling sort of,10,1
pair02,15,2,director,G,one i said was dancing last time,7,1
pair02,16,2,director,C,falling guy again diamond head,5,1
pair02,17,2,director,L,the diamond head person who looks like they are squatting one i called arrow bottom,15,0
pair02,18,2,director,I,dude that looks like doing yoga with legs in an upside left position,13,1
pair02,18,2,director,I,diamond head arms facing west,5,1
pair02,19,2,director,A,sad guy,2,1
pair02,20,2,director,K,kneeling lady one you picked the last time as the squatting,11,1
pair02,20,2,director,K,arms facing east,3,1
pair02,21,2,director,F,guy that is sitting facing west,6,1
pair02,22,2,director,D,man whose standing straight arms facing west,7,1
pair02,23,2,director,H,"the diamond head blob one, the diamond is sitting on top of a triangle, which is on top of square, then a tail is shape",25,1
pair02,24,2,matcher,J,that looked like a crooked tie,6,1
pair02,24,2,director,J,man facing east standing straight,5,1
pair02,25,3,director,L,one i said was squatting diamond head arms facing east,10,1
pair02,26,3,director,A,sad guy,2,1
pair02,27,3,director,C,falling guy,2,1
pair02,28,3,director,E,woman with bow,3,1
pair02,29,3,director,D,man straight arms are west,5,1
pair02,30,3,director,G,"lady with diamond head, arms west, in a crouch like position called her dancing before",15,0
pair02,31,3,director,K,woman kneeling arms east,4,1
pair02,31,3,director,K,diamond head,2,1
pair02,32,3,director,H,crooked tie,2,1
pair02,33,3,director,J,straight man facing east,4,1
pair02,34,3,director,F,sitting guy,2,1
pair02,35,3,director,I,guy doing yoga,3,1
pair02,36,3,director,B,praying mountain,2,0
pair02,37,4,director,A,sad guy,2,1
pair02,38,4,director,L,man who is arms facing east diamond head kneeling/squatting straight back,11,0
pair02,39,4,director,E,bow lady,2,1
pair02,40,4,director,F,sitting guy,2,1
pair02,41,4,director,H,crooked tie,2,1
pair02,42,4,director,C,falling guy,2,1
pair02,43,4,director,D,straight arms west,3,1
pair02,44,4,director,B,woman praying at the mountain,5,1
pair02,45,4,director,I,yoga guy,2,1
pair02,46,4,director,G,last lady you picked as praying,6,0
pair02,46,4,director,G,i keep calling her the dancing one,7,0
pair02,46,4,director,G,diamond head,2,0
pair02,46,4,director,G,arms east,2,0
pair02,46,4,director,G,triangle between the legs,4,0
pair02,47,4,director,J,straight facing east,3,1
pair02,48,4,director,K,"diamond head arms east, praying or accepting gifts or something",10,1
pair02,49,5,director,C,falling guy,2,1
pair02,50,5,director,G,one we keep getting wrong dancing lady,7,1
pair02,50,5,director,G,triangle in the legs white one,6,1
pair02,51,5,director,F,sitting guy,2,1
pair02,51,5,matcher,F,triangle in the legs threw me,6,1
pair02,52,5,director,H,crooked tie,2,1
pair02,53,5,director,B,lady praying mountain,3,1
pair02,54,5,director,E,bow,1,1
pair02,54,5,matcher,E,just need to say triangle leg from now on,9,1
pair02,55,5,director,A,sad guy,2,1
pair02,56,5,director,J,straight facing east,3,1
pair02,57,5,director,I,yoga,1,1
pair02,57,5,director,I,yoga,1,1
pair02,58,5,director,L,"arms east triangle head, straight is back, look like a road arrow on his legs\",15,0
pair02,59,5,director,D,straight west,2,1
pair02,60,5,director,K,woman getting gifts,3,1
pair02,61,6,director,J,dude straight facing east,4,1
pair02,62,6,director,K,gift lady,2,1
pair02,63,6,director,I,yoga,1,1
pair02,64,6,director,A,sad,1,1
pair02,65,6,director,C,falling,1,1
pair02,66,6,director,B,mountain praying,2,1
pair02,67,6,director,F,sitting guy,2,1
pair02,68,6,director,G,triangle leg,2,1
pair02,69,6,director,E,bow,1,1
pair02,70,6,director,L,squatting,1,1
pair02,71,6,director,D,facing east,2,0
pair02,72,6,director,H,sorry crooked tie,3,1
pair03,1,1,director,D,a diamond is at the top,6,1
pair03,2,1,director,E,"3 shapes at the top, triangle 2 and one rectangle",10,1
pair03,3,1,director,F,sitting down almost like taking a nap,7,1
pair03,4,1,director,I,balancing on one feet,4,1
pair03,5,1,director,L,standing with bent knee,4,1
pair03,6,1,director,G,two hand like triangle in front,6,0
pair03,7,1,director,A,face looks like dinosaur,4,1
pair03,8,1,director,H,sitting down no legs can be seen,7,1
pair03,9,1,director,J,diamond at top but body shape is not like human,10,1
pair03,10,1,director,B,one rectangle and triangle at top,6,1
pair03,11,1,director,C,two hands in the air may be praying,8,1
pair03,12,1,director,K,bent on knee and pointed hand,6,0
pair03,12,1,director,K,in front,2,0
pair03,13,2,director,H,bent on knee but can't see legs,7,1
pair03,14,2,director,E,3 shapes a the top,5,1
pair03,15,2,director,B,one rectangle and one triangle at the top,8,1
pair03,16,2,director,L,bent knee with pointing hands,5,0
pair03,17,2,director,D,"bent knee, straight back and hands out , pointy",9,0
pair03,18,2,director,K,"two diamond, one head , one body , bent on knee and hand out",14,1
pair03,19,2,director,A,dinosaur face,2,1
pair03,20,2,director,C,hands in the air like praying,6,1
pair03,21,2,director,J,diamond head but does not look like human body,9,1
pair03,22,2,director,I,standing on one leg like flying,6,1
pair03,23,2,director,G,"sitting down on knee two hands out, hands are triangle and trapezoid",12,0
pair03,24,2,director,F,napping man,2,0
pair03,25,3,director,J,does not look like human body,6,0
pair03,26,3,director,D,"bent at the knee, legs not visible, hands out pointing",10,0
pair03,26,3,director,D,legs not visible,3,0
pair03,27,3,director,E,"three shapes on top, 2 triangle and one rectangle",9,1
pair03,28,3,director,F,"man sitting down , looks like napping",7,1
pair03,29,3,director,G,trapezoid hand,2,0
pair03,30,3,director,B,"bending down on knee , three shapes at the top, diamond right at the top",15,1
pair03,31,3,director,I,standing on one feet like flying,6,1
pair03,32,3,director,L,"making a v shape with legs , triangle hand",9,0
pair03,33,3,director,C,two hands in the air like praying,7,1
pair03,33,3,director,C,praying,1,1
pair03,34,3,director,K,"bend at the knee , two diamond, one head and one part of body",14,0
pair03,35,3,director,H,"sitting down , no hands, only diamond as head",9,1
pair03,36,3,director,A,"dinosaur face, diamond on the back",6,1
pair03,37,4,director,H,"sitting down, no hands and diamond head",7,1
pair03,38,4,director,B,"three shapes at the top, diamond in the middle",9,0
pair03,39,4,director,K,"two diamonds, one making head and one part of body, , can see feet",14,0
pair03,39,4,director,K,can see feet,3,0
pair03,40,4,director,A,dinosaur face,2,1
pair03,41,4,director,I,flying man,2,0
pair03,42,4,director,G,"trapezoid hand, other is triangle",5,1
pair03,42,4,director,G,not praying,2,1
pair03,42,4,director,G,sitting down,2,1
pair03,43,4,director,D,"sitting down, legs not visible",5,0
pair03,44,4,director,J,does not look like human body,6,1
pair03,44,4,director,J,not the dinosaur,3,1
pair03,45,4,director,F,"sitting down, like napping",4,1
pair03,46,4,director,C,praying man,2,0
pair03,47,4,director,E,"3 shapes at the top, 2 triangle, one rectangle",9,1
pair03,48,4,director,L,"bent knee , hands out, no feet seen , check feet please",12,0
pair03,49,5,director,L,"this one choose same again, no feet",7,1
pair03,49,5,director,L,bent knee,2,1
pair03,49,5,matcher,L,oh just type in the arrow pointing direction if that helps,11,1
pair03,49,5,director,L,"bent knee , hand out, no feet, hand towards right",10,1
pair03,50,5,director,A,dinosaur face,2,1
pair03,51,5,director,J,one side of body is big rectangle,7,1
pair03,52,5,director,G,"trapezoid hand, one is triangle, sitting down",7,0
pair03,53,5,director,H,no hands guy,3,1
pair03,54,5,director,I,flying man,2,0
pair03,55,5,director,B,"ok this one 3 shapes at the top, diamond in the middle",12,1
pair03,56,5,director,F,"napping man, sitting down",4,1
pair03,57,5,director,E,"3 shapes at the top, two triangles, one rectangle , no hands",12,1
pair03,58,5,director,C,"two hands in the air, praying man, with no legs",10,1
pair03,59,5,director,D,"no legs , hands pointing left",6,1
pair03,60,5,director,K,"two diamonds, one head, one part of body, feet can be seen , hands to right",16,1
pair03,61,6,director,D,"no legs, hands pointing left",5,1
pair03,62,6,director,C,"praying man, no legs",4,1
pair03,63,6,director,A,dinosaur face,2,1
pair03,64,6,director,G,"trapezoid hand , triangle hand, both to right , bending down",11,1
pair03,65,6,director,B,hand is only a triangle to the right side,9,0
pair03,66,6,director,E,"3 shapes at the top, triangle in the middle",9,0
pair03,66,6,director,E,no hands,2,0
pair03,67,6,director,F,napping man,2,1
pair03,68,6,director,H,bent at knee no hands,5,1
pair03,69,6,director,K,"bent at knee, feet can be seen, hand to the right",11,1
pair03,70,6,director,L,similar one with no feet this time,7,1
pair03,71,6,director,J,rectangle shape body,3,1
pair03,72,6,director,I,"standing on one leg, flying",5,1
pair04,1,1,director,I,looks like a cocktail with two large triangles on the top left side and small diamond above that.,18,1
pair04,1,1,director,I,small triangle at the top right of the 'glass',9,1
pair04,2,1,director,L,looks like someone kneeling and praying.  knees slightly bent triangles as hands in front of them.,16,0
pair04,2,1,director,L,'knee' part is not on the ground there are a couple more like that one,15,0
pair04,2,1,matcher,L,can you see feet or no feet on the guy kneeling,11,0
pair04,2,1,director,L,no feet,2,0
pair04,3,1,director,G,hmm kind of looks like someone dancing being dipped backwards.  a large block is on the ground to the left like a dress train.,24,0
pair04,3,1,director,G,arms forward and to the right.  slightly elevated,8,0
pair04,3,1,director,G,head tilted back to the left,6,0
pair04,4,1,director,D,looks like someone standing up facing to the left with their arms out reached to the left.  reminds me of someone in a graduation gown or a professor of some kind,31,1
pair04,5,1,director,E,looks like person sitting on the ground facing to the right with rabbit ears,14,1
pair04,6,1,director,J,this one looks least like a person.  rectangular on left and top with diamond on top of that.  right and bottom kind of look like the side of a vase,30,1
pair04,6,1,director,J,left and top are straight lines,6,1
pair04,7,1,director,A,this one looks like it has two feet and one of them is being kicked to the left just slightly elevated.  looks like they are leaning forward a bit with a square on their back,35,1
pair04,8,1,director,F,this looks like a person sitting on the ground with their legs in front of them to the left.  head tilted slightly forward like they are napping,27,1
pair04,9,1,director,H,looks like a bean with a diamond on top... no legs or anything to make it look like a person,20,1
pair04,9,1,matcher,H,does it kinda look like a bird,7,1
pair04,9,1,director,H,it doesn't really look like anything.  it's like an oval shape with a little bit that sticks out on the bottom right with a diamond above it,27,1
pair04,9,1,matcher,H,or like someone kneeling sitting on their feet,8,1
pair04,9,1,director,H,they could be sitting on their feet,7,1
pair04,10,1,director,C,this looks like someone leaned to the left with both arms in the air,14,1
pair04,10,1,matcher,C,ghost,1,1
pair04,10,1,director,C,yes,1,1
pair04,11,1,director,B,"this is one we haven't had that also looks like someone kneeling, can see feet, arms in both directions head slightly to the right",24,0
pair04,12,1,director,K,this is the one you just picked that looks like someone kneeling with their head straight up,17,1
pair04,13,2,director,F,"this is the one that looks like they are sitting on the ground sleeping, head to the left can see feet",21,0
pair04,13,2,director,F,we've had it before,4,0
pair04,14,2,director,G,this is the one i said looked like someone dancing and being dipped. triangle foot to the right,18,1
pair04,15,2,director,K,this is the kneeling one with the head straight up again,11,1
pair04,16,2,director,I,the first one we did that looks like a cocktail,10,0
pair04,17,2,director,D,this is the one that looks like a professor.  standing straight up facing left,14,1
pair04,18,2,director,A,this is the weird one that looks like a person kicking one of their feet up to the left,19,1
pair04,19,2,director,H,the one that looks like a bean or a person sitting on their feet,14,1
pair04,20,2,director,B,this is the kneeling one where the head is tilted to the right and arms go in both directions,19,1
pair04,21,2,director,C,ghost,1,1
pair04,22,2,director,J,the odd one that doesn't look like a person.  straight edge on left and top,15,1
pair04,23,2,director,E,the one that also looks like someone sitting on the ground napping but facing right and with big triangle bunny ears,21,1
pair04,24,2,director,L,this is the one that looks like they are about to kneel with knees bent to the right but not yet on the ground,24,1
pair04,25,3,director,K,the kneeling one that is straight up and facing right,10,1
pair04,26,3,director,A,the weird one with the foot kicking up to the left,11,1
pair04,27,3,director,E,the rabbit ears,3,1
pair04,28,3,director,L,about to kneel,3,1
pair04,29,3,director,H,bean,1,1
pair04,30,3,director,I,cocktail,1,1
pair04,30,3,matcher,I,bird,1,1
pair04,31,3,director,J,straight left and top,4,1
pair04,32,3,director,G,dancing person,2,1
pair04,33,3,director,B,kneeling with arms in both directions and tilted head,9,1
pair04,34,3,director,C,ghost,1,1
pair04,35,3,director,D,professor,1,1
pair04,36,3,director,F,sitting on ground without rabbit ears,6,0
pair04,37,4,director,H,bean,1,1
pair04,38,4,director,K,kneeling straight up,3,1
pair04,39,4,director,G,dancing,1,1
pair04,40,4,director,B,kneeling arms in both directions,5,1
pair04,41,4,director,J,straight left and top,4,1
pair04,42,4,director,E,rabbit ears,2,1
pair04,43,4,director,I,bird,1,1
pair04,44,4,director,F,sitting on ground facing left with no ears,8,1
pair04,45,4,director,C,ghost,1,1
pair04,46,4,director,D,professor,1,1
pair04,47,4,director,L,about to kneel,3,1
pair04,48,4,director,A,weird leg kicking to the left,6,1
pair04,49,5,director,E,rabbit ears,2,1
pair04,50,5,director,J,straight left and top,4,1
pair04,51,5,director,C,ghost,1,1
pair04,52,5,director,I,bird,1,1
pair04,53,5,director,K,kneeling straight up,3,1
pair04,54,5,director,A,weird one with leg kicking,5,1
pair04,55,5,director,H,bean,1,1
pair04,56,5,director,F,sitting to the left no ears,6,1
pair04,57,5,director,B,kneeling tilted head,3,1
pair04,58,5,director,D,professor,1,1
pair04,59,5,director,G,dancing,1,1
pair04,60,5,director,L,about to kneel,3,1
pair04,61,6,director,I,bird,1,1
pair04,62,6,director,K,kneeling straight up,3,1
pair04,63,6,director,G,dancing,1,1
pair04,64,6,director,L,about to kneel,3,1
pair04,65,6,director,A,kicking,1,1
pair04,66,6,director,D,professor,1,1
pair04,67,6,director,F,sitting no ears,3,1
pair04,68,6,director,E,rabbit ears,2,1
pair04,69,6,director,H,bean,1,1
pair04,70,6,director,J,straight left and top,4,1
pair04,71,6,director,B,kneeling tilted head,3,1
pair04,72,6,director,C,ghost,1,1
pair05,1,1,director,J,look for an object that looks like a podium with a flat surface and a diamond on top,18,1
pair05,2,1,director,C,looks like jesus with open arms giving a hug,9,1
pair05,3,1,director,G,"looks like most of the object is on the left, the hug this time has his head thrust backward",19,0
pair05,4,1,director,A,"looks like a an animal or person with one foot up and forward, the head is thrust backward",18,1
pair05,5,1,director,I,"imagine an dancer posed with one leg backward and arms forward.  head is upright, about to twirl.",17,1
pair05,6,1,director,D,this looks like someone holding a box about to take up an offering a church.  they are wearing a graduation cap.,21,1
pair05,7,1,director,E,"a person sits under a tree for a rest, they face right and knees are upward",16,1
pair05,8,1,director,H,"a person prays on their knees , they have a diamond head, knees are folders so you cannot see the feet.",21,0
pair05,9,1,director,K,"a person sits at a desk, facing right.   the image has a brides train compared to one that doesn't",19,0
pair05,10,1,director,L,"this person is similar to the last, only this person does not have the brides train.  faces right at a desk..",21,1
pair05,11,1,director,B,"this person faces left, hands are out and they have angel wings on their back.  they are praying with face held to the sky.",24,0
pair05,12,1,director,F,this person is resting but this time not under a plant.  they are facing left instead of right this time.  they have a fat tummy.,25,0
pair05,12,1,director,F,they sit on the floor,5,0
pair05,13,2,director,G,"this person has praying opening arms like jesus, head is thrust back.  this should seem familiar",16,0
pair05,14,2,director,J,"the podium with the diamond in the middle, a repeat",10,1
pair05,15,2,director,A,"a repeat, the fat man with one foot up and forward, his head is thrust backward.",16,1
pair05,16,2,director,C,jesus giving a hug.  repeat.,5,1
pair05,17,2,director,D,this is the man a church taking up an offering.  diamond head.  repeat,13,0
pair05,18,2,director,K,"this person is the bride sitting at the desk with a train, a repeat, the train goes up not down",20,1
pair05,19,2,director,F,"the man is sitting on the floor under a tree, this was missed last time.  he is facing left, fat tummy.",21,1
pair05,19,2,director,F,he sits on the floor,5,1
pair05,20,2,director,B,"this is a woman with angel's wings on her back, facing left.  she looks like she is praying.  a repeat",20,1
pair05,21,2,director,H,"this is the person sitting on the floor facing foward with knees bent, you can't see feet.  a repeat.",19,0
pair05,22,2,director,I,"this is the person dancing about to twirl, back leg is upward,  arms stretched forward.  repeat",16,1
pair05,23,2,director,E,"this is a repeat.  the person sits under a tree, facing right, knees are up.",15,1
pair05,23,2,director,E,on the floor,3,1
pair05,24,2,director,L,"this is the bride sitting at the desk, without the train being up the train is down.",17,1
pair05,24,2,director,L,facing right.,2,1
pair05,25,3,director,D,this is the person taking up the offering a church holding a box.,13,1
pair05,26,3,director,B,the angels wings are on the back.  she's praying. repeat,10,1
pair05,27,3,director,H,"a bride at a desk with no train at all, ,in the past i said the persons knees were bent without showing feet",23,1
pair05,28,3,director,J,podium diamond,2,1
pair05,29,3,director,L,desk with train down,4,1
pair05,29,3,director,L,a bride,2,1
pair05,30,3,director,E,sitting under a plant,4,1
pair05,30,3,director,E,repeat,1,1
pair05,31,3,director,A,"foot up, fat man, head thrust backward",7,1
pair05,32,3,director,I,dancing about to twirl,4,1
pair05,33,3,director,G,"hug, with head thrust back, not jesus",7,1
pair05,34,3,director,F,"sitting on the floor, not under a plant",8,1
pair05,35,3,director,K,facing bride at desk with train upward,7,1
pair05,35,3,director,K,bride,1,1
pair05,36,3,director,C,jesus,1,1
pair05,37,4,director,H,bride with no knees no train,6,1
pair05,38,4,director,A,fat man with leg up and front head back,9,1
pair05,39,4,director,C,jesus,1,1
pair05,40,4,director,K,bride at desk train up,5,1
pair05,41,4,director,I,twirl and dance,3,1
pair05,41,4,director,I,leg back,2,1
pair05,42,4,director,J,podium diamond,2,1
pair05,43,4,director,E,sitting under a plant,4,1
pair05,44,4,director,G,"not jesus, but hugging",4,1
pair05,45,4,director,B,the angel with wings on the back,7,1
pair05,45,4,director,B,praying,1,1
pair05,46,4,director,D,the person taking up an offering,6,1
pair05,47,4,director,L,the bride at the desk with train down,8,1
pair05,48,4,director,F,the person sitting on the floor,6,1
pair05,48,4,director,F,no plant,2,1
pair05,49,5,director,G,"no jesus, hugging",3,1
pair05,50,5,director,F,"sitting on the floor, no plant",6,1
pair05,50,5,director,F,left,1,1
pair05,51,5,director,I,twirl and dance,3,1
pair05,52,5,director,L,bride at desk train down,5,1
pair05,53,5,director,J,podium diamond,2,1
pair05,54,5,director,A,"fat man leg up in front, head back",8,1
pair05,55,5,director,B,"angel praying, wings on back",5,1
pair05,56,5,director,E,sitting under plant,3,1
pair05,57,5,director,K,bride at desk train up,5,1
pair05,58,5,director,C,jesus,1,1
pair05,59,5,director,D,man takes up offering at church,6,1
pair05,59,5,director,D,church,1,1
pair05,60,5,director,H,bride with no feet and no train,7,1
pair05,61,6,director,L,bride with train down at desk,6,1
pair05,62,6,director,C,jesus hugging,2,1
pair05,63,6,director,I,twirl and dance,3,1
pair05,64,6,director,A,fat man leg up front head back,7,1
pair05,65,6,director,J,podium diamond,2,1
pair05,66,6,director,B,angel praying,2,1
pair05,67,6,director,H,bride with no feet no train,6,1
pair05,68,6,director,E,sitting under a plant,4,1
pair05,68,6,director,E,right,1,1
pair05,69,6,director,G,not jesus but hugging,4,1
pair05,70,6,director,K,bride at desk with train upward,6,1
pair05,71,6,director,D,man takes up offering,4,1
pair05,72,6,director,F,"man sits on the floor, not plant",7,1
pair06,1,1,director,B,this object looks like they are kneeling with their feet like a triangle at the bottom,16,0
pair06,1,1,matcher,B,hands up or just like praying?,6,0
pair06,1,1,director,B,the head looks more like a square tilted down with a triangle coming off of it,16,0
pair06,2,1,director,I,this one has a square head and it looks like they are sticking their right foot back with two triangles for hands,22,0
pair06,3,1,director,G,this one has a square head leaning back with a triangle up in the air and a triangle close to the bottom right of the box,26,0
pair06,4,1,director,F,this one is in a seated position with knees up and toes pointed up,14,0
pair06,4,1,director,F,facing the left side of the box,7,0
pair06,5,1,director,A,this one is lifting their right foot slightly up with the square going down the backside,16,1
pair06,6,1,director,E,this one looks like a funny hat on top of the square head,13,1
pair06,7,1,director,K,this one has a diamond shape for a head with a triangle sticking out in the front like hands praying,20,1
pair06,8,1,director,L,this is another diamond shaped head with hands out front praying but the knees are bent,16,1
pair06,9,1,director,C,this one has a diamond shaped head with arms outstretched,10,1
pair06,10,1,director,J,this one is a diamond shaped head with an almost rectangle body,12,1
pair06,11,1,director,H,a diamond shaped head looks like they are sitting with their feet underneath them showing no triangles,17,1
pair06,12,1,director,D,a diamond shaped head with their hands together reaching out as if to give someone something,16,1
pair06,13,2,director,I,diamond shaped head with his back foot out and two triangle arms in front,14,1
pair06,14,2,director,G,this one looks like they are doing some kind of dance with a square head and one arm up and the other down close to the floor,27,0
pair06,15,2,director,E,this one has the funny looking hat with knees up sitting down,12,1
pair06,16,2,director,K,this one has a diamond shaped head sitting on their knees with feet up in a triangle in the back and two hands in a triangle shape in front,29,1
pair06,17,2,director,F,"a diamond shaped head tilted in the front, sitting down with knees up and triangle feet pointing up",18,1
pair06,18,2,director,D,diamond shaped head with the arms out front and together as if handing someone something,15,1
pair06,19,2,director,H,diamond shaped head...looks like they are sitting on their feet,10,1
pair06,19,2,director,H,no triangles sticking out,4,1
pair06,20,2,director,L,"diamond shaped head slightly bending, knees out hands together in triangle shape",12,1
pair06,21,2,director,A,square head going down the backside with a foot being lifted up in front,14,1
pair06,22,2,director,J,diamond shaped head with a rectangle like body,8,1
pair06,23,2,director,B,diamond shaped head kneeling with triangle feet in the back head slightly tilted,13,1
pair06,24,2,matcher,C,?,1,1
pair06,24,2,director,C,diamond shaped head with arms outstretched,6,1
pair06,25,3,director,G,like they are doing some kind of dance,8,0
pair06,26,3,director,C,arms outstretched,2,1
pair06,27,3,director,F,knees up sitting,3,1
pair06,28,3,director,B,kneeling with triangle feet in back head bending,8,0
pair06,29,3,director,E,funny looking hat,3,1
pair06,30,3,director,D,diamond head hands together as if offering something,8,1
pair06,31,3,director,A,square head going down backside with one foot being lifted,10,1
pair06,32,3,director,J,diamond head rectangle like body,5,1
pair06,33,3,director,L,diamond head bending at knees with triangle hands together out in front,12,0
pair06,34,3,director,I,diamond head stretching foot all the way back two triangle hands out in front,14,1
pair06,35,3,director,K,diamond head kneeling with feet pointed up in back,9,1
pair06,35,3,director,K,hands together in front,4,1
pair06,36,3,director,H,diamond head nothing sticking out sitting,6,1
pair06,37,4,director,E,funny hat,2,1
pair06,38,4,director,I,diamond head foot lifted stretched out behind them two triangle hands in front,13,1
pair06,39,4,director,J,diamond head rectangle body,4,1
pair06,40,4,director,G,looks like they are doing a dance,7,1
pair06,40,4,director,G,one arm up other down,5,1
pair06,41,4,director,K,kneeling feet pointed up in back,6,1
pair06,42,4,director,B,kneeling head bent,3,0
pair06,42,4,director,B,feet in back,3,0
pair06,43,4,director,C,arms outstretched,2,1
pair06,44,4,director,F,sitting knees up,3,0
pair06,44,4,director,F,sitting back,2,0
pair06,44,4,director,F,feet pointed up,3,0
pair06,45,4,director,D,arms together in front offering something,6,1
pair06,46,4,director,A,foot up head going down back,6,1
pair06,47,4,director,H,diamond head sitting nothing sticking out,6,1
pair06,48,4,director,L,diamond slightly bent arms out,5,1
pair06,48,4,director,L,bending knees in front but not sitting,7,1
pair06,48,4,matcher,L,how are the feet?,4,1
pair06,48,4,director,L,no feet,2,1
pair06,49,5,director,J,rectangle body,2,1
pair06,50,5,director,B,kneeling feet in back on ground,6,0
pair06,51,5,director,A,head going down back,4,1
pair06,52,5,director,E,funny hat,2,1
pair06,53,5,director,D,hands out as if offering something,6,1
pair06,54,5,director,F,knees up feet pointed up sitting back head forward,9,1
pair06,55,5,director,I,foot outstretched in the back two arms out in front diamond head,12,1
pair06,55,5,director,I,one foot on ground,4,1
pair06,56,5,director,C,arms out stretched,3,1
pair06,57,5,director,L,knees bent two arms together in the front forming triangle,10,0
pair06,57,5,director,L,no feet shown,3,0
pair06,58,5,director,K,on knees feet up in back forming triangle hands in front,11,1
pair06,58,5,director,K,diamond head,2,1
pair06,59,5,director,G,looks like they are doing a funny dance,8,1
pair06,60,5,director,H,diamond head sitting nothing sticking out,6,1
pair06,61,6,director,C,arms outstretched,2,1
pair06,62,6,director,F,sitting knees bent feet up,5,1
pair06,63,6,director,A,head going down back,4,1
pair06,64,6,director,D,arms in front offering something,5,1
pair06,65,6,director,B,on knees feet in back pointed down head bent next to triangle,12,0
pair06,66,6,director,I,leg raised in back one foot on ground,8,0
pair06,66,6,director,I,two hands in front,4,0
pair06,67,6,director,L,bending at the knees,4,1
pair06,67,6,director,L,no feet,2,1
pair06,68,6,director,G,funny dance,2,1
pair06,69,6,director,J,rectangle body,2,1
pair06,70,6,director,K,on knees feet pointed up in back real high,9,0
pair06,71,6,director,H,nothing sticking out,3,1
pair06,72,6,director,E,funny hat,2,1
pair07,1,1,director,J,diamond on a self,4,1
pair07,2,1,director,F,man lying down,3,1
pair07,3,1,director,G,woman in dress,3,1
pair07,4,1,director,I,standing on one leg,4,1
pair07,5,1,director,B,sitting with arms wide,4,0
pair07,6,1,director,E,sitting bunny rabbit,3,1
pair07,7,1,director,D,"standing and pointing ,one way",5,0
pair07,8,1,director,L,'pick the last one you picked,6,1
pair07,8,1,matcher,L,"i have already forgotten what the last one was, beyond standing and pointing and i was not right. the one kind of pointing up i think i chose?",28,1
pair07,8,1,director,L,squatting and pointing one way,5,1
pair07,9,1,director,A,pointed nose and kicking a rock,6,0
pair07,10,1,director,K,kneeling and praying,3,1
pair07,11,1,director,H,man with no arms and legs,6,1
pair07,12,1,director,C,flying person,2,1
pair07,13,2,director,F,bum sitting against the wall,5,1
pair07,14,2,director,E,"rabbit ears ,sitting",3,1
pair07,15,2,director,L,squatting and pointing right,4,1
pair07,16,2,director,J,diamond on a pedestal,4,1
pair07,17,2,director,B,arms wide and kneeling,4,1
pair07,18,2,director,C,flying again,2,1
pair07,19,2,director,G,woman in dress dancing salsa,5,1
pair07,20,2,director,D,standing and pointing left,4,1
pair07,21,2,director,I,standing on one leg,4,1
pair07,22,2,director,K,kneeling and praying,3,1
pair07,23,2,director,H,no arm and no legs,5,1
pair07,24,2,director,A,pointed nose and kicking rock,5,1
pair07,25,3,director,J,diamond on a pedestal,4,1
pair07,26,3,director,K,kneeling and praying,3,1
pair07,27,3,director,G,woman in dress dancing salsa,5,1
pair07,28,3,director,B,arms wide kneeling,3,1
pair07,29,3,director,E,bunny rabbit again,3,1
pair07,30,3,director,F,bum against the wall,4,1
pair07,31,3,director,I,standing on one leg,4,1
pair07,32,3,director,D,standing and pointing left,4,1
pair07,33,3,director,A,"pointed nose, kicking rock",4,1
pair07,34,3,director,H,no arms and no legs,5,1
pair07,35,3,director,L,"squatting, pointed right",3,1
pair07,36,3,director,C,flying guy,2,1
pair07,37,4,director,G,salsa woman,2,1
pair07,38,4,director,K,kneeling and praying,3,1
pair07,39,4,director,I,on one leg guy,4,1
pair07,40,4,director,L,squatting pointed right,3,1
pair07,41,4,director,F,bum against wall,3,1
pair07,42,4,director,A,"point nose, rock kicker",4,1
pair07,43,4,director,B,arms wide,2,1
pair07,44,4,director,E,rabbit ears,2,1
pair07,45,4,director,D,rabbit ears,2,0
pair07,46,4,director,C,flying,1,1
pair07,47,4,director,H,no arms and no legs,5,1
pair07,48,4,director,J,diamond on pedestal,3,1
pair07,49,5,director,F,bum,1,1
pair07,50,5,director,L,squatting pointed right,3,1
pair07,51,5,director,G,salsa woman,2,1
pair07,52,5,director,K,kneeling and praying,3,1
pair07,53,5,director,B,arms wide,2,1
pair07,54,5,director,D,standing pointed left,3,1
pair07,55,5,director,J,diamond on pedestal,3,1
pair07,56,5,director,H,no arms or legs,4,1
pair07,57,5,director,E,rabbit ears,2,1
pair07,58,5,director,I,on one leg,3,1
pair07,59,5,director,A,pointed nose rock kicker,4,1
pair07,60,5,director,C,flying,1,1
pair07,61,6,director,K,kneel and pray,3,1
pair07,62,6,director,J,"diamond, pedestal",2,1
pair07,63,6,director,D,"standing, pointed left",3,1
pair07,64,6,director,B,arms wide,2,0
pair07,65,6,director,F,leg,1,0
pair07,66,6,director,G,salsa woman,2,1
pair07,67,6,director,I,one leg,2,1
pair07,68,6,director,C,flying,1,1
pair07,69,6,director,L,"squatting ,pointed right",3,1
pair07,70,6,director,A,pointed nose,2,1
pair07,71,6,director,E,rabbit ears,2,1
pair07,72,6,director,H,no arms or legs,4,1
pair08,1,1,director,L,image looks like a person holding a bowl kneeling slightly,10,1
pair08,2,1,director,H,image looks like a house with a diamond on the roof. the house has a shadow,16,1
pair08,3,1,director,J,diamond sitting on top of a pillar. right in the center,11,1
pair08,4,1,director,F,"person sitting on the ground, facing left, with their legs out",11,1
pair08,5,1,director,I,"looks like someone ice skating, with 1 leg in the air. facing left",13,1
pair08,6,1,director,D,"person holding a bowl and standing, facing left",8,1
pair08,7,1,director,E,"image looks like someone wearing a bow on their head, sitting down, facing right",14,1
pair08,8,1,director,C,"image looks like someone with their arms raised, facing left",10,1
pair08,9,1,director,G,this one looks like someone in a yoga pose.,9,0
pair08,10,1,director,A,"this one looks like someone standing, facing left, kicking a can or rock",13,1
pair08,11,1,director,K,"someone holding a bowl and kneeling, facing right",8,0
pair08,12,1,director,B,"this image looks like a diamond on a pillar, with a triangle on the right keeping the diamond from falling off",21,0
pair08,13,2,director,D,person holding bowl facing left,5,1
pair08,14,2,director,E,person wearing a bow sitting down,6,1
pair08,15,2,director,H,house with a diamond on it,6,1
pair08,16,2,director,G,this is the yoga pose one that we got wrong the first time,13,1
pair08,17,2,director,K,person kneeling with bowl facing right,6,1
pair08,18,2,director,L,person kneeling slightly with bowl facing right,7,1
pair08,19,2,director,A,person kicking rock/can,3,1
pair08,20,2,director,F,person sitting down with legs out facing left,8,1
pair08,21,2,director,C,person with arms up,4,1
pair08,22,2,director,I,ice skater,2,1
pair08,23,2,director,B,diamond/square on a pillar with a triangle on the right holding it up,13,0
pair08,24,2,director,J,same image you chose last round,6,1
pair08,25,3,director,C,arms in the air,4,1
pair08,26,3,director,L,slightly kneeling with bowl,4,1
pair08,27,3,director,B,we keep getting this one wrong but it looks like a box/triangle on a pillar/platform. the box is falling to the right but a triangle to the right of it is keeping it in place,35,1
pair08,28,3,director,E,person wearing bow,3,1
pair08,29,3,director,G,this is the 'yoga pose' one. it looks like a box/diamond on a pillar falling to the left,18,0
pair08,30,3,director,H,diamond on house,3,1
pair08,31,3,director,A,person kicking can/rock,3,1
pair08,32,3,director,J,diamond sitting on top of a pillar right in the center,11,1
pair08,33,3,director,I,ice skater,2,1
pair08,34,3,director,D,person holding bowl and standing facing left,7,1
pair08,35,3,director,F,person sitting down with legs out facing left,8,1
pair08,36,3,director,K,kneeling holding bowl,3,1
pair08,37,4,director,G,"square on a pillar, with two triangles on the right",10,0
pair08,38,4,director,D,holding bowl and standing,4,1
pair08,39,4,director,L,slightly kneeling holding bowl,4,1
pair08,40,4,director,C,arms up,2,1
pair08,41,4,director,B,box on a pillar with a triangle on the right holding it up,13,1
pair08,42,4,director,K,kneeling holding bowl,3,0
pair08,43,4,director,I,ice skater,2,1
pair08,44,4,director,H,diamond on house,3,1
pair08,45,4,director,E,person wearing bow,3,1
pair08,46,4,director,J,diamond in center of a pillar,6,1
pair08,47,4,director,F,person sitting with legs out,5,1
pair08,48,4,director,A,kicking can,2,1
pair08,49,5,director,G,the only image we keep getting wrong,7,1
pair08,50,5,director,L,kneeling slightly,2,0
pair08,50,5,director,L,holding bowl,2,0
pair08,51,5,director,J,diamond in center of a pillar,6,1
pair08,52,5,director,D,"holding bowl, standing, facing left",5,1
pair08,53,5,director,B,box on pillar being held up by triangle,8,1
pair08,54,5,director,I,ice skater,2,1
pair08,55,5,director,C,arms up,2,1
pair08,56,5,director,H,diamond on house,3,1
pair08,57,5,director,F,"person sitting with legs out, facing left",7,1
pair08,58,5,director,E,wearing bow,2,1
pair08,59,5,director,A,kicking can,2,1
pair08,60,5,director,K,"kneeling with bowl, facing right",5,1
pair08,61,6,director,L,slightly kneeling holding bowl,4,1
pair08,61,6,director,L,facing right,2,1
pair08,62,6,director,H,diamond on house,3,1
pair08,63,6,director,C,arms up,2,1
pair08,64,6,director,F,sitting with legs out,4,1
pair08,65,6,director,G,the one we keep getting wrong,6,0
pair08,66,6,director,A,kicking can,2,1
pair08,67,6,director,E,bow,1,1
pair08,68,6,director,D,"holding bowl facing left, standing",5,1
pair08,69,6,director,I,ice skater,2,1
pair08,70,6,director,K,"kneeling, holding bowl, facing right",5,1
pair08,71,6,director,B,box being held up by triangle on the right,9,1
pair08,72,6,director,J,diamond in center of pillar,5,1
pair09,1,1,director,J,it has a diamond head and bulky body,8,0
pair09,1,1,director,J,bulky,1,0
pair09,1,1,director,J,with a pointy shoe on the bottom,7,0
pair09,1,1,matcher,J,is it standing?,3,0
pair09,1,1,director,J,yes,1,0
pair09,1,1,director,J,it looks like it's pointing to someone,7,0
pair09,2,1,director,H,"diamond head, no arms, standing",5,1
pair09,2,1,director,H,looks like fat banana,4,1
pair09,3,1,director,F,sitting,1,1
pair09,3,1,director,F,square head,2,1
pair09,3,1,director,F,can see the legs,4,1
pair09,4,1,director,C,flying,1,1
pair09,5,1,director,E,bunny ears,2,1
pair09,6,1,director,A,one leg up,3,1
pair09,6,1,director,A,the one with a flag on its back,8,1
pair09,6,1,director,A,not the karate kicker,4,1
pair09,7,1,director,D,diamond head standing,3,1
pair09,7,1,director,D,looks like wearing a robe and giving a graduation speech,10,1
pair09,7,1,matcher,D,is its arm pointing left?,5,1
pair09,7,1,director,D,yes,1,1
pair09,8,1,director,L,diamond head knees bent pointing right,6,1
pair09,9,1,director,B,its chest looks two broken triangles,6,1
pair09,9,1,director,B,sitting down,2,1
pair09,9,1,director,B,has a large butt/waist,4,1
pair09,10,1,director,G,looks like a high heel shoe,6,1
pair09,10,1,director,G,not the bunny ears,4,1
pair09,10,1,matcher,G,sitting?,1,1
pair09,10,1,director,G,sitting,1,1
pair09,11,1,director,I,karate kick,2,1
pair09,12,1,director,K,"standing, looks like the letter e",6,0
pair09,12,1,director,K,except it has a diamond head,6,0
pair09,12,1,director,K,and arm pointing to right,5,0
pair09,12,1,director,K,and legs pointing to right,5,0
pair09,13,2,director,G,high heel shoe,3,1
pair09,14,2,director,C,flying,1,1
pair09,15,2,director,E,bunny ears,2,1
pair09,16,2,director,A,"one leg up, flag on back",6,1
pair09,17,2,director,D,"giving speech, one arm pointing left",6,1
pair09,18,2,director,F,"sitting down,only one with legs",5,1
pair09,19,2,director,J,"the first one we did, fat body, diamond head, pointing right",11,1
pair09,20,2,director,K,"the letter e, diamond head",5,1
pair09,20,2,director,K,but the back,3,1
pair09,20,2,director,K,of it has a point,5,1
pair09,21,2,director,I,karate kick,2,1
pair09,22,2,director,H,fat banana,2,1
pair09,23,2,director,L,the letter e but no tail/point,6,1
pair09,23,2,matcher,L,zig zag lower body?,4,1
pair09,23,2,director,L,yes,1,1
pair09,24,2,director,B,split triangle chest,3,1
pair09,24,2,director,B,sitting down,2,1
pair09,25,3,director,L,zig zag body,3,1
pair09,26,3,director,D,giving speech pointing left,4,1
pair09,27,3,director,J,"first one we did, pudgy body pointing right",8,1
pair09,28,3,director,F,sitting legs out,3,1
pair09,29,3,director,K,zig zag body with tail,5,1
pair09,30,3,director,B,split triangle chest,3,1
pair09,31,3,director,G,high heel shoe,3,1
pair09,32,3,director,A,one leg up flag on back,6,1
pair09,33,3,director,E,bunny ears,2,1
pair09,34,3,director,I,karate kick,2,1
pair09,35,3,director,C,flying,1,1
pair09,36,3,director,H,fat banana,2,1
pair09,37,4,director,G,high heel shoe,3,1
pair09,38,4,director,I,karate kick,2,1
pair09,39,4,director,C,flying,1,1
pair09,40,4,director,B,split triangle chest,3,1
pair09,41,4,director,A,one leg up flag on back,6,1
pair09,42,4,director,L,zig zag body,3,1
pair09,43,4,director,K,zig zag body tail,4,1
pair09,44,4,director,E,bunny ears,2,1
pair09,45,4,director,D,pointing left giving speech,4,1
pair09,46,4,director,H,fat banana,2,1
pair09,47,4,director,F,legs out sitting down,4,1
pair09,48,4,director,J,first we did pointing right pudgy body,7,1
pair09,49,5,director,I,karate,1,1
pair09,50,5,director,L,zig zag body,3,1
pair09,51,5,director,G,high heel shoe,3,1
pair09,52,5,director,D,giving speech pointing left,4,1
pair09,53,5,director,A,one leg up flag on back,6,1
pair09,54,5,director,J,first one we did,4,1
pair09,55,5,director,B,split triangle,2,1
pair09,56,5,director,K,zig zag tail,3,1
pair09,57,5,director,F,legs out sitting down,4,1
pair09,58,5,director,E,bunny ears,2,1
pair09,59,5,director,H,fat banana,2,1
pair09,60,5,director,C,flying,1,1
pair09,61,6,director,B,split triangle,2,1
pair09,62,6,director,D,speech,1,1
pair09,63,6,director,H,banana,1,1
pair09,64,6,director,K,zig zag tail,3,1
pair09,65,6,director,I,karate,1,1
pair09,66,6,director,F,legs out,2,1
pair09,67,6,director,E,bunny,1,1
pair09,68,6,director,L,zig zag,2,1
pair09,69,6,director,G,high heels,2,1
pair09,70,6,director,A,one leg up,3,1
pair09,71,6,director,J,first one we did,4,1
pair09,72,6,director,C,flying,1,1
pair10,1,1,director,C,it looks like a person holding up two arms,9,1
pair10,2,1,director,J,this one looks squared off with a square at the top,11,1
pair10,3,1,director,B,it is wider at the bottom and looks like a square tipping of a cliff and a triangle hanging off,20,0
pair10,4,1,director,G,it looks like a person kneeling on one knee to propose,11,0
pair10,5,1,director,H,it looks like someone kneeling,5,0
pair10,6,1,matcher,L,"hey, why don't we name them",6,1
pair10,6,1,director,L,this one looks like it's begging for money,8,1
pair10,6,1,matcher,L,i think maybe describe each one's position fully once and name it like 'beggar' or 'bunny ears',17,1
pair10,6,1,matcher,L,then each round we could go pretty quick,8,1
pair10,6,1,matcher,L,"okay! i see: one that looks like one foot standing on the ground and one foot kicking back, that could be 'kick back'",23,1
pair10,6,1,matcher,L,"one looks like sitting leaning against a wall looking down, that could be 'sad man'",15,1
pair10,6,1,matcher,L,one with two arms up could be 'arms up',9,1
pair10,6,1,matcher,L,one sitting against a wall with triangles on the head can be 'bunny ears',14,1
pair10,6,1,matcher,L,"one kind of looks like a bundled baby to me? like a blob with the head on top, i think you said it was kneeling",25,1
pair10,6,1,matcher,L,one standing with one foot on the ground and one kicking out in front could be 'front kick',18,1
pair10,6,1,matcher,L,one kneeling that looks like it is looking at its hands with a triangle at its back like a hood? facing right - that could be 'praying monk',28,1
pair10,6,1,matcher,L,cool,1,1
pair10,6,1,matcher,L,one standing facing left with hands out could be the beggar,11,1
pair10,6,1,matcher,L,"one is sort of crouching, not kneeling all the way, facing right with hands out, can be 'crouching'",18,1
pair10,6,1,director,L,he is the one we need this round,8,1
pair10,7,1,director,E,bunny ears is next,4,1
pair10,8,1,director,I,now kick back,3,1
pair10,9,1,director,F,sad man,2,1
pair10,10,1,director,K,this is one that looks like he is begging but we didn't name him yet facing to the right,19,1
pair10,10,1,matcher,K,kneeling?,1,1
pair10,10,1,director,K,yeah,1,1
pair10,11,1,matcher,D,that last one can be kneeling beggar,7,1
pair10,11,1,director,D,ok,1,1
pair10,11,1,director,D,beggar,1,1
pair10,12,1,director,A,front kick,2,1
pair10,13,2,director,D,beggar again,2,1
pair10,14,2,director,B,praying monk,2,1
pair10,15,2,director,H,baby,1,1
pair10,16,2,director,J,we didn't name this one but it's squared of on the left and has a diamond on top,18,1
pair10,17,2,matcher,F,that can be diamond top,5,1
pair10,17,2,director,F,k,1,1
pair10,17,2,director,F,sad man,2,1
pair10,18,2,director,L,crouching,1,1
pair10,19,2,director,E,bunny ears,2,1
pair10,20,2,director,K,kneeling beggar,2,1
pair10,21,2,director,A,front kick,2,1
pair10,22,2,director,C,arms up,2,1
pair10,23,2,director,G,this is the last one we didn't name,8,1
pair10,23,2,director,G,kinda looks like he is on one knee,8,1
pair10,23,2,matcher,G,with arms out front and head back?,7,1
pair10,23,2,director,G,yeah,1,1
pair10,24,2,matcher,I,that one can be arms out,6,1
pair10,24,2,director,I,k,1,1
pair10,24,2,director,I,kick back,2,1
pair10,25,3,director,J,diamond top,2,1
pair10,26,3,director,I,kick back,2,1
pair10,27,3,director,B,praying monk,2,1
pair10,28,3,director,K,kneeling beggar,2,1
pair10,29,3,director,A,kick front,2,1
pair10,30,3,director,G,arms out,2,1
pair10,31,3,director,E,bunny ears,2,1
pair10,32,3,director,L,crouching,1,1
pair10,33,3,director,D,beggar,1,1
pair10,34,3,director,C,arms up,2,1
pair10,35,3,director,F,sad man,2,1
pair10,36,3,director,H,baby,1,1
pair10,37,4,director,I,kick back,2,1
pair10,38,4,director,L,crouching,1,1
pair10,39,4,director,D,beggar,1,1
pair10,40,4,director,E,bunny ears,2,1
pair10,41,4,director,C,arms up,2,1
pair10,42,4,director,A,front kick,2,1
pair10,43,4,director,B,praying monk,2,1
pair10,44,4,director,J,diamond top,2,1
pair10,45,4,director,K,kneeling beggar,2,1
pair10,46,4,director,G,arms out,2,1
pair10,47,4,director,F,sad man,2,1
pair10,48,4,director,H,baby,1,1
pair10,49,5,director,L,crouching,1,1
pair10,50,5,director,J,diamond top,2,1
pair10,51,5,director,I,kick back,2,1
pair10,52,5,director,H,baby,1,1
pair10,53,5,director,A,front kick,2,1
pair10,54,5,director,D,beggar,1,1
pair10,55,5,director,C,arms up,2,1
pair10,56,5,director,G,arms out,2,1
pair10,57,5,director,E,bunny ears,2,1
pair10,58,5,director,F,sad man,2,1
pair10,59,5,director,K,kneeling beggar,2,1
pair10,60,5,director,B,praying monk,2,1
pair10,61,6,director,J,diamond top,2,1
pair10,62,6,director,E,bunny ears,2,1
pair10,63,6,director,D,beggar,1,1
pair10,64,6,director,H,baby,1,1
pair10,65,6,director,K,kneeling,1,1
pair10,65,6,director,K,beggar,1,1
pair10,65,6,director,K,sorry,1,1
pair10,66,6,matcher,G,:),1,1
pair10,66,6,director,G,arms out,2,1
pair10,67,6,director,C,arms up,2,1
pair10,68,6,director,B,praying monk,2,1
pair10,69,6,director,F,sad man,2,1
pair10,70,6,director,A,front kick,2,1
pair10,71,6,director,L,crouching,1,1
pair10,72,6,director,I,kick back,2,1
pair11,1,1,director,E,"the shape that looks like an upright bunny sitting against a wall. two triangles on top of a square head, sitting on top of a right triangle that's butting up against a smaller triangle",34,1
pair11,2,1,director,D,"weird druid priest. sideways square on top of an oblong pillar, holding a top hat looking item that's made of a square with a kind of lip. the square is on the left side of the body pillar.",38,1
pair11,2,1,director,D,*kind,1,1
pair11,3,1,director,G,drunk seal balancing a square and a triangle on his nose. triangle on the right side of the image looks like a flipper.,23,1
pair11,4,1,director,J,"sideways square for a head on top of an elongated rectangle, with a triangle for a shoulder/arm.. indentation on the bottom that looks like a connected foot. think fat roman soldier standing very straight and erect",36,1
pair11,5,1,matcher,I,the side mentioned with certain features coming off is helpful as well,12,1
pair11,5,1,director,I,"okay, another sideways square for a head on top of what looks two triangles put together into almost a beak. two more triangles for a butt/tail on top of an elongated rectangle with a foot.",35,1
pair11,5,1,director,I,like a scary big crane on one leg,8,1
pair11,5,1,director,I,not the one that looks like it has two legs,10,1
pair11,5,1,matcher,I,hmm does it look like it is figure skating or no?,11,1
pair11,5,1,director,I,"yeah, i can see the figure skater. leg out in the back",12,1
pair11,6,1,director,F,sad guy sitting with his back against a wall. legs out to the left. his body looks like it's made of a baseball diamond,24,1
pair11,7,1,director,C,looks like one of those wind advertisements at car dealerships. arms are two squares connected to rectangles with a rectangle for a body.,23,1
pair11,7,1,matcher,C,well crap,2,1
pair11,7,1,matcher,C,does he look like he is leaning to the left,10,1
pair11,7,1,matcher,C,almost falling,2,1
pair11,7,1,director,C,yes,1,1
pair11,8,1,director,A,"two legs, facing left, the top leg looks like he's kicking something",12,1
pair11,9,1,director,B,"looks like a little mouse sitting down. square and triangle for ears. square for a head with a connected triangle for a nose/snout, small triangle on the side out to the left",32,1
pair11,10,1,director,H,"sideways square for a head, connected to a triangle on top of a square for a body, on top of a..almost looks like a single duck flipper. very solid image.. the square head is behind the main body a little bit.",41,1
pair11,10,1,director,H,*sideways,1,1
pair11,10,1,director,H,the flipper thing is kicked out towards the right,9,1
pair11,10,1,matcher,H,um look kinda like a state with a diamond on top?,11,1
pair11,10,1,director,H,no not that one i do not think,8,1
pair11,10,1,director,H,"it's the only one that the diamond looks like it's behind the triangle neck.. well, more so than the others",20,1
pair11,10,1,director,H,head is a little off center towards the right from the main image,13,1
pair11,11,1,matcher,K,wow,1,1
pair11,11,1,director,K,"two diamond heads on top of a square with a right triangle attached to the body square, sitting on top of two other triangles",24,1
pair11,11,1,director,K,"looks almost like a big pac man facing to the right on the main part of the body, but not the one that looks like a roadway",27,1
pair11,12,1,matcher,L,cayman hype,2,1
pair11,12,1,director,L,"okay, the other cayman image that does look like a roadway sign.",12,1
pair11,12,1,director,L,diamond head on top of triangle on top of a parallelogram,11,1
pair11,12,1,matcher,L,hmm,1,1
pair11,12,1,matcher,L,kinda looks like a kneeling guy in a robe?,9,1
pair11,12,1,matcher,L,well squatting facing the right?,5,1
pair11,12,1,director,L,yeah i can see that,5,1
pair11,13,2,director,E,"sad bunny sitting against the wall again. triangle bunny ears, square face, big triangle body with triangle knees facing right",20,1
pair11,14,2,director,I,figure skater,2,1
pair11,15,2,director,F,"sad guy, baseball diamond body, legs out to left",9,1
pair11,16,2,director,K,"pac man body, two diamond heads",6,1
pair11,17,2,director,G,"seal balancing square/triangle, triangle flipper to the right",8,1
pair11,18,2,director,J,"fat roman soldier. diamond head, triangle shoulder, foot indentation on the right",12,1
pair11,18,2,director,J,the one where the head is completely on top of the body,12,1
pair11,18,2,director,J,not behind the body a little,6,1
pair11,18,2,matcher,J,we did this one before,5,1
pair11,18,2,director,J,the body is a long rectangle with just the little foot thing at the bottom.. not exaggerated like a flipper,20,1
pair11,19,2,matcher,A,it was what i thought originally,6,1
pair11,19,2,director,A,"the one where the image looks like it's kicking something, both feet pointing to the left",16,1
pair11,20,2,matcher,B,dinosaur kicking,2,1
pair11,20,2,director,B,little mouse again. square and triangle ears,7,1
pair11,21,2,director,C,"car dealership guy, falling to the left",7,1
pair11,22,2,director,D,"diamond head guy, foot out to the left, holding the square top hat with the lip",16,1
pair11,23,2,director,H,"okay the diamond head one that's back behind the body a bit, flipper facing right",15,1
pair11,23,2,matcher,H,does it look like a sitting person? the duck one from before?,12,1
pair11,23,2,director,H,diamond head on top of triangle fitted to a square body with the duck flipper on the bottom,18,1
pair11,23,2,director,H,yes,1,1
pair11,24,2,director,L,"kneeling guy in robe, cayman but highway cayman",8,1
pair11,24,2,matcher,L,the one with the tail,5,1
pair11,24,2,matcher,L,?,1,1
pair11,24,2,director,L,not the triangle tail with two heads.. the robe looking one. so maybe yes a tail,16,1
pair11,24,2,matcher,L,it looks like cayman with another triangle pointing up by his ass?,12,1
pair11,24,2,director,L,not that one. parallelogram on the bottom,7,1
pair11,25,3,director,E,"sad bunny, triangle ears on square head, facing the right, triangle body with little triangle knees",16,1
pair11,26,3,director,L,"cayman guy with parallelogram tail, not triangle butt",8,1
pair11,27,3,director,F,"sad guy against a wall, baseball diamond body, legs to the left",12,1
pair11,28,3,director,A,dinosaur kicking rocks,3,1
pair11,29,3,director,J,idaho,1,1
pair11,30,3,director,D,"man holding square top hat with lip, facing left",9,1
pair11,31,3,director,C,car dealership,2,1
pair11,32,3,director,B,"mouse, square and triangle ears",5,1
pair11,33,3,director,G,"seal balancing square and triangles, triangle flipper out to the right",11,1
pair11,34,3,director,K,cayman with triangle butt,4,1
pair11,35,3,director,H,"flipper guy, facing right, diamond head behind the body a little bit",12,1
pair11,35,3,director,H,what i call a duck flipper,6,1
pair11,36,3,director,I,figure skater,2,1
pair11,37,4,director,I,figure skater again,3,1
pair11,38,4,director,H,duck flipper,2,1
pair11,39,4,director,K,triangle butt cayman,3,1
pair11,40,4,director,F,"sad guy, baseball diamond body",5,1
pair11,41,4,director,L,"cayman/kneeling guy, no butt",4,1
pair11,42,4,director,J,idaho,1,1
pair11,43,4,director,G,seal balancing square & triangle,5,1
pair11,44,4,director,C,car dealership falling guy,4,1
pair11,45,4,director,D,holding top hat guy,4,1
pair11,46,4,director,E,sad bunny with triangle ears,5,1
pair11,47,4,director,B,mouse,1,1
pair11,48,4,director,A,dinosaur kicking,2,1
pair11,49,5,director,G,seal balancing,2,1
pair11,50,5,director,H,duck flipper,2,1
pair11,51,5,director,J,idaho,1,1
pair11,52,5,director,K,triangle butt cayman,3,1
pair11,53,5,director,A,dinosaur kicking,2,1
pair11,54,5,director,D,top hat guy,3,1
pair11,55,5,director,E,sad bunny,2,1
pair11,56,5,director,L,kneeling robe cayman guy,4,1
pair11,57,5,director,I,figure skater,2,1
pair11,58,5,director,F,sad baseball diamond body guy,5,1
pair11,59,5,director,C,car dealership falling guy,4,1
pair11,60,5,director,B,mouse,1,1
pair11,61,6,director,D,top hat guy,3,1
pair11,62,6,director,E,sad bunny,2,1
pair11,63,6,director,F,baseball diamond body guy,4,1
pair11,64,6,director,H,duck flipper,2,1
pair11,65,6,director,L,kneeling robe cayman,3,1
pair11,66,6,director,A,dinosaur,1,1
pair11,67,6,director,I,figure skater,2,1
pair11,68,6,director,G,seal,1,1
pair11,69,6,director,J,idaho,1,1
pair11,70,6,director,B,mouse,1,1
pair11,71,6,director,K,triangle butt cayman,3,1
pair11,72,6,director,C,car dealership falling guy,4,1
pair12,1,1,director,D,"standing, hands left",3,1
pair12,2,1,director,G,sprawled all over,3,1
pair12,2,1,director,G,arms up and down,4,1
pair12,3,1,director,H,standing,1,1
pair12,3,1,director,H,no arms,2,1
pair12,4,1,director,B,kneeling arms left right,4,1
pair12,5,1,director,J,standing arm right,3,0
pair12,6,1,director,L,kneel arms right,3,0
pair12,7,1,director,A,chicken?,1,0
pair12,7,1,director,A,leg raised to left,4,0
pair12,8,1,director,E,lying down to left shapes on top left,8,1
pair12,9,1,director,I,balancing,1,1
pair12,10,1,director,F,sitting back right,3,1
pair12,11,1,director,K,kneel arms right,3,1
pair12,12,1,director,C,lean left arms wide,4,1
pair12,13,2,director,J,no arms,2,0
pair12,14,2,director,G,sprawled arms up down,4,0
pair12,15,2,director,K,kneel arm right,3,1
pair12,16,2,director,L,bend arm right,3,1
pair12,16,2,director,L,bending,1,1
pair12,17,2,director,B,kneel arms wide,3,1
pair12,18,2,director,E,sitting back left,3,1
pair12,19,2,director,H,knee right no arms,4,1
pair12,20,2,director,C,lean left arms wide,4,1
pair12,21,2,director,A,leg lifted left,3,1
pair12,22,2,director,F,back against right,3,1
pair12,22,2,director,F,sitting down,2,1
pair12,23,2,director,D,hands to left standing,4,1
pair12,24,2,director,I,balancing arms left,3,1
pair12,25,3,director,D,standing hands left,3,1
pair12,26,3,director,F,sitting back right,3,1
pair12,27,3,director,J,standing arm kind of right,5,1
pair12,27,3,director,J,standing,1,1
pair12,28,3,director,A,leg left,2,1
pair12,29,3,director,B,kneel arms wide,3,1
pair12,30,3,director,G,arms up and down to right,6,1
pair12,31,3,director,E,back left sitting,3,1
pair12,32,3,director,L,bending arms right,3,1
pair12,33,3,director,K,"arm right, leg lifted left?",5,0
pair12,34,3,director,C,arms wide lean left,4,1
pair12,35,3,director,I,lean left leg right,4,1
pair12,35,3,director,I,balance,1,1
pair12,36,3,director,H,no arms,2,1
pair12,37,4,director,A,leg left,2,1
pair12,38,4,director,D,arms left,2,1
pair12,39,4,director,B,kneel arms to both sides,5,1
pair12,40,4,director,K,arm right leg left,4,0
pair12,41,4,director,E,back left,2,1
pair12,42,4,director,C,lean left arms wide,4,1
pair12,43,4,director,J,arm right straight left,4,0
pair12,43,4,director,J,arm right,2,0
pair12,44,4,director,L,bend arm right,3,1
pair12,44,4,director,L,bending,1,1
pair12,45,4,director,F,back right,2,1
pair12,46,4,director,I,balance,1,1
pair12,47,4,director,H,no arms,2,1
pair12,48,4,director,G,arms up down,3,1
pair12,49,5,director,F,back right,2,1
pair12,50,5,director,A,leg left,2,1
pair12,51,5,director,E,back left,2,1
pair12,52,5,director,L,arm right bend,3,1
pair12,53,5,director,C,arms wide,2,1
pair12,54,5,director,K,kneel right,2,1
pair12,55,5,director,I,balance,1,1
pair12,56,5,director,H,no arms,2,1
pair12,57,5,director,J,arm right,2,1
pair12,58,5,director,G,arms up and down to right,6,1
pair12,59,5,director,D,arms left,2,1
pair12,60,5,director,B,kneeling,1,1
pair12,60,5,director,B,arms right and left,4,1
pair12,61,6,director,B,kneel arms right and left,5,1
pair12,62,6,director,C,arms wide right and left,5,1
pair12,63,6,director,H,no arms,2,1
pair12,64,6,director,L,bending,1,1
pair12,64,6,director,L,arm right,2,1
pair12,65,6,director,K,kneel arm right,3,1
pair12,66,6,director,A,leg left,2,1
pair12,67,6,director,F,back right,2,1
pair12,68,6,director,J,arm right,2,1
pair12,69,6,director,G,arms right up and down,5,1
pair12,70,6,director,D,arms left,2,1
pair12,71,6,director,I,balance,1,1
pair12,72,6,director,E,back left,2,1
pair13,1,1,director,A,the one where it looks like the head is on his back,12,1
pair13,2,1,director,L,looks like he's sitting on a desk,7,0
pair13,2,1,matcher,L,hmm,1,0
pair13,2,1,director,L,or his hand is pointing,5,0
pair13,3,1,director,J,looks like a candle,4,1
pair13,4,1,director,F,"this one is easy, looks like he's sitting on the floor with knees up",14,1
pair13,5,1,director,D,this one looks like,4,1
pair13,5,1,director,D,he's holding a plate or bowl,6,1
pair13,5,1,director,D,standing up,2,1
pair13,6,1,director,B,hmm,1,1
pair13,6,1,director,B,"the square is on the top, the triangle is on the right side and the smallest triangle is on the left side",22,1
pair13,6,1,director,B,if that makes sense,4,1
pair13,6,1,director,B,this one has no shape i could describe,8,1
pair13,7,1,director,I,okay this one looks like he has one foot standing and the other foot behind him with 2 triangles in front of him,23,1
pair13,8,1,director,C,this one looks like he's reaching for the sky. arms raised on each side,14,1
pair13,9,1,director,G,the bottom part looks like high heels,7,1
pair13,9,1,director,G,square on top,3,1
pair13,10,1,director,K,looks like he's behind a podium preaching maybe,8,1
pair13,11,1,director,E,this one looks like a rabbit ears with the square head looking downwards,13,1
pair13,12,1,director,H,just a simple shape long fat candle with square on top of it,13,0
pair13,13,2,director,A,this one has a square on his back.  looks like a person with pointy nose,15,1
pair13,14,2,director,L,large triangle upside down in the middle with knees bent,10,1
pair13,14,2,director,L,on the bottom,3,1
pair13,14,2,director,L,like a person standing but bent,6,1
pair13,15,2,director,K,same thing as last time but also has a big triangle behind him,13,1
pair13,16,2,director,J,this one looks like a candle with a small triangle on the bottom to stand,15,0
pair13,17,2,director,E,"this one rabbit ears again, looking downward",7,1
pair13,18,2,director,G,"this one again we had last time, looks like high heels on the bottom",14,1
pair13,19,2,director,C,arms raised to the sky again,6,1
pair13,20,2,matcher,I,"rabbit, high heels, preacher, sky",5,1
pair13,20,2,director,I,"one leg standing with a leg behind him again, arms forward",11,1
pair13,21,2,director,F,"sitting on the floor again, knees up",7,1
pair13,22,2,director,B,"this is the one i can't describe, no shape to recognize, square on top with triangle on the right side and big triangle below it",25,1
pair13,22,2,director,B,tiny triangle on the left side on the bottom,9,1
pair13,22,2,matcher,B,angel,1,1
pair13,23,2,director,H,'no shape' one,3,0
pair13,23,2,director,H,this one is a fat candle,6,0
pair13,24,2,director,D,ok this one looks like he s holding a bowl,10,1
pair13,25,3,director,A,square on his back with foot raised,7,1
pair13,25,3,director,A,like a bear to me,5,1
pair13,26,3,matcher,F,pointy nose guy,3,1
pair13,26,3,director,F,sitting on the floor,4,1
pair13,27,3,director,E,rabbit ears!,2,1
pair13,28,3,director,L,preacher on a podium with knees bent,7,0
pair13,29,3,director,B,this is the no shape one,6,1
pair13,30,3,director,G,high heels,2,1
pair13,31,3,director,J,thin candle,2,1
pair13,32,3,director,H,fat candle,2,1
pair13,33,3,director,C,arms raised to the sky,5,1
pair13,34,3,director,D,holding a bowl or preacher on podium standing straight,9,1
pair13,35,3,director,I,one leg standing with a leg behind him,8,1
pair13,36,3,director,K,preacher but with a big triangle behind him,8,1
pair13,37,4,director,K,same one again,3,1
pair13,38,4,director,E,rabbit ears!,2,1
pair13,39,4,director,B,no shape,2,1
pair13,40,4,director,D,preacher behind podium standing straight,5,1
pair13,41,4,director,J,thin candle,2,1
pair13,42,4,director,H,fat candle,2,1
pair13,43,4,director,F,sitting on floor,3,1
pair13,44,4,director,A,square on back pointy nose,5,1
pair13,45,4,director,G,high heels,2,1
pair13,46,4,director,L,preacher behind podium with knees bent,6,1
pair13,47,4,director,C,arms raised!,2,1
pair13,48,4,director,I,"one leg standing, another behind",5,1
pair13,49,5,director,C,arms raised!,2,1
pair13,50,5,director,D,preacher standing straight,3,1
pair13,51,5,director,B,no shape,2,1
pair13,52,5,director,J,thin candle,2,1
pair13,53,5,director,A,square on back pointy nose,5,1
pair13,54,5,director,F,sitting on floor,3,1
pair13,55,5,director,L,preacher knees bent,3,1
pair13,56,5,director,G,high heels,2,1
pair13,57,5,director,I,one leg standing while another behind,6,1
pair13,58,5,director,H,fat candle,2,1
pair13,59,5,director,K,preacher with large triangle behind him,6,1
pair13,60,5,director,E,rabbit ears,2,1
pair13,61,6,director,G,high heels,2,1
pair13,62,6,director,F,sitting on floor,3,1
pair13,63,6,director,C,arms raised!,2,1
pair13,64,6,director,B,no shape,2,1
pair13,65,6,director,H,fat candle,2,1
pair13,66,6,director,K,preacher with large triangle behind him,6,1
pair13,67,6,director,I,one leg standing and another behind him,7,1
pair13,68,6,director,J,thin candle,2,1
pair13,69,6,director,D,preacher standing straight,3,1
pair13,70,6,director,L,preacher knees bent,3,1
pair13,71,6,director,E,rabbit ears,2,1
pair13,72,6,director,A,square on back pointy nose,5,1
pair14,1,1,director,C,it kind of looks like a flying angel.,8,1
pair14,1,1,director,C,leaning to the left,4,1
pair14,2,1,director,A,"um trapezoid body standing upright. block head on the right. two feet, one up, one down.",16,1
pair14,2,1,director,A,looks like it has two heads sort of,8,1
pair14,3,1,director,H,"one of the simplest. looks like just a sitting body with a diamond head. no feet, no arms",18,1
pair14,4,1,director,D,standing upright. looks like it has an outstretched arm in a robe. diamond head.,14,1
pair14,5,1,director,L,squatting,1,1
pair14,5,1,director,L,square head,2,1
pair14,5,1,director,L,triangle protrusion from stomach,4,1
pair14,5,1,director,L,legs bent,2,1
pair14,6,1,director,E,right triangle,2,1
pair14,6,1,director,E,two triangles on top of head,6,1
pair14,6,1,director,E,looks like a mountain with a box on top,9,1
pair14,7,1,director,G,"weird. doesn't look like much to me. parallelogram on bottom, square on top, two triangle appendages on right",18,1
pair14,7,1,director,G,maybe looks like a centaur?,5,1
pair14,8,1,director,K,"kneeling down, with arms in front on the right side.",10,1
pair14,9,1,director,B,kneeling/sitting,1,1
pair14,9,1,director,B,right triangle on right attached to face. face is a tilted square,12,1
pair14,10,1,director,I,looks like an ice skater,5,1
pair14,10,1,director,I,with fat arms,3,1
pair14,11,1,director,J,blocky body with zig zag on right. diamond head.,9,1
pair14,11,1,director,J,no arms or legs,4,1
pair14,11,1,director,J,2 shapes,2,1
pair14,11,1,director,J,looks like a cliff,4,1
pair14,11,1,director,J,with a diamond on top,5,1
pair14,12,1,director,F,like a person sitting with their back against the right side of box.,13,1
pair14,12,1,director,F,rectangle leg,2,1
pair14,12,1,director,F,square head,2,1
pair14,12,1,director,F,looks sad,2,1
pair14,13,2,director,G,that dancing centaur one again,5,1
pair14,14,2,director,F,sad man against wall again.,5,1
pair14,15,2,director,C,"leaning, flying angel again",4,1
pair14,16,2,director,D,"standing, with a robe -covered arm extended and a triangle head. looks like he is at a graduation.",18,1
pair14,16,2,director,D,we'll call him the graduate,5,1
pair14,16,2,director,D,left arm extended,3,1
pair14,17,2,director,E,box falling down mountain. aka mountain.,6,0
pair14,17,2,director,E,triangle,1,0
pair14,17,2,director,E,with box on top and triangles coming off it,9,0
pair14,18,2,director,J,"the one you guessed last time. we'll call it cliff now. bloc, zig zag right side, triangle on top",19,1
pair14,18,2,director,J,diamond* on top,3,1
pair14,19,2,matcher,K,"ok,got it",2,1
pair14,19,2,director,K,person kneeling on their knees . we'll call her prayer?,10,1
pair14,20,2,director,H,this one doesn't look like much to me... like a lump on the bottom with a diamond on top.  no appendages,21,1
pair14,20,2,director,H,we'll call it blob,4,1
pair14,21,2,matcher,I,"ok, blob is good",4,1
pair14,21,2,director,I,ice skater again.,3,1
pair14,22,2,director,A,"let's call this one frankenstein. has one leg in air, one on ground. legs on the right side. trapezoid body, trapezoid on left top and square on right top",29,1
pair14,23,2,director,B,um honestly it looks like a girl is kneeling on the floor and projectile vomiting.,15,1
pair14,24,2,director,L,um this is squatty again,5,1
pair14,24,2,director,L,only one squatting,3,1
pair14,25,3,director,A,frankenstein,1,1
pair14,26,3,director,K,prayer,1,1
pair14,27,3,director,I,ice skater,2,1
pair14,28,3,director,J,cliff. not a triangle. diamond on top. zig zag on right side.,12,1
pair14,29,3,director,L,squatty,1,1
pair14,30,3,director,B,vomit,1,1
pair14,31,3,director,D,graduate,1,1
pair14,32,3,director,G,sassy centaur,2,1
pair14,33,3,director,H,blob man,2,1
pair14,34,3,director,C,angel,1,1
pair14,35,3,director,F,this man looks depressed. sitting on floor with back to the right side of square. will call debbie downer in future.,21,1
pair14,36,3,director,E,mountain (triangle),2,0
pair14,36,3,matcher,E,"debbie downer, excellent.",3,0
pair14,37,4,director,A,frankenstein.,1,1
pair14,38,4,director,B,vomit.,1,1
pair14,38,4,matcher,B,the one you call mountain i see as a depressed native american sitting with her back to the left wall with two feathers on her head,26,1
pair14,39,4,director,E,"so speak of the devil, native american",7,1
pair14,40,4,director,J,so mountain (the other one) not the one we just did. this will be the only mountain now.,18,1
pair14,41,4,director,G,centaur,1,1
pair14,42,4,director,H,blob,1,1
pair14,43,4,director,I,ice skater,2,1
pair14,44,4,director,F,debbie downer,2,1
pair14,45,4,director,D,graduate,1,1
pair14,46,4,director,K,prayer,1,1
pair14,47,4,director,C,angel,1,1
pair14,48,4,director,L,squatty,1,1
pair14,49,5,director,I,ice skater,2,1
pair14,50,5,director,E,native american,2,1
pair14,51,5,director,B,vomit,1,1
pair14,52,5,director,J,mountain,1,1
pair14,53,5,director,D,graduate,1,1
pair14,54,5,director,A,frankenstein,1,1
pair14,55,5,director,F,debbie downer,2,1
pair14,56,5,director,L,squatty,1,1
pair14,57,5,director,H,blob,1,1
pair14,58,5,director,C,angel,1,1
pair14,59,5,director,G,centaur,1,1
pair14,60,5,director,K,prayer,1,1
pair14,61,6,director,H,blob,1,1
pair14,62,6,director,I,ice skater,2,1
pair14,63,6,director,B,vomit,1,1
pair14,64,6,director,E,native american,2,1
pair14,65,6,director,A,frankenstein,1,1
pair14,66,6,director,F,debbie downer,2,1
pair14,67,6,director,G,centaur,1,1
pair14,68,6,director,L,squatty,1,1
pair14,69,6,director,K,prayer,1,1
pair14,70,6,director,D,graduate,1,1
pair14,71,6,director,C,angel,1,1
pair14,72,6,director,J,mountain,1,1
pair15,1,1,director,D,the photo looks like a man pointing left,8,1
pair15,2,1,director,L,man pointing right with his feet facing down,8,1
pair15,3,1,director,C,person shrugging,2,1
pair15,4,1,director,F,man sitting down facing left,5,1
pair15,5,1,director,H,man sitting down and looking down,6,0
pair15,6,1,director,J,shape with a solid left edge and right side looks like its pointing right,14,1
pair15,7,1,director,E,"looks like a rabbit, facing right",6,0
pair15,8,1,director,B,"the one you just clicked before, rabbit facing left",9,1
pair15,9,1,director,I,person balancing on one leg,5,1
pair15,10,1,director,A,"person balancing on one leg, with square on its back",10,1
pair15,11,1,director,K,person sitting down facing right with its legs facing up,10,1
pair15,12,1,director,G,looks like a chimney with a square on the left of it,12,0
pair15,13,2,director,B,rabbit facing left,3,1
pair15,14,2,director,H,person sitting looking down,4,0
pair15,15,2,director,D,person pointing left,3,1
pair15,16,2,director,F,person sitting facing left,4,1
pair15,17,2,director,C,person shrugging,2,1
pair15,18,2,director,A,balancing on one leg with square on its back,9,1
pair15,19,2,director,E,rabbit facing right,3,1
pair15,20,2,director,L,person pointing right,3,1
pair15,20,2,director,L,legs down,2,1
pair15,21,2,director,I,balancing on one leg facing left,6,1
pair15,22,2,director,G,"weird shape that is hard to describe, looks like chimney with a square on the left",16,1
pair15,23,2,director,J,"solid left edge, pointing right",5,1
pair15,24,2,director,K,"person pointing right, legs up",5,1
pair15,25,3,director,L,"pointing right, legs down",4,1
pair15,26,3,director,G,weird chimney shape,3,1
pair15,27,3,director,H,"person sitting on their legs,looking straight down",7,1
pair15,28,3,director,J,"solid left edge, pointing right",5,1
pair15,29,3,director,D,man pointing left,3,1
pair15,30,3,director,A,balancing on one leg with square on back,8,1
pair15,31,3,director,F,sitting down facing left,4,1
pair15,32,3,director,C,shrugging,1,1
pair15,33,3,director,B,rabbit facing left,3,1
pair15,34,3,director,I,balancing on leg facing left,5,1
pair15,35,3,director,K,"sitting down pointing right, legs up",6,1
pair15,36,3,director,E,rabbit facing right,3,1
pair15,37,4,director,G,weird chimney,2,1
pair15,38,4,director,A,"balancing on leg, square on back",6,1
pair15,39,4,director,K,"sitting down facing right, legs up",6,1
pair15,40,4,director,J,"solid left edge, pointing right",5,1
pair15,41,4,director,E,rabbit facing right,3,1
pair15,42,4,director,H,"sitting on legs, looking straight down",6,1
pair15,43,4,director,D,pointing left,2,1
pair15,44,4,director,C,shrugging,1,1
pair15,45,4,director,L,"pointing right, legs down",4,1
pair15,46,4,director,B,rabbit facing left,3,1
pair15,47,4,director,F,sitting down facing left,4,1
pair15,48,4,director,I,"on one leg, pointing left",5,1
pair15,49,5,director,C,shrugging,1,1
pair15,50,5,director,E,rabbit facing right,3,1
pair15,51,5,director,H,sitting on legs looking down,5,1
pair15,52,5,director,B,rabbit facing left,3,1
pair15,53,5,director,D,pointing left,2,1
pair15,54,5,director,A,"balancing on one leg, square on back",7,1
pair15,55,5,director,J,"solid left edge, points right",5,1
pair15,56,5,director,F,"sitting down, facing left",4,1
pair15,57,5,director,L,"pointing right, legs down",4,1
pair15,58,5,director,G,weird chimney,2,1
pair15,59,5,director,I,"balancing on leg, pointing left",5,1
pair15,60,5,director,K,"pointing right, legs up",4,1
pair15,61,6,director,F,"sitting down, facing left",4,1
pair15,62,6,director,A,"balancing on leg, square on back",6,1
pair15,63,6,director,E,rabbit facing right,3,1
pair15,64,6,director,J,"solid left edge, pointing right",5,1
pair15,65,6,director,K,"pointing right, legs up",4,1
pair15,66,6,director,L,"pointing right, legs down",4,1
pair15,67,6,director,G,weird chimney,2,1
pair15,68,6,director,H,"sitting on legs, looking down",5,1
pair15,69,6,director,C,shrugging,1,1
pair15,70,6,director,D,pointing left,2,1
pair15,71,6,director,B,rabbit facing left,3,1
pair15,72,6,director,I,"balancing on leg, points left",5,1
pair16,1,1,director,G,the object looks like someone doing a side lunge with left elbow up and right hand across body to the floor,21,1
pair16,2,1,director,B,person looks like they are kneeling with head looking down not up,12,0
pair16,3,1,director,H,image looks like it doesn't have feet and they are covered,11,1
pair16,4,1,director,L,doing a squat with arms out front,7,1
pair16,5,1,director,C,looks like they are putting their arms in the 'i don't know' stance,13,1
pair16,6,1,director,I,person looks like they are skating with one leg back and arms in the front,15,1
pair16,7,1,director,K,person looks like they are kneeling are praying and looking up,11,0
pair16,8,1,director,J,triangle head square is on the left and triangle shoulder,10,0
pair16,8,1,matcher,J,i do not know what that one is,8,0
pair16,8,1,matcher,J,the one where he is sitting down and sad?,9,0
pair16,8,1,matcher,J,with bunny ears,3,0
pair16,8,1,director,J,no bunny ears,3,0
pair16,8,1,director,J,"did you see boo on monsters, inc?",7,0
pair16,9,1,director,D,cap and gown looking holding a tray,7,1
pair16,10,1,director,A,flag holding with one foot up and looks like a dinosaur,11,1
pair16,11,1,director,E,sitting with knees up and movie camera on head,9,0
pair16,12,1,director,F,sitting back with sad looking head looking down,8,0
pair16,12,1,director,F,leaning back,2,0
pair16,13,2,director,F,"same clue as before, person leaning back on elbows with knees up",12,1
pair16,14,2,director,I,skater,1,1
pair16,15,2,director,H,no feet guy again,4,1
pair16,16,2,director,A,dinosaur flag dude,3,1
pair16,16,2,director,A,again,1,1
pair16,17,2,director,D,graduate again,2,1
pair16,18,2,director,J,portly figure sideways square as head,6,0
pair16,19,2,director,G,sideways lunge again,3,1
pair16,20,2,director,B,kneeling...both elbows up and pointy and looking down,8,0
pair16,21,2,director,L,squat dude with arms in front,6,1
pair16,21,2,director,L,squatting,1,1
pair16,22,2,director,C,'i don't know' guy,4,1
pair16,22,2,director,C,again,1,1
pair16,23,2,director,E,fan looking thing on head of person sitting,8,1
pair16,24,2,director,K,kneeling arms in front looking up,6,1
pair16,25,3,director,F,leaning back on elbows looking down,6,1
pair16,26,3,director,D,graduate,1,1
pair16,26,3,director,D,again,1,1
pair16,27,3,director,B,"kneeling, pointy elbows up looking down again",7,1
pair16,28,3,director,C,i don't know guy,4,1
pair16,29,3,director,L,squatting dude,2,1
pair16,30,3,director,H,no feet fellow...again,3,1
pair16,31,3,director,K,"kneeling, arms in front looking up",6,1
pair16,32,3,director,I,skater,1,1
pair16,33,3,director,J,"squatty short guy, sideways square as head",7,1
pair16,34,3,director,G,lunge,1,1
pair16,35,3,director,A,dinosaur flag,2,1
pair16,36,3,director,E,fan head sitter,3,1
pair16,37,4,director,C,i don't know guy,4,1
pair16,38,4,director,J,short squatty sideways square head,5,1
pair16,39,4,director,B,point elbows up kneeling looking down,6,0
pair16,40,4,director,D,graduate,1,1
pair16,41,4,director,G,lunger,1,1
pair16,42,4,director,F,leaning back on elbows looking down,6,1
pair16,43,4,director,H,no feet dude,3,1
pair16,44,4,director,E,fan head,2,1
pair16,45,4,director,K,"praying, kneeling, looking up",4,1
pair16,46,4,director,I,skater,1,1
pair16,47,4,director,A,dino flag,2,1
pair16,48,4,director,L,"squatting, arms in front",4,1
pair16,49,5,director,D,graduate,1,1
pair16,50,5,director,B,pointy elbow kneeling looking down,5,0
pair16,51,5,director,C,i don't know guy,4,1
pair16,52,5,director,I,skater,1,1
pair16,53,5,director,K,"kneeling, arms in front looking up",6,1
pair16,54,5,director,J,short squatty sideways square head,5,0
pair16,55,5,director,A,graduate,1,0
pair16,56,5,director,L,squatting,1,0
pair16,57,5,director,G,lunger,1,1
pair16,57,5,matcher,G,.. i read skater,4,1
pair16,58,5,director,H,no feet guy,3,1
pair16,59,5,director,F,leaning back on elbows looking down,6,1
pair16,60,5,director,E,fan head,2,1
pair16,61,6,director,L,squatting arms in front,4,1
pair16,62,6,director,G,lunger,1,1
pair16,63,6,director,J,short squatty sideways square head. always want to type spongebob,10,1
pair16,64,6,director,E,fan head,2,1
pair16,65,6,director,I,skater,1,1
pair16,66,6,director,K,"praying, kneeling, looking up",4,1
pair16,67,6,director,H,no feet dude,3,1
pair16,68,6,director,B,"point elbows, kneeling, looking down",5,1
pair16,69,6,director,A,dino flag,2,1
pair16,70,6,director,D,graduate,1,1
pair16,71,6,director,F,leaning back looking down,4,1
pair16,72,6,director,C,i don't know guy,4,1
pair17,1,1,director,C,the image looks like a guy waving both arms,9,1
pair17,2,1,director,L,this one looks like a duck with a diamond on his head,12,1
pair17,3,1,director,J,"this one has a straight edge and then a diamond on top, it looks like the diamond is on a cliff",21,1
pair17,4,1,director,D,this is also a straight edge but it looks like a person with their hands out,16,1
pair17,5,1,director,F,this looks like a man sitting down,7,1
pair17,5,1,matcher,F,knees up?,2,1
pair17,5,1,director,F,yes,1,1
pair17,6,1,director,G,this one looks like a woman dancing with her dress trailing alongside her,13,1
pair17,7,1,director,K,this one looks like the duck one but has an extra part on the bottom sticking up,17,1
pair17,8,1,director,A,looks like a guy walking with a block on his back,11,1
pair17,9,1,director,I,looks like a guy standing on one leg with his other leg out behind him,15,1
pair17,10,1,director,E,looks like a bunny,4,1
pair17,10,1,matcher,E,sorry not sure,3,1
pair17,10,1,director,E,two triangles on top of a square and then what looks like a mountain,14,1
pair17,11,1,director,B,looks like a girl with a bow in her hair begging,11,1
pair17,12,1,director,H,i think this is the only one we haven't done yet. a diamond on top of just a like oval shape? i don't know how to describe this one,29,1
pair17,12,1,matcher,H,i see a chair with no legs and a square on top? next time we can just say chair?,19,1
pair17,13,2,director,C,guy waving his arms,4,1
pair17,14,2,director,A,guy with block on his back,6,1
pair17,15,2,director,G,girl dancing with dress trailing behind,6,1
pair17,16,2,director,F,guy sitting,2,1
pair17,17,2,director,B,girl with bow begging,4,1
pair17,18,2,director,I,guy on one leg,4,1
pair17,19,2,director,K,the weirder looking duck,4,1
pair17,19,2,director,K,second one,2,1
pair17,20,2,director,L,duck,1,1
pair17,21,2,director,J,diamond on cliff,3,1
pair17,22,2,director,H,last one i couldn't describe of diamond on oval,9,1
pair17,23,2,director,D,guy with his hands out,5,1
pair17,24,2,director,E,bunny,1,1
pair17,25,3,director,G,girl dancing with dress trailing,5,1
pair17,26,3,director,B,girl with bow begging,4,1
pair17,27,3,director,F,guy sitting,2,1
pair17,28,3,director,H,diamond on oval,3,1
pair17,29,3,director,J,diamond on cliff,3,1
pair17,30,3,director,I,guy on one leg,4,1
pair17,31,3,director,K,weird duck,2,1
pair17,32,3,director,E,bunny,1,1
pair17,33,3,director,L,duck,1,1
pair17,34,3,director,D,guy with hands out,4,1
pair17,35,3,director,A,guy with block on his back,6,1
pair17,36,3,director,C,guy waving,2,1
pair17,37,4,director,G,girl dancing with dress trailing,5,1
pair17,38,4,director,J,diamond on cliff,3,1
pair17,39,4,director,A,guy with block on back,5,1
pair17,40,4,director,I,guy on one leg,4,1
pair17,41,4,director,L,duck,1,1
pair17,42,4,director,E,bunny,1,1
pair17,43,4,director,H,diamond on oval,3,1
pair17,44,4,director,D,guy with hands out,4,1
pair17,45,4,director,K,weird duck,2,1
pair17,46,4,director,B,girl with bow begging,4,1
pair17,47,4,director,C,guy waving,2,1
pair17,48,4,director,F,guy sitting,2,1
pair17,49,5,director,D,guy with hands out,4,1
pair17,50,5,director,A,guy with block on back,5,1
pair17,51,5,director,I,guy on one leg,4,1
pair17,52,5,director,G,girl dancing with dress trailing,5,1
pair17,53,5,director,E,bunny,1,1
pair17,54,5,director,B,girl with bow begging,4,1
pair17,55,5,director,K,weird duck,2,1
pair17,56,5,director,F,guy sitting,2,1
pair17,57,5,director,C,guy waving,2,1
pair17,58,5,director,L,duck,1,1
pair17,59,5,director,H,diamond on oval,3,1
pair17,60,5,director,J,diamond on cliff,3,1
pair17,61,6,director,J,diamond on cliff,3,1
pair17,62,6,director,F,guy sitting,2,1
pair17,63,6,director,D,guy with hands out,4,1
pair17,64,6,director,C,guy waving,2,1
pair17,65,6,director,H,diamond on oval,3,1
pair17,66,6,director,K,weird duck,2,1
pair17,67,6,director,B,girl with bow begging,4,1
pair17,68,6,director,E,bunny,1,1
pair17,69,6,director,G,girl dancing with dress trailing,5,1
pair17,70,6,director,A,guy with block on back,5,1
pair17,71,6,director,L,duck,1,1
pair17,72,6,director,I,guy on one leg,4,1
pair18,1,1,director,I,looks like a person balancing on one leg and sticking the other back,13,1
pair18,1,1,matcher,I,is he leaning forwards?,4,1
pair18,1,1,director,I,like an ice skater spinning,5,1
pair18,1,1,director,I,yes,1,1
pair18,2,1,director,G,looks like person punching something on ground,7,1
pair18,2,1,director,G,looking down,2,1
pair18,3,1,director,H,looks like person holding something in their lap or sitting,10,0
pair18,3,1,director,H,nothing on head,3,0
pair18,4,1,director,L,praying,1,0
pair18,4,1,director,L,theres 2 that look similar,5,0
pair18,4,1,director,L,the one without feet pointing up,6,0
pair18,4,1,director,L,(feet pointed back),3,0
pair18,5,1,director,A,person looking down and marching,5,1
pair18,5,1,director,A,with square on back,4,1
pair18,6,1,director,K,on knees,2,0
pair18,6,1,director,K,feet pointed up,3,0
pair18,6,1,director,K,praying?,1,0
pair18,7,1,director,J,diamond head,2,1
pair18,7,1,director,J,top wider than bottom,4,1
pair18,8,1,director,F,sitting looking down with legs out,6,1
pair18,8,1,director,F,space under knees,3,1
pair18,9,1,director,B,praying,1,0
pair18,9,1,director,B,you picked it earlier,4,0
pair18,9,1,director,B,the first time,3,0
pair18,10,1,director,C,arms in air,3,1
pair18,10,1,director,C,like confused,2,1
pair18,11,1,director,D,"diamond head, arm straight out",5,1
pair18,11,1,director,D,sleeve dropping,2,1
pair18,11,1,director,D,drooping,1,1
pair18,12,1,director,E,sitting with triangles on head looking down,7,1
pair18,13,2,director,J,"diamond head, wide top thin bottom",6,1
pair18,14,2,director,B,"praying, you picked it earlier",5,0
pair18,14,2,director,B,feet and hands are triangles,5,0
pair18,14,2,director,B,hood on,2,0
pair18,14,2,director,B,head tilted down,3,0
pair18,15,2,director,D,diamond head,2,1
pair18,15,2,director,D,arm out,2,1
pair18,15,2,director,D,sleeve,1,1
pair18,16,2,director,I,first one,2,1
pair18,16,2,director,I,leaning forward,2,1
pair18,16,2,director,I,one leg,2,1
pair18,17,2,director,F,sitting head down pace under knees,6,1
pair18,17,2,director,F,space,1,1
pair18,18,2,director,L,"knees bent, arms out diamond head",6,1
pair18,19,2,director,H,diamond head,2,0
pair18,19,2,director,H,wider bottom than top,4,0
pair18,20,2,director,C,confused,1,1
pair18,20,2,director,C,arms in air,3,1
pair18,21,2,director,K,kneeling,1,1
pair18,21,2,director,K,hood on left,3,1
pair18,21,2,director,K,arms out on right,4,1
pair18,21,2,director,K,diamond head,2,1
pair18,22,2,director,E,triangles on head,3,1
pair18,23,2,director,G,strange looking,2,1
pair18,23,2,director,G,head on left,3,1
pair18,23,2,director,G,triangle hood maybe on right,5,1
pair18,23,2,director,G,triangle on bottom right,4,1
pair18,24,2,director,A,man marching,2,1
pair18,24,2,director,A,square on back,3,1
pair18,25,3,director,C,confused,1,1
pair18,25,3,director,C,arms up,2,1
pair18,26,3,director,H,diamond head wide bottom thinner top,6,1
pair18,27,3,director,D,arm out,2,1
pair18,27,3,director,D,sleeve,1,1
pair18,28,3,director,E,triangles on head,3,1
pair18,29,3,director,I,on one leg,3,1
pair18,30,3,director,L,hands out diamond head,4,1
pair18,30,3,director,L,bent knees,2,1
pair18,31,3,director,F,sitting,1,1
pair18,31,3,director,F,space under knees,3,1
pair18,32,3,director,G,punching ground,2,0
pair18,33,3,director,J,diamond head,2,1
pair18,33,3,director,J,wide top narrow bottom,4,1
pair18,34,3,director,A,marching,1,1
pair18,35,3,director,K,arms out on right,4,1
pair18,35,3,director,K,feet up on left,4,1
pair18,35,3,director,K,on knees,2,1
pair18,36,3,director,B,on knees but praying,4,1
pair18,36,3,director,B,triangle hood,2,1
pair18,37,4,director,L,bent knees,2,1
pair18,38,4,director,H,diamond head wide bottom thin top,6,1
pair18,39,4,director,G,punching ground,2,1
pair18,40,4,director,K,on knees,2,1
pair18,40,4,director,K,feet up,2,1
pair18,40,4,director,K,arms out,2,1
pair18,41,4,director,B,praying,1,0
pair18,41,4,director,B,on knees,2,0
pair18,42,4,director,D,arm out,2,1
pair18,42,4,director,D,sleeve,1,1
pair18,43,4,director,C,confused,1,1
pair18,44,4,director,J,diamond head,2,1
pair18,44,4,director,J,wide top,2,1
pair18,44,4,director,J,narrow bottom,2,1
pair18,45,4,director,I,one leg,2,1
pair18,46,4,director,E,triangles on head,3,1
pair18,47,4,director,A,marching,1,1
pair18,48,4,director,F,sitting space under knees,4,1
pair18,49,5,director,K,on knees,2,1
pair18,49,5,director,K,feet up,2,1
pair18,49,5,director,K,arm out right,3,1
pair18,50,5,director,L,knees bent,2,1
pair18,51,5,director,H,diamond head,2,1
pair18,51,5,director,H,narrow top,2,1
pair18,51,5,director,H,wide bottom,2,1
pair18,52,5,director,G,punching ground,2,1
pair18,53,5,director,A,marching,1,1
pair18,54,5,director,B,praying,1,1
pair18,54,5,director,B,triangle hood,2,1
pair18,54,5,director,B,on knees,2,1
pair18,54,5,director,B,triangle hands,2,1
pair18,55,5,director,F,sitting space under knee,4,1
pair18,56,5,director,E,triangles head,2,1
pair18,57,5,director,D,arm out',2,1
pair18,57,5,director,D,sleeve,1,1
pair18,58,5,director,C,confused,1,1
pair18,59,5,director,J,diamond head,2,1
pair18,59,5,director,J,wide top,2,1
pair18,60,5,director,I,one leg,2,1
pair18,61,6,director,G,punching,1,1
pair18,62,6,director,K,on knees,2,1
pair18,63,6,director,A,marching,1,1
pair18,64,6,director,L,bent knees,2,1
pair18,65,6,director,I,one leg,2,1
pair18,66,6,director,F,space under knee,3,1
pair18,67,6,director,B,praying,1,0
pair18,68,6,director,C,confused,1,1
pair18,69,6,director,H,wide bottom,2,1
pair18,69,6,director,H,diamond head,2,1
pair18,70,6,director,J,wide top,2,1
pair18,70,6,director,J,diamond head,2,1
pair18,71,6,director,E,triangle head,2,1
pair18,71,6,director,E,triangle had,2,1
pair18,71,6,director,E,head,1,1
pair18,72,6,director,D,arm out,2,1
pair18,72,6,director,D,sleeve,1,1
pair19,1,1,director,K,"looks like a kneeling person facing to the right, diamond at top center, triangle pointing up in bottom left",19,1
pair19,2,1,director,F,"looks like a person sitting on the ground with legs out in front, head looking down",16,1
pair19,2,1,director,F,facing to the left,4,1
pair19,3,1,director,B,"looks like a person praying, facing to the right, feet in bottom left, hands raised near head",17,1
pair19,4,1,director,I,looks like an ice skater with one leg in air,10,1
pair19,5,1,director,G,"trapezoid in bottom left, small triangle in bottom right",9,1
pair19,5,1,director,G,square in top middle,4,1
pair19,6,1,director,J,"diamond top middle, mostly rectangle for body",7,1
pair19,7,1,director,E,two triangles for head,4,1
pair19,8,1,director,H,"diamond top middle, larger diamond shape for body",8,1
pair19,8,1,director,H,triangle pointing right in bottom right,6,1
pair19,9,1,director,L,"kneeling person, two triangles pointing right",6,0
pair19,10,1,director,C,person with two arms raised wide,6,1
pair19,11,1,director,D,person standing facing left,4,1
pair19,12,1,director,A,square top right corner,4,1
pair19,13,2,director,B,person kneeling facing right with hands raised near head,9,1
pair19,14,2,director,I,ice skater,2,1
pair19,15,2,director,C,arms raised wide,3,1
pair19,16,2,director,K,"kneeling right, triangle pointing up for feet",7,1
pair19,16,2,director,K,diamond top middle,3,1
pair19,17,2,director,G,"two triangles right side, trapezoid bottom left",7,1
pair19,18,2,director,F,man sitting facing left with legs out,7,1
pair19,19,2,director,H,"diamond top middle, diamond shaped large body",7,1
pair19,19,2,director,H,triangle bottom right,3,1
pair19,20,2,director,L,"kneeling facing right, no feet pointing up",7,1
pair19,21,2,director,A,square top right,3,1
pair19,22,2,director,J,"diamond top middle, mostly rectangle body",6,1
pair19,23,2,director,D,"facing left, arm out",4,1
pair19,23,2,director,D,standing,1,1
pair19,24,2,director,E,two triangles at top,4,1
pair19,25,3,director,G,"two right side triangles, trapezoid bottom left",7,1
pair19,26,3,director,D,"man facing left, arm out",5,1
pair19,27,3,director,J,mostly rectangle body,3,1
pair19,28,3,director,I,ice skater,2,1
pair19,29,3,director,K,"kneeling right, triangle pointing up at back",7,1
pair19,30,3,director,L,"kneeling right, no triangle feet",5,1
pair19,31,3,director,A,square top right,3,1
pair19,32,3,director,H,"diamond head, triangle bottom right, large body",7,1
pair19,33,3,director,F,man sitting on ground,4,1
pair19,34,3,director,C,arms raised wide,3,1
pair19,35,3,director,B,"kneeling, triangle near head",4,1
pair19,36,3,director,E,two triangles at top,4,1
pair19,37,4,director,C,arms raised wide,3,1
pair19,38,4,director,A,square top right,3,1
pair19,39,4,director,I,ice skater,2,1
pair19,40,4,director,L,"kneeling, no feet",3,1
pair19,41,4,director,J,mostly rectangle body,3,1
pair19,42,4,director,D,"standing facing left, arm out",5,1
pair19,43,4,director,K,"kneeling, triangle at back for feet",6,1
pair19,43,4,matcher,K,triangle straight up or back,5,1
pair19,43,4,director,K,"partial triangle, close to back",5,1
pair19,44,4,director,E,two triangle head,3,1
pair19,45,4,director,B,"kneeling, triangle close to head",5,1
pair19,46,4,director,G,"two triangles right, trapezoid bottom left",6,1
pair19,47,4,director,H,diamond center mass,3,1
pair19,47,4,director,H,"diamond head, triangle pointing bottom right",6,1
pair19,48,4,director,F,sitting on ground,3,1
pair19,49,5,director,K,"kneeling, jutting up",3,1
pair19,49,5,director,K,triangle at back,3,1
pair19,50,5,director,L,"kneeling, no feet",3,1
pair19,51,5,director,A,square top right,3,1
pair19,52,5,director,D,standing facing left,3,1
pair19,53,5,director,E,triangles top,2,1
pair19,54,5,director,H,"diamond head, diamond blob body",5,1
pair19,55,5,director,I,ice skater,2,1
pair19,56,5,director,B,"kneeling, small triangle feet",4,1
pair19,56,5,director,B,triangle near head,3,1
pair19,57,5,director,C,arms raised wide,3,1
pair19,58,5,director,G,two triangles right,3,1
pair19,58,5,director,G,trapezoid bottom left,3,1
pair19,59,5,director,J,mostly rectangle body,3,1
pair19,60,5,director,F,sitting on ground,3,1
pair19,60,5,director,F,legs out,2,1
pair19,61,6,director,L,"kneeling, no feet",3,1
pair19,62,6,director,K,"kneeling, feet jutting up",4,1
pair19,62,6,director,K,near back,2,1
pair19,63,6,director,A,square top right,3,1
pair19,64,6,director,C,arms wide,2,1
pair19,65,6,director,H,diamond blob,2,1
pair19,66,6,director,E,triangles top,2,1
pair19,67,6,director,I,ice skater,2,1
pair19,68,6,director,J,rectangle body,2,1
pair19,69,6,director,F,sitting on ground,3,1
pair19,70,6,director,B,"kneeling, triangle near head",4,1
pair19,71,6,director,D,standing,1,1
pair19,71,6,director,D,facing left,2,1
pair19,71,6,director,D,arm out,2,1
pair19,72,6,director,G,two triangles right,3,1
pair20,1,1,director,L,sitting,1,0
pair20,2,1,director,B,it was like chimney,4,0
pair20,3,1,director,K,"diamond shape on top, tail at back",7,0
pair20,4,1,director,H,diamond on top and shirt without hand,7,1
pair20,5,1,director,D,diamond on top and only left hand,7,1
pair20,6,1,director,F,"diamond on top, sitting and look like doing crunches",9,1
pair20,6,1,director,F,stomach crunch,2,1
pair20,7,1,director,C,"diamond with two hands look like dancing, raising hand upwards",10,1
pair20,8,1,director,E,"rabbit head, diamond with two triangles on top",8,1
pair20,9,1,director,J,diamond on table,3,1
pair20,9,1,matcher,J,is it the same figure you called a chimney earlier?,10,1
pair20,10,1,director,A,"one leg rising towards left side, looks like alien",9,1
pair20,11,1,director,G,looks like dog,3,0
pair20,12,1,director,I,diamond head and raise leg back,6,1
pair20,13,2,director,B,you select previous dog,4,0
pair20,14,2,director,I,"diamond on top , and raise leg backwards",8,1
pair20,15,2,director,K,"diamond on top and look like reading a book, book is on right side",14,0
pair20,16,2,director,D,now reading on left side,5,1
pair20,17,2,director,C,raise two hands on top,5,1
pair20,18,2,director,E,rabbit head,2,1
pair20,19,2,director,J,diamond on table,3,1
pair20,20,2,director,H,diamond head with no hands,5,1
pair20,21,2,director,A,alien,1,1
pair20,22,2,director,F,crunches,1,1
pair20,23,2,director,L,"book on right side, you select that answer wrongly, now it is the right one",15,1
pair20,24,2,director,G,dog,1,0
pair20,25,3,director,A,alien,1,1
pair20,26,3,director,D,book on left side,4,1
pair20,27,3,director,C,hand rise both,3,1
pair20,28,3,director,I,leg rise right side,4,1
pair20,29,3,director,K,book on right side with tail,6,1
pair20,30,3,director,J,diamond on table,3,1
pair20,31,3,director,L,book on right side without tail,6,1
pair20,32,3,director,H,without hands,2,1
pair20,33,3,director,E,rabbit,1,1
pair20,34,3,director,G,dog,1,0
pair20,35,3,director,B,previous selected dog,3,1
pair20,36,3,director,F,crunches,1,1
pair20,36,3,director,F,now crunches,2,1
pair20,37,4,director,F,same crunches,2,1
pair20,38,4,director,L,reading without tail,3,1
pair20,39,4,director,I,leg raise on back right side,6,1
pair20,40,4,director,C,hand raise both,3,1
pair20,41,4,director,J,diamond on table,3,1
pair20,42,4,director,K,reading book on right with tail,6,1
pair20,43,4,director,E,rabbit,1,1
pair20,44,4,director,H,without hands,2,1
pair20,45,4,director,A,alien,1,1
pair20,46,4,director,D,book on left,3,1
pair20,47,4,director,B,dog 2,2,0
pair20,48,4,director,G,dog 1,2,0
pair20,48,4,matcher,G,freaking dogs.,2,0
pair20,49,5,director,B,dog 2,2,1
pair20,50,5,director,J,diamond on table,3,1
pair20,51,5,director,E,rabbit,1,1
pair20,52,5,director,G,dog 1,2,1
pair20,53,5,director,A,alien,1,1
pair20,54,5,director,L,book on right without tail,5,1
pair20,55,5,director,F,crunches,1,1
pair20,56,5,director,C,hands both,2,1
pair20,57,5,director,D,book left,2,1
pair20,58,5,director,K,book right with tail,4,1
pair20,59,5,director,I,leg raise on back,4,1
pair20,60,5,director,H,no hands,2,1
pair20,61,6,director,E,rabbit,1,1
pair20,62,6,director,C,both hands,2,1
pair20,63,6,director,K,tail,1,1
pair20,64,6,director,A,alien,1,1
pair20,65,6,director,J,table,1,1
pair20,66,6,director,D,left book,2,1
pair20,67,6,director,G,dog 1,2,1
pair20,68,6,director,F,crunches,1,1
pair20,69,6,director,H,no hands,2,1
pair20,70,6,director,L,without tail,2,1
pair20,71,6,director,B,dog 2,2,1
pair20,72,6,director,I,back leg raise,3,1
pair21,1,1,director,B,"looking for a diamond at the top, triangle pointing towards the left",12,1
pair21,1,1,director,B,close to a person praying on their knees,8,1
pair21,1,1,matcher,B,is there a triangle pointing right as well?,8,1
pair21,1,1,director,B,there's a triangle on the right also. just below the diamond and to the right,15,1
pair21,1,1,director,B,could also be seen as a mouse in silhouette,9,1
pair21,1,1,matcher,B,anything happening at the bottom?,5,1
pair21,1,1,director,B,like a mountain,3,1
pair21,2,1,director,G,this one looks like a seal,6,0
pair21,3,1,director,K,this one looks like a small dog balancing a ball on its nose,13,0
pair21,4,1,director,A,this looks like one of the spy vs spy guys looking down and walking with a flag on his right shoulder.,21,1
pair21,5,1,director,J,this is a diamond on top of what looks like a state - top of state is a straight line,20,1
pair21,6,1,director,E,could be a bow or bunny ears in profile on top of a lightning bolt,15,1
pair21,7,1,director,H,the other possible diamond/state combo. state looks like indiana,9,1
pair21,8,1,director,I,person ice skating with leg out and arms out in front,11,1
pair21,9,1,director,C,preacher with hands up in air,6,1
pair21,10,1,director,D,"graduate giving speech at lectern, in profile",7,1
pair21,10,1,matcher,D,pointing a direction?,3,1
pair21,10,1,director,D,the lectern is pointing to the left,7,1
pair21,11,1,director,L,looks like shadow of a person on their knees facing right,11,1
pair21,11,1,director,L,bottom half makes lightning bolt,5,1
pair21,12,1,director,F,same graduate sitting down with knees up and feet on ground. facing left,13,0
pair21,12,1,director,F,looking down at feet,4,0
pair21,13,2,director,J,first diamond on top of state shape again,8,1
pair21,13,2,director,J,straight line on top,4,1
pair21,14,2,director,F,graduate sitting and looking down from 2 questions ago,9,1
pair21,15,2,director,A,spy vs spy,3,1
pair21,16,2,director,D,graduate at lectern,3,1
pair21,16,2,matcher,D,left?,1,1
pair21,16,2,director,D,yes,1,1
pair21,17,2,director,E,rabbit ears lightning bolt base looking right,7,1
pair21,18,2,director,G,seal with ball - diamond on left strange hook shape on right,12,1
pair21,19,2,director,B,mouse from beginning,3,1
pair21,19,2,director,B,mountain base,2,1
pair21,20,2,director,H,indiana with diamond in top,5,1
pair21,21,2,director,C,preacher,1,1
pair21,22,2,director,K,dog with ball,3,0
pair21,23,2,director,L,shadow person lighting bolt base,5,1
pair21,24,2,director,I,ice skater,2,1
pair21,25,3,director,B,mouse,1,1
pair21,25,3,director,B,repeat mouse mountain base,4,1
pair21,26,3,director,J,state with flat top diamond,5,1
pair21,27,3,director,K,dog with ball,3,1
pair21,28,3,director,L,shadow person lightning bolt base,5,1
pair21,29,3,director,D,grad at lectern,3,1
pair21,30,3,director,A,spy,1,1
pair21,31,3,director,F,sitting grad pointed left,4,1
pair21,32,3,director,G,seal with ball,3,1
pair21,33,3,director,C,preacher,1,1
pair21,34,3,director,E,rabbit ears lightning base,4,1
pair21,35,3,director,H,indiana diamond,2,1
pair21,36,3,director,I,skate,1,1
pair21,37,4,director,K,dog with ball,3,1
pair21,38,4,director,L,shadow lightning bolt,3,1
pair21,39,4,director,I,skate,1,1
pair21,40,4,director,E,rabbit ears,2,1
pair21,41,4,director,J,diamond flat top state,4,1
pair21,42,4,director,D,grad lectern,2,1
pair21,43,4,director,F,sitting grad,2,1
pair21,44,4,director,C,preacher,1,1
pair21,45,4,director,A,spy,1,1
pair21,46,4,director,G,seal,1,1
pair21,47,4,director,B,mouse,1,1
pair21,48,4,director,H,indiana diamond,2,1
pair21,49,5,director,I,skate,1,1
pair21,50,5,director,A,spy,1,1
pair21,51,5,director,L,shadow lightning bolt,3,1
pair21,52,5,director,G,seal,1,1
pair21,53,5,director,H,indiana diamond,2,1
pair21,54,5,director,J,flat top state diamond,4,1
pair21,55,5,director,F,sitting grad,2,1
pair21,56,5,director,C,preacher,1,1
pair21,57,5,director,B,mouse,1,1
pair21,58,5,director,D,grad lectern,2,1
pair21,59,5,director,K,dog ball,2,0
pair21,59,5,director,K,diamond on nose dog on hind legs,7,0
pair21,60,5,director,E,rabbit ears,2,1
pair21,61,6,director,H,indiana,1,1
pair21,62,6,director,L,shadow lightning,2,1
pair21,63,6,director,F,sitting grad,2,1
pair21,63,6,director,F,grad,1,1
pair21,64,6,director,K,dog and ball -,4,1
pair21,65,6,director,G,seal,1,1
pair21,66,6,director,J,flat top diamond,3,1
pair21,67,6,director,I,skate,1,1
pair21,68,6,director,E,rabbit ears,2,1
pair21,69,6,director,D,grad lectern,2,1
pair21,70,6,director,C,preacher,1,1
pair21,71,6,director,B,mouse,1,1
pair21,72,6,director,A,spy,1,1
pair22,1,1,director,G,it looks like a mountain with a square falling down on the left,13,1
pair22,1,1,matcher,G,you can describe it as a human figure doing something if it's easier,13,1
pair22,2,1,director,A,a dinosaur with a square falling off his back on the right side,13,1
pair22,3,1,director,H,a baby cradle,3,0
pair22,3,1,matcher,H,cradle?,1,0
pair22,3,1,director,H,*cradled,1,0
pair22,3,1,matcher,H,whats a cradled,3,0
pair22,3,1,matcher,H,oh cradled?,2,0
pair22,3,1,director,H,caterpillar in a cocoon,4,0
pair22,4,1,director,F,a man laying/sitting,3,1
pair22,5,1,director,L,it looks very similar to another,6,0
pair22,5,1,matcher,L,??,1,0
pair22,5,1,director,L,square looks like a diamond and the man is kneeling,10,0
pair22,6,1,director,D,man standing straight with hands out,6,1
pair22,6,1,director,D,as to offer food?,4,1
pair22,7,1,director,I,leg bent backwards,3,1
pair22,8,1,director,E,sitting,1,0
pair22,9,1,director,J,it looks like a baby in big dress,8,0
pair22,9,1,director,J,hands up,2,0
pair22,10,1,director,C,flying,1,1
pair22,11,1,director,K,kneeling with hands out,4,1
pair22,11,1,director,K,forward,1,1
pair22,12,1,director,B,kneeling with hands out to side,6,0
pair22,12,1,director,B,on knees,2,0
pair22,12,1,matcher,B,facing left or right,4,0
pair22,12,1,director,B,hands out to side,4,0
pair22,12,1,director,B,right,1,0
pair22,12,1,director,B,my right,2,0
pair22,13,2,director,G,karate move?,2,0
pair22,13,2,director,G,head cocked to left,4,0
pair22,14,2,director,H,baby swaddled,2,1
pair22,14,2,director,H,in a blanket,3,1
pair22,14,2,matcher,H,no arms?,2,1
pair22,14,2,director,H,or a cocoon,3,1
pair22,14,2,director,H,no arms,2,1
pair22,15,2,director,C,flying,1,1
pair22,16,2,director,J,baby penguin,2,1
pair22,16,2,director,J,short legs?,2,1
pair22,16,2,matcher,J,standing?,1,1
pair22,16,2,director,J,yes,1,1
pair22,16,2,director,J,maybe?,1,1
pair22,16,2,matcher,J,on one leg?,3,1
pair22,16,2,director,J,hands up,2,1
pair22,16,2,director,J,"both legs, it is unclear",5,1
pair22,16,2,matcher,J,facing forward?,2,1
pair22,16,2,director,J,yes,1,1
pair22,17,2,director,D,man offering,2,1
pair22,17,2,director,D,standing,1,1
pair22,18,2,director,K,person kneeling to my right,5,0
pair22,18,2,matcher,K,arms out?,2,0
pair22,18,2,director,K,arms out to their forward,5,0
pair22,18,2,matcher,K,hat?,1,0
pair22,18,2,director,K,no,1,0
pair22,19,2,director,I,flying with one leg down,5,1
pair22,19,2,director,I,yoga pose,2,1
pair22,20,2,director,F,man laying/sitting,2,1
pair22,20,2,matcher,F,no arms?,2,1
pair22,20,2,director,F,no arms,2,1
pair22,20,2,matcher,F,hat?,1,1
pair22,20,2,director,F,no,1,1
pair22,21,2,director,B,person on knees turned towards my right with arms out to their sides,13,0
pair22,22,2,director,A,frankenstein,1,0
pair22,22,2,director,A,monster,1,0
pair22,22,2,director,A,dinosaur,1,0
pair22,23,2,director,E,person with hat,3,1
pair22,23,2,director,E,sitting down,2,1
pair22,23,2,director,E,head facing my right,4,1
pair22,23,2,matcher,E,two horn like things?,4,1
pair22,23,2,director,E,yes,1,1
pair22,24,2,director,L,person bending towards my right,5,0
pair22,24,2,director,L,arms out forward,3,0
pair22,24,2,director,L,arms out to right side of photo,7,0
pair22,24,2,matcher,L,kneeling?,1,0
pair22,24,2,director,L,yes,1,0
pair22,25,3,director,L,person kneeling to right side,5,0
pair22,26,3,director,J,standing forward,2,1
pair22,26,3,director,J,arms out to side,4,1
pair22,26,3,matcher,J,one arms or 2,4,1
pair22,26,3,director,J,two,1,1
pair22,27,3,director,I,flying with leg down,4,1
pair22,27,3,director,I,one leg down,3,1
pair22,28,3,director,C,flying,1,1
pair22,29,3,director,D,offering food while standing,4,1
pair22,29,3,matcher,D,legs straight?,2,1
pair22,29,3,director,D,yes,1,1
pair22,30,3,director,A,one leg up,3,1
pair22,30,3,director,A,head towards side,3,1
pair22,30,3,matcher,A,karate?,1,1
pair22,30,3,director,A,no,1,1
pair22,30,3,matcher,A,or dinosaur,2,1
pair22,30,3,director,A,yes,1,1
pair22,31,3,director,E,sitting head toward the right side,6,0
pair22,31,3,director,E,hat,1,0
pair22,31,3,director,E,triangle hat,2,0
pair22,32,3,director,H,cocoon,1,1
pair22,33,3,director,B,arms out,2,0
pair22,33,3,director,B,on knees,2,0
pair22,33,3,director,B,arms out to side,4,0
pair22,34,3,director,F,sitting/laying,1,1
pair22,35,3,director,G,karate,1,1
pair22,36,3,director,K,offering while kneeling,3,0
pair22,37,4,director,G,karate,1,1
pair22,38,4,director,I,flying with one leg down,5,1
pair22,39,4,director,H,cocoon,1,1
pair22,40,4,director,L,offering food while kneeling,4,1
pair22,40,4,matcher,L,kneeling partially or all the way,6,1
pair22,40,4,director,L,partly,1,1
pair22,41,4,director,D,offering while standing,3,1
pair22,42,4,director,F,sitting/laying,1,1
pair22,43,4,director,K,kneeling while offering with one leg bent up and backwards,10,1
pair22,44,4,director,A,dino,1,1
pair22,45,4,director,C,flying,1,1
pair22,46,4,director,B,on knees,2,0
pair22,46,4,director,B,hands out to side,4,0
pair22,47,4,director,E,sitting with a hat,4,1
pair22,48,4,director,J,penguin,1,1
pair22,49,5,director,A,dino,1,1
pair22,50,5,director,D,offering while standing,3,1
pair22,51,5,director,F,sitting/laying,1,1
pair22,52,5,director,I,flying with one leg down,5,1
pair22,53,5,director,E,sitting with hat,3,1
pair22,54,5,director,K,kneeling while offering with leg bent back and up,9,1
pair22,55,5,director,B,on knees facing forward hands out to side,8,0
pair22,56,5,director,L,bending with offering,3,0
pair22,57,5,director,C,flying,1,1
pair22,58,5,director,J,penguin,1,1
pair22,59,5,director,H,cocoon,1,1
pair22,60,5,director,G,karate,1,1
pair22,61,6,director,D,offering while standing,3,1
pair22,62,6,director,K,offering while kneeling with leg back and up,8,1
pair22,63,6,director,J,penguin,1,1
pair22,64,6,director,E,sitting with hat,3,0
pair22,65,6,director,H,cocoon,1,1
pair22,66,6,director,C,flying,1,1
pair22,67,6,director,F,sitting/laying,1,1
pair22,68,6,director,A,dinosaur,1,1
pair22,69,6,director,L,kneeling while offering both legs downward,6,1
pair22,70,6,director,G,karate,1,1
pair22,71,6,director,B,"on knees, facing forward, both arms out to sides",9,0
pair22,72,6,director,I,flying with one leg down,5,1
pair23,1,1,director,I,the object looks like it is standing on one foot with the leg in the air backwards,17,0
pair23,2,1,director,J,the object has a diamond on top and the left is a straight box with three points to the right,20,0
pair23,3,1,director,H,the object has a diamond on top and the middle looks like a house,14,1
pair23,4,1,director,F,diamond on top the object is sitting down with feet to the left,13,1
pair23,5,1,director,D,diamond on top straight part is on right side standing position with feet on ground facing left direction,18,0
pair23,6,1,director,C,diamond on top both hands are outstretched in air,9,1
pair23,7,1,director,G,object is sitting down like it's leaning back. the diamond is on left side with two triangles one in air the other on floor,24,0
pair23,8,1,director,B,square and one triangle are leaning towards the right,9,1
pair23,8,1,director,B,both objects are touching,4,1
pair23,9,1,director,K,diamond is on top touching triangle,6,1
pair23,9,1,director,K,and it sitting on top of another object,8,1
pair23,10,1,director,E,two triangles are touching box,5,1
pair23,11,1,director,L,diamond is touching triangle that looks like it is kneeling but the legs aren't all the way on the ground,20,0
pair23,12,1,director,A,box is to the right of the object that is standing up on one food with the other foot in air,21,1
pair23,13,2,director,A,same as last picture one foot in air,8,1
pair23,14,2,director,I,one foot in air but not same as last picture,10,1
pair23,15,2,director,K,object is kneeling down,4,0
pair23,16,2,director,B,one box touching triangle to the right,7,1
pair23,17,2,director,F,sitting down relaxing,3,1
pair23,17,2,director,F,facing left,2,1
pair23,18,2,director,C,both hands in air,4,1
pair23,19,2,director,G,leaning back on right hand,5,1
pair23,20,2,director,E,sitting down facing right,4,0
pair23,21,2,director,H,diamond on top of triangle facing right,7,0
pair23,22,2,director,J,left side is straight. one diamond on top of object,10,1
pair23,23,2,director,L,object is kneeling down but choose the one you chose last time,12,0
pair23,24,2,director,D,object has straight side on the right and diamond on top,11,1
pair23,25,3,director,L,object is kneeling down don't choose the one you chose last time,12,1
pair23,26,3,director,K,object is kneeling down. but don't choose the one you just chose,12,1
pair23,27,3,director,J,straight side on left diamond on top,7,1
pair23,28,3,director,I,foot kicked out to left side in air,8,0
pair23,29,3,director,C,both hands in air,4,1
pair23,30,3,director,F,sitting down facing the left,5,1
pair23,31,3,director,G,leaning back on left hand sitting down,7,0
pair23,31,3,director,G,i mean on right hand,5,0
pair23,32,3,director,A,standing up one foot in the air facing the left,10,1
pair23,33,3,director,E,sitting down facing right two triangles in square,8,0
pair23,34,3,director,H,one diamond into triangle facing right,6,0
pair23,35,3,director,B,looks like a pinwheel facing the right sitting on floor,10,0
pair23,36,3,director,D,facing left looks like it's holding something in hand,9,1
pair23,37,4,director,D,facing left with something in hands standing up,8,1
pair23,38,4,director,G,sitting down leaning back on right hand. facing left,9,1
pair23,39,4,director,C,both hands in air,4,1
pair23,40,4,director,A,one foot in air facing left side,7,0
pair23,41,4,director,I,choose the same one you just picked,7,1
pair23,42,4,director,J,left side is straight diamond on top,7,1
pair23,43,4,director,L,kneeling down facing right side,5,0
pair23,44,4,director,B,diamond touching triangle looks like a pinwheel,7,1
pair23,45,4,director,K,kneeling down facing the right side with legs on ground,10,1
pair23,45,4,matcher,K,is the bottom part a rhombus or some weird triangle shape,11,1
pair23,45,4,director,K,weird shape,2,1
pair23,46,4,matcher,H,"for that one next time, say weird shape kneeling and i'll know what you mean :)",16,1
pair23,46,4,director,H,triangle touching house,3,1
pair23,46,4,director,H,diamond touching house,3,1
pair23,47,4,director,E,pinwheel at top the smaller pinwheel,6,1
pair23,48,4,director,F,sitting down facing left,4,1
pair23,49,5,director,A,facing left with right foot in air,7,1
pair23,49,5,matcher,A,are both arms outstretched?,4,1
pair23,49,5,director,A,no,1,1
pair23,50,5,director,C,both arms in air,4,1
pair23,51,5,director,F,sitting down facing left,4,1
pair23,52,5,director,B,large pinwheel,2,1
pair23,53,5,director,J,diamond on top left straight side,6,1
pair23,54,5,director,D,facing left with something in hands,6,1
pair23,55,5,director,G,sitting down leaning back on right hand,7,1
pair23,56,5,director,K,kneeling down weird shape,4,1
pair23,57,5,director,L,kneeling down,2,1
pair23,58,5,director,H,diamond on house,3,1
pair23,59,5,director,I,foot in air something in hands,6,1
pair23,59,5,matcher,I,are the arms outstretched?,4,1
pair23,59,5,director,I,yes,1,1
pair23,60,5,director,E,small pinwheel,2,1
pair23,61,6,director,I,one foot outstretched hands,4,1
pair23,62,6,director,A,one foot no hands,4,1
pair23,63,6,director,D,diamond on top straight side on right,7,1
pair23,64,6,director,B,large pinwheel,2,1
pair23,65,6,director,C,both hands in air,4,1
pair23,66,6,director,L,kneeling,1,1
pair23,67,6,director,F,sitting down facing left,4,1
pair23,68,6,director,E,small pinwheel,2,1
pair23,69,6,director,H,diamond on house,3,1
pair23,70,6,director,G,facing left leaning back on right hand,7,1
pair23,70,6,director,G,sitting,1,1
pair23,71,6,director,J,diamond on top straight side on left,7,1
pair23,72,6,director,K,kneeling weird job,3,1
pair24,1,1,director,A,pick the one where it looks like a guy is kicking forward,12,1
pair24,2,1,director,I,"pick the weird ballet looking one, one legged another leg in the air",13,1
pair24,3,1,director,G,the one where the guy is sort of laying foward and praying,12,0
pair24,3,1,director,G,with his head reared back,5,0
pair24,4,1,director,L,the one where the guy is sort of quatting with his hands forward,13,1
pair24,4,1,director,L,it kind of looks like a a weird s,9,1
pair24,4,1,matcher,L,if the head,3,1
pair24,4,1,director,L,head is straight,3,1
pair24,5,1,director,C,leaning like superman,3,1
pair24,5,1,director,C,arms out,2,1
pair24,5,1,director,C,body diagnol,2,1
pair24,6,1,director,D,facing left his hands are outstretched like he is begging,10,0
pair24,6,1,matcher,D,im gonna assume the top of the head is facing at noon...otherwise can you give me a time on the clock?,21,0
pair24,6,1,director,D,both feet on the ground,5,0
pair24,6,1,matcher,D,sitting?,1,0
pair24,7,1,director,H,"the one where he is sort of slouched, no arms out legs facing right",14,0
pair24,8,1,director,K,begging on his knees arms facing right,7,1
pair24,9,1,director,B,"like the last one but with more shapes, like his head titled forward and his arms out more",18,1
pair24,10,1,director,E,"slouched, facing right with his feet out and the two weird things on his head",15,1
pair24,10,1,director,E,like a sad bunny,4,1
pair24,11,1,matcher,J,split hat,2,0
pair24,11,1,director,J,short looking facing right,4,0
pair24,11,1,director,J,no distinct arms,3,0
pair24,11,1,director,J,well one arms kinda under the head,7,0
pair24,12,1,director,F,like he is slouched against a wall facing the left,10,1
pair24,13,2,director,C,"facing left arms out, flying like superman",7,0
pair24,13,2,director,C,or a bird,3,0
pair24,13,2,matcher,C,diagonal body?,2,0
pair24,14,2,director,K,begging facing left heels up no hood (head is up),10,0
pair24,15,2,director,A,"looks like a bird, facing left legs kicking up",9,1
pair24,15,2,director,A,head way back,3,1
pair24,16,2,matcher,F,that ones wig is peeled back,6,1
pair24,16,2,director,F,slouched in the corner facing right,6,1
pair24,16,2,director,F,oh that's what it is? it's like some weird monster monk,11,1
pair24,16,2,matcher,F,split hat?,2,1
pair24,16,2,director,F,no facing left sorry,4,1
pair24,16,2,director,F,i mean right corner facing left,6,1
pair24,17,2,director,L,"facing right (i am sure this time), sort of bent knees arms outstretched",13,0
pair24,18,2,director,G,the one you just picked,5,0
pair24,18,2,matcher,G,we can call that one the beggar,7,0
pair24,18,2,director,G,beggar,1,0
pair24,18,2,matcher,G,kneeling beggar?,2,0
pair24,18,2,director,G,you mean the one you were uspposed to pick or did pick?,12,0
pair24,18,2,matcher,G,did,1,0
pair24,18,2,director,G,"sure, do the kneeling beggar",5,0
pair24,18,2,director,G,the choice you made last time,6,0
pair24,19,2,director,H,"this one is sort of sitting, his legs are facing right and his arms are at his sides",18,0
pair24,19,2,matcher,H,split hat?,2,0
pair24,19,2,director,H,no one hat (single diamond thing),6,0
pair24,20,2,matcher,I,that ones like a blob,5,1
pair24,20,2,director,I,"yeah you are right. this one is facing right, it looks like both his arms are out and one leg is kicked back",23,1
pair24,20,2,director,I,"and he is standing on the other leg, kind of like a flamingo",13,1
pair24,20,2,director,I,or a fountain,3,1
pair24,20,2,matcher,I,facing left or right?,4,1
pair24,21,2,director,E,"sitting down with his back to the left side, facing right (split hat) sad bunny",15,1
pair24,22,2,matcher,D,split hat works,3,1
pair24,22,2,director,D,"solid hat facing right, his arms out begging",8,1
pair24,22,2,matcher,D,kneeling or crouching?,3,1
pair24,22,2,director,D,sorry facing left,3,1
pair24,23,2,director,J,this time he is facing right,6,0
pair24,23,2,director,J,"you can't make out his legs, he looks kind of squat",11,0
pair24,23,2,matcher,J,begging?,1,0
pair24,23,2,director,J,more just looking like a candle,6,0
pair24,24,2,matcher,B,the blob,2,0
pair24,24,2,director,B,"there are two blobs. this one has the feet on the left and the hands on the right, begging, split hat but his hood is facing out",27,0
pair24,25,3,director,J,the last blob we talked about,6,0
pair24,26,3,director,B,"this was the last praying/begging guy. head down facing the left, hands up, hood back",15,0
pair24,27,3,director,G,this one he is facing right,6,1
pair24,27,3,director,G,"really right, his head is up facing the sky, his arm is out",13,1
pair24,28,3,director,E,"facing the right, back is against the left side, split hat/sad bunny",12,1
pair24,29,3,director,L,"facing the right, begging but standing",6,1
pair24,30,3,director,A,"facing the left, kicking one foot up head back",9,1
pair24,30,3,director,A,back straight,2,1
pair24,31,3,director,H,blob with the sort of leg on the right side,10,1
pair24,32,3,director,K,begging on his knees facing right,6,1
pair24,33,3,director,F,"back against the right side, facing left slouched",8,1
pair24,34,3,director,C,diagnol body arms stretched out,5,1
pair24,35,3,matcher,D,superman!,1,1
pair24,35,3,director,D,"facing the left, begging",4,1
pair24,36,3,director,I,"leaning forward on one leg facing left, like a lawn flamingo",11,1
pair24,37,4,director,E,sad bunny,2,0
pair24,37,4,matcher,E,sitting or kicking the stone?,5,0
pair24,37,4,director,E,sitting and facing left,4,0
pair24,38,4,director,A,right,1,1
pair24,38,4,matcher,A,split hat,2,1
pair24,38,4,director,A,this is the one where he is facing left and kicking a can or stone,15,1
pair24,39,4,director,H,blob with the little thing on the right,8,1
pair24,40,4,director,C,superman,1,1
pair24,41,4,director,B,"facing left, praying, his head is down, and his hands are up, you can see his feet on the left",20,1
pair24,41,4,matcher,B,facing right,2,1
pair24,41,4,matcher,B,?,1,1
pair24,41,4,director,B,"facing right, sorry",3,1
pair24,42,4,director,G,this was like the last one but he is looking up to the right corner,15,1
pair24,43,4,director,L,"begging, facing the right (yes the right) standing but bent kneed)",11,1
pair24,44,4,director,I,lawn flamingo,2,1
pair24,44,4,matcher,I,the crouching beggar!,3,1
pair24,45,4,director,J,blob with the weird little arm. it's like a diamond on a flat line,14,1
pair24,46,4,director,K,crouching beggar knees on the ground (facing right),8,0
pair24,47,4,director,F,"facing left, slouched against the right side",7,1
pair24,47,4,director,F,like sitting down,3,1
pair24,48,4,matcher,D,john cruer,2,1
pair24,48,4,matcher,D,cryer,1,1
pair24,48,4,director,D,begging facing the left,4,1
pair24,49,5,director,C,superman,1,1
pair24,50,5,director,D,facing left begging like the last beggar,7,1
pair24,51,5,director,J,one of the blobs (the one with the arm kinda),10,1
pair24,52,5,director,L,"facing right, begging standing",4,1
pair24,53,5,director,H,blob with the legs,4,1
pair24,54,5,director,G,this one is begging with his head up facing the corner,11,1
pair24,55,5,director,B,"begging on his knees, facing right, head down",8,0
pair24,56,5,director,I,flamingo,1,1
pair24,57,5,director,A,this one is the one where he is sort of kicking the can,13,1
pair24,58,5,director,K,"facing right and begging, his knees are on the ground but his body is straight",15,1
pair24,59,5,director,E,split hat,2,1
pair24,60,5,director,F,"facing the left, slouched down leaning/sitting against the right side",10,1
pair24,61,6,director,H,blob with the leg facing right,6,1
pair24,62,6,director,C,superman,1,1
pair24,62,6,director,C,superman,1,1
pair24,63,6,director,B,praying. facing right head down,5,0
pair24,64,6,director,G,head up facing right looking up with his hands out stetched (you can see one of his feet),18,1
pair24,65,6,director,L,"begging facing right, standing up",5,1
pair24,66,6,director,E,split hat,2,1
pair24,67,6,director,J,blob (the one with the arm not the foot),9,1
pair24,68,6,director,F,the sitting on the right,5,1
pair24,68,6,matcher,F,just letting you know,4,1
pair24,68,6,director,F,looking left slouching,3,1
pair24,69,6,director,I,flamingo,1,1
pair24,70,6,director,K,begger facing right on his knees,6,1
pair24,71,6,director,A,kicking the can,3,1
pair24,71,6,director,A,or stone,2,1
pair24,72,6,director,D,begging facing the left,4,1
pair25,1,1,director,F,looks like a dude sitting down,6,1
pair25,2,1,director,A,tilted square in top right corner. looks like he is falling,11,0
pair25,3,1,director,K,diamond on top. fat base. kind of like a christmas tree,11,1
pair25,4,1,director,H,diamond on top. triangle neck. square body. base sticking out to the right,13,1
pair25,5,1,director,G,head on left side. slug body,6,1
pair25,5,1,director,G,two triangle arms,3,1
pair25,6,1,director,I,diamond on left. on top of triangle. standing on 1 leg. little triangle tail,14,1
pair25,7,1,director,E,looks like a rabbit sitting down,6,1
pair25,8,1,director,L,zig zag base. looks like person squatting,7,1
pair25,9,1,director,C,head on left. arms out. falling over,7,1
pair25,10,1,director,B,diamond intersecting two triangles. fat base with tiny triangle on left side,12,1
pair25,10,1,director,B,the one triangle has is tilted left. the other connects to the body,13,1
pair25,11,1,director,J,diamond head. square back on left side. squiggly right side,10,1
pair25,12,1,director,D,diamond head. square back right. protruding left.,7,1
pair25,13,2,director,L,zig zag base. squatting,4,1
pair25,14,2,director,I,one one leg. diamond in top left. tiny triangle tail,10,1
pair25,15,2,director,E,sitting rabbit,2,1
pair25,16,2,director,K,christmas tree,2,1
pair25,17,2,director,J,square back. squiggly front,4,1
pair25,17,2,director,J,back left,2,1
pair25,18,2,director,D,square back right. protruding left,5,1
pair25,19,2,director,C,falling down arms out,4,1
pair25,20,2,director,B,square intersecting triangles. tiny triangle in bottom left,8,1
pair25,21,2,director,G,slug body with triangle arms,5,1
pair25,22,2,director,H,diamond head on triangle neck. square body. trapezoid base protruding right,11,1
pair25,23,2,director,F,fat guy sitting down,4,1
pair25,24,2,director,A,"two legs, one on ground. diamond in top right corner",10,1
pair25,25,3,director,H,trapezoid base protruding right.,4,1
pair25,26,3,director,G,slug body,2,1
pair25,27,3,director,B,diamond intersecting triangles,3,1
pair25,28,3,director,K,christmas tree,2,1
pair25,29,3,director,E,rabbit,1,1
pair25,30,3,director,J,square back left. squiggly right,5,1
pair25,31,3,director,C,falling arms out,3,1
pair25,32,3,director,F,sitting fat guy,3,1
pair25,33,3,director,D,back right. protruding left,4,1
pair25,34,3,director,A,"two legs, one on ground",5,1
pair25,35,3,director,L,zig zag squatting,3,1
pair25,36,3,director,I,tiny triangle tail. on one leg,6,1
pair25,37,4,director,C,falling arms out,3,1
pair25,38,4,director,B,diamond intersecting triangles,3,1
pair25,39,4,director,L,zig zag,2,1
pair25,40,4,director,K,christmas tree,2,1
pair25,41,4,director,F,fat guy sitting,3,1
pair25,42,4,director,E,rabbit,1,1
pair25,43,4,director,D,square right. protruding left,4,1
pair25,44,4,director,I,one leg. tiny triangle tail,5,1
pair25,45,4,director,G,slug body,2,1
pair25,46,4,director,H,square body. protruding base right,5,1
pair25,47,4,director,J,square left. squiggly right,4,1
pair25,48,4,director,A,"two legs, one on ground",5,1
pair25,49,5,director,H,base protruding right,3,1
pair25,50,5,director,A,"two legs, one on ground",5,1
pair25,51,5,director,I,"one leg, tiny triangle tail",5,1
pair25,52,5,director,C,falling arms out,3,1
pair25,53,5,director,F,fat guy sitting,3,1
pair25,54,5,director,K,christmas tree,2,1
pair25,55,5,director,L,zig zag squat,3,1
pair25,56,5,director,G,slug body,2,1
pair25,57,5,director,D,protruding left. square right,4,1
pair25,58,5,director,J,square left. squiggly right,4,1
pair25,59,5,director,E,rabbit,1,1
pair25,60,5,director,B,diamond intersecting triangles,3,1
pair25,61,6,director,B,same,1,1
pair25,62,6,director,G,slug body,2,1
pair25,63,6,director,K,christmas tree,2,1
pair25,64,6,director,E,rabbit,1,1
pair25,65,6,director,L,zig zag squat,3,1
pair25,66,6,director,J,square left. squiggly right,4,1
pair25,67,6,director,H,base protruding right,3,1
pair25,68,6,director,A,"two legs, one on ground",5,1
pair25,69,6,director,I,one leg. tiny triangle tail,5,1
pair25,70,6,director,C,falling arms out,3,1
pair25,71,6,director,D,protruding left. square right,4,1
pair25,72,6,director,F,fat guy sitting,3,1
pair26,1,1,director,J,it has only a right hand and right foot showing,10,1
pair26,1,1,director,J,left side is one flat line,6,1
pair26,2,1,director,A,this one looks like it's dancing to ska music,9,1
pair26,3,1,director,I,head tilted to our right,5,1
pair26,3,1,director,I,this one is balancing on one foot,7,1
pair26,4,1,director,C,this one looks like a ghost,6,1
pair26,5,1,director,K,this one is praying,4,1
pair26,5,1,director,K,with foot sticking up,4,1
pair26,6,1,director,F,this one is sitting down with its legs out,9,1
pair26,6,1,matcher,F,anything on head?,3,1
pair26,6,1,director,F,nope,1,1
pair26,7,1,director,L,this one is bending at the knees with its arm out,11,1
pair26,8,1,director,B,this ones a little weird,5,1
pair26,8,1,director,B,sitting down,2,1
pair26,8,1,director,B,on knees,2,1
pair26,8,1,director,B,has triangle on face,4,1
pair26,8,1,director,B,only 1 triangle not 2,5,1
pair26,9,1,director,D,this one is standing up. looks like it has some sorta cloak on and has one hand out pointed to our left,22,1
pair26,10,1,director,H,this one doesn't seem to have any legs or arms,10,1
pair26,11,1,director,G,this one is all stretched out. head to the left. one weird big leg on left and little triangle leg on right,22,1
pair26,12,1,director,E,this looks like a bunny sitting on the ground,9,1
pair26,13,2,director,I,this one is kicking a leg backwards while standing on the other leg,13,1
pair26,14,2,director,A,ska dancer again,3,1
pair26,15,2,director,C,ghost,1,1
pair26,16,2,director,F,sitting guy with legs out,5,1
pair26,17,2,director,J,only hand and foot on our right. flat left side,10,1
pair26,18,2,director,G,weird stretched out guy,4,1
pair26,19,2,director,E,bunny,1,1
pair26,20,2,director,D,cloak guy with arm out to left,7,1
pair26,21,2,director,K,praying on knees with foot up,6,1
pair26,22,2,director,B,on knees with triangle on face,6,1
pair26,23,2,director,H,no arms or legs,4,1
pair26,24,2,director,L,bending at knees right arm out,6,1
pair26,25,3,director,K,praying with foot up,4,1
pair26,26,3,director,D,cloak guy,2,1
pair26,27,3,director,A,ska,1,1
pair26,28,3,director,F,sitting with legs out,4,1
pair26,29,3,director,H,no arms or legs,4,1
pair26,30,3,director,E,bunny,1,1
pair26,31,3,director,C,ghost,1,1
pair26,32,3,director,G,stretched out,2,0
pair26,33,3,director,J,flat side with right arms and foot,7,1
pair26,34,3,director,L,knees bent,2,1
pair26,35,3,director,I,kicking behind,2,1
pair26,36,3,director,B,on knees with triangle,4,1
pair26,37,4,director,J,flat side,2,1
pair26,38,4,director,C,ghost,1,1
pair26,39,4,director,I,kicking behind,2,1
pair26,40,4,director,G,stretched out,2,1
pair26,41,4,director,B,knees with triangle,3,1
pair26,42,4,director,E,bunny,1,1
pair26,43,4,director,D,cloak,1,1
pair26,44,4,director,F,sitting legs out,3,1
pair26,45,4,director,L,knees bent,2,1
pair26,46,4,director,K,on knees feet up,4,1
pair26,47,4,director,H,no arms or legs,4,1
pair26,48,4,director,A,ska,1,1
pair26,49,5,director,C,ghost,1,1
pair26,50,5,director,E,bunny,1,1
pair26,51,5,director,L,knees bent,2,1
pair26,52,5,director,B,on knees with triangle,4,1
pair26,53,5,director,I,kicking back,2,1
pair26,54,5,director,K,knees with foot up,4,1
pair26,55,5,director,H,no arms or legs,4,1
pair26,56,5,director,A,ska,1,1
pair26,57,5,director,F,sitting legs out,3,1
pair26,58,5,director,J,flat side,2,1
pair26,59,5,director,D,cloak,1,1
pair26,60,5,director,G,stretched,1,1
pair26,61,6,director,C,ghost,1,1
pair26,62,6,director,I,kicking back,2,1
pair26,63,6,director,B,knees with triangle,3,1
pair26,64,6,director,A,ska,1,1
pair26,65,6,director,F,sitting legs out,3,1
pair26,66,6,director,G,stretched,1,1
pair26,67,6,director,E,bunny,1,1
pair26,68,6,director,J,flat side,2,1
pair26,69,6,director,D,cloak,1,1
pair26,70,6,director,L,knees bent,2,1
pair26,71,6,director,H,no arms or legs,4,1
pair26,72,6,director,K,praying feet up,3,1
pair27,1,1,director,L,looks like a person pointing,5,0
pair27,2,1,director,H,a person with no arms or legs,7,1
pair27,2,1,matcher,H,do they have a triangle pointing right?,7,1
pair27,2,1,director,H,nothing is pointing they have a head with no arms or legs,12,1
pair27,3,1,director,D,they are pointing left,4,1
pair27,4,1,director,K,oddly shaped and pointing right,5,1
pair27,4,1,matcher,K,does it look like they are kneeling?,7,1
pair27,4,1,director,K,yes,1,1
pair27,5,1,director,C,looks like the flying nun,5,1
pair27,6,1,director,E,looks like a bunny rabbit,5,1
pair27,7,1,director,J,they are pointing right with no legs really,8,0
pair27,8,1,director,B,looks like a mouse,4,0
pair27,9,1,director,G,looks like they are stretching,5,0
pair27,9,1,director,G,like a ballet move,4,0
pair27,10,1,director,I,looks like they are lifting on leg in the air,10,1
pair27,10,1,matcher,I,like yoga?,2,1
pair27,10,1,director,I,yes,1,1
pair27,11,1,director,F,sitting down,2,1
pair27,11,1,matcher,F,with legs out?,3,1
pair27,11,1,director,F,yes,1,1
pair27,12,1,director,A,like they are carrying something on their back,8,1
pair27,12,1,matcher,A,a square on their back?,5,1
pair27,12,1,director,A,yes,1,1
pair27,13,2,director,F,sitting down with leg out,5,1
pair27,13,2,matcher,F,the one from before?,4,1
pair27,13,2,director,F,yes,1,1
pair27,14,2,director,H,the one with no arms or legs,7,1
pair27,15,2,director,G,the ballet move stretching one,5,1
pair27,15,2,matcher,G,i got that one wrong...with large left leg?,8,1
pair27,15,2,director,G,like a pointing toe,4,1
pair27,15,2,matcher,G,arm to right or left?,5,1
pair27,16,2,director,A,carrying on the back a square,6,1
pair27,16,2,director,A,square,1,1
pair27,17,2,director,K,pointing to the right and kneeling,6,1
pair27,18,2,director,B,mouse,1,1
pair27,19,2,director,E,rabbit,1,1
pair27,20,2,director,C,flying nun,2,1
pair27,21,2,director,D,pointing to the left,4,1
pair27,22,2,director,L,pointing to the right,4,0
pair27,23,2,director,J,pointing to right no arms or legs,7,1
pair27,23,2,director,J,has one arm,3,1
pair27,24,2,director,I,ice skating with leg in air,6,1
pair27,25,3,director,J,pointing to the right with one arm,7,0
pair27,26,3,director,E,bunny rabbit,2,1
pair27,27,3,director,D,pointing to the left,4,1
pair27,28,3,director,B,mouse,1,1
pair27,29,3,director,K,pointing to the right and kneeling,6,1
pair27,30,3,director,F,sitting down with leg out,5,1
pair27,31,3,director,I,skating with leg out,4,1
pair27,32,3,director,C,flying nun,2,1
pair27,33,3,director,H,no arms or legs,4,1
pair27,34,3,director,G,ballet dancing with leg out,5,1
pair27,35,3,director,L,pointing to right and kneeling,5,0
pair27,36,3,director,A,carrying square on back,4,1
pair27,37,4,director,G,ballet dancer with leg out,5,1
pair27,38,4,director,A,square on back,3,1
pair27,39,4,director,F,sitting down with leg out,5,1
pair27,40,4,director,L,pointing to the right and kneeling,6,0
pair27,41,4,director,K,pointing to the right and kneeling like praying,8,1
pair27,42,4,director,D,pointing to left,3,1
pair27,43,4,director,J,pointing out right with one arm,6,1
pair27,44,4,director,I,ice skating with leg out,5,1
pair27,45,4,director,B,mouse,1,1
pair27,46,4,director,C,flying nun,2,1
pair27,47,4,director,E,rabbit,1,1
pair27,48,4,director,H,no arms or legs,4,1
pair27,49,5,director,I,ice skating,2,1
pair27,50,5,director,C,flying nun,2,1
pair27,51,5,director,G,ballet dancer,2,1
pair27,52,5,director,D,pointing to left,3,1
pair27,53,5,director,H,no arms or legs,4,1
pair27,54,5,director,F,sitting down with leg out,5,1
pair27,55,5,director,E,rabbit,1,1
pair27,56,5,director,J,pointing to right with one leg,6,0
pair27,57,5,director,B,mouse,1,1
pair27,58,5,director,L,pointing to right and kneeling,5,1
pair27,59,5,director,K,pointing to right and kneeling but not like the last one,11,1
pair27,60,5,director,A,square on back,3,1
pair27,61,6,director,C,flying nun,2,1
pair27,62,6,director,D,pointing to left,3,1
pair27,63,6,director,A,square on back,3,1
pair27,64,6,director,E,rabbit,1,1
pair27,65,6,director,L,pointing to right and kneeling,5,1
pair27,66,6,director,H,no arms or legs,4,1
pair27,67,6,director,B,mouse,1,1
pair27,68,6,director,G,ballet dancer,2,1
pair27,69,6,director,K,pointing to right and kneeling,5,0
pair27,70,6,director,I,ice skating,2,1
pair27,71,6,director,J,pointing to right,3,1
pair27,72,6,director,F,sitting down with leg out,5,1
pair28,1,1,director,L,"ok so this one looks like a person with slightly bent knees, pointing their arms to the right",18,1
pair28,2,1,director,H,this one is hard...  kind of looks like a person in a sleeping bag.  can't really make out arms or legs,21,1
pair28,3,1,director,E,this one is like a square with a windmill on top of a hill,14,1
pair28,4,1,director,A,"a person kicking their leg out to the left and looking down, with a square on his back",18,1
pair28,5,1,director,I,"a person in sort of a ballet pose, leaning over slightly to the left and sticking their leg straight out behind them to the right",25,1
pair28,6,1,director,K,"kind of like the first one we did, a person slightly crouched with their arms pointed to the right, but this one has more of a dress that sticks up in the back",33,1
pair28,7,1,director,D,"sort of like a person in a graduation gown, his body is very straight and is holding a square object to the left",23,1
pair28,8,1,director,C,kinda looks like a ghost flying.  bent slightly to the left with arms up in the air,17,1
pair28,9,1,director,G,"no idea what this one is.  it's the least human looking one of all, but not the other one we did with the square windmill on top of a hill",30,0
pair28,9,1,matcher,G,hmm,1,0
pair28,9,1,director,G,i don't really know how to describe this one...  looks like nothing,12,0
pair28,9,1,director,G,"there is a square on top, with two triangles spaced farther apart on the right side",16,0
pair28,9,1,matcher,G,anything sticking out on it?,5,0
pair28,9,1,director,G,the triangles are sticking out to the right,8,0
pair28,10,1,director,F,"this one is like a person sitting on the ground with his back against a wall, knees bent",18,0
pair28,10,1,director,F,sorta like he's reading a book up against a tree or something,12,0
pair28,10,1,director,F,legs are pointed to the left,6,0
pair28,11,1,director,J,"very boxy body on this one, small triangle near the top pointed to the right",15,1
pair28,11,1,director,J,the bottom has a slight triangle for a foot also,10,1
pair28,12,1,director,B,a person that is kneeling over with his arms stretched out,11,0
pair28,12,1,director,B,i think this is the one you picked for the impossible to describe one,14,0
pair28,12,1,director,B,leg is sort of sticking out behind him to the left,11,0
pair28,13,2,director,L,the one you just picked,5,1
pair28,13,2,director,L,is this one,3,1
pair28,14,2,director,A,"person kicking leg to the left, looking down at it",10,1
pair28,14,2,director,A,square on back,3,1
pair28,15,2,director,E,box windmill thing on top of hill,7,1
pair28,16,2,director,D,"person in graduation outfit, holding a box",7,1
pair28,17,2,director,J,"another hard one to describe, body is basically one solid piece",11,1
pair28,17,2,director,J,very boxy body,3,1
pair28,17,2,director,J,small triangle at top pointed to the right,8,1
pair28,17,2,director,J,base is slightly narrower than the body,7,1
pair28,18,2,director,B,"person kneeling with arms spread to the sides, leg stuck out behind to the left",15,1
pair28,19,2,director,G,the impossible to describe one again,6,1
pair28,19,2,director,G,"i guess it kind looks like a candle on top, the square is off to the left on top",19,1
pair28,19,2,director,G,two triangles on the backside of the object,8,1
pair28,20,2,director,C,umm the ghost again,4,1
pair28,21,2,director,K,"person kneeling slightly, arms to the right, but slightly bigger gown in the back",14,1
pair28,22,2,director,I,"person bent over to the left, leg stuck straight out to the right",13,1
pair28,22,2,director,I,i'll call this one the chicken pose if it shows up again,12,1
pair28,23,2,director,H,sleeping bag guy,3,1
pair28,24,2,director,F,guy sitting and reading,4,1
pair28,24,2,director,F,back against a wall,4,1
pair28,25,3,director,C,ghost,1,1
pair28,26,3,director,E,windmill box on a hill,5,1
pair28,27,3,director,G,impossible candle like one,4,0
pair28,28,3,director,H,sleeping bag guy,3,1
pair28,29,3,director,F,guy reading against a wall,5,1
pair28,30,3,director,D,"graduation guy, holding a box to the left",8,1
pair28,31,3,director,K,"guy kneeling, arms to the left, slightly bigger gown in the back",12,1
pair28,31,3,director,K,arms to the right,4,1
pair28,32,3,director,I,chicken pose,2,1
pair28,33,3,director,A,"sad guy kicking leg to the left, looking down",9,1
pair28,33,3,director,A,i'll just call this one the sad guy if that works for you haha,14,1
pair28,34,3,director,B,"arms spread to the sides, leg stuck out to the left",11,1
pair28,34,3,director,B,kneeling slightly,2,1
pair28,35,3,director,L,"bent knees, arms to the right",6,1
pair28,35,3,director,L,not the one with the bigger gown in the back,10,1
pair28,36,3,director,J,one of the hard ones..,5,1
pair28,36,3,director,J,oh this is the one you thought looked like a candle,11,1
pair28,36,3,director,J,not the impossible one i explained,6,1
pair28,37,4,director,J,i'll just call that one the candle,7,1
pair28,37,4,director,J,candle again,2,1
pair28,37,4,director,J,it does look like a candle now that i think about it hah,13,1
pair28,37,4,director,J,but yeah same one again,5,1
pair28,38,4,director,F,guy reading,2,1
pair28,39,4,director,A,sad guy,2,1
pair28,40,4,director,G,the impossible one,3,1
pair28,40,4,director,G,triangles on the right side,5,1
pair28,41,4,director,C,ghost,1,1
pair28,42,4,director,I,chicken pose,2,1
pair28,43,4,director,H,sleeping bag,2,1
pair28,44,4,director,K,"bigger gown in back, arms to the right, slightly kneeling",10,1
pair28,45,4,director,E,windmill box on hill,4,1
pair28,46,4,director,D,graduation guy,2,1
pair28,47,4,director,L,"kneeling, arms to the right, not the bigger gown one",10,1
pair28,48,4,director,B,"arms spread, kneeling, leg behind to the left",8,1
pair28,49,5,director,H,sleeping bag,2,1
pair28,50,5,director,I,chicken,1,1
pair28,51,5,director,E,windmill box on hill,4,1
pair28,52,5,director,K,bigger gown in back one,5,1
pair28,52,5,director,K,arms to the right,4,1
pair28,53,5,director,C,ghost,1,1
pair28,54,5,director,B,arms spread,2,1
pair28,54,5,director,B,leg to the left,4,1
pair28,55,5,director,F,guy reading,2,1
pair28,56,5,director,J,candle,1,1
pair28,57,5,director,D,graduation guy,2,1
pair28,58,5,director,G,impossible one,2,1
pair28,58,5,director,G,triangles hanging off on the right,6,1
pair28,59,5,director,A,sad guy,2,1
pair28,60,5,director,L,small gown,2,1
pair28,60,5,director,L,arms to the right,4,1
pair28,61,6,director,H,sleeping bag,2,1
pair28,62,6,director,K,bigger gown,2,1
pair28,62,6,director,K,arms to the right,4,1
pair28,63,6,director,F,reading guy,2,1
pair28,64,6,director,I,chicken,1,1
pair28,65,6,director,E,windmill box,2,1
pair28,65,6,director,E,on hill,2,1
pair28,66,6,director,L,small gown,2,1
pair28,67,6,director,G,impossible one,2,1
pair28,67,6,director,G,triangles hanging off on the right,6,1
pair28,68,6,director,D,graduation guy,2,1
pair28,69,6,director,C,ghost,1,1
pair28,70,6,director,A,sad guy,2,1
pair28,71,6,director,J,candle,1,1
pair28,72,6,director,B,arms spread,2,1
pair28,72,6,director,B,leg out to the left,5,1
pair29,1,1,director,H,it sort of looks like a person kneeling,8,0
pair29,2,1,director,J,you can't see arms either,5,0
pair29,3,1,director,L,this one is kneeling as well.  it has an arm facing to the right,14,0
pair29,5,1,director,D,this is like a pope holding a scroll.  the scroll is on his left side.,15,1
pair29,5,1,director,D,he's standing,2,1
pair29,6,1,director,A,"this one is a dancer.  he has one leg on ground, and one leg kicked up a bit on left.",20,1
pair29,7,1,director,B,this one is kneeling.  it's facing forward and has his triangle arms on both left and right.  the feet are extended together to the bottom left,26,1
pair29,8,1,director,E,this one looks like a bunny rabbit.  the body curls from bottom right to top left.  it has two bunny ears,21,1
pair29,9,1,director,C,this one looks like a man in mid air falling.  his body is shifted to the left.  he's semi-upright.  he has no legs,23,1
pair29,10,1,director,K,this one is kneeling and has his arm extended to the right.  the heels of his feet extend quite high on the air.  the triangle head is perfectly upright on the very top and centered,35,1
pair29,11,1,director,I,this one is bending over to the left with one of his feet in the air behind him.  both his triangle arms are facing to the left.  one of the arms is directly above the other.,36,1
pair29,12,1,director,F,this man is resting down with his legs to the left.  he's sitting on the ground.  he has no arms.,20,1
pair29,13,2,director,I,this is the guy that is bending to the left with his back leg in the air and his arms on the left,23,1
pair29,13,2,director,I,from before.,2,1
pair29,14,2,director,B,this person is kneeling.  his arms are left and right.  triangles.  his feet extend behind him and to the left.   it's arms are like chicken wings,26,1
pair29,15,2,director,D,this is the pope holding the scroll while standing.,9,1
pair29,15,2,director,D,from earlier,2,1
pair29,16,2,director,E,this is the bunny rabbit,5,1
pair29,17,2,director,H,this is the kneeling with no legs or arms visible,10,0
pair29,18,2,director,A,"this guy has one leg kicked up to the left.  he has a beak on the left, and a normal diamond head on the right",25,1
pair29,19,2,director,L,this person is kneeling and facing to the right.  his body is shaped like a lightning bolt.  he's not quite kneeling but kinda squatting.  he may be kneeling on something like a communion pad at a church.  his arms are to the right,43,1
pair29,20,2,director,G,this is the most non human like one.,8,0
pair29,21,2,director,C,this is the falling guy with no legs,8,1
pair29,22,2,director,J,this has a diamond head that is perfectly up right.  it doesn't really have legs.  the bottom left of his body is a perfect 90 degree angle,27,0
pair29,23,2,director,K,this person has his arms to the right.  he is kneeling.  it's like he's begging.  his heels extend really high up.  it's as if his heels are as tall as his butt.,32,1
pair29,24,2,director,F,this is the person that's resting on the ground with his legs out in front of him.  his knees are slightly bent.  his arms are not visible.  imagine someone resting on the ground against a tree.,36,0
pair29,25,3,director,E,this is the bunny rabbit.,5,1
pair29,26,3,director,I,this is the guy with his one leg kicked up on the right and his arms on the left.  he's bending to the left.  his arms are triangles and one arm is directly above the other.,36,1
pair29,26,3,director,I,his arms are on the left,6,1
pair29,27,3,director,K,this is the person kneeling with the really tall heels.,10,1
pair29,27,3,director,K,facing to the right with arms to the right,9,1
pair29,28,3,director,G,this is the most non-human like one.  i imagine it looks like a seal.,14,0
pair29,28,3,director,G,except with a random triangle arm on bottom right,9,0
pair29,29,3,director,C,this is falling man.,4,1
pair29,30,3,director,D,pope with the scroll standing up.,6,1
pair29,31,3,director,B,chicken arms.  arms on left and right.  diamond head on the top.  one leg extending on bottom left.,18,1
pair29,32,3,director,J,this is the bottom left is a 90 degree angle.  the body is very square-like.,15,1
pair29,32,3,director,J,diamond head perfectly upright.,4,1
pair29,33,3,director,A,"guy dancing with the beak on top left, head on top right, and leg kicked up a bit on left",20,1
pair29,34,3,director,F,guy resting against a tree.,5,1
pair29,35,3,director,H,the guy kneeling with no arms or legs visible,9,1
pair29,36,3,director,L,the lightning bolt guy.  one arm to the right.  perfect diamond head.  knees bent as if bending over a communion cushion.,21,1
pair29,37,4,director,F,resting against a tree.,4,1
pair29,38,4,director,C,falling guy.,2,1
pair29,39,4,director,B,chicken wings,2,1
pair29,40,4,director,K,tall heels.,2,1
pair29,41,4,director,I,both arms on left.  leg kicked up in air on right,11,1
pair29,42,4,director,L,communion cushion.,2,0
pair29,42,4,director,L,cushion,1,0
pair29,43,4,director,D,pope with scroll.,3,1
pair29,44,4,director,J,90 degree angle square body,5,1
pair29,44,4,director,J,bottom left is 90 degree angle,6,1
pair29,45,4,director,A,beak top left.  head top right.  leg kicked up on left,11,1
pair29,46,4,director,H,kneeling guy with no arms or legs visible.,8,1
pair29,47,4,director,E,bunny rabbit,2,1
pair29,48,4,director,G,seal.,1,1
pair29,48,4,director,G,with dumb extra arm.,4,1
pair29,48,4,director,G,macaroni noodle,2,1
pair29,48,4,director,G,with an extra arm,4,1
pair29,49,5,director,F,resting against a tree.,4,1
pair29,50,5,director,L,communion cushion.  his knees are bent on the right halfway up his legs.,13,1
pair29,51,5,director,J,90 degree angle guy.,4,1
pair29,52,5,director,C,falling man.,2,1
pair29,53,5,director,E,bunny,1,1
pair29,54,5,director,H,no arms or no legs kneeling guy,7,1
pair29,55,5,director,D,scroll,1,1
pair29,56,5,director,I,back right leg kicked up.  both arms on left one directly above other.,13,1
pair29,57,5,director,B,chicken wing.,2,1
pair29,58,5,director,K,the tall heel guy,4,1
pair29,59,5,director,G,this is the seal elbow macaroni,6,1
pair29,60,5,director,A,top left beak top right head,6,1
pair29,61,6,director,K,tall heels,2,1
pair29,62,6,director,A,beak.,1,1
pair29,63,6,director,F,resting against a tree,4,1
pair29,64,6,director,H,no arms no legs kneeling,5,0
pair29,65,6,director,G,elbow macaroni seal,3,1
pair29,66,6,director,L,communion cushion,2,1
pair29,67,6,director,I,"arms on left, one above other.",6,1
pair29,68,6,director,D,scroll,1,1
pair29,69,6,director,E,bunny,1,1
pair29,70,6,director,B,ain't no thing but a chicken wing.,7,1
pair29,71,6,director,J,90 degree angle dude,4,1
pair29,72,6,director,C,the falling guy.,3,1
pair30,1,1,director,B,it kinda looks like a child in a blanket with its arms spread out,14,0
pair30,1,1,director,B,or like a baby,4,0
pair30,2,1,director,E,it looks like a bunny,5,1
pair30,2,1,matcher,E,i don't see any bunnies,5,1
pair30,2,1,director,E,hmm there's two triangles on its 'head',7,1
pair30,3,1,director,D,this one reminds me of a priest,7,1
pair30,4,1,director,H,"it looks like a person sitting down, but without the legs",11,1
pair30,4,1,director,H,like it just shows the torso,6,1
pair30,5,1,director,F,this one is a person sitting down,7,1
pair30,6,1,director,A,this one kind of looks like a bird,8,0
pair30,6,1,director,A,but with human legs,4,0
pair30,7,1,director,G,this one looks like someone in a dress,8,0
pair30,7,1,director,G,on the bottom theres a triangle,6,0
pair30,8,1,director,C,this one looks like someone raising both arms,8,1
pair30,8,1,director,C,no legs,2,1
pair30,9,1,director,I,this one looks like someone standing on one leg,9,0
pair30,10,1,director,K,looks like someone kneeling down,5,1
pair30,11,1,director,L,looks like someone bending their knees,6,1
pair30,11,1,director,L,standing,1,1
pair30,12,1,director,J,it looks like a diamond on top of a cliff,10,1
pair30,13,2,director,D,it looks like a priest,5,1
pair30,14,2,director,K,someone kneeling down,3,1
pair30,15,2,director,L,knees bent standing,3,1
pair30,16,2,director,B,baby arms spread,3,1
pair30,17,2,director,G,"someone in a dress, it's the widest looking one",9,1
pair30,18,2,director,H,torso only sitting down,4,1
pair30,19,2,director,I,balancing on one leg,4,1
pair30,20,2,director,C,arms spread no legs,4,1
pair30,21,2,director,E,"the rabbit, triangle ears",4,1
pair30,22,2,director,F,"sitting down, knees bent",4,1
pair30,23,2,director,A,"standing on one leg, one foot slightly up, looks like kicking something",12,1
pair30,24,2,director,J,diamond on cliff,3,1
pair30,25,3,director,C,arms spread no legs,4,1
pair30,26,3,director,B,baby arms spread,3,1
pair30,27,3,director,I,standing on one leg,4,1
pair30,28,3,director,K,kneeling down,2,1
pair30,29,3,director,A,"kicking, one leg slightly up",5,1
pair30,30,3,director,F,sitting down knees bent,4,1
pair30,31,3,director,J,diamond on cliff,3,1
pair30,32,3,director,D,priest,1,1
pair30,33,3,director,H,sitting torso,2,1
pair30,34,3,director,E,bunny,1,1
pair30,35,3,director,L,standing knees bent,3,1
pair30,36,3,director,G,dress,1,1
pair30,37,4,director,E,bunny,1,1
pair30,38,4,director,G,dress,1,1
pair30,39,4,director,D,priest,1,1
pair30,40,4,director,K,kneeling,1,1
pair30,41,4,director,B,baby arms spread,3,1
pair30,42,4,director,F,sitting knees bent,3,1
pair30,43,4,director,A,kicking,1,1
pair30,44,4,director,I,standing on one leg,4,1
pair30,45,4,director,C,arms spread no legs,4,1
pair30,46,4,director,H,torso,1,1
pair30,47,4,director,J,diamond on cliff,3,1
pair30,48,4,director,L,standing knees bent,3,1
pair30,49,5,director,L,standing knees bent,3,1
pair30,50,5,director,D,priest,1,1
pair30,51,5,director,K,kneeling,1,1
pair30,52,5,director,I,standing on one leg,4,1
pair30,53,5,director,J,diamond on cliff,3,1
pair30,54,5,director,C,arms spread no legs,4,1
pair30,55,5,director,G,dress,1,1
pair30,56,5,director,F,sitting knees bent,3,1
pair30,57,5,director,A,kicking,1,1
pair30,58,5,director,B,baby arms spread,3,1
pair30,59,5,director,E,bunny,1,1
pair30,60,5,director,H,torso,1,1
pair30,61,6,director,J,diamond cliff,2,1
pair30,62,6,director,I,one leg,2,1
pair30,63,6,director,B,baby arms spread,3,1
pair30,64,6,director,C,arms spread no legs,4,1
pair30,65,6,director,D,priest,1,1
pair30,66,6,director,A,kicking,1,1
pair30,67,6,director,L,standing knees bent,3,1
pair30,68,6,director,K,kneeling,1,1
pair30,69,6,director,F,sitting knees bent,3,1
pair30,70,6,director,E,bunny,1,1
pair30,71,6,director,G,dress,1,1
pair30,72,6,director,H,torso,1,1
pair31,1,1,director,L,image looks like a person kneeling,6,1
pair31,2,1,director,I,image looks like a person ice skating with one leg up,11,1
pair31,3,1,director,C,image looks like a person falling backward,7,1
pair31,3,1,director,C,with arms in the air,5,1
pair31,4,1,director,E,looks like a bunny sitting against a wall,8,1
pair31,5,1,director,H,a person kneeling in front of you,7,1
pair31,6,1,director,B,looks like a person with arms stretched out and right leg straight on the floor,15,1
pair31,7,1,director,J,looks like a person with a cape but arm stretched forward on right side,14,0
pair31,8,1,director,K,person kneeling and facing to the right holding a bowl,10,1
pair31,8,1,director,K,feet pointing up,3,1
pair31,8,1,matcher,K,do they have a diamond head centered?,7,1
pair31,8,1,matcher,K,i don't know how to ask this,7,1
pair31,8,1,director,K,"diamond head, corner of a triangle pointing to the right and another corner of a triangle pointing up behind",19,1
pair31,9,1,director,G,a person looks like they are dancing a taking a long step,12,1
pair31,9,1,matcher,G,is it like a walking bird holding a flag?,9,1
pair31,9,1,matcher,G,and facing down?,3,1
pair31,9,1,director,G,"diamond head, triangle to the right of the diamond, triangle bottom right",12,1
pair31,9,1,director,G,rhombus bottom left,3,1
pair31,10,1,director,F,looks like a person sitting facing left,7,1
pair31,11,1,director,A,square top left,3,1
pair31,11,1,director,A,sideways trapezoid under square and what looks like one leg kicking left,12,1
pair31,11,1,matcher,A,oh i think it's the bird with the flag,9,1
pair31,11,1,matcher,A,does it have a big beak?,6,1
pair31,12,1,director,D,looks like person looking left holding a bowl,8,0
pair31,12,1,director,D,wearing a robe,3,0
pair31,13,2,director,A,bird with flag,3,1
pair31,14,2,director,H,diamond head and what looks like a house under it,10,1
pair31,14,2,director,H,looks like a person kneeling facing you,7,1
pair31,15,2,director,D,person in robe holding bowl and facing left,8,1
pair31,16,2,director,G,looks like a person taking a big step to the right or dancing,13,1
pair31,17,2,director,C,person falling backward with arms in the air,8,1
pair31,18,2,director,K,"diamond head, diamond under, triangle corner pointing right",8,0
pair31,19,2,director,I,person ice skating with leg in the air,8,1
pair31,20,2,director,F,person sitting looking to the left,6,1
pair31,20,2,matcher,F,the one with a triangle on the right?,8,1
pair31,20,2,director,F,no,1,1
pair31,20,2,matcher,F,are his knees bent?,4,1
pair31,20,2,director,F,yes,1,1
pair31,21,2,director,L,person holding bowl facing right - not kneeling but sort of bending knees,13,1
pair31,22,2,director,E,rabbit sitting facing right,4,1
pair31,23,2,director,B,"diamond head, two separate triangles under (looks like stretched out arms)",11,1
pair31,24,2,director,J,looks like a broken vertical rectangle with a diamond head,10,1
pair31,25,3,director,F,person sitting against a wall facing left with knee bent,10,1
pair31,26,3,director,B,"diamond head, two triangles under like outstretched arms",8,1
pair31,27,3,director,C,falling back with arms in air,6,1
pair31,28,3,director,J,"diamond head, vertical broken rectangle",5,1
pair31,29,3,director,E,bunny sitting facing right,4,1
pair31,30,3,director,D,"diamond head, triangle under, rectangle under that or person with robe facing left holding bowl",15,1
pair31,31,3,director,K,"diamond head, triangle under, triangle corner pointing right - looks like person kneeling with feet pointed up behind them and they are holding a bowl",25,1
pair31,32,3,matcher,L,we can call that one the wizard with the bowl,10,1
pair31,32,3,director,L,person not kneeling but knees bent holding bowl facing right,10,1
pair31,33,3,director,H,diamond head and what looks like a house underneath -,10,1
pair31,33,3,director,H,person kneeling facing you,4,1
pair31,34,3,director,I,ice skater with leg up,5,1
pair31,34,3,director,I,facing left,2,1
pair31,35,3,director,A,bird with flag,3,1
pair31,36,3,director,G,person leaping forward or dancing,5,1
pair31,37,4,director,I,ice skater,2,1
pair31,38,4,director,A,bird with flag,3,1
pair31,39,4,director,L,person with bent knees holding bowl,6,1
pair31,40,4,director,D,diamond heard and house shape underneath,6,0
pair31,41,4,director,G,dancing or leaping person,4,1
pair31,42,4,director,F,person sitting against wall with bent knees facing left,9,1
pair31,43,4,director,J,diamond with vertical broken rectangle,5,1
pair31,44,4,director,C,falling back with arms in the air,7,1
pair31,45,4,director,B,diamond with 2 triangles that look like outstretched arms,9,1
pair31,46,4,director,E,bunny,1,1
pair31,47,4,director,H,kneeling person facing you,4,1
pair31,48,4,director,K,wizard with bowl,3,1
pair31,49,5,director,D,person with robe holding bowl - diamond with house shape under,11,1
pair31,50,5,director,J,diamond with vertical broken rectangle,5,1
pair31,51,5,director,C,falling back with arms in the air,7,1
pair31,52,5,director,G,dancing or leaping person,4,1
pair31,53,5,director,L,person holding bowl with knees bent,6,1
pair31,54,5,director,A,bird with flag,3,1
pair31,55,5,director,E,bunny,1,1
pair31,56,5,director,H,person kneeling facing you,4,1
pair31,57,5,director,K,wizard with bowl,3,1
pair31,58,5,director,I,ice skater,2,1
pair31,59,5,director,F,person sitting against wall with knee bent,7,1
pair31,60,5,director,B,diamond head with outstretched triangle arms,6,1
pair31,61,6,director,B,outstretched triangle arms,3,1
pair31,62,6,director,I,ice skater,2,1
pair31,63,6,director,H,kneeling facing you,3,1
pair31,64,6,director,J,diamond and vertical broken rectangle,5,1
pair31,65,6,director,G,dancing or leaping person,4,1
pair31,66,6,director,E,bunny,1,1
pair31,67,6,director,C,falling back with arms in air,6,1
pair31,68,6,director,L,holding bowl with bent knees not kneeling,7,1
pair31,69,6,director,D,looks like person in robe holding bowl facing left,9,1
pair31,70,6,director,K,wizard with bowl,3,1
pair31,71,6,director,A,bird with flag,3,1
pair31,72,6,director,F,sitting against wall with knees bent,6,1
pair32,1,1,director,E,it looks like a sitting down bunny kinda facing right,10,1
pair32,2,1,director,L,it looks like someone crouching down,6,0
pair32,2,1,director,L,not all the way though,5,0
pair32,2,1,director,L,just part way,3,0
pair32,3,1,director,A,it looks like a dinosaur looking down at its foot,10,1
pair32,4,1,director,G,it looks like someone sitting down and laying back on their elbows,12,1
pair32,5,1,director,K,kneeling totally down with hands up,6,0
pair32,6,1,director,F,sitting down with knees up and head looking down,9,1
pair32,7,1,director,C,the flying person,3,1
pair32,8,1,director,D,the person standing with their arms up like they're holding a book,12,0
pair32,9,1,director,B,the one that's kneeling and looks like it's puking,9,0
pair32,10,1,director,H,the one that is kneeling with its hands in its lap,11,0
pair32,11,1,director,I,ice skater,2,1
pair32,12,1,director,J,the big block with the diamond head in th middle,10,1
pair32,13,2,director,B,kneeling with arms behind it and puking from the head,10,1
pair32,14,2,director,F,sitting down with knees up looking down,7,1
pair32,15,2,director,I,ice skater,2,1
pair32,16,2,director,L,part way kneeling,3,1
pair32,17,2,director,E,sitting down bunny ears,4,1
pair32,18,2,director,G,sitting down with arm behind it,6,1
pair32,19,2,director,A,dinosaur guy,2,1
pair32,20,2,director,C,flyer,1,1
pair32,21,2,director,H,sitting down with arms in lap,6,0
pair32,22,2,director,K,kneeling with arms in front facing right,7,0
pair32,22,2,director,K,no puking,2,0
pair32,23,2,director,J,anyway this one is the big block with head in the middle,12,1
pair32,24,2,director,D,guy standing and holding a book,6,1
pair32,25,3,director,F,sitting facing left with head down and knees up,9,1
pair32,26,3,director,A,dinosaur,1,1
pair32,27,3,director,K,kneeling with hands up,4,1
pair32,28,3,director,B,"kneeling, arms back and puking from the head",8,1
pair32,29,3,director,I,ice skater,2,1
pair32,30,3,director,H,no limbs guy,3,1
pair32,31,3,matcher,G,i like that. no limbs guy,6,1
pair32,31,3,director,G,guy leaning back on elbows. weird growth from forehead,9,1
pair32,32,3,director,J,big block with head in the middle,7,1
pair32,33,3,director,E,bunny ears,2,1
pair32,34,3,director,L,crouching,1,1
pair32,35,3,director,C,flyer,1,1
pair32,36,3,director,D,standing with book,3,1
pair32,37,4,director,J,big block with head,4,0
pair32,38,4,director,C,flyer,1,1
pair32,39,4,director,A,dinosaur,1,1
pair32,40,4,director,F,sad guy sitting with head down knees up facing left,10,1
pair32,41,4,director,K,kneeling with hands up,4,1
pair32,42,4,director,D,book guy,2,1
pair32,43,4,director,H,no limbs,2,1
pair32,44,4,director,L,crouching,1,1
pair32,45,4,director,E,bunny,1,1
pair32,46,4,director,I,ice skater,2,1
pair32,47,4,director,G,weird growth guy,3,0
pair32,48,4,director,B,kneeling puking,2,1
pair32,49,5,director,F,sad guy,2,1
pair32,50,5,director,I,ice skater,2,1
pair32,51,5,director,J,big block with head,4,1
pair32,52,5,director,A,dinosaur,1,1
pair32,53,5,director,G,weird forehead growth,3,1
pair32,53,5,director,G,sitting,1,1
pair32,54,5,director,C,flyer,1,1
pair32,55,5,director,H,no limbs,2,1
pair32,56,5,director,B,puking,1,1
pair32,56,5,director,B,kneeling,1,1
pair32,57,5,director,D,book guy,2,1
pair32,58,5,director,L,crouching,1,1
pair32,59,5,director,E,bunny,1,1
pair32,60,5,director,K,kneeling with hands up,4,1
pair32,61,6,director,H,no limbs,2,1
pair32,62,6,director,G,forehead growth sitting,3,1
pair32,63,6,director,K,kneeling with arms up,4,1
pair32,64,6,director,J,block with head,3,1
pair32,65,6,director,I,ice skater,2,1
pair32,66,6,director,D,book guy,2,1
pair32,67,6,director,L,crouching,1,1
pair32,68,6,director,B,puking,1,1
pair32,68,6,director,B,kneeling,1,1
pair32,69,6,director,E,bunny,1,1
pair32,70,6,director,F,sad guy,2,1
pair32,71,6,director,C,flyer,1,1
pair32,72,6,director,A,dinosaur,1,1
pair33,1,1,director,K,pick the one that looks like a triangle is coming out of it's back,14,0
pair33,1,1,director,K,it's upright,2,0
pair33,1,1,director,K,triangle on bottom is pointed towards head,7,0
pair33,2,1,director,E,ok this one is like a big triangle with a gift on it's head,14,1
pair33,2,1,director,E,two triangles on top and a square underneath them on the head,12,1
pair33,3,1,director,J,looks like a candle,4,1
pair33,3,1,director,J,not the round one though,5,1
pair33,3,1,director,J,just a diamond on top,5,1
pair33,4,1,director,L,this one has a triangle coming out of it's middle,10,0
pair33,4,1,director,L,pointed outward like a sword,5,0
pair33,4,1,director,L,legs behind them almost squatting,5,0
pair33,5,1,director,H,this is like a round candle,6,1
pair33,5,1,director,H,with diamond on top,4,1
pair33,6,1,director,A,this one is walking,4,1
pair33,6,1,director,A,a leg out,3,1
pair33,6,1,director,A,head behind them,3,1
pair33,6,1,director,A,like frankenstein,2,1
pair33,7,1,director,C,this one is sideways,4,1
pair33,7,1,director,C,looks like flying,3,1
pair33,8,1,director,D,this one has it's arms out,6,1
pair33,8,1,director,D,like it's holding something,4,1
pair33,8,1,director,D,body is straight up,4,1
pair33,9,1,director,I,doing yoga,2,0
pair33,9,1,director,I,arms out,2,0
pair33,9,1,director,I,one leg behind,3,0
pair33,9,1,director,I,arms are 2 triangles,4,0
pair33,10,1,director,F,sitting down,2,1
pair33,10,1,director,F,crouched,1,1
pair33,10,1,director,F,big stomach area,3,1
pair33,10,1,director,F,head down,2,1
pair33,10,1,director,F,legs straight,2,1
pair33,11,1,director,B,kinda crouched down,3,1
pair33,11,1,director,B,arms out to the sides,5,1
pair33,11,1,director,B,one leg out,3,1
pair33,11,1,director,B,one arm is a complete separate triangle,7,1
pair33,12,1,director,G,arms behind them,3,0
pair33,12,1,director,G,kinda laying down,3,0
pair33,12,1,director,G,head near stomach,3,0
pair33,13,2,director,D,standing up straight,3,0
pair33,13,2,director,D,holding something,2,0
pair33,13,2,director,D,diamond shaped head,3,0
pair33,14,2,director,E,sitting down,2,1
pair33,14,2,director,E,body shaped like giant triangle,5,1
pair33,14,2,director,E,two triangles on head like a bow,7,1
pair33,15,2,director,A,walking,1,1
pair33,15,2,director,A,one leg out,3,1
pair33,15,2,director,A,head behind like a square,5,1
pair33,16,2,director,J,looks like a candle,4,0
pair33,16,2,director,J,straight angles not curved,4,0
pair33,17,2,director,G,sitting down,2,0
pair33,17,2,director,G,head near chest,3,0
pair33,17,2,director,G,arms behind pointed out,4,0
pair33,18,2,director,B,sitting down,2,1
pair33,18,2,director,B,head pointed upwards,3,1
pair33,18,2,director,B,triangle behind head,3,1
pair33,18,2,director,B,arm out straight and pointy,5,1
pair33,19,2,director,I,arms out,2,1
pair33,19,2,director,I,bent forward,2,1
pair33,19,2,director,I,one leg straight back,4,1
pair33,20,2,director,K,sitting up straight,3,1
pair33,20,2,director,K,back is a pointy triangle,5,1
pair33,20,2,director,K,leg is pointed upwards,4,1
pair33,20,2,director,K,head is diamond,3,1
pair33,21,2,director,F,laying down,2,1
pair33,21,2,director,F,looks sad,2,1
pair33,21,2,director,F,foot out,2,1
pair33,21,2,director,F,big body,2,1
pair33,22,2,director,H,candle shaped but curvy,4,1
pair33,22,2,director,H,not square,2,1
pair33,23,2,director,C,flying,1,1
pair33,23,2,director,C,arms out,2,1
pair33,24,2,director,L,kinda squatting,2,0
pair33,24,2,director,L,legs curved at an angle,5,0
pair33,24,2,director,L,stomach is a pointy triangle,5,0
pair33,25,3,director,G,laying down,2,1
pair33,25,3,director,G,down,1,1
pair33,25,3,director,G,arms back,2,1
pair33,25,3,director,G,feet are a trapezoid,4,1
pair33,26,3,director,E,body shaped like triangle,4,1
pair33,26,3,director,E,head is a bow,4,1
pair33,27,3,director,D,standing up straight,3,1
pair33,27,3,director,D,holding something,2,1
pair33,27,3,director,D,diamond head,2,1
pair33,28,3,director,L,squatting,1,0
pair33,28,3,director,L,stomach is a pointy triangle,5,0
pair33,28,3,director,L,feet are flat,3,0
pair33,29,3,director,F,laying down sade,3,1
pair33,29,3,director,F,big body,2,1
pair33,30,3,director,J,candle,1,1
pair33,30,3,director,J,square,1,1
pair33,30,3,director,J,angled,1,1
pair33,31,3,director,C,flying,1,1
pair33,31,3,director,C,arms out,2,1
pair33,32,3,director,H,candle shaped curvy,3,1
pair33,32,3,director,H,not square,2,1
pair33,33,3,director,K,sitting down legs up,4,0
pair33,33,3,director,K,pointy feet,2,0
pair33,33,3,director,K,triangle poking out of back,5,0
pair33,34,3,director,B,the one you just chose,5,1
pair33,35,3,director,I,one leg out in the back,6,0
pair33,35,3,director,I,arms out in front,4,0
pair33,35,3,director,I,diamond head,2,0
pair33,36,3,director,A,walking like a monster,4,1
pair33,36,3,director,A,head on back,3,1
pair33,37,4,director,I,one leg straight out,4,1
pair33,37,4,director,I,bending over,2,1
pair33,37,4,director,I,2 arms out,3,1
pair33,38,4,director,E,sitting down,2,0
pair33,38,4,director,E,triangle body,2,0
pair33,38,4,director,E,helicopter head,2,0
pair33,39,4,director,J,candle shaped,2,1
pair33,39,4,director,J,square,1,1
pair33,40,4,director,G,laying down,2,1
pair33,40,4,director,G,one arm above and one below,6,1
pair33,41,4,director,H,candle shaped,2,1
pair33,41,4,director,H,curvy,1,1
pair33,42,4,director,L,legs are angled,3,1
pair33,42,4,director,L,kinda squatting,2,1
pair33,42,4,director,L,triangle upside down on front,5,1
pair33,43,4,director,F,laying down sad,3,1
pair33,44,4,director,C,flying,1,1
pair33,44,4,director,C,arms out,2,1
pair33,45,4,director,B,little girl begging,3,0
pair33,45,4,director,B,head like a bow,4,0
pair33,45,4,director,B,head up,2,0
pair33,45,4,director,B,arm out pointy,3,0
pair33,46,4,director,K,diamond head,2,0
pair33,46,4,director,K,foot pointed up,3,0
pair33,46,4,director,K,triangle poking out of back,5,0
pair33,47,4,director,D,standing,1,1
pair33,47,4,director,D,holding something,2,1
pair33,47,4,director,D,feet flat,2,1
pair33,48,4,director,A,walking like monster,3,1
pair33,49,5,director,L,squatting,1,1
pair33,49,5,director,L,holding something,2,1
pair33,49,5,director,L,diamond head,2,1
pair33,50,5,director,D,standing up,2,1
pair33,50,5,director,D,holding something,2,1
pair33,50,5,director,D,feet flat,2,1
pair33,51,5,director,K,standing foot pointed up,4,0
pair33,51,5,director,K,sharp triangle in back,4,0
pair33,51,5,director,K,diamond head,2,0
pair33,52,5,director,G,laying down,2,0
pair33,52,5,director,G,one arm above and below,5,0
pair33,52,5,director,G,head going towards feet,4,0
pair33,53,5,director,B,sitting down looking up,4,1
pair33,53,5,director,B,triangle chest pointed out,4,1
pair33,53,5,director,B,foot shaped like triangle,4,1
pair33,54,5,director,H,curvy candle,2,1
pair33,55,5,director,A,walking like monster,3,1
pair33,56,5,director,J,candle,1,1
pair33,56,5,director,J,angled,1,1
pair33,56,5,director,J,boxy,1,1
pair33,57,5,director,E,sitting down,2,1
pair33,57,5,director,E,triangle body,2,1
pair33,57,5,director,E,helicopter head,2,1
pair33,58,5,director,C,flying,1,1
pair33,58,5,director,C,arms out,2,1
pair33,59,5,director,F,laying down sad,3,1
pair33,59,5,director,F,foot out,2,1
pair33,60,5,director,I,arms out in front,4,1
pair33,60,5,director,I,one leg behind,3,1
pair33,60,5,director,I,bending over,2,1
pair33,61,6,director,E,sitting down,2,0
pair33,61,6,director,E,helicopter head,2,0
pair33,61,6,director,E,triangle body,2,0
pair33,62,6,director,A,walking like a monster,4,1
pair33,63,6,director,L,squatting,1,0
pair33,63,6,director,L,holding somethin,2,0
pair33,63,6,director,L,flat feet,2,0
pair33,64,6,director,B,sitting down,2,1
pair33,64,6,director,B,lumpy body,2,1
pair33,64,6,director,B,arm pointy,2,1
pair33,64,6,director,B,head is a bow,4,1
pair33,65,6,director,H,curvy candle,2,1
pair33,66,6,director,G,laying down,2,0
pair33,66,6,director,G,trapezoid feet,2,0
pair33,67,6,director,K,standing,1,0
pair33,67,6,director,K,foot pointed sharp upwards,4,0
pair33,67,6,director,K,sharp point in back,4,0
pair33,68,6,director,J,boxy candle,2,1
pair33,69,6,director,I,bending over,2,0
pair33,69,6,director,I,one leg up,3,0
pair33,70,6,director,D,standing up straight,3,1
pair33,70,6,director,D,holding something,2,1
pair33,71,6,director,C,flying,1,1
pair33,71,6,director,C,arms out,2,1
pair33,72,6,director,F,laying down sad,3,1
pair34,1,1,director,H,ok the target image kind of looks like a guy sitting down. the top part is a diamond and the bottom part is parallel except for a small triangle jutting off to the right,34,1
pair34,2,1,director,C,"this one looks like a guy with his head tilted to the left, his entire body leaning left and his two hands up in the air like 'come on, man!'",30,1
pair34,3,1,director,D,"ok this one looks like a man again, diamond shaped head, his 'feet' are facing left and he has one hand pointing to the left",25,1
pair34,4,1,director,K,"let's keep it up with the dude analogies. this is a dude on his keeps, diamond for a head, facing to the right and pointing right. this is the one where there is another diamond under the head that looks like it's his shoulder blades",45,1
pair34,5,1,director,E,this looks like a sad bunny sitting down,8,1
pair34,6,1,director,F,this looks like a sad dude sitting down facing left,10,1
pair34,6,1,matcher,F,maybe we should give them quick names so when we see them again you can quickly just say something like 'bunny',21,1
pair34,7,1,director,L,"ok, this is another kneeling guy but without 2nd diamond. maybe call him kneeling 1 diamond",16,1
pair34,8,1,director,J,"this is one we didnt do yet, diamond head, body looks like a rectangle with a triangle on top right and cut out at bottom. call him rectangle guy?",29,1
pair34,8,1,director,J,it is the one where the body looks most like a rectangle on it's side,15,1
pair34,8,1,matcher,J,is he pointing right,4,1
pair34,8,1,director,J,"yes, slightly",2,1
pair34,9,1,director,A,this one looks like a guy walking left but his head is falling off behind him.,16,1
pair34,10,1,director,G,"another new one. looks like a guy doing tai chi or something, head thrown back, legs are spread open, pointing right",21,1
pair34,10,1,director,G,harder one to describe kind of,6,1
pair34,11,1,director,I,i will call him karate guy. he is kicking,9,1
pair34,11,1,director,I,"kicking to the right, hands to the left",8,1
pair34,11,1,director,I,standing on one foot,4,1
pair34,12,1,director,B,"this is the other tai chi guy, on knees but legs together",12,1
pair34,12,1,director,B,arms out,2,1
pair34,12,1,matcher,B,is the shape kind of like an angel,8,1
pair34,12,1,director,B,"sort of the two arms are like triangles, and he is kneeling",12,1
pair34,13,2,director,I,karate guy! kicking right,4,0
pair34,13,2,director,I,on one leg,3,0
pair34,14,2,director,B,this is that angle tai chi guy.,7,1
pair34,14,2,director,B,angel,1,1
pair34,15,2,director,D,standing dude pointing to the left,6,1
pair34,16,2,director,J,"rectangle guy, pointing right",4,1
pair34,17,2,director,E,sad bunny,2,1
pair34,18,2,director,C,'come on man' guy with arms up,7,1
pair34,19,2,director,K,kneeling guy with 2 diamonds (head an shoulder blades),9,1
pair34,20,2,director,G,"tai chi guy, the one pointing right with legs open at bottom",12,1
pair34,21,2,director,H,"this is like rectangle guy but not him, diamond head and 'feet' sticking out to the right",17,1
pair34,22,2,matcher,A,he can be diamond guy,5,1
pair34,22,2,director,A,this is guy who is walking away from his head,10,1
pair34,23,2,director,F,"sad guy, sitting down feet to left",7,1
pair34,23,2,director,F,can call him sad guy,5,1
pair34,24,2,director,L,kneeling guy with only 1 diamond,6,1
pair34,25,3,director,K,kneeling guy with 2 diamonds,5,1
pair34,26,3,director,B,tai chi guy with legs together and arms like angel,10,1
pair34,26,3,director,B,kneeling,1,1
pair34,27,3,director,D,standing guy pointing left,4,1
pair34,28,3,director,G,tai guy guy pointing right legs open,7,1
pair34,29,3,director,I,karate kick guy,3,1
pair34,29,3,director,I,standing on one leg,4,1
pair34,29,3,matcher,I,which way is he kicking,5,1
pair34,29,3,director,I,right,1,1
pair34,30,3,director,H,diamond guy,2,1
pair34,31,3,director,F,sad guy,2,1
pair34,32,3,director,E,sad bunny,2,1
pair34,33,3,director,C,come on man guy,4,1
pair34,34,3,director,L,"kneeling guy, 1 diamond",4,1
pair34,35,3,director,A,walking away from his head guy,6,1
pair34,36,3,director,J,rectangle guy,2,1
pair34,37,4,director,F,sad guy,2,1
pair34,38,4,director,L,kneeling guy 1 diamond,4,1
pair34,39,4,director,G,"tai chi guy, kneeling, legs open pointing right",8,1
pair34,40,4,director,H,diamond guy,2,1
pair34,41,4,director,D,standing guy pointing left,4,1
pair34,42,4,director,J,rectangle guy,2,1
pair34,43,4,director,I,karate kick to the right guy,6,1
pair34,44,4,director,B,angel tai chi guy,4,1
pair34,45,4,director,C,come on man guy,4,1
pair34,46,4,director,E,sad bunny,2,1
pair34,47,4,director,K,kneeling guy 2 diamonds,4,1
pair34,48,4,director,A,walking away from his head guy,6,1
pair34,49,5,director,D,standing man pointing left,4,1
pair34,50,5,director,A,walking away from head guy,5,1
pair34,51,5,director,J,rectangle guy,2,1
pair34,52,5,director,G,"tai chi guy, open legs, pointing right",7,1
pair34,53,5,director,E,sad bunny,2,1
pair34,54,5,director,F,sad guy,2,1
pair34,55,5,director,B,tai chi angel guy,4,1
pair34,56,5,director,I,karate kick right guy,4,1
pair34,57,5,director,H,diamond guy,2,1
pair34,58,5,director,K,kneeling guy 2 diamonds,4,1
pair34,59,5,director,C,come on man guy,4,1
pair34,60,5,director,L,kneeling guy 1 diamond,4,1
pair34,61,6,director,I,karate kick right guy,4,1
pair34,62,6,director,B,tai chi angel guy,4,1
pair34,63,6,director,L,kneeling guy 1 diamond,4,1
pair34,64,6,director,C,come on man guy,4,1
pair34,65,6,director,H,diamond guy,2,1
pair34,66,6,director,F,sad guy,2,1
pair34,67,6,director,J,rectangle guy,2,1
pair34,68,6,director,D,standing guy pointing left,4,1
pair34,69,6,director,E,sad bunny,2,1
pair34,70,6,director,K,kneeling guy 2 diamonds,4,1
pair34,71,6,director,G,"tai chi guy, legs open, pointing right",7,1
pair34,72,6,director,A,walking away from head guy,5,1
pair35,1,1,director,L,squatting and facing right,4,1
pair35,2,1,director,E,a bunny rabbit with triangle ears,6,1
pair35,3,1,director,D,a priest facing left holding a tablet,7,0
pair35,4,1,director,F,sitting facing left with knees up,6,1
pair35,5,1,director,I,"standing on one foot, facing left, raised leg extended",9,1
pair35,6,1,director,H,"sitting on knees (japanese style), facing right -but not squatting - you don't see the lower legs or any arms",20,0
pair35,7,1,director,B,"sort of like an angel kneeling, facing right, with a triangle in her teeth",14,0
pair35,8,1,director,C,a ghost flying to the left with arms outstretched,9,1
pair35,9,1,director,K,"kneeling, facing right, back very straight, holding a book or tablet",11,0
pair35,10,1,director,J,"head on a pedestal - straight left side, sculpted right side",11,0
pair35,11,1,director,G,"shovelling show, facing left",4,0
pair35,12,1,director,A,"a bear walking to the left, but looking behind him (one leg raised toward the left)",16,1
pair35,13,2,director,A,the same as last time - bear,7,1
pair35,13,2,matcher,A,so i know bear and ghost (flying) if that helps,10,1
pair35,14,2,director,I,"yoga - standing on one foot, facing left, raised leg extended",11,1
pair35,15,2,matcher,F,okay so that's yoga,4,1
pair35,15,2,director,F,"sitting, facing left, knees bent",5,1
pair35,16,2,director,K,"'kneeling presenter' - kneeling, facing right, way down on knees, head up, holding a tablet or something",17,1
pair35,17,2,director,B,"angel -  sort of like an angel kneeling, facing right, with a triangle in her teeth",16,1
pair35,18,2,director,E,bunny - with triangle ears,5,1
pair35,19,2,director,C,ghost,1,1
pair35,20,2,director,H,"japanese - sitting, facing sort of forward/right, no arms, no lower legs",12,1
pair35,21,2,director,G,"i called this shovelling snow last time - faces right, arm like they're pushing a shovel - sort of behind them, with a bunch of stuff lower right",28,1
pair35,21,2,director,G,i mean lower left...,4,1
pair35,22,2,director,D,"priest - a priest, facing left, wearing robes, presenting a tablet or something",13,1
pair35,23,2,director,L,"squatting - squatting, facing right, presenting a tablet",8,1
pair35,24,2,director,J,"head on a pedestal - straight left side, angled right side - no arms",14,1
pair35,25,3,matcher,L,"call that vampire, i'll get it",6,1
pair35,25,3,director,L,"priest - a priest, facing left, wearing robes, presenting a tablet or something",13,1
pair35,25,3,director,L,no - squatting!!!!,3,1
pair35,25,3,director,L,"squatting - squatting, facing right, presenting a tablet",8,1
pair35,26,3,director,E,bunny,1,1
pair35,27,3,director,K,"'kneeling presenter' - kneeling, facing right, way down on knees, head up, holding a tablet or something",17,1
pair35,28,3,director,J,"head on a pedestal - straight left side, angled right side - no arms",14,1
pair35,29,3,matcher,I,just call that vampire,4,1
pair35,29,3,director,I,"yoga - standing on one foot, facing left, raised leg extended",11,1
pair35,30,3,director,B,"angel -  sort of like an angel kneeling, facing right, with a triangle in her teeth",16,1
pair35,31,3,director,C,ghost,1,1
pair35,32,3,director,D,"priest - a priest, facing left, wearing robes, presenting a tablet or something",13,1
pair35,33,3,director,H,"japanese - sitting, facing sort of forward/right, no arms, no lower legs",12,1
pair35,34,3,director,A,bear,1,1
pair35,35,3,director,F,"sitting, legs bent, facing left",5,1
pair35,36,3,director,G,shovelling snow,2,1
pair35,37,4,director,I,yoga,1,1
pair35,38,4,director,G,shovelling snow,2,1
pair35,39,4,director,E,bunny,1,1
pair35,40,4,director,F,"sitting, legs bent, facing left",5,1
pair35,41,4,director,A,bear,1,1
pair35,42,4,director,H,"japanese - sitting, facing sort of forward/right, no arms, no lower legs",12,1
pair35,43,4,director,K,"'kneeling presenter' - kneeling, facing right, way down on knees, head up, holding a tablet or something",17,1
pair35,44,4,director,J,"head on a pedestal - straight left side, angled right side - no arms",14,1
pair35,45,4,director,B,angel,1,1
pair35,46,4,director,L,"squatting - squatting, facing right, presenting a tablet",8,1
pair35,47,4,director,D,"priest - a priest, facing left, wearing robes, presenting a tablet or something",13,1
pair35,48,4,director,C,ghost,1,1
pair35,49,5,director,I,yoga,1,1
pair35,50,5,director,A,bear,1,1
pair35,51,5,director,H,"japanese - sitting, facing sort of forward/right, no arms, no lower legs",12,1
pair35,52,5,director,J,"head on a pedestal - straight left side, angled right side - no arms",14,1
pair35,53,5,director,B,angel,1,1
pair35,54,5,director,D,"priest - a priest, facing left, wearing robes, presenting a tablet or something",13,1
pair35,55,5,director,F,"sitting, legs bent, facing left",5,1
pair35,56,5,director,L,"squatting - squatting, facing right, presenting a tablet",8,1
pair35,57,5,director,G,shovelling snow,2,1
pair35,58,5,director,C,ghost,1,1
pair35,59,5,director,K,"'kneeling presenter' - kneeling, facing right, way down on knees, head up, holding a tablet or something",17,1
pair35,60,5,director,E,bunny,1,1
pair35,61,6,director,C,ghost,1,1
pair35,62,6,director,A,bear,1,1
pair35,63,6,director,F,"sitting, legs bent, facing left",5,1
pair35,64,6,director,K,"'kneeling presenter' - kneeling, facing right, way down on knees, head up, holding a tablet or something",17,1
pair35,65,6,director,B,angel,1,1
pair35,66,6,director,L,"squatting - squatting, facing right, presenting a tablet",8,1
pair35,67,6,director,J,head on a pedestal,4,1
pair35,68,6,director,D,"priest - a priest, facing left, wearing robes, presenting a tablet or something",13,1
pair35,69,6,director,I,yoga,1,1
pair35,70,6,director,E,bunny,1,1
pair35,71,6,director,H,japanese,1,1
pair35,72,6,director,G,shovelling snow,2,1
pair36,1,1,director,B,this one is mostly long and flat at the bottom,10,0
pair36,1,1,director,B,but it is not completely flat,6,0
pair36,1,1,director,B,and it looks like it has angel wings,8,0
pair36,2,1,director,D,this one looks like a person standing straight up and pointing from its side,14,1
pair36,2,1,director,D,"straight legs, straight back, and he is pointing to the left",11,1
pair36,3,1,director,E,this person looks like he is sitting with his back against the wall. square head with a crazy hat,19,1
pair36,3,1,matcher,E,is he sitting with his back on the left,9,1
pair36,3,1,director,E,"back is on the left, head facing to the right",10,1
pair36,4,1,director,J,back and legs are straight up on the left,9,1
pair36,4,1,director,J,pointing to the right from the shoulder,7,1
pair36,5,1,director,I,"standing on one leg, 2 arms facing to the left, looks like his back leg is facing to the right",20,1
pair36,6,1,director,K,on knees with 1 arm facing to the right,9,1
pair36,6,1,director,K,"completely on knees, with a point that goes upwards on the left side",13,1
pair36,7,1,director,F,sitting down facing the left,5,1
pair36,7,1,director,F,head down,2,1
pair36,8,1,director,C,the y in the YMCA dance,6,1
pair36,9,1,director,H,shoulders and torso are going straight down,7,1
pair36,9,1,director,H,bottom 1/4 faces slightly to the right,7,1
pair36,10,1,director,G,"the legs stretch the furthest across all of them, he looks like he is gonna pull out a sword",19,0
pair36,10,1,director,G,standing up,2,0
pair36,11,1,director,L,"knees are bent, pointing from the torso to the right side",11,1
pair36,12,1,director,A,"one leg up in the air, pointy face facing to the left, with a flag on his back",18,1
pair36,12,1,director,A,you picked it 2 games ago,6,1
pair36,13,2,director,K,"this is the one that looks like its praying on its knees, the arm is facing to the right",19,1
pair36,13,2,director,K,only 1 arm visible,4,1
pair36,14,2,director,I,"standing on one leg, the back leg is facing the right",11,1
pair36,15,2,director,A,flag guy again,3,1
pair36,15,2,director,A,"pointy face, standing on 1 leg",6,1
pair36,16,2,director,J,"flat back/torso/legs on the left, pointing from shoulder to the right",11,1
pair36,17,2,director,C,YMCA,1,1
pair36,18,2,director,B,on knees. looks like 1 arm to the left and one arm to the right,15,0
pair36,18,2,director,B,dabbing,1,0
pair36,19,2,director,F,"sitting down, facing the left",5,1
pair36,20,2,director,L,"knees bent, pointing to the right",6,1
pair36,21,2,director,H,"straight torso and sides, with legs bent to the right. ill call him middle guy if we get this right",20,1
pair36,22,2,director,E,"sitting, facing the right",4,1
pair36,22,2,matcher,E,rabbit guy?,2,1
pair36,23,2,director,G,this will be dueling guy,5,1
pair36,23,2,director,G,its the guy with the weird big J shaped leg an the tiny triangle back foot on the right side,20,1
pair36,23,2,matcher,G,standing on one leg,4,1
pair36,23,2,director,G,its the big fat J leg,6,1
pair36,23,2,director,G,not the normal sized leg,5,1
pair36,24,2,director,D,left pointing guy,3,1
pair36,25,3,director,E,rabbit,1,1
pair36,26,3,director,C,YMCA,1,1
pair36,27,3,director,B,on knees with arms wide open. creed guy is his name if we get it,15,0
pair36,27,3,matcher,B,pointing right?,2,0
pair36,27,3,director,B,"left arm is pointing, right arm is pointing a little bit higher",12,0
pair36,27,3,director,B,head facing downwards to the right,6,0
pair36,28,3,director,F,sitting facing left,3,1
pair36,29,3,director,J,"right pointing guy, standing straight up",6,1
pair36,30,3,director,H,middle guy',2,1
pair36,31,3,director,G,dueling guy,2,0
pair36,31,3,director,G,fat J leg,3,0
pair36,32,3,director,I,calling this yoga guy,4,1
pair36,32,3,director,I,"standing on one leg, 2 arms pointing to the left, back leg to the right",15,1
pair36,33,3,director,A,flag guy,2,1
pair36,33,3,matcher,A,i forget which one we said was flag guy,9,1
pair36,33,3,director,A,"you picked it last round, the guy on one leg",10,1
pair36,34,3,director,D,pointing left stand guy,4,1
pair36,35,3,director,K,this will be praying guy,5,1
pair36,35,3,director,K,"on knees, hands out facing the right",7,1
pair36,36,3,director,L,guy with bent knees pointing to the right. knee guy,10,1
pair36,37,4,director,A,flag guy,2,1
pair36,38,4,director,D,stand point left guy,4,1
pair36,39,4,director,G,dueling guy,2,1
pair36,40,4,director,K,praying guy,2,1
pair36,41,4,director,B,on knees with angel wings guy,6,1
pair36,42,4,director,H,middle guy,2,1
pair36,43,4,director,L,knee bent pointing right guy,5,1
pair36,44,4,director,I,yoga guy,2,1
pair36,45,4,director,F,sitting facing left,3,1
pair36,46,4,director,E,rabbit,1,1
pair36,47,4,director,J,standing point right,3,1
pair36,48,4,director,C,YMCA,1,1
pair36,49,5,director,A,flag,1,1
pair36,50,5,director,L,knee bent guy,3,1
pair36,51,5,director,B,"creed guy, arms wide open",5,0
pair36,52,5,director,G,thats dueling guy from last round,6,1
pair36,52,5,director,G,pick the same one,4,1
pair36,52,5,matcher,G,the same one i picked dueling guy?,7,1
pair36,53,5,director,D,pointing left guy,3,1
pair36,54,5,director,C,YMCA,1,1
pair36,55,5,director,F,sitting left,2,1
pair36,56,5,director,H,middle,1,1
pair36,57,5,director,I,yoga,1,1
pair36,58,5,director,E,rabbit,1,1
pair36,59,5,director,J,standing point right,3,1
pair36,60,5,director,K,praying,1,1
pair36,61,6,director,D,point left,2,1
pair36,62,6,director,B,arms wide open,3,1
pair36,63,6,director,H,middle,1,1
pair36,64,6,director,I,yoga,1,1
pair36,65,6,director,E,rabbit,1,1
pair36,66,6,director,L,knee bent point right,4,1
pair36,67,6,director,G,dueling,1,1
pair36,68,6,director,K,praying,1,1
pair36,69,6,director,A,flag,1,1
pair36,70,6,director,J,stand point right,3,1
pair36,71,6,director,F,sit left,2,1
pair36,72,6,director,C,YMCA,1,1
pair37,1,1,director,I,click on the one that looks like a tail is pointing to the right,14,1
pair37,1,1,director,I,and is standing,3,1
pair37,2,1,director,A,this one looks like something standing with one foot kicking out to the left of the other leg,18,1
pair37,2,1,director,A,the 'head' be tilted towards the top right corner,9,1
pair37,2,1,matcher,A,are both 'feet' pointed in the same direction?,8,1
pair37,3,1,director,E,this one looks like something sitting int he bottom left corner and it has bunny ears,16,1
pair37,3,1,matcher,E,it's facing to the right?,5,1
pair37,4,1,director,K,this one is kind of chunky and looks like someone kneeling,11,1
pair37,4,1,director,K,the head is attached to another square similar to the head,11,1
pair37,4,1,matcher,K,with it's arms outstretched and facing to the right?,9,1
pair37,4,1,director,K,the feet kind of look like they point up,9,1
pair37,4,1,director,K,yes,1,1
pair37,5,1,director,B,this is another kneeling but the arms are pointed to the left and it has another triangle awkwardly attached on the right side of the head,26,1
pair37,5,1,matcher,B,looks kind of like a mouse?,6,1
pair37,6,1,director,H,this is a kneeling that is one block with no arms,11,1
pair37,6,1,director,H,feet/knees pointing to the right,5,1
pair37,6,1,director,H,kind of,2,1
pair37,7,1,director,C,this one has it's arms wide open,7,1
pair37,7,1,matcher,C,like it's falling to the left?,6,1
pair37,8,1,director,L,this one has its knees bent and arms out to the right,12,1
pair37,9,1,director,G,this one is kind of like the rabbit but it is looking to the left and seems like it is reclining,21,1
pair37,9,1,matcher,G,does it have a triangle tail?,6,1
pair37,10,1,director,D,this looks like someone standing and is kind of blocky,10,1
pair37,10,1,director,D,looks like arms are out to the left\,8,1
pair37,11,1,director,J,this one has the head perfectly centered on a a square is body,13,1
pair37,11,1,director,J,could be an upside down bird,6,1
pair37,12,1,director,F,person laying/sitting with foot and leg out to the left,10,1
pair37,13,2,director,C,arms spread out leaning left,5,1
pair37,14,2,director,D,standing with arms to left very blocky,7,1
pair37,15,2,director,L,bending knees arms to the right,6,1
pair37,16,2,director,E,rabbit sitting down facing to the right,7,1
pair37,17,2,director,K,person kneeling with up pointed feet and head connected to square,11,1
pair37,18,2,director,H,blocky kneeling knees to right,5,1
pair37,19,2,director,J,upside down bird,3,1
pair37,20,2,director,F,person sitting with legs to the left,7,1
pair37,21,2,director,B,the mouse looking one,4,1
pair37,22,2,director,G,ugly bunny with triangle tail,5,1
pair37,23,2,director,A,standing with one foot and leg lifted up pointing to the left,12,1
pair37,23,2,matcher,A,kicker,1,1
pair37,24,2,director,I,the one standing with the tail to the right,9,1
pair37,24,2,director,I,let's call it the flyer,5,1
pair37,25,3,director,B,the mouse,2,1
pair37,26,3,director,E,sitting bunny looking to the right,6,1
pair37,27,3,director,L,bent knees with arms to the right,7,1
pair37,28,3,director,J,upside down bird,3,1
pair37,29,3,director,C,arms spread wide,3,1
pair37,30,3,director,I,the flyer,2,1
pair37,31,3,director,G,ugly laying down bunny with triangle tail,7,1
pair37,31,3,director,G,call it drunken bunny?,4,1
pair37,31,3,matcher,G,ugly bunny is fine.,4,1
pair37,32,3,director,H,blocky kneeling knees to right,5,0
pair37,33,3,director,A,the kicker,2,1
pair37,34,3,director,D,blocky stander with arms to the left,7,1
pair37,34,3,director,D,stander,1,1
pair37,35,3,director,F,person sitting legs to the left,6,1
pair37,36,3,director,K,kneeling with feet pointed up and arms right,8,1
pair37,36,3,director,K,double square,2,1
pair37,37,4,director,J,upside down bird,3,1
pair37,38,4,director,F,person sitting legs to the left,6,1
pair37,39,4,director,G,ugly bunny,2,1
pair37,40,4,director,B,the mouse,2,1
pair37,41,4,director,C,arms spread wide,3,1
pair37,42,4,director,A,the kicker,2,1
pair37,43,4,director,L,knees bent arms to the right,6,1
pair37,44,4,director,E,sitting bunny,2,1
pair37,45,4,director,H,blocky kneeling no arms knees point right,7,1
pair37,46,4,director,K,kneeling feet pointed up arms right double square,8,1
pair37,46,4,matcher,K,feet up kneeling. got it.,5,1
pair37,47,4,director,D,stander with arms to the left,6,1
pair37,48,4,director,I,the flyer,2,1
pair37,49,5,director,C,arms spread wide,3,1
pair37,50,5,director,K,kneeling feet pointed up,4,1
pair37,51,5,director,E,sitting bunny,2,1
pair37,52,5,director,F,person sitting feet to the left,6,1
pair37,53,5,director,A,the kicker,2,1
pair37,54,5,director,L,bent knees arms to the right,6,1
pair37,55,5,director,I,the flyer,2,1
pair37,56,5,director,H,blocky kneeling knees pointing to the right,7,1
pair37,57,5,director,J,upside down bird,3,1
pair37,58,5,director,D,stander with arms pointing to the left,7,1
pair37,59,5,director,B,the mouse,2,1
pair37,60,5,director,G,ugly bunny,2,1
pair37,61,6,director,L,bent knees arms to the right,6,1
pair37,62,6,director,F,person sitting feet to the left,6,1
pair37,63,6,director,A,the kicker,2,1
pair37,64,6,director,G,ugly bunny,2,1
pair37,65,6,director,C,arms spread wide,3,1
pair37,66,6,director,I,the flyer,2,1
pair37,67,6,director,D,stander with arms out to the left,7,1
pair37,68,6,director,B,the mouse,2,1
pair37,69,6,director,K,kneeling with toes pointed up.,5,1
pair37,70,6,director,H,blocky kneeling knees pointed right,5,1
pair37,70,6,director,H,no arms,2,1
pair37,71,6,director,J,upside down bird,3,1
pair37,72,6,director,E,sitting bunny,2,1
pair38,1,1,director,C,choose the picture that looks like a man holding two hand up in the air,15,1
pair38,2,1,director,H,man kneeling straight,3,1
pair38,2,1,director,H,hands to the side,4,1
pair38,2,1,director,H,looking right,2,1
pair38,3,1,director,E,looks like a man sitting down with two triangles on its head,12,1
pair38,3,1,director,E,looking to the right,4,1
pair38,4,1,director,I,looks like a man facing left with two hands and a foot in the air,15,1
pair38,5,1,director,G,a man with his two hands point right and a foot pointing right and his head and another foot facing left,21,0
pair38,5,1,director,G,standing like he's dancing,4,0
pair38,6,1,director,A,man standing with right foot in the air head facing right both arms in the air,16,0
pair38,7,1,director,D,man standing straight looking left and down with hands straight forward like he's reading something,15,1
pair38,8,1,director,J,figure is standing up and has his hands to the right and his head is like in a perfect diamond shape position,22,0
pair38,9,1,director,B,figure is on his knees and facing right one hand to the left and another to the right,18,1
pair38,9,1,director,B,you can see one of his feet from kneeling on the left side,13,1
pair38,10,1,director,K,figure looks like he's praying and looking up facing the right,11,0
pair38,11,1,matcher,L,chose left again,3,0
pair38,11,1,director,L,same kind of picture with a man looking up like he's praying he looks like he's squatting with his knees bending to the right,24,0
pair38,11,1,director,L,facing the right side,4,0
pair38,12,1,director,F,figure sitting down with his legs out looking down,9,1
pair38,12,1,director,F,facing left,2,1
pair38,13,2,director,H,figure standing straight with arms at his side...looks a little fatter,11,1
pair38,13,2,director,H,facing right,2,1
pair38,14,2,director,G,figure looks like they are dancing with hands in the air to the right and one foot sticking out to the right,22,1
pair38,15,2,director,L,figure has knees bent a little to the right,9,1
pair38,16,2,director,J,figure is standing up with one hand pointing right,9,0
pair38,16,2,matcher,J,facing?,1,0
pair38,16,2,director,J,"looks like he's facing right but not looking anyway, perfect diamond shape not tilting any way",16,0
pair38,17,2,director,C,figure looks like he's flying to the left with both hands in the air,14,0
pair38,18,2,director,E,figure is sitting down facing left and with two triangle shapes on his head,14,1
pair38,18,2,director,E,facing right right*,3,1
pair38,19,2,director,I,the last picture you choose of the guy flying that was wrong,12,1
pair38,19,2,director,I,he has a foot in the air,7,1
pair38,19,2,director,I,both hand in the air facing left he looks like he's ice skating,13,1
pair38,20,2,director,A,figure has right foot in the air standing straight and looking to the right,14,1
pair38,20,2,director,A,body facing left head facing to the right,8,1
pair38,21,2,director,D,figure looks like he's reading something head tilted down and facing left,12,0
pair38,22,2,director,B,figure is on their knees facing right with both hands in the air head tilting right and down,18,0
pair38,22,2,director,B,they look like they are sliding on their knees one hand to the left and one to the right and head facing right and down,25,0
pair38,23,2,matcher,F,lets call that last one the number 1,8,1
pair38,23,2,director,F,ok,1,1
pair38,23,2,director,F,this one is a man sitting down with legs out facing left his head is down,16,1
pair38,23,2,director,F,like he is napping,4,1
pair38,24,2,matcher,K,that ones 2,3,0
pair38,24,2,director,K,"figure looks like they are on their knees looking up, (not the one with the knees bent they exactly the same though)",22,0
pair38,24,2,director,K,figure is facing right,4,0
pair38,25,3,matcher,D,now i cant remember which one it was to label it 3,12,1
pair38,25,3,director,D,figure is facing left standing up with hands to the left looking down like he's reading something,17,1
pair38,26,3,matcher,B,3,1,1
pair38,26,3,director,B,ok this one is #1 --the one that looks like they are sliding,13,1
pair38,27,3,director,J,figure is standing up looks fatter and has a hand pointed to the right,14,1
pair38,28,3,matcher,F,4,1,1
pair38,28,3,director,F,2,1,1
pair38,28,3,director,F,#2,1,1
pair38,28,3,director,F,man looks like he's sleeping,5,1
pair38,29,3,director,L,knees bent facing right with a hand facing right,9,1
pair38,30,3,matcher,K,5,1,1
pair38,30,3,director,K,skinnier version of the a person kneeling to the right with a hand to the right,16,1
pair38,31,3,matcher,H,6,1,1
pair38,31,3,director,H,fatter figure with hands to the side standing up,9,1
pair38,32,3,matcher,E,7,1,1
pair38,32,3,director,E,figure sitting facing right with two triangles on it's head,10,1
pair38,33,3,matcher,A,8,1,1
pair38,33,3,director,A,figure standing up right foot in the air...hands in the air...body facing left and head facing right,17,1
pair38,34,3,matcher,G,9,1,0
pair38,34,3,director,G,figure looks like they are dancing,6,0
pair38,35,3,matcher,I,10,1,1
pair38,35,3,director,I,figure looks like they are skating,6,1
pair38,36,3,matcher,C,11,1,1
pair38,36,3,director,C,figure looks like they are flying with both hands in the air,12,1
pair38,37,4,matcher,H,12,1,1
pair38,37,4,director,H,#7,1,1
pair38,37,4,matcher,H,is that all 12 labeled?,5,1
pair38,38,4,director,I,11,1,1
pair38,39,4,director,C,12,1,1
pair38,40,4,director,J,4,1,1
pair38,41,4,director,A,9,1,1
pair38,42,4,director,D,3,1,1
pair38,43,4,director,E,8,1,1
pair38,44,4,director,K,6,1,1
pair38,45,4,director,L,4,1,0
pair38,46,4,director,G,10,1,1
pair38,47,4,director,F,2,1,1
pair38,48,4,director,B,1,1,1
pair38,49,5,director,A,9,1,1
pair38,50,5,director,J,4,1,1
pair38,51,5,director,I,11,1,1
pair38,52,5,director,G,10,1,1
pair38,53,5,director,E,8,1,1
pair38,54,5,director,C,12,1,1
pair38,55,5,director,D,3,1,1
pair38,56,5,director,K,6,1,1
pair38,57,5,director,L,5,1,1
pair38,58,5,director,H,7,1,1
pair38,59,5,director,F,2,1,1
pair38,60,5,director,B,1,1,1
pair38,61,6,director,H,7,1,1
pair38,62,6,director,I,11,1,1
pair38,63,6,director,A,9,1,1
pair38,64,6,director,E,8,1,1
pair38,65,6,director,G,10,1,1
pair38,66,6,director,J,4,1,1
pair38,67,6,director,F,2,1,1
pair38,68,6,director,K,6,1,1
pair38,69,6,director,B,1,1,1
pair38,70,6,director,C,12,1,1
pair38,71,6,director,L,5,1,1
pair38,72,6,director,D,3,1,1
pair39,1,1,director,A,the one that looks like a guy walking with a box on his back.,14,0
pair39,2,1,matcher,C,type something,2,1
pair39,2,1,director,C,an angle flying,3,1
pair39,3,1,director,B,a woman kneeling with a triangle in the front,9,0
pair39,4,1,director,I,"square on head looks like a bird beak on left with a tail, you know you can ask questions",19,1
pair39,4,1,matcher,I,what is the position of the body?,7,1
pair39,4,1,director,I,one leg down triangle tail 2 triangles on left that look like a beak and a diamond on top,19,1
pair39,5,1,director,F,a person leaning against a wall with head bowed,9,1
pair39,5,1,director,F,facing left,2,1
pair39,6,1,director,H,"looks like a person in a cap and gown, kind of floating",12,1
pair39,6,1,director,H,no arms,2,1
pair39,7,1,director,K,"diamond head, kneeling, point to the right, upward point to the left",12,1
pair39,8,1,director,E,"looking to the right, 2 triangles on square head, looks like wrapped in a blanket",15,1
pair39,9,1,director,D,looks like a grad holding something out to the right,10,1
pair39,9,1,director,D,left,1,1
pair39,10,1,director,G,"someone walking taking big steps with a train trailing behind, going to the right, diamond head",16,1
pair39,11,1,director,J,diamond head body straight on the left side with angles on the right side,14,1
pair39,12,1,director,L,"diamond head, triangle to the right of body , looks like knees are bent",14,1
pair39,13,2,director,D,"grad with something on left side of body, we have done before",12,1
pair39,14,2,director,L,"bent knee diamond head, done before",6,1
pair39,15,2,director,H,floating grad again,3,0
pair39,16,2,director,A,"guy stepping with box on back, first one we did",10,1
pair39,17,2,director,E,"2 triangles on head, square head, wrapped in blanket, old one",11,1
pair39,18,2,director,C,"flying grad, the one you picked for floating grad",9,1
pair39,19,2,matcher,K,the angel grad,3,1
pair39,19,2,director,K,kneeling diamond head with triangle to the right,8,1
pair39,20,2,director,G,"big steps with a train following, diamond head",8,1
pair39,21,2,director,I,"looks like a bird with a diamond on head, 1 leg, tail to the right",15,0
pair39,22,2,director,J,diamond head straight on left side angles on right,9,1
pair39,23,2,matcher,F,grad right,2,1
pair39,23,2,director,F,leaning on wall head bowed feet to the left,9,1
pair39,23,2,matcher,F,poncho,1,1
pair39,24,2,director,B,"kneeling triangle to right, feet to left",7,1
pair39,24,2,director,B,short one,2,1
pair39,24,2,matcher,B,short or taller?,3,1
pair39,24,2,director,B,short,1,1
pair39,25,3,director,E,2 triangles on head wrapped in blanket,7,1
pair39,25,3,matcher,E,bunny ears,2,1
pair39,26,3,director,L,"bent knees, standing",3,1
pair39,27,3,director,H,floating grad,2,1
pair39,28,3,director,G,big steps,2,1
pair39,28,3,matcher,G,with train?,2,1
pair39,28,3,director,G,yes,1,1
pair39,29,3,director,I,bird with diamond,3,0
pair39,30,3,director,F,"leaning on wall feet to the left, head bowed",9,1
pair39,31,3,director,K,"kneeling , tall one",4,1
pair39,32,3,director,D,"grad, with something on the left",6,1
pair39,33,3,director,J,right grad,2,1
pair39,34,3,director,A,"pointy face guy with box on his back, facing left",10,1
pair39,34,3,director,A,walking,1,1
pair39,35,3,matcher,C,frankenstein,1,1
pair39,35,3,director,C,angel grad,2,1
pair39,36,3,director,B,kneeling short,2,1
pair39,37,4,director,G,big steps,2,1
pair39,38,4,director,B,kneeling short,2,1
pair39,39,4,director,D,grad left,2,1
pair39,40,4,director,K,kneeling tall,2,1
pair39,41,4,director,H,floating grad,2,1
pair39,42,4,director,E,2 triangles is this poncho,5,1
pair39,42,4,director,E,on head,2,1
pair39,42,4,matcher,E,"poncho is leaning against wall, feet left",7,1
pair39,42,4,matcher,E,bunny ears,2,1
pair39,43,4,director,F,poncho,1,1
pair39,44,4,director,A,frankenstein,1,1
pair39,45,4,director,C,angel grad,2,1
pair39,46,4,director,J,grad right,2,1
pair39,47,4,director,I,bird,1,1
pair39,48,4,director,L,bent knees,2,1
pair39,49,5,director,J,grad right,2,1
pair39,50,5,director,B,kneeling short,2,1
pair39,51,5,director,H,floating grad,2,1
pair39,52,5,director,A,frank,1,1
pair39,53,5,director,L,bent knees,2,1
pair39,54,5,director,E,bunny ears,2,1
pair39,55,5,director,C,angel grad,2,1
pair39,56,5,director,F,poncho,1,1
pair39,57,5,director,D,grad left,2,1
pair39,58,5,director,I,bird,1,1
pair39,59,5,director,G,big step,2,1
pair39,60,5,director,K,kneeling tall,2,1
pair39,61,6,director,K,"kneeling tall, again",3,1
pair39,62,6,director,E,bunny ears,2,1
pair39,63,6,director,I,bird,1,1
pair39,64,6,director,G,big step,2,1
pair39,65,6,director,B,kneeling short,2,1
pair39,66,6,director,D,grad left,2,1
pair39,67,6,director,L,bent knees,2,1
pair39,68,6,director,J,grad right,2,1
pair39,69,6,director,A,frank,1,1
pair39,70,6,director,H,floating grad,2,1
pair39,71,6,director,C,angel grad,2,1
pair39,72,6,director,F,poncho,1,1
pair40,1,1,director,L,knees bent arm out. begging.,5,0
pair40,2,1,director,J,left side of image has squared corners.,7,1
pair40,2,1,matcher,J,is the left side the shape of a rectangle?,9,1
pair40,2,1,director,J,left side has two right angles. yes.,7,1
pair40,3,1,director,G,'head' pointing left. body making sweeping motion.,7,1
pair40,3,1,director,G,arms to the right.,4,1
pair40,4,1,director,I,arms pointing left head left. standing on one leg. other leg back.,12,1
pair40,4,1,matcher,I,ice skater?,2,1
pair40,4,1,director,I,arms look like two triangles on the left side.,9,1
pair40,5,1,director,D,standing facing left arms out robed. both feet together.,9,1
pair40,6,1,director,K,kneeling. feet up. facing right arms in praying position.,9,1
pair40,7,1,director,F,"sitting, reclining, facing left.",4,1
pair40,8,1,director,B,"arms to both sides, kneeling. facing right.",7,1
pair40,8,1,director,B,foot a triangle in lower left.,6,1
pair40,8,1,matcher,B,can you see the arm triangle right too?,8,1
pair40,8,1,director,B,yes it is almost separated.,5,1
pair40,9,1,director,H,body one solid shape. no arms visible.,7,1
pair40,9,1,director,H,kind of sitting.,3,1
pair40,9,1,matcher,H,no feet but looks like knees?,6,1
pair40,9,1,director,H,yes.,1,1
pair40,10,1,director,A,standing on one leg. walking to the left with arm bent oddly on the left side. head back.,18,1
pair40,11,1,director,E,rabbit.,1,1
pair40,12,1,director,C,arms waving in the air. leaning left. head left.,9,1
pair40,12,1,director,C,no legs.,2,1
pair40,12,1,matcher,C,looks kind of like falling backwards?,6,1
pair40,12,1,director,C,body diagonal. yeah.,3,1
pair40,13,2,director,K,kneeling praying. legs flat.,4,1
pair40,13,2,director,K,foot behind on left.,4,1
pair40,13,2,director,K,facing right.,2,1
pair40,14,2,director,B,separated right arm again.,4,1
pair40,14,2,director,B,triangle on right side almost separate.,6,1
pair40,15,2,director,A,walking left again head back. arms bent oddly.,8,1
pair40,16,2,director,E,rabbit,1,1
pair40,17,2,director,D,facing left standing straight legs together.,6,1
pair40,18,2,director,J,left side of body is rectangle.,6,1
pair40,19,2,director,C,falling backwards.,2,1
pair40,20,2,director,I,ice skater.,2,1
pair40,21,2,director,F,"sitting, reclining facing left.",4,1
pair40,22,2,director,L,"knees bent, arms facing right.",5,1
pair40,23,2,director,G,"sweeping motion. head to left, arm on right.",8,1
pair40,24,2,director,H,body one solid shape no arm triangles.,7,1
pair40,24,2,director,H,sitting.,1,1
pair40,25,3,director,L,knees bent facing right arms out.,6,1
pair40,26,3,director,G,sweeping.,1,1
pair40,27,3,director,D,legs together standing facing left.,5,1
pair40,28,3,director,F,reclining.,1,1
pair40,29,3,director,K,"kneeling, praying.",2,1
pair40,30,3,director,C,falling backwards.,2,1
pair40,31,3,director,E,rabbit.,1,1
pair40,32,3,director,A,walking left.,2,1
pair40,33,3,director,I,ice skater.,2,1
pair40,34,3,director,H,body one solid shape sitting.,5,1
pair40,35,3,director,J,left side of body rectangle. rectangle from now on.,9,1
pair40,36,3,director,B,right arm separate triangle.,4,1
pair40,37,4,director,F,reclining.,1,1
pair40,38,4,director,K,"kneeling, praying.",2,1
pair40,39,4,director,J,rectangle.,1,1
pair40,40,4,director,E,rabbit.,1,1
pair40,41,4,director,G,sweeping.,1,1
pair40,42,4,director,C,falling.,1,1
pair40,43,4,director,D,standing facing left.,3,1
pair40,44,4,director,I,skating.,1,1
pair40,45,4,director,L,knees bent.,2,1
pair40,46,4,director,H,sitting body one shape.,4,1
pair40,47,4,director,A,walking left.,2,1
pair40,48,4,director,B,arm separated triangle.,3,1
pair40,49,5,director,G,sweeping.,1,1
pair40,50,5,director,D,standing facing left.,3,1
pair40,51,5,director,E,rabbit.,1,1
pair40,52,5,director,A,walking left.,2,1
pair40,53,5,director,C,falling.,1,1
pair40,54,5,director,H,sitting body one shape.,4,1
pair40,55,5,director,J,rectangle,1,1
pair40,56,5,director,K,kneeling praying.,2,1
pair40,57,5,director,L,knees bent.,2,1
pair40,58,5,director,F,reclining.,1,1
pair40,59,5,director,B,separated triangle.,2,1
pair40,60,5,director,I,skater,1,1
pair40,61,6,director,D,standing facing left.,3,1
pair40,62,6,director,G,sweeping,1,1
pair40,63,6,director,B,separate triangle,2,1
pair40,64,6,director,I,skater,1,1
pair40,65,6,director,K,praying,1,1
pair40,66,6,director,H,sitting body one shape.,4,1
pair40,67,6,director,E,rabbit.,1,1
pair40,68,6,director,L,knees bent,2,1
pair40,69,6,director,A,walking left.,2,1
pair40,70,6,director,J,rectangle,1,1
pair40,71,6,director,C,falling,1,1
pair40,72,6,director,F,reclining,1,1
pair41,1,1,director,K,the one that is standing,5,0
pair41,1,1,matcher,K,i see a couple standing.,5,0
pair41,1,1,director,K,with an opening on each side,6,0
pair41,2,1,director,J,the fattest one,3,0
pair41,3,1,director,G,the one shaped like a star,6,0
pair41,4,1,director,C,the one that looks like it is flying,8,1
pair41,5,1,director,B,the one where the top looks like a toilet,9,1
pair41,5,1,director,B,and has a triangle behind it,6,1
pair41,6,1,director,A,the one one with that looks like it is looking down and kicking,13,0
pair41,7,1,director,H,the fat one,3,0
pair41,8,1,director,D,the one tht looks like the statue of liberty,9,0
pair41,9,1,director,F,the one that ilooks like it is sitting down and facing the left,13,1
pair41,10,1,director,E,the one that looks like it is sitting down and looking towards the right,14,1
pair41,11,1,director,I,the one that looks like a bird eating,8,0
pair41,12,1,director,L,the one that looks like a zig zag,8,0
pair41,12,1,director,L,with the square on the very top,7,0
pair41,13,2,director,F,the one sitting down looking towards the left and has a square on the very top,16,1
pair41,14,2,director,G,the one that looks like a shoe,7,1
pair41,15,2,director,H,the fat one with a square on top,8,1
pair41,16,2,director,E,bunny ears,2,1
pair41,17,2,director,K,the one with a wide opening on the right side,10,0
pair41,18,2,director,I,the one with looks like a mouth on the left side,11,0
pair41,19,2,director,C,the flying one,3,1
pair41,20,2,director,L,the zizag with square on top,6,1
pair41,21,2,director,A,man looking down kicking a stone,6,1
pair41,22,2,director,J,square on top and plain shape on bottom,8,1
pair41,23,2,director,D,statue of liberty,3,1
pair41,24,2,director,B,toilet with triangle behind,4,1
pair41,25,3,director,K,double mouth one,3,1
pair41,26,3,director,D,statue of liberty,3,1
pair41,27,3,director,J,square on top plain shape on bottom,7,1
pair41,28,3,director,A,man kicking,2,1
pair41,29,3,director,I,bird eating,2,1
pair41,30,3,director,E,bunny ears,2,1
pair41,31,3,director,C,flying,1,1
pair41,32,3,director,H,fat one with square on top,6,1
pair41,33,3,director,B,toilet with triangle behind,4,1
pair41,34,3,director,G,shoe,1,1
pair41,35,3,director,L,double opening,2,0
pair41,36,3,director,F,man sitting looking down,4,1
pair41,37,4,director,F,man sitting looking down,4,1
pair41,38,4,director,K,square on top opening on each side,7,1
pair41,39,4,director,L,zig zag with square on top,6,1
pair41,40,4,director,E,bunny ears,2,1
pair41,41,4,director,C,flying,1,1
pair41,42,4,director,A,man standing kicking,3,1
pair41,43,4,director,J,square on top plain shape on bottom,7,1
pair41,44,4,director,I,bird eating,2,1
pair41,45,4,director,H,square on top fat shape on bottom,7,1
pair41,46,4,director,G,shoe,1,1
pair41,47,4,director,D,statue of liberty,3,1
pair41,48,4,director,B,toilet,1,1
pair41,49,5,director,B,toilet,1,1
pair41,50,5,director,G,shoe,1,1
pair41,51,5,director,E,bunny ears,2,1
pair41,52,5,director,K,square on top double opening on sides,7,1
pair41,53,5,director,L,square on top zig zag on bottom,7,1
pair41,54,5,director,F,man sitting looking down,4,1
pair41,55,5,director,D,statue of liberty,3,1
pair41,56,5,director,C,flying,1,1
pair41,57,5,director,J,square on top plain shape on bottom,7,1
pair41,58,5,director,H,square on top fat shape on bottom,7,1
pair41,59,5,director,I,bird,1,1
pair41,60,5,director,A,man kicking,2,1
pair41,61,6,director,A,man kicking,2,1
pair41,62,6,director,L,zig zag,2,1
pair41,63,6,director,G,shoe,1,1
pair41,64,6,director,I,bird,1,1
pair41,65,6,director,B,toilet,1,1
pair41,66,6,director,K,square on top openings on both sides,7,1
pair41,67,6,director,J,square on top plain shape on bottom,7,1
pair41,68,6,director,F,man sitting,2,1
pair41,69,6,director,H,square on top fat shape on bottom,7,1
pair41,70,6,director,D,statue of liberty,3,1
pair41,71,6,director,E,bunny ears,2,1
pair41,72,6,director,C,flying,1,1
pair42,1,1,director,B,"it has a tail, two arms, diamond head",8,1
pair42,1,1,director,B,snowman bottom almost,3,1
pair42,1,1,director,B,there is a slit under his right arm pit,9,1
pair42,1,1,matcher,B,standing or sitting,3,1
pair42,1,1,director,B,standing,1,1
pair42,1,1,director,B,"looks like bad snowman with tail, good formed shape although not round",12,1
pair42,2,1,director,K,"next one has a large base, with multiple zig zag going up",12,1
pair42,2,1,director,K,left sides first curve inward is like an upside down check mark,12,1
pair42,2,1,director,K,first curve inward from base,5,1
pair42,2,1,director,K,right side is a distant sideways white triangle going into the shape to form the black zig and zag,19,1
pair42,2,1,matcher,K,"ok, i'm not getting this one. sitting, standing, kneeling",9,1
pair42,2,1,director,K,"the head looks like it has another half diamond as the neck, the other half attaches to the base",19,1
pair42,2,1,director,K,standing for sure,3,1
pair42,2,1,director,K,"that is probably the best description, the head is diamond, whose bottom tip is attached to the top tip of another diamond, whose bottom right quarter is morphed into the rest of the shape",34,1
pair42,3,1,director,D,"this one is hope is easy, most closely resembles a shadow of the pope walking with a bible in hand",20,1
pair42,3,1,director,D,"not kneeling and praying, looks similar",6,1
pair42,3,1,matcher,D,which way are the hands and bible facing,8,1
pair42,3,1,director,D,to the left,3,1
pair42,4,1,director,J,"ok this imagine an entire black rectangle, with a diamond on top. then someone ate the side, see if that can get ya",23,1
pair42,4,1,director,J,its the most dense block in the formation,8,1
pair42,4,1,matcher,J,ate the right side?,4,1
pair42,4,1,director,J,right side is eaten,4,1
pair42,5,1,director,I,oh this one is like a figure skater,8,1
pair42,5,1,matcher,I,with leg out to the left?,6,1
pair42,5,1,director,I,leaning to the left side with arms outstretched,8,1
pair42,5,1,matcher,I,leg to right?,3,1
pair42,5,1,director,I,no,1,1
pair42,5,1,director,I,"leg out to right, sorry",5,1
pair42,6,1,director,G,"phew, this one is harder",5,1
pair42,6,1,matcher,G,"standing, sitting, or kneeling?",4,1
pair42,6,1,director,G,"ok so long flat base, a triangle is of to the right of the formation, comes to a slim center with a diamond facing to the left",27,1
pair42,6,1,director,G,"um, hard to tell. i would say kneeling?",8,1
pair42,6,1,director,G,if you look it has the most elongated bottom,9,1
pair42,6,1,director,G,a trapezoid would be the bottom piece i believe.... could definitely be wrong,13,1
pair42,6,1,matcher,G,"ok, is is it the one with triangle (arm) on the bottom right and the other arm up by the head also on the head?",25,1
pair42,6,1,director,G,the only other one with triangle on bottom right is the figure skating one,14,1
pair42,6,1,director,G,and its a little higher i wouldnt say bottom for that,11,1
pair42,6,1,director,G,its the only distinctive black triangle on bottom right connected by 1 tip,13,1
pair42,6,1,matcher,G,"looks like a yoga position legs behind and head toward sun, one arm bracing on the ground and one up near the head in front of chest",27,1
pair42,7,1,director,E,"this one has a bunny ear top, diamond face, and a declining financial forecast base",15,1
pair42,7,1,director,E,so sitting with hands on knees almost,7,1
pair42,7,1,matcher,E,bunny ears is great,4,1
pair42,8,1,director,C,ok priest on the street corner arms raised praising the lord,11,1
pair42,8,1,director,C,raised to the sky,4,1
pair42,8,1,director,C,pointing upward,2,1
pair42,8,1,matcher,C,leaning back to the left?,5,1
pair42,8,1,director,C,"yes, left",2,1
pair42,9,1,director,H,i would say kneeling,4,1
pair42,9,1,director,H,legs coming out the back on right side,8,1
pair42,9,1,director,H,slanted to the right,4,1
pair42,9,1,director,H,"otherwise fairly straight body and head alignment compared to all others, thick body as well",15,1
pair42,9,1,director,H,thickest in the bunch,4,1
pair42,9,1,matcher,H,legs come out of the back on the right or left?,11,1
pair42,9,1,matcher,H,hands or no hands?,4,1
pair42,9,1,director,H,right,1,1
pair42,9,1,director,H,no hands,2,1
pair42,10,1,director,F,sitting,1,1
pair42,10,1,director,F,legs outstretched to left,4,1
pair42,10,1,director,F,sitting up,2,1
pair42,10,1,matcher,F,head tilted down,3,1
pair42,10,1,director,F,picture from the side like a model,7,1
pair42,10,1,matcher,F,hands or no hands?,4,1
pair42,10,1,director,F,no hands i can see,5,1
pair42,11,1,director,A,looks like an indian rain man dancing,7,1
pair42,11,1,director,A,"um, looks like a dinosaur head on one side and the actual head on other",15,1
pair42,11,1,director,A,like he 2 headed,4,1
pair42,11,1,matcher,A,"feet facing left, one foot higher than the other?",9,1
pair42,11,1,director,A,"2 legs facing left, outmost one is raised",8,1
pair42,12,1,director,L,kneeling slightly book in hand facing to the left,9,1
pair42,12,1,director,L,like bending down slightly,4,1
pair42,12,1,matcher,L,rectangle body?,2,1
pair42,12,1,director,L,"book facing left, legs facing right",6,1
pair42,12,1,director,L,reverse,1,1
pair42,12,1,director,L,book is facing right and legs are left,8,1
pair42,12,1,director,L,legs do not come out past body,7,1
pair42,12,1,director,L,by much,2,1
pair42,12,1,matcher,L,"ok, so legs to left, book to right, kind of looks like he's walking with bent legs?",17,1
pair42,13,2,director,F,sitting down like against a tree resting. legs outstretched to left,11,1
pair42,13,2,director,F,bent knees,2,1
pair42,13,2,matcher,F,no arms?,2,1
pair42,14,2,director,C,"leaning to left, upper body only, preacher arms pointing up",10,1
pair42,15,2,director,G,this was that thick long base one,7,1
pair42,15,2,director,G,with the triangle bottom right only 1 tip touching,9,1
pair42,15,2,director,G,only one with triangle on bottom right and you said something  i cant remember it,15,1
pair42,16,2,director,A,"this is that 2 head one, dinosaur one one side regular other. legs towards left outermost is raised",18,1
pair42,17,2,director,E,rabbit ears,2,1
pair42,18,2,matcher,K,easiest one on here.,4,1
pair42,18,2,director,K,"kneeling hands to right, feet to left. i explained this one before as diamond head with partial diamond neck",19,1
pair42,19,2,director,I,"skater hands out to left feet right, outermost raised",9,1
pair42,20,2,director,L,slightly bent while walking one,5,1
pair42,20,2,director,L,hands right feet left,4,1
pair42,21,2,director,J,big square base with bite taken out right side,9,1
pair42,21,2,director,J,diamond top,2,1
pair42,22,2,director,B,this is the first one i think. tail out very bottom left side. 2 arms raised,16,1
pair42,22,2,director,B,little white patch under right arm pit,7,1
pair42,22,2,director,B,er sliver,2,1
pair42,22,2,matcher,B,tail is a triangle on bottom left?,7,1
pair42,23,2,director,H,"this is large center mass, legs look out very very bottom to right",13,1
pair42,23,2,director,H,no arms,2,1
pair42,24,2,director,D,walking with book on left very bottom feet stick out slighty to left,13,1
pair42,24,2,director,D,legs are together,3,1
pair42,24,2,director,D,standing i should have said,5,1
pair42,25,3,director,F,leaning against tree legs out to left,7,1
pair42,25,3,director,F,knees bent,2,1
pair42,25,3,matcher,F,no arms?,2,1
pair42,25,3,director,F,no arms,2,1
pair42,26,3,director,E,bunny ears,2,1
pair42,27,3,director,A,monster dinosaur faceregular face. legs to left outermost raised,9,1
pair42,28,3,matcher,H,the dinosaur description is great too.,6,1
pair42,28,3,director,H,"large center mass, no arms, legs out slightly to right",10,1
pair42,29,3,director,I,figure skater arms left,4,1
pair42,29,3,director,I,back leg up,3,1
pair42,30,3,director,B,triangle tail left side,4,1
pair42,30,3,director,B,arms out like chick from titanic,6,1
pair42,31,3,director,D,"standing book guy to the left, feet slightly stick out to left",12,1
pair42,31,3,matcher,D,looks like he's bending his knees?,6,1
pair42,31,3,director,D,i mistakenly said walking last time,6,1
pair42,31,3,director,D,"book to left, feet barely even stick out mostly 1 mass",11,1
pair42,31,3,matcher,D,"ok, walking, book is on right, and feet stick out slightly behind body on left",15,1
pair42,31,3,director,D,"book is facing left, feet barely stick out to left",10,1
pair42,32,3,director,J,this the guy that got eaten on left side,9,1
pair42,32,3,director,J,large square that got eaten,5,1
pair42,32,3,matcher,J,rectangle body ate on the right side?,7,1
pair42,33,3,director,C,this is now known as the inflatable balloon guy. leaning to left upper body only arms outstretched,17,1
pair42,34,3,director,L,"knees slightly bent, hands to right, feet to left",9,1
pair42,35,3,director,G,long base at bottom,4,1
pair42,35,3,director,G,triangle bottom right hand side only tip touching,8,1
pair42,36,3,director,K,kneeling hands to left feet out bottom left but feet are huge,12,1
pair42,36,3,director,K,hands to right,3,1
pair42,36,3,director,K,"damn, hands to right, feet to left big feet, kneeling",10,1
pair42,37,4,director,I,figure skater leg raised,4,1
pair42,37,4,director,I,arms to left,3,1
pair42,38,4,director,C,inflatable balloon guy,3,1
pair42,39,4,director,D,"book to left, feet barely exposed to left.",8,1
pair42,40,4,director,H,large mass no arms legs out right side,8,1
pair42,41,4,director,L,slightly bent,2,1
pair42,41,4,director,L,"arms right, feet left",4,1
pair42,42,4,director,G,triangle with one tip bottom right,6,1
pair42,42,4,director,G,one tip touching,3,1
pair42,43,4,director,E,bunny ears!!!,2,1
pair42,44,4,director,A,dinosaur faceregular face,3,1
pair42,44,4,director,A,dancing dinosaur,2,1
pair42,45,4,director,B,i call this one ooga boogs but triangle tail arms out,11,1
pair42,46,4,director,J,the rectangle that got eaten,5,1
pair42,47,4,director,F,leaning up against tree. legs out left,7,1
pair42,47,4,director,F,reminds me of a knights tale,6,1
pair42,48,4,director,K,kneeling guy arms left feet right big feet,8,1
pair42,48,4,director,K,arms right,2,1
pair42,49,5,director,D,small feet book left guy,5,1
pair42,50,5,director,J,rectangle body got ate,4,1
pair42,51,5,director,A,dancing dinosaur,2,1
pair42,51,5,director,A,/regular face,2,1
pair42,52,5,director,C,inflatable balloon guy,3,1
pair42,53,5,director,I,figure skater,2,1
pair42,54,5,director,F,guy against tree,3,1
pair42,55,5,director,L,slightly bent guy,3,1
pair42,55,5,director,L,arms right legs left,4,1
pair42,56,5,director,E,bunny ears!!,2,1
pair42,57,5,director,K,big feet,2,1
pair42,57,5,director,K,arms right legs left,4,1
pair42,57,5,director,K,big feet,2,1
pair42,58,5,director,H,big mass legs out right no arms,7,1
pair42,59,5,director,G,triangle with one touching tip,5,1
pair42,59,5,director,G,bottom right,2,1
pair42,60,5,director,B,triangle tail,2,1
pair42,60,5,director,B,arms out,2,1
pair42,61,6,director,A,dancing dinosaur,2,1
pair42,62,6,director,H,no arms big boy legs right,6,1
pair42,63,6,director,K,big feet?,2,1
pair42,64,6,director,D,book left tiny feet left guy,6,1
pair42,65,6,director,C,inflatable balloon guy,3,1
pair42,66,6,director,L,slightly bent guy,3,1
pair42,67,6,director,J,guy that got eaten,4,1
pair42,67,6,director,J,he used to be a rectangle,6,1
pair42,68,6,director,I,figure skater,2,1
pair42,69,6,director,B,triangle tail,2,1
pair42,70,6,director,F,leaner guy,2,1
pair42,70,6,director,F,leaning gainst the tree,4,1
pair42,71,6,director,E,bunny ears!,2,1
pair42,72,6,director,G,long base triangle on the bottom right one tip,9,1
pair43,1,1,director,I,it's the dude who's standing on one leg,8,1
pair43,1,1,director,I,the other leg is stretched out to the right,9,1
pair43,2,1,director,F,this one is in a reclining position,7,1
pair43,2,1,director,F,"you can't see the arms, the feet are to the left",11,1
pair43,2,1,matcher,F,does it almost look like he's sitting with his knees up a little?,13,1
pair43,2,1,director,F,yes,1,1
pair43,3,1,director,G,"this one has both arms stretched out behind him (to the right), one really high and one really low",19,1
pair43,4,1,director,K,"standing up, weird triangle to the right that's one arm i think, and the left knee is up",18,1
pair43,4,1,director,K,the top is almost like two diamonds on top of each other,12,1
pair43,4,1,matcher,K,hmm. i'm having a tough time with this one. just gonna go for it haha,15,1
pair43,5,1,director,H,"okay, this one is upright, no arms or legs sticking out so it's mostly rectangular",15,1
pair43,6,1,director,C,! this dude is freaking out. both arms in the air. doesn't have legs.,14,1
pair43,7,1,matcher,E,that one was easy :d,5,1
pair43,7,1,director,E,windmill head. sitting down with knees up,7,1
pair43,8,1,director,B,umm this one barely looks like a person? there's a square and triangle on top,15,1
pair43,8,1,director,B,and then two partial triangles pointing left in the middle and bottom,12,1
pair43,9,1,director,L,! this one has knees bent but is standing. looks like he's offering something,14,1
pair43,10,1,director,D,"standing up, upside down graduation hat sticking out to the left",11,0
pair43,10,1,director,D,or wait is that a right side up graduation hat?,10,0
pair43,10,1,matcher,D,hmm having a little trouble with this one,8,0
pair43,10,1,director,D,"okay, it's an upside down triangle with a square under it",11,0
pair43,10,1,matcher,D,"it's not the guy who looks like an enormous bird, is it? no, his thing is sticking out to the right",21,0
pair43,10,1,director,D,his feet are a triangle to the left too,9,0
pair43,11,1,director,A,"this one is standing, left leg is up, kind of cyclops cause his head is leaning way back instead of being at the normal spot",25,1
pair43,11,1,matcher,A,does it look like he has enormous triangle shaped boobs?,10,1
pair43,11,1,director,A,the leg that's up is the one on the left,10,1
pair43,11,1,matcher,A,hmm ... and it's not enormous bird guy?,8,1
pair43,11,1,director,A,i think it is bird guy,6,1
pair43,12,1,director,J,this one is almost entirely a square except the right part is jagged,13,1
pair43,13,2,director,A,this is bird man again,5,1
pair43,14,2,director,F,"sitting down with knees up, facing left. no arms",9,1
pair43,15,2,director,G,"! this is the one with arms stretched behind him, we had him before",14,1
pair43,15,2,matcher,G,hmm. i don't remember that one. freaking out guy?,9,1
pair43,15,2,director,G,sitting down,2,1
pair43,15,2,director,G,arms are to the right,5,1
pair43,15,2,director,G,legs are straight horizontal to the left,7,1
pair43,15,2,matcher,G,"they don't look like the bottom of a hockey stick, do they?",12,1
pair43,15,2,matcher,G,the legs i mean,4,1
pair43,15,2,director,G,i don't know what a hockey stick looks like,9,1
pair43,15,2,director,G,it's kind of a parallelogram,5,1
pair43,16,2,director,H,this one has no arms or legs and is kinda bent towards the right,14,1
pair43,17,2,director,L,"um, creepy knees bent dude offering something, arms to the right",11,1
pair43,18,2,director,C,this is crazy arm waver,5,1
pair43,19,2,director,I,enormous boobs!,2,1
pair43,20,2,director,B,this is the non human that i guess is sitting down? with a hood on that's triangle shaped? and then a square and triangle to the right of his hood,30,1
pair43,21,2,director,E,windmill head,2,1
pair43,22,2,director,J,square dude with a jagged right side,7,1
pair43,23,2,director,D,! did we figure out graduation hat because this is him again,12,1
pair43,23,2,matcher,D,"i think so, the one i thought looked like a monk, i think",13,1
pair43,24,2,director,K,"umm, a diamond head on top of a diamond torso, then triangle arm to the right, triangle knee sticking up on the left",23,1
pair43,24,2,matcher,K,"the one who looks kinda like the nun, but with a sharp edge on the left?",16,1
pair43,25,3,director,G,dude with arms stretching out behind him,7,1
pair43,26,3,director,I,enormous boobs!,2,1
pair43,27,3,director,H,"no arms no legs, bent right",6,1
pair43,28,3,director,J,square with the jagged right,5,1
pair43,29,3,director,K,the one that's like the nun but isn't,8,1
pair43,30,3,director,D,monk/graduation hat,2,1
pair43,31,3,director,A,bird man!,2,1
pair43,32,3,director,L,nun!,1,1
pair43,33,3,director,B,hoodie dude with the square and triangle,7,1
pair43,34,3,director,F,"sitting down, knees up to the left",7,1
pair43,35,3,director,C,crazy arms,2,1
pair43,36,3,director,E,windmill head,2,1
pair43,37,4,director,K,the nun that isn't the nun,6,1
pair43,38,4,director,E,windmill head,2,1
pair43,39,4,director,F,"sitting down, knees up to left",6,1
pair43,40,4,director,D,this is the monk,4,1
pair43,41,4,director,H,"no arms or legs, bent right",6,1
pair43,42,4,matcher,I,can we just call that one 'the blob',8,1
pair43,42,4,director,I,enormous boobs!,2,1
pair43,43,4,director,B,hoodie dude,2,1
pair43,43,4,matcher,B,with the square and triangle?,5,1
pair43,44,4,director,A,bird man,2,1
pair43,45,4,director,G,arms behind him to the right,6,1
pair43,46,4,director,J,square with the jagged edge,5,1
pair43,47,4,director,C,crazy arms,2,1
pair43,48,4,director,L,the nun!,2,1
pair43,49,5,director,C,crazy arms,2,1
pair43,50,5,director,I,boobs,1,1
pair43,51,5,director,J,square with jagged edge,4,1
pair43,52,5,director,E,windmill,1,1
pair43,53,5,director,F,lazy boy,2,1
pair43,54,5,director,D,monk,1,1
pair43,55,5,director,H,blob,1,1
pair43,56,5,director,A,bird man,2,1
pair43,57,5,director,K,weirdo nun,2,1
pair43,58,5,director,G,arms behind him dude,4,0
pair43,59,5,director,B,this is the one you just guessed,7,1
pair43,59,5,director,B,mister. hoodie,2,1
pair43,60,5,director,L,nun,1,1
pair43,61,6,director,A,bird man,2,1
pair43,62,6,director,E,windmill,1,1
pair43,63,6,director,H,blob,1,1
pair43,64,6,director,G,"arms behind him to the right, legs to left",9,1
pair43,65,6,director,F,lazy boy,2,1
pair43,66,6,director,K,weirdo nun,2,1
pair43,67,6,director,C,crazy arms,2,1
pair43,68,6,director,J,square with jagged edge,4,1
pair43,69,6,director,I,boobs,1,1
pair43,70,6,director,D,monk,1,1
pair43,71,6,director,L,nun,1,1
pair43,72,6,director,B,it's mister hoodie.,3,1
pair44,1,1,director,G,the one that looks like a zombie walking.,8,0
pair44,2,1,matcher,H,got the zombie now,4,1
pair44,2,1,director,H,standing with no arms out.,5,1
pair44,3,1,director,D,standing with one arm out to the left,8,1
pair44,4,1,director,I,standing on one leg with the other leg in the back.,11,1
pair44,5,1,director,K,kneeling with hand sticking out,5,0
pair44,6,1,director,F,sitting down and looking at its legs,7,1
pair44,7,1,director,J,standing with a small hand sticking out,7,1
pair44,8,1,director,B,kneeling with both arms stretched out,6,1
pair44,9,1,director,L,standing knees bent with hand out,6,1
pair44,10,1,director,E,non human looking one.,4,1
pair44,10,1,matcher,E,bunny? or thing kicking with square on back?,8,1
pair44,10,1,director,E,bunny,1,1
pair44,11,1,director,A,zombie with arms dangling up,5,0
pair44,12,1,director,C,previous one you clicked on,5,1
pair44,13,2,director,E,bunny,1,1
pair44,13,2,matcher,E,lets call that one ghost,5,1
pair44,14,2,director,D,"standing in robes, one arm out. priest.",7,1
pair44,15,2,director,H,standing no arms,3,1
pair44,16,2,director,I,ice skating,2,1
pair44,17,2,director,B,angel,1,1
pair44,18,2,director,C,ghost with arms out,4,1
pair44,19,2,director,K,"kneeling, small hand out",4,0
pair44,20,2,director,G,"zombie, dragging big leg",4,1
pair44,21,2,director,F,"sitting, looking at leg",4,1
pair44,22,2,director,L,standing knees bent,3,1
pair44,23,2,director,J,"standing, small hand out",4,1
pair44,24,2,director,A,"zombie, arms dangling",3,1
pair44,24,2,matcher,A,kicking or dragging leg?,4,1
pair44,24,2,director,A,kicking,1,1
pair44,25,3,director,D,priest,1,1
pair44,26,3,director,B,angel,1,1
pair44,27,3,director,G,"zombie, dragging leg",3,1
pair44,28,3,director,I,ice skating,2,1
pair44,29,3,director,C,ghost,1,1
pair44,30,3,director,J,"standing, small hand",3,1
pair44,31,3,director,A,"zombie, arms dangling up",4,1
pair44,32,3,director,H,"standing, no arms",3,1
pair44,33,3,director,K,"kneeling, hand out",3,1
pair44,34,3,director,L,"standing, knees bent",3,1
pair44,35,3,director,E,bunny,1,1
pair44,36,3,director,F,"sitting, looking down",3,1
pair44,37,4,director,H,"standing, no arms",3,1
pair44,38,4,director,D,priest,1,1
pair44,39,4,director,I,ice skating,2,1
pair44,40,4,director,C,ghost,1,1
pair44,41,4,director,E,bunny,1,1
pair44,42,4,director,B,angel,1,1
pair44,43,4,director,L,"standing, knees bent",3,1
pair44,44,4,director,F,"sitting, looking down",3,1
pair44,45,4,director,K,"kneeling, hand out",3,1
pair44,45,4,director,K,calling that one praying,4,1
pair44,46,4,director,A,"zombie, arms dangling",3,1
pair44,47,4,director,G,"zombie, leg dragging",3,1
pair44,48,4,director,J,"standing, small hand out",4,1
pair44,49,5,director,D,priest,1,1
pair44,50,5,director,K,praying,1,1
pair44,51,5,director,J,"standing, small hand",3,1
pair44,52,5,director,A,"zombie, arms dangling",3,1
pair44,53,5,director,H,"standing, no arms",3,1
pair44,54,5,director,C,ghost,1,1
pair44,55,5,director,L,"standing, knees bent",3,1
pair44,56,5,director,G,"zombie, leg dragging",3,1
pair44,57,5,director,B,angel,1,1
pair44,58,5,director,E,bunny,1,1
pair44,59,5,director,F,sitting looking down,3,1
pair44,60,5,director,I,ice skating,2,1
pair44,61,6,director,D,priest,1,1
pair44,62,6,director,L,standing knees bent,3,1
pair44,63,6,director,E,bunny,1,1
pair44,64,6,director,F,sitting looking down,3,1
pair44,65,6,director,I,skating,1,1
pair44,66,6,director,A,zombie arms dangling,3,1
pair44,67,6,director,B,angel,1,1
pair44,68,6,director,G,"zombie, leg drag",3,1
pair44,69,6,director,H,standing no arms,3,1
pair44,70,6,director,K,praying,1,0
pair44,71,6,director,C,ghost,1,1
pair44,72,6,director,J,"standing, small arm out",4,1
pair45,1,1,director,I,looks like they are figure skating with a leg up in the air,13,1
pair45,2,1,director,H,no arms or legs. just body and head,8,1
pair45,3,1,director,D,person standing straight up & holding out hand like gonna be given something.,13,1
pair45,3,1,director,D,no bending knees,3,1
pair45,4,1,director,B,person is kneeling. looks like they're vomiting a triangle. have triangle sticking out of back,15,1
pair45,5,1,director,L,triangle boobs & kinda kneeling (back is straight line),9,1
pair45,6,1,director,E,bunny ears slouching looking down,5,1
pair45,7,1,director,G,dramatic looking kneeling looking like proposing,6,0
pair45,8,1,director,J,candle,1,1
pair45,8,1,director,J,with sharp edges,3,1
pair45,8,1,director,J,back part is smooth,4,1
pair45,9,1,director,F,"person sitting, face is looking down no bunny ears",9,1
pair45,10,1,director,C,both hands up in air. body is slanted,8,1
pair45,11,1,director,K,cone boobs kneeling,3,1
pair45,11,1,director,K,no vomit,2,1
pair45,11,1,matcher,K,flat back or the one with the notch in it?,10,1
pair45,11,1,director,K,notch,1,1
pair45,12,1,director,A,head hanging almost backwards. in process of walking,8,1
pair45,13,2,director,B,on knees puking triangle in back,6,1
pair45,14,2,director,D,standing straight up. hands out about to get something. similar to earlier one,13,1
pair45,14,2,director,D,looks like graduation,3,1
pair45,15,2,director,L,cone boobs kneeling straight back,5,1
pair45,15,2,director,L,partially kneeling,2,1
pair45,16,2,director,I,figure skater two point boobs 1 leg up,8,1
pair45,17,2,director,K,kneeling pointy boobs triangle on back,6,1
pair45,17,2,director,K,not vomit one,3,1
pair45,18,2,director,E,sorry family bothering me,4,1
pair45,18,2,director,E,bunny ears sitting,3,1
pair45,19,2,director,C,arms up in air slanted body,6,1
pair45,20,2,director,H,no arms or legs,4,1
pair45,21,2,director,A,head leaning back like before walking,6,1
pair45,22,2,director,F,"sitting, looking down",3,1
pair45,22,2,director,F,no bunny ears,3,1
pair45,23,2,director,G,dramatic kneeling like proposing. slanted triangle for hands. back leg is thicker than front,14,1
pair45,24,2,director,J,candle straight back,3,1
pair45,25,3,director,J,candle straight back,3,1
pair45,26,3,director,C,arms up in air,4,1
pair45,27,3,director,F,sitting looking down,3,1
pair45,28,3,director,G,proposing,1,1
pair45,29,3,director,B,puking kneeling,2,1
pair45,30,3,director,A,head leaning back walking,4,1
pair45,31,3,director,D,looking for hand out graduation,5,1
pair45,32,3,director,K,"kneeling pointy boobs, triangle in back",6,1
pair45,33,3,director,L,kneeling point boobs straight back,5,1
pair45,33,3,director,L,slight kneeling,2,1
pair45,34,3,director,H,no arms or legs,4,1
pair45,35,3,director,I,figure skater,2,1
pair45,36,3,director,E,bunny ears sitting,3,1
pair45,37,4,director,J,candle straight back,3,1
pair45,38,4,director,D,hand out graduate,3,1
pair45,39,4,director,I,figure skater,2,1
pair45,40,4,director,C,hands up in air,4,1
pair45,41,4,director,F,sitting head down,3,1
pair45,42,4,director,A,"head leaning back, walking",4,1
pair45,43,4,director,B,puking triangle in back,4,1
pair45,44,4,director,H,no arms or legs,4,1
pair45,45,4,director,K,"kneeling with point boobs, triangle in back",7,1
pair45,46,4,director,L,"slightly kneeling with pointy boobs, straight back",7,1
pair45,47,4,director,E,bunny ears sitting,3,1
pair45,48,4,director,G,"dramatic proposal, larger leg in back than in front",9,1
pair45,49,5,director,L,slightly kneeling pointy boobs straight back,6,1
pair45,50,5,director,C,hands up in air,4,1
pair45,51,5,director,I,figure skater,2,1
pair45,52,5,director,D,graduate hand out,3,1
pair45,53,5,director,F,"sitting, looking down",3,1
pair45,54,5,director,B,"puking, kneeling, triangle in back",5,1
pair45,55,5,director,E,bunny ears sitting,3,1
pair45,56,5,director,J,candle straight back,3,1
pair45,57,5,director,A,"head leaning back, walking",4,1
pair45,58,5,director,G,"dramatic proposal, back leg bigger than front",7,1
pair45,59,5,director,K,"pointy boobs, triangle in back",5,1
pair45,60,5,director,H,no arms or legs,4,1
pair45,61,6,director,G,dramatic proposal,2,1
pair45,62,6,director,D,graduate handout,2,1
pair45,63,6,director,A,"head leaning back, walking",4,1
pair45,64,6,director,F,"sitting, looking down",3,1
pair45,65,6,director,K,"point boobs, triangle in back, kneeling",6,1
pair45,66,6,director,C,hands up in air,4,1
pair45,67,6,director,H,no arms or legs,4,1
pair45,68,6,director,I,figure skater,2,1
pair45,69,6,director,L,"partially kneeling, point boobs, straight back",6,1
pair45,70,6,director,J,"candle, straight back",3,1
pair45,71,6,director,B,"puking, kneeling, triangle in back",5,1
pair45,72,6,director,E,bunny ears,2,1
pair46,1,1,director,K,"diamond head, pointing chest, pointing right",6,0
pair46,2,1,director,G,"looks like a shoe, with a diamond tip pointing left",10,0
pair46,2,1,director,G,has a thing that looks like a spur in the back,11,0
pair46,2,1,director,G,shoe is pointing left,4,0
pair46,3,1,director,L,"looks like a lightning bolt, diamond at the top",9,1
pair46,3,1,director,L,right side has a mouth shape,6,1
pair46,3,1,director,L,left side is bent,4,1
pair46,3,1,director,L,like a hoof,3,1
pair46,3,1,director,L,"hmm diamond at the top, then spike to the right afterwards",11,1
pair46,3,1,director,L,then a zig zag shape at the bottom,8,1
pair46,3,1,director,L,this is hard to explain,5,1
pair46,4,1,director,I,"diamond top,then a mouth left side",6,1
pair46,4,1,director,I,looks like its being held up by a single foot,10,1
pair46,4,1,director,I,then a tail in the right end,7,1
pair46,5,1,director,J,diamond top,2,0
pair46,5,1,director,J,then an incomplete square looking body,6,0
pair46,5,1,director,J,like the right sides been ripped off,7,0
pair46,5,1,director,J,but the left side is perfectly fine,7,0
pair46,6,1,director,E,looks like a shoe with a rabbits head on it,10,1
pair46,6,1,director,E,pointing right,2,1
pair46,6,1,director,E,has a curve on the slope,6,1
pair46,7,1,director,B,"square at the top, triangle shape behind it, odd boot looking shape underneath",13,0
pair46,7,1,director,B,its got a messed up shaping at the very bottom,10,0
pair46,7,1,matcher,B,they all have messed up shapes at the bottom,9,0
pair46,8,1,director,C,looks like a guy with his arms stretch out,9,1
pair46,8,1,director,C,"diamond head, then two arms",5,1
pair46,8,1,director,C,and a body,3,1
pair46,9,1,director,A,looks like a penguin with its foot up,8,1
pair46,9,1,director,A,square behind it,3,1
pair46,9,1,director,A,looking down,2,1
pair46,9,1,director,A,pointy nose,2,1
pair46,9,1,director,A,only one with a pointy nose really,7,1
pair46,9,1,director,A,walking,1,1
pair46,9,1,matcher,A,what are you looking at when you say nose because their whole heads are just squares/diamonds for me,18,1
pair46,9,1,director,A,"look at the legs, then it has a shape that looks like a head looking down",16,1
pair46,9,1,director,A,then a square next to it,6,1
pair46,9,1,director,A,i can see how the square kind throws it off...,10,1
pair46,10,1,director,F,"okay square head, looks like a guy laying back",9,1
pair46,11,1,director,D,"diamond head, looks like someone pointing out",7,1
pair46,11,1,director,D,wearing a robe,3,1
pair46,11,1,director,D,pointing left,2,1
pair46,12,1,director,H,okay head square,3,1
pair46,12,1,director,H,just looks like a body,5,1
pair46,12,1,director,H,no limbs visible,3,1
pair46,12,1,director,H,feet kinda sticking out if they were under a blanket or something,12,1
pair46,12,1,director,H,pointing right,2,1
pair46,12,1,director,H,looks like a head with a cocoon or something,9,1
pair46,13,2,director,L,"square head, knees bent, pointing right",6,0
pair46,13,2,matcher,L,like cocoon man,3,0
pair46,13,2,director,L,"knees bent, pointing right",4,0
pair46,13,2,director,L,diamond head,2,0
pair46,14,2,director,A,penguin head again,3,1
pair46,14,2,director,A,walking left,2,1
pair46,14,2,director,A,"two feet, pointy nose",4,1
pair46,14,2,director,A,square behind it,3,1
pair46,14,2,director,A,looks like a head,4,1
pair46,15,2,director,E,bunny shoe looking thing,4,1
pair46,15,2,director,E,has two shapes on top of square,7,1
pair46,15,2,director,E,which look like theyre on top of a slope,9,1
pair46,15,2,director,E,with a curve near the middle,6,1
pair46,16,2,director,F,man laying back,3,1
pair46,16,2,director,F,square head,2,1
pair46,17,2,director,K,"diamond head, pointing right, some weird spike behind",8,1
pair46,18,2,director,J,"diamond head, body looks like its ripped off",8,0
pair46,18,2,director,J,"left side intact, right side is ripped looking",8,0
pair46,19,2,director,B,"square head, two spikes pointing left",6,0
pair46,19,2,director,B,"square head, triangle back",4,0
pair46,19,2,director,B,could call this triangle hair,5,0
pair46,19,2,director,B,looks like a triangle ponytail,5,0
pair46,19,2,director,B,pointing left,2,0
pair46,19,2,matcher,B,the one that looks like a ballerina?,7,0
pair46,19,2,director,B,triangle piece by itself behind,5,0
pair46,19,2,director,B,"no, just kind of sitting there",6,0
pair46,19,2,director,B,looks like a boot,4,0
pair46,19,2,director,B,no ballerina looking motions,4,0
pair46,20,2,matcher,G,ok that's a boot,4,1
pair46,20,2,matcher,G,i was looking at the high heel one,8,1
pair46,20,2,director,G,okay it looks like a shoe with a triangle piece hanging off the back,14,1
pair46,20,2,director,G,square at the top,4,1
pair46,21,2,director,D,"pointing left, in a robe, diamond head",7,1
pair46,21,2,director,D,looks like a graduation gown,5,1
pair46,22,2,director,I,ballerina you spoke of earlier,5,1
pair46,22,2,director,I,this is it,3,1
pair46,23,2,director,H,cocoon man,2,1
pair46,24,2,director,C,man with his hands stretched out,6,1
pair46,25,3,director,L,bent knees pointing right,4,1
pair46,25,3,director,L,looks like the knees and hand make a mouth,9,1
pair46,26,3,director,B,boot with a square and triangle at the top,9,1
pair46,27,3,director,I,ballerina again,2,1
pair46,28,3,director,D,graduation gown,2,1
pair46,29,3,director,K,"square head pointing right, weird spike in back",8,1
pair46,30,3,director,E,shoe with a bunny head on top,7,1
pair46,31,3,director,H,cocoon man,2,1
pair46,32,3,director,G,shoe with weird triangle hanging off back,7,1
pair46,32,3,director,G,triangle shape right side,4,1
pair46,33,3,director,F,man laying back,3,1
pair46,34,3,director,J,damn forgot what we called this one,7,1
pair46,34,3,director,J,weird shape man?,3,1
pair46,34,3,director,J,diamond head and half the square body is ripped off,10,1
pair46,34,3,matcher,J,they're all weird shaped men,5,1
pair46,34,3,director,J,square body shape,3,1
pair46,35,3,director,C,hands stretched out man,4,1
pair46,36,3,director,A,penguin head walking left,4,1
pair46,36,3,director,A,square behind,2,1
pair46,37,4,director,B,boot with square and triangle on top,7,1
pair46,38,4,director,L,knees bent pointing right,4,1
pair46,38,4,director,L,diamond head,2,1
pair46,38,4,matcher,L,weird spike on back?,4,1
pair46,38,4,director,L,not the one with the spike,6,1
pair46,39,4,director,C,hands stretched out man,4,1
pair46,40,4,director,D,graduation gown,2,1
pair46,41,4,director,A,penguin man,2,1
pair46,42,4,director,I,ballerina,1,1
pair46,43,4,director,H,cocoon man,2,1
pair46,44,4,director,G,boot with triangle shape hanging off right,7,0
pair46,45,4,director,F,laying back man,3,1
pair46,46,4,director,J,weird body shaped square man,5,1
pair46,46,4,director,J,"triangle on top, spike pointing right",6,1
pair46,46,4,matcher,J,flat left?,2,1
pair46,46,4,director,J,yup,1,1
pair46,47,4,director,E,"flat left man, new name",5,1
pair46,47,4,director,E,bunny head on shoe,4,1
pair46,48,4,director,K,pointing right with back spike,5,1
pair46,49,5,director,B,boot with square and triangle,5,1
pair46,49,5,director,B,on top,2,1
pair46,50,5,director,H,cocoon man,2,1
pair46,51,5,director,A,penguin man,2,1
pair46,52,5,director,D,graduation gown,2,1
pair46,53,5,director,I,ballerina,1,1
pair46,54,5,director,E,bunny head on shoe,4,1
pair46,55,5,director,L,knees bent pointing right,4,1
pair46,55,5,director,L,no spike,2,1
pair46,56,5,director,J,flat left man,3,1
pair46,57,5,director,K,"knees bent pointing right, with spike",6,1
pair46,58,5,director,F,laying back man,3,1
pair46,59,5,director,G,shoe with triangle on right end,6,1
pair46,60,5,director,C,hands stretched out man,4,1
pair46,61,6,director,D,graduation gown,2,1
pair46,62,6,director,J,flat left man,3,1
pair46,63,6,director,G,shoe with triangle on right end,6,1
pair46,64,6,director,F,laying back man,3,1
pair46,65,6,director,I,ballerina,1,1
pair46,66,6,director,C,hands stretched out man,4,1
pair46,67,6,director,L,"knees bent pointing right, no spike",6,1
pair46,68,6,director,H,cocoon man,2,1
pair46,69,6,director,E,bunny head on shoe,4,1
pair46,70,6,director,K,knees bent pointing right with spike,6,1
pair46,71,6,director,B,boot with square and triangle on top,7,1
pair46,72,6,director,A,penguin man,2,1
pair47,1,1,director,C,person looks like they are laying on the ground with arms outstretched,12,1
pair47,1,1,matcher,C,like they are praying or making a snow angel?,9,1
pair47,1,1,director,C,like a snow angel,4,1
pair47,2,1,director,E,"only box that does not have a square directly on top, it is 2 triangles than the square, large square on bottom",22,1
pair47,3,1,director,H,"square on top, bottom looks like a large blob, right side pointing right, sorry hard",15,1
pair47,3,1,director,H,bottom part has 8 sides,5,1
pair47,3,1,director,H,only 2 parts,3,1
pair47,3,1,matcher,H,"does it have a straight line across the top, under the square?",12,1
pair47,3,1,director,H,no,1,1
pair47,4,1,director,K,"square on top shaped like diamond, bottom whole piece with a cutout on the left like a square fits in, right side looks like a mouth opened or a 1/2 diamond shape could fit in it",36,1
pair47,4,1,matcher,K,does it look like it is pointing to the left?,10,1
pair47,4,1,director,K,no,1,1
pair47,4,1,director,K,top part looks like 2 squares attached,7,1
pair47,5,1,director,B,square with a triangle on the right side attached. also looks like there is a triangle on the bottom left hand corner,22,1
pair47,6,1,director,A,looks like a person kicking there foot with a square that is on it's back,15,1
pair47,7,1,director,D,"looks like a person standing and holding something, square diamond shaped head, and the shape looks like a square with a plate on top",24,1
pair47,8,1,director,I,"looks like a person doing a yoga pose, both hands out, 1 foot on the ground and other kicked out",20,1
pair47,9,1,director,F,"looks like a person sitting down with knees bent, and square head leaving forward",14,1
pair47,10,1,director,J,"diamond shaped head, the rest of the box is straight lined on 3 sides, the right side has a jagged line, cut in on 2 places",26,1
pair47,10,1,director,J,"straight line, top, bottom left side",6,1
pair47,11,1,director,G,"square box top, left hand corner, 2 triangles on right",10,1
pair47,11,1,director,G,bottom part is long,4,1
pair47,12,1,director,L,person looks like they are praying with their hands out and knees bent,13,0
pair47,13,2,director,H,"ok we did this one, it has a square head diamond shape, the body looks almost like an emerald cut ring. it has 8 sides large bottom piece",28,1
pair47,13,2,director,H,only 2 parts,3,1
pair47,14,2,director,A,"person kicking their leg out, looks like a big nose , with a square right on his back neck area",20,1
pair47,15,2,director,E,"large triangle on the bottom, looks like 2 put together, than a diamond shaped square, than 2 triangles on top",20,1
pair47,16,2,director,G,"on the tops is a square on left, on right side is 2 triangles, bottom part is large piece which seams to be a square",25,1
pair47,16,2,director,G,large piece that has a triangle connected to bottom right,10,1
pair47,16,2,director,G,questions?,1,1
pair47,17,2,director,J,"diamond shape on top, bottom,top and left side straight lines, right side looks like it is jagged",17,1
pair47,18,2,director,B,bottom left triangle connected to a large piece. top looks like 2 triangles and a diamond square all connected,19,1
pair47,18,2,director,B,i've only got 37 min left to finish,8,1
pair47,19,2,director,F,person sitting down with knees bent and a diamond shaped head,11,1
pair47,20,2,director,L,"person praying, with knees bent and diamond shaped head",9,1
pair47,20,2,matcher,L,knees bent or kneeling?,4,1
pair47,20,2,director,L,"facing right, bent i would say",6,1
pair47,21,2,director,I,correct,1,1
pair47,21,2,director,I,yoga pose one with outstretched leg,6,1
pair47,22,2,director,K,the kneeling praying one,4,1
pair47,23,2,director,D,"person who looks like they are serving something with a square and a plate on top of it, diamond shape head",21,1
pair47,23,2,director,D,standing up,2,1
pair47,24,2,director,C,snow angel,2,1
pair47,25,3,director,F,"person sitting down knees, bent with head tilting forward",9,1
pair47,26,3,director,I,yoga pose,2,1
pair47,27,3,director,K,praying one where they are kneeling down,7,1
pair47,27,3,director,K,no bent knee,3,1
pair47,28,3,director,C,snow angel,2,1
pair47,29,3,director,G,the one with the big square box on the bottom with a triangle hanging off the right side,18,1
pair47,29,3,director,G,on top is a triangle and a square,8,1
pair47,30,3,director,H,"the emerald cut large piece with the diamond shape on top, looks like it curves to the right",18,1
pair47,31,3,director,D,"the guy who looks like he is holding the serving platter, standing up, with a diamond shaped head",18,1
pair47,32,3,director,L,guy praying with knees bent,5,1
pair47,33,3,director,B,"tough on, on the right side, square and triangle touching, on the right it looks like another triangle touching so all 3 together, on bottom left small triangle and than a large blob on right",35,1
pair47,34,3,director,A,"guy with the square on his back, kicking leg",9,1
pair47,35,3,director,J,"3 sides straight lines, bottom,top left, diamond on top",9,1
pair47,36,3,director,E,"2 triangle on top, than a square diamond shape, looks like they are sitting on a mountain",17,1
pair47,37,4,director,A,"man with square on back, kicking leg",7,1
pair47,38,4,director,G,"the large square on bottom with triangle hanging off right, top right side triangle and square on left",18,1
pair47,39,4,director,C,snow angel,2,1
pair47,40,4,director,H,"emerald cut, with diamond shape on top",7,1
pair47,41,4,director,I,"yoga pose, leg kicked",4,1
pair47,42,4,director,D,person with serving platter,4,1
pair47,43,4,director,L,praying not kneeling,3,1
pair47,44,4,director,B,"the tough one, square on top touching triangle, another triangle on left touching all 2. left triangle on bottom",19,1
pair47,44,4,director,B,large blob in the middle,5,1
pair47,45,4,director,K,"praying, kneeling",2,1
pair47,46,4,director,E,2 triangle touching a square looks like on a mountain,10,1
pair47,47,4,director,F,"sitting down, knees bent facing left with diamond shape head",10,1
pair47,48,4,director,J,"3 sides all straight lines, right side jagged, diamond shaped head",11,1
pair47,49,5,director,D,person with serving platter,4,1
pair47,50,5,director,C,snow angel,2,1
pair47,51,5,director,A,person with square on back,5,1
pair47,52,5,director,B,the tough one,3,1
pair47,53,5,director,L,person praying with knees bent,5,1
pair47,54,5,director,H,emerald cut with diamond head,5,1
pair47,55,5,director,K,"praying , no bent knees",5,1
pair47,56,5,director,G,"large bottom square shape, triangle on right, square on top left, triangle attached",13,1
pair47,57,5,director,F,"person sitting down, knees bent facing left",7,1
pair47,58,5,director,J,"3 sides left straight line, jagged on right",8,1
pair47,59,5,director,I,yoga pose,2,1
pair47,60,5,director,E,mountain with the 2 triangles touching and than a square,10,1
pair47,61,6,director,L,"praying, knees bent",3,1
pair47,62,6,director,A,square on the back,4,1
pair47,63,6,director,D,person with serving dish,4,1
pair47,64,6,director,B,the tough one,3,1
pair47,65,6,director,I,yoga pose,2,1
pair47,66,6,director,G,large bottom square,3,1
pair47,66,6,director,G,triangle on the right hanging off,6,1
pair47,67,6,director,H,emerald cut,2,1
pair47,68,6,director,F,sitting down facing left,4,1
pair47,69,6,director,C,snow angel,2,1
pair47,70,6,director,K,praying kneeling down,3,1
pair47,71,6,director,J,"3 sided straight lines, jagged on right",7,1
pair47,72,6,director,E,mountain one with the square and 2 triangles on top.,10,1
pair48,1,1,director,F,"this shape looks like it is sitting down on the right side of the block, but facing the left",19,0
pair48,2,1,director,E,"this figure looks like it has a bow in its hair (two triangles) and is sitting down on the left side of the block, but facing right",27,1
pair48,3,1,director,D,i think this is the figure you chose before. standing up like with something in it's arms.,17,1
pair48,3,1,matcher,D,facing left or right?,4,1
pair48,3,1,director,D,facing left,2,1
pair48,4,1,director,J,this is a weird one. it kind of looks like a mantle with a square sitting on it. but the square is sitting on its corner. it's just like a blob with a square on top.,36,1
pair48,5,1,director,L,"okay, this figure is facing to the right and looks like it's kneeling with something in its hands. like a geisha with a bowl or something.",26,0
pair48,6,1,director,C,this one looks like an abstract angel. it has two arms out sort of and is slanted to the left.,20,1
pair48,7,1,director,I,this one looks like he's standing on one leg with the other one outstretched behind him. he has two triangle arms in front of him.,25,1
pair48,8,1,director,A,"this is a funny bird like kind of figure. it's like he has a bird mask on and is carrying a flag. he also looks like he's stepping...standing on one leg, with the other in front of him.",38,1
pair48,9,1,director,G,"um, hmm. it kind of looks like this one has two triangle arms in front of him, one high and one low and like he's got his head turned around and it looking backwards.",34,1
pair48,9,1,director,G,most of his body is on the ground,8,1
pair48,10,1,director,B,this one's kind of messy. it's got a square for its head but then a triangle hanging of of it. i might be kneeling on the ground and facing left.,30,1
pair48,11,1,director,H,this is another kneeling kind of figure but it doesn't have any arms.,13,1
pair48,11,1,director,H,or maybe just sitting up.,5,1
pair48,12,1,director,K,this is the kneeling one you chose before when i was talking about the other one.,16,1
pair48,12,1,director,K,it's kneeling and like has it's feet in back and is holding something like a bowl again in front of her...it,21,1
pair48,13,2,director,I,this is the leg out guy again. standing on one...,10,1
pair48,14,2,director,G,"this is the head turned around one again, with hands out front.",12,1
pair48,15,2,director,K,this is the same kneeling woman you just picked. i'll call her kneeling lady 2,15,1
pair48,15,2,matcher,K,with the feet up behind her?,6,1
pair48,15,2,director,K,yeah,1,1
pair48,16,2,director,D,this is the standing lady presenting a bowl facing to the left.,12,1
pair48,17,2,director,H,this is the no arms lady again,7,1
pair48,18,2,director,A,the bird head guy again with the flag,8,1
pair48,19,2,director,J,the mantle piece with the square on top standing on its corner,12,1
pair48,20,2,director,C,this is the angel slanted,5,1
pair48,21,2,director,E,the one with the bow in her head seated on the ground,12,1
pair48,22,2,director,L,this is the other kneeling lady without the feet in back - kneeling lady 1,15,1
pair48,23,2,director,F,"this guy is seated facing left, leaning against a wall kind of",12,1
pair48,23,2,director,F,his knees are bent,4,1
pair48,24,2,director,B,this is one of the weird ones....has a triangle on the back of her head and is like seated on the ground with triangle arms out in front.,28,1
pair48,25,3,director,J,mantle piece,2,1
pair48,26,3,director,A,bird head,2,1
pair48,26,3,director,A,with flag,2,1
pair48,27,3,director,L,lady kneeling with no feet out back - lady kneeling one,11,1
pair48,28,3,director,D,"lady standing with bowl, facing left",6,1
pair48,29,3,director,C,angel,1,1
pair48,30,3,director,I,leg out guy...in back,4,1
pair48,31,3,director,G,head turned guy with hands out,6,1
pair48,32,3,director,B,lady with triangle in back,5,0
pair48,33,3,director,E,lady with boy in her hair seated facing right,9,1
pair48,33,3,director,E,bow i mean,3,1
pair48,33,3,director,E,in her hair,3,1
pair48,34,3,director,K,"lady kneeling 2, withfeet",4,1
pair48,35,3,director,H,no arms dude,3,1
pair48,36,3,director,F,"guy sitting leaning against the wall facing left, knees bent",10,1
pair48,37,4,director,A,bird head,2,1
pair48,38,4,director,D,lady standing with bowl,4,1
pair48,39,4,director,K,"kneeling lady 2, withfeet",4,1
pair48,40,4,director,F,same sitting guy leaning on the wall you just picked,10,1
pair48,40,4,director,F,facing left,2,1
pair48,41,4,director,H,no arms guy,3,1
pair48,42,4,director,I,leg out guy,3,1
pair48,43,4,director,E,bow in hair girl,4,1
pair48,44,4,director,J,mantle piece,2,1
pair48,45,4,director,G,head turned guy with hands out front,7,1
pair48,46,4,director,L,"kneeling lady one, no feet",5,1
pair48,47,4,director,C,angel,1,1
pair48,48,4,director,B,"triangle in back of head lady with hands out front, sort of on ground",14,1
pair48,49,5,director,D,super...lady standing with bowl,4,1
pair48,50,5,director,F,"guy sitting, leaning on wall",5,1
pair48,51,5,director,E,bow in hair girl,4,1
pair48,52,5,director,K,"lady kneeling 2, with feet",5,1
pair48,53,5,director,H,no arms guy,3,1
pair48,54,5,director,G,head turned guy with hands in front,7,1
pair48,55,5,director,L,"lady kneeling one, no feet",5,1
pair48,56,5,director,B,triangle in the back of the head girl,8,1
pair48,57,5,director,J,mantle,1,1
pair48,58,5,director,C,angel,1,1
pair48,59,5,director,A,bird head,2,1
pair48,60,5,director,I,leg out guy,3,1
pair48,61,6,director,G,head turned,2,1
pair48,62,6,director,K,"lady kneeling 2, with feet",5,1
pair48,63,6,director,J,mantle,1,1
pair48,64,6,director,E,bow in hair,3,1
pair48,65,6,director,D,lady standing withbowl,3,1
pair48,66,6,director,B,triangle in back of head,5,1
pair48,67,6,director,A,bird head,2,1
pair48,68,6,director,C,angel,1,1
pair48,69,6,director,I,leg in back,3,1
pair48,70,6,director,H,no arms,2,1
pair48,71,6,director,F,sitting leaning against the wall,5,1
pair48,72,6,director,L,"kneeling lady 1, no feet",5,1
pair49,1,1,director,K,look for an image that looks like kneeling in prayer,10,1
pair49,2,1,director,L,this one is difficult. it looks like someone trying to kneel to the floor with hands together,17,1
pair49,3,1,director,F,looks like person sitting on floor with their legs in front,11,0
pair49,3,1,matcher,F,with their back to the left or right,8,0
pair49,3,1,matcher,F,?,1,0
pair49,3,1,director,F,to the right,3,0
pair49,4,1,director,B,person kneeling on floor with arms stretched out like wings of an airplane.,13,0
pair49,5,1,director,J,another difficult one. they are standing upright and their body looks like half a square shape,16,0
pair49,6,1,director,A,looks like someone about to start running.,7,0
pair49,7,1,director,C,they are standing upright and they have their arms up in the air,13,1
pair49,7,1,matcher,C,one arm out to each side kinda leaning?,8,1
pair49,8,1,director,H,they are sitting but i cannot see their legs. it looks sort of like a car seat.,17,1
pair49,8,1,matcher,H,is their back to the left and they kinda look like they have rabbit ears,15,1
pair49,8,1,director,H,"no, not that one",4,1
pair49,9,1,director,I,they look like an ice skater,6,1
pair49,9,1,director,I,they are leaning forward,4,1
pair49,10,1,director,G,it looks like they are falling forward,7,0
pair49,10,1,matcher,G,with an arm out on each side?,7,0
pair49,11,1,director,D,standing completely upright pointing to your left,7,1
pair49,12,1,director,E,'rabbit ears',2,1
pair49,12,1,matcher,E,with the back to the left or to the right?,10,1
pair49,12,1,director,E,to the left,3,1
pair49,13,2,director,B,arms out like an airplane,5,1
pair49,13,2,director,B,on their knees,3,1
pair49,14,2,director,K,on their knees as if they are praying with hands in front,12,1
pair49,15,2,director,G,looks like they are falling forward,6,1
pair49,16,2,director,A,standing upright with one foot off ground,7,1
pair49,17,2,director,I,looks like ice skater,4,1
pair49,18,2,director,L,standing upright with knees bent and hands together in front,10,1
pair49,19,2,director,J,"completely upright, their body is a square on your left hand side",12,0
pair49,20,2,director,C,standing with arms up in the air on each side,10,1
pair49,20,2,director,C,slightly tilted,2,1
pair49,21,2,director,E,'rabbit ears' with back on your left hand side,9,1
pair49,22,2,director,H,looks like a car seat,5,1
pair49,23,2,director,F,sitting on floor with legs in front,7,1
pair49,24,2,director,D,back standing upright and finger pointing to your left,9,1
pair49,25,3,director,A,upright with one foot off ground,6,1
pair49,25,3,director,A,looking to your right,4,1
pair49,26,3,director,D,upright with finger pointing to your left,7,1
pair49,27,3,director,E,'rabbit ears',2,1
pair49,28,3,director,G,falling forward,2,1
pair49,29,3,director,C,upright with arms up in the air on each side,10,1
pair49,29,3,director,C,body slightly tilted,3,1
pair49,30,3,director,L,upright with legs slightly bent and hands in front,9,1
pair49,31,3,director,K,"on knees, back to your left and hands in front",10,1
pair49,32,3,director,F,sitting with back to your right and legs in front,10,1
pair49,33,3,director,H,looks like a car seat,5,1
pair49,34,3,director,B,on knees with arms extended like airplane wings,8,1
pair49,34,3,director,B,back to your left,4,1
pair49,35,3,director,I,looks like ice skater moving to your left,8,1
pair49,36,3,director,J,"upright, body is square shape on your left side",9,1
pair49,37,4,director,A,"upright, one foot off ground. moving to your right",9,1
pair49,38,4,director,L,"upright, knees partly bent with back to your left",9,1
pair49,39,4,director,J,"upright, body is square shape on your left",8,1
pair49,40,4,director,G,falling forward,2,0
pair49,41,4,director,D,"upright, finger pointing to your left",6,1
pair49,42,4,director,B,"on knees, back to your left and arms like airplane wings",11,1
pair49,43,4,director,F,sitting with back to your right with legs in front,10,1
pair49,44,4,director,K,kneeling with back to your left and hands in front,10,1
pair49,45,4,director,H,'car seat',2,1
pair49,46,4,director,I,ice skater,2,1
pair49,47,4,director,E,rabbit ears,2,1
pair49,48,4,director,C,"upright with arms up in air, body slightly tilted",9,1
pair49,49,5,director,C,same one,2,1
pair49,50,5,director,I,ice skater,2,1
pair49,51,5,director,E,rabbit ears,2,1
pair49,52,5,director,A,"upright, one foot off ground, moving to your right",9,1
pair49,53,5,director,G,falling forward,2,1
pair49,54,5,director,B,on knees with arms like airplane wings,7,1
pair49,55,5,director,D,upright with finger pointing to your left,7,1
pair49,56,5,director,H,car seat,2,1
pair49,57,5,director,K,kneeling with hands in front,5,1
pair49,57,5,director,K,back to your left,4,1
pair49,58,5,director,L,"upright, knees partly bent, back to your left",8,1
pair49,59,5,director,J,left side of body is a square,7,1
pair49,60,5,director,F,sitting with back to your right legs in front,9,1
pair49,61,6,director,F,same,1,1
pair49,62,6,director,B,arms like airplane wings,4,1
pair49,63,6,director,I,ice skater,2,1
pair49,64,6,director,E,rabbit ears,2,1
pair49,65,6,director,A,one foot off ground,4,1
pair49,66,6,director,H,car seat,2,0
pair49,67,6,director,G,falling forward,2,1
pair49,68,6,director,K,"on knees with back to your left, hands in front",10,1
pair49,69,6,director,L,"upright, knees partly bent",4,1
pair49,70,6,director,C,"upright, arms in air, body tilted",6,1
pair49,71,6,director,J,left side of body is a square,7,1
pair49,72,6,director,D,"upright, finger pointer to your left.",6,1
pair50,1,1,director,J,"the one you need to pick is one with a rectangle base with the right side a little bit missing, and a diamond square at the top middle of the rectangle",31,1
pair50,2,1,director,B,"the one you need looks like a person sitting down, legs pointed left, head tilted back, with a triangle stuck to the right side neck",25,1
pair50,3,1,director,H,"this one has somewhat of a hexagonal base, with a triangle jutting out the bottom right of it. diamond square at the very top.",24,1
pair50,4,1,director,E,triangle base with a 'head' and rabbit ears to the top left,12,1
pair50,5,1,director,I,"looks like an ice skater doing a move, left is a diamond on top of two triangles, right side has a smaller triangle",23,1
pair50,6,1,director,A,"looks like a person pitching a ball in baseball, with the diamond head at the very top right",18,1
pair50,7,1,director,D,"person pointing left, rectangular base with left pointed feet",9,1
pair50,8,1,director,L,person with legs that look like '>' pointing right,9,0
pair50,9,1,director,K,"person pointing right, but not'>' instead it looks like two triangles pointing right",13,0
pair50,10,1,director,F,person sitting/laying down to the left. upside down triangle at the bottom left,13,1
pair50,11,1,director,G,"parallelogram at the bottom, with two triangles to the right side of the thing",14,0
pair50,11,1,director,G,the triangles seem to be only touching by the tips,10,0
pair50,12,1,director,C,"looks like a person raising both arms, with a body slanted pointing to the bottom right",16,1
pair50,13,2,director,H,hexagon person with the triangle to bottom right,8,1
pair50,14,2,director,E,rabbit ears,2,1
pair50,14,2,director,E,with the triangle base,4,1
pair50,15,2,director,L,person with the '>' legs,5,0
pair50,16,2,director,G,"the one with a parallelogram on the bottom left, and two triangles touching with the tip on the right side",20,1
pair50,17,2,director,C,"person raising both arms, with a body slanted pointing to the bottom right",13,1
pair50,18,2,director,B,the sitting person getting stabbed in the neck by a triangle,11,1
pair50,19,2,director,A,"the one that looks like he's about to throw a pitch, with the square head to the top right, 2 feet pointed left",23,0
pair50,19,2,matcher,A,the pitcher,2,0
pair50,20,2,director,F,"the person laying down, with the upside down triangle on the bottom left",13,1
pair50,20,2,matcher,F,the hobo,2,1
pair50,21,2,director,I,ice skater,2,1
pair50,22,2,director,D,the rectangle base with feet/arms pointing left,7,1
pair50,22,2,director,D,and the diamond head on top of the triangle,9,1
pair50,22,2,matcher,D,monk left?,2,1
pair50,23,2,director,J,"rectangle base, right part somewhat missing",6,1
pair50,23,2,matcher,J,toddler facing right?,3,1
pair50,23,2,director,J,"the rectangle base, not hexagon",5,1
pair50,24,2,matcher,K,toddler facing right,3,0
pair50,24,2,director,K,"kneeling facing right, but not the '>' legs. looks like a fast forward icon for the legs",17,0
pair50,24,2,matcher,K,squatting monk?,2,0
pair50,24,2,director,K,isn't the squatting one the '>',6,0
pair50,25,3,matcher,H,kneeling,1,1
pair50,25,3,director,H,hexagon base with the triangle bottom right,7,1
pair50,25,3,matcher,H,baby,1,1
pair50,26,3,director,G,"parallelogram on the bottom left, and two triangles touching with the tip on the right side",16,1
pair50,26,3,director,G,with the square looks like it's sliding down a left slope at the top,14,1
pair50,27,3,matcher,F,low kick,2,1
pair50,27,3,director,F,hobo,1,1
pair50,28,3,director,E,rabbit ears,2,1
pair50,29,3,director,A,pitcher,1,1
pair50,30,3,director,I,skater,1,1
pair50,31,3,director,B,neck stab,2,1
pair50,32,3,director,K,kneeling to the right,4,1
pair50,33,3,director,L,'>' right,2,1
pair50,34,3,director,C,"person raising both arms, with a body slanted pointing to the bottom right",13,1
pair50,34,3,matcher,C,ghost,1,1
pair50,35,3,director,J,the rectangle with the missing right side,7,1
pair50,36,3,director,D,monk left,2,1
pair50,37,4,director,I,skater,1,1
pair50,38,4,director,G,"parallelogram on the bottom left, and two triangles touching with the tip on the right side low kick (forgot what it's called)",22,1
pair50,39,4,matcher,D,low kick,2,1
pair50,39,4,director,D,monk left,2,1
pair50,40,4,director,H,toddler facing right,3,0
pair50,41,4,matcher,K,baby,1,1
pair50,41,4,director,K,kneeling monk right,3,1
pair50,42,4,director,E,rabbit ears,2,1
pair50,43,4,director,A,pitcher,1,1
pair50,44,4,director,F,hobo,1,1
pair50,45,4,director,C,ghost,1,1
pair50,46,4,director,J,toddler facing right,3,1
pair50,47,4,director,L,'>' legs,2,1
pair50,48,4,director,B,triangle stab,2,1
pair50,49,5,director,E,rabbit ears,2,1
pair50,50,5,director,L,'>' legs,2,1
pair50,51,5,director,C,ghost,1,1
pair50,52,5,director,A,pitcher,1,1
pair50,53,5,director,I,skater,1,1
pair50,54,5,director,F,hobo,1,1
pair50,55,5,director,B,triangle stab,2,1
pair50,56,5,director,G,low kick,2,1
pair50,57,5,director,J,toddler facing right,3,1
pair50,58,5,director,H,baby,1,1
pair50,59,5,director,D,monk left,2,1
pair50,60,5,director,K,kneeling monk right,3,1
pair50,61,6,director,G,low kick,2,1
pair50,62,6,director,E,rabbit ears,2,1
pair50,63,6,director,I,skater,1,1
pair50,64,6,director,B,triangle stab,2,1
pair50,65,6,director,D,monk left,2,1
pair50,66,6,director,J,toddler facing right,3,1
pair50,67,6,director,A,pitcher,1,1
pair50,68,6,director,K,kneeling monk right,3,0
pair50,69,6,director,L,'>' legs,2,1
pair50,70,6,director,F,hobo,1,1
pair50,71,6,director,C,ghost,1,1
pair50,72,6,director,H,baby,1,1
pair51,1,1,director,J,it looks like a partial box with a diamond head,10,1
pair51,1,1,director,J,the right part of the box is missing,8,1
pair51,2,1,director,L,this one looks like a man with his knees bent to the right and holding his hands out to the right,21,1
pair51,2,1,matcher,L,does he have a mini triangle protruding from his back?,10,1
pair51,2,1,matcher,L,are his hands together or apart?,6,1
pair51,2,1,director,L,together,1,1
pair51,3,1,director,D,this one the man is facing to the left and holding a book,13,1
pair51,3,1,director,D,it looks like a priest in a robe,8,1
pair51,4,1,director,I,the man is holding his arms out to the left and he is balancing on 1 leg,17,1
pair51,4,1,director,I,his other leg is going right,6,1
pair51,5,1,director,B,this one there is the diamond head and then a triangle hanging off of it,15,1
pair51,5,1,director,B,could look like someone sitting on their knees?,8,1
pair51,5,1,matcher,B,triangle coming out of the back as well?,8,1
pair51,6,1,director,H,this one is sort of bean shaped with a diamond head,11,1
pair51,6,1,director,H,no arms,2,1
pair51,7,1,director,K,big triangle coming out of the right side and a small one out of the left,16,1
pair51,7,1,director,K,could look like someone on their knees,7,1
pair51,8,1,director,F,this one is like a person sitting down with his legs out facing left,14,1
pair51,9,1,director,C,"this one has both arms out to the sides, like his arms are up praying",15,0
pair51,9,1,matcher,C,also looks like he is sitting on his knees?,9,0
pair51,9,1,director,C,looks like there are no legs,6,0
pair51,9,1,director,C,he has an arm to the right and one to the left,12,0
pair51,10,1,director,E,this one looks like a bunny,6,1
pair51,10,1,director,E,2 triangles are coming out of the head,8,1
pair51,11,1,director,A,this one looks like he is about to take a big step,12,1
pair51,11,1,matcher,A,arms facing to left?,4,1
pair51,11,1,director,A,and his head is tilted toward the far right corner,10,1
pair51,12,1,director,G,"this one the head is tilted toward the top left corner, the arms facing right",15,1
pair51,12,1,director,G,and the body goes toward the bottom left corner with a small triangle in bottom right corner,17,1
pair51,13,2,director,B,this one looks like someone on their knees again and the triangle hanging off the head,16,1
pair51,14,2,director,H,this one has the bean body,6,1
pair51,15,2,director,E,bunny,1,1
pair51,16,2,director,A,walking with right tilting head,5,1
pair51,17,2,director,J,box with right bottom portion missing,6,1
pair51,18,2,director,F,person sitting and facing to the left,7,1
pair51,19,2,director,D,priest holding out a bible,5,1
pair51,20,2,director,C,person with their arms up in the air,8,1
pair51,21,2,director,L,person pending knees and holding both arms out together to the right,12,1
pair51,22,2,director,K,person sitting on knees with big triangle on right and small one out of the back,16,1
pair51,23,2,director,I,person facing left with arms out and balancing on 1 leg,11,1
pair51,23,2,director,I,other leg out to the right,6,1
pair51,24,2,director,G,"person with body bend toward bottom left, arms are held up toward top right",14,1
pair51,24,2,director,G,small triangle hanging in bottom right,6,1
pair51,25,3,director,E,bunny,1,1
pair51,26,3,director,A,person taking a step to the left,7,1
pair51,27,3,director,H,bean,1,1
pair51,28,3,director,B,triangle hanging off of head,5,1
pair51,29,3,director,G,small triangle hanging in bottom right corner,7,1
pair51,30,3,director,D,priest,1,1
pair51,31,3,director,J,box,1,1
pair51,32,3,director,K,big triangle to the right and small one to the left,11,1
pair51,33,3,director,L,bending knees and holding arms out to right,8,1
pair51,34,3,director,C,arms up in the air,5,1
pair51,35,3,director,F,sitting down and facing left,5,1
pair51,36,3,director,I,balancing on one leg,4,1
pair51,37,4,director,E,bunny,1,1
pair51,38,4,director,F,sitting down,2,1
pair51,39,4,director,B,triangle off of head,4,1
pair51,40,4,director,G,small triangle bottom right,4,1
pair51,41,4,director,K,big triangle right and small triangle left,7,1
pair51,42,4,director,C,arms up,2,1
pair51,43,4,director,A,walking,1,1
pair51,44,4,director,H,bean,1,1
pair51,45,4,director,D,priest,1,1
pair51,46,4,director,L,bent knees,2,1
pair51,47,4,director,I,balancing on 1 leg,4,1
pair51,48,4,director,J,box,1,1
pair51,49,5,director,K,big triangle right and small left,6,1
pair51,50,5,director,F,sitting down,2,1
pair51,51,5,director,H,bean,1,1
pair51,52,5,director,L,bent knees,2,1
pair51,53,5,director,J,box,1,1
pair51,54,5,director,G,small triangle bottom right,4,1
pair51,55,5,director,C,arms in air,3,1
pair51,56,5,director,D,priest,1,1
pair51,57,5,director,B,triangle off head,3,1
pair51,58,5,director,A,walking,1,1
pair51,59,5,director,I,balancing,1,1
pair51,60,5,director,E,bunny,1,1
pair51,61,6,director,D,priest,1,1
pair51,62,6,director,L,bent knees,2,1
pair51,63,6,director,B,triangle off head,3,1
pair51,64,6,director,J,box,1,1
pair51,65,6,director,A,walking,1,1
pair51,66,6,director,G,small triangle bottom right,4,1
pair51,67,6,director,H,bean,1,1
pair51,68,6,director,I,balancing,1,1
pair51,69,6,director,K,big triangle right small left,5,1
pair51,70,6,director,C,arms in air,3,1
pair51,71,6,director,F,sitting,1,1
pair51,72,6,director,E,bunny,1,1
pair52,1,1,director,D,looks like a person facing the left with a plate,10,1
pair52,2,1,director,L,person facing right kinda kneeling with a plate,8,1
pair52,2,1,director,L,squatting maybe,2,1
pair52,2,1,matcher,L,"so the one with the point out the back, not the more flat back?",14,1
pair52,2,1,director,L,flat back,2,1
pair52,3,1,director,A,"head thrown back, one leg lifted facing left",8,1
pair52,4,1,director,H,"flat back, kneeling",3,0
pair52,4,1,director,H,facing right,2,0
pair52,5,1,director,F,"sitting, legs out facing right",5,1
pair52,5,1,director,F,left,1,1
pair52,6,1,director,K,"kneeling, facing with with plate, pointed back",7,1
pair52,6,1,director,K,right,1,1
pair52,7,1,director,C,falling backwards towards left,4,1
pair52,7,1,director,C,arms up,2,1
pair52,7,1,matcher,C,"falling towards the left, or arms aiming left?",8,1
pair52,7,1,director,C,falling towards left,3,1
pair52,7,1,matcher,C,"ah, both arms up, one on each side?",8,1
pair52,7,1,director,C,both up,2,1
pair52,8,1,director,E,"sitting, facing right, big bow on head",7,1
pair52,9,1,director,I,"facing left, standing on one leg, arms out left, one leg up pointing right",14,1
pair52,10,1,director,G,kinda looks like a high heel shoe with the heel on the right,13,1
pair52,11,1,director,J,flat on left side below head,6,1
pair52,11,1,director,J,on the right there is a point at top and bottom,11,1
pair52,11,1,director,J,facing right,2,1
pair52,12,1,director,B,"sitting, facing right, head tilted, big pony tail",8,1
pair52,12,1,director,B,facing left,2,1
pair52,13,2,director,I,"one leg down, one leg up on right",8,1
pair52,13,2,director,I,arms left,2,1
pair52,14,2,director,B,sitting big pony tail,4,1
pair52,15,2,director,G,shoe,1,1
pair52,16,2,director,H,"sitting facing right, no arms",5,1
pair52,16,2,director,H,flat back,2,1
pair52,16,2,director,H,no bow,2,1
pair52,17,2,director,J,"flat back below head, point on right top and bottom",10,1
pair52,18,2,director,L,slight kneel facing right with plate flat back,8,1
pair52,19,2,director,F,facing left sitting legs bent at knees,7,1
pair52,20,2,director,A,facing left head thrown back one leg down one leg up arms left,13,0
pair52,21,2,director,D,facing left flat back standing holding plate,7,1
pair52,22,2,director,C,falling towards left,3,1
pair52,22,2,director,C,arms up,2,1
pair52,23,2,director,K,kneeling facing right pointy back with plate,7,1
pair52,24,2,director,E,"sitting, facing right, big bow",5,1
pair52,25,3,director,K,"kneeling, right, point back, plate",5,1
pair52,26,3,director,C,"falling left, arms up",4,1
pair52,27,3,director,J,"flat back below head, right point top and bottom",9,1
pair52,28,3,director,D,"facing left, standing, with plate, flat back",7,1
pair52,28,3,director,D,standing,1,1
pair52,29,3,director,F,"sitting, legs bent at knees",5,1
pair52,29,3,director,F,facing left,2,1
pair52,30,3,director,L,"squat, plate, facing right, flat back",6,1
pair52,31,3,director,A,"facing left, head thrown back, one leg up, one left down, arms left",13,0
pair52,32,3,director,E,big bow on head,4,1
pair52,33,3,director,G,shoe,1,1
pair52,34,3,director,B,big pony tail,3,1
pair52,35,3,director,H,"kneeling, facing right, flat back",5,1
pair52,36,3,director,I,"facing left, one leg down, one leg up towards the right, arms left",13,1
pair52,37,4,director,J,"flat back below head, point on right top and bottom",10,1
pair52,38,4,director,K,"kneeling facing right, pointy back",5,1
pair52,38,4,director,K,plate,1,1
pair52,39,4,director,F,sitting legs bent at knees,5,1
pair52,40,4,director,G,shoe,1,1
pair52,41,4,director,I,"one leg down, one leg up towards right",8,1
pair52,42,4,director,B,pony tail,2,1
pair52,43,4,director,L,"squat, facing right, plate",4,1
pair52,44,4,director,H,"facing right, flat back, kneel",5,0
pair52,45,4,director,C,falling left arms up,4,1
pair52,46,4,director,D,standing facing left plate flat back,6,1
pair52,47,4,director,E,big bow,2,1
pair52,48,4,director,A,facing left head back one leg up towards left,9,1
pair52,49,5,director,D,"standing, facing left, flat back",5,1
pair52,50,5,director,E,big bow,2,1
pair52,51,5,director,L,"squat, right, plate, flat back",5,1
pair52,52,5,director,C,falling left arms up,4,1
pair52,53,5,director,A,one leg up on left,5,1
pair52,53,5,director,A,head back,2,1
pair52,54,5,director,B,pony tail,2,1
pair52,55,5,director,K,"right, kneel, plate, pointy back",5,1
pair52,56,5,director,G,shoe,1,1
pair52,57,5,director,H,"left, kneel, flat back",4,0
pair52,58,5,director,F,legs bent at knees,4,1
pair52,59,5,director,I,one leg up right,4,1
pair52,60,5,director,J,"flat back, facing right point at top and bottom",9,1
pair52,61,6,director,C,falling arms up,3,1
pair52,62,6,director,A,one leg up left,4,1
pair52,63,6,director,G,shoe,1,1
pair52,64,6,director,E,big bow,2,1
pair52,65,6,director,I,one leg up right,4,1
pair52,66,6,director,L,squat right plate,3,1
pair52,67,6,director,H,kneel right flat back,4,0
pair52,68,6,director,J,flat back right point top and bottom,7,1
pair52,69,6,director,F,legs bent at knees,4,1
pair52,70,6,director,D,standing left with [plate,4,1
pair52,70,6,director,D,flat back,2,1
pair52,71,6,director,K,pointy back right kneel plate,5,1
pair52,72,6,director,B,pony tail,2,1
pair53,1,1,director,F,looks like a man sitting down,6,1
pair53,2,1,director,C,a man flying,3,1
pair53,3,1,director,K,two diamond shapes above it stacked,6,1
pair53,4,1,director,D,a priest praying,3,1
pair53,5,1,director,E,a rabbit sitting next to something,6,1
pair53,6,1,director,G,a shoe,2,0
pair53,7,1,director,L,a man bending at the knees,6,1
pair53,8,1,director,J,a cliff with a diamond at the top,8,0
pair53,9,1,director,A,a man looking at the ground with his leg up,10,0
pair53,10,1,matcher,H,"aw, i would have said that one was doing the zombie walk",12,1
pair53,10,1,matcher,H,likening to a person's silhouette works,6,1
pair53,10,1,matcher,H,feel free to be silly with your explanations,8,1
pair53,10,1,director,H,this one's hard because a lot of them look like they're sitting,12,1
pair53,10,1,director,H,looks like a man sitting staring forward,7,1
pair53,11,1,director,B,"a dog laying down looking up at its owner, big floppy ears",12,0
pair53,12,1,matcher,I,"aw, that was a weird shape for sure",8,1
pair53,12,1,director,I,a man with two hands forward kicking his leg behind him,11,1
pair53,13,2,matcher,D,he's ice skating!,3,1
pair53,13,2,director,D,priest again,2,1
pair53,14,2,director,F,man sitting next to something looking down,7,1
pair53,15,2,director,L,bending at the knees,4,1
pair53,16,2,director,H,looking forward,2,1
pair53,17,2,director,J,"cliff with a diamond at the top, cliff on the right side",12,0
pair53,17,2,director,J,straight edge on left,4,0
pair53,18,2,director,K,diamond balancing at the top,5,0
pair53,19,2,director,E,bunny sitting next to something looking down,7,1
pair53,20,2,director,G,"looks kind of like a shoe with a heel, also diamond falling off the left side of the top",19,1
pair53,21,2,director,A,"man kicking his leg up in the air, diamond falling off his back",13,1
pair53,22,2,director,C,flying man,2,1
pair53,23,2,director,I,ice skater,2,1
pair53,24,2,director,B,dog looking up at owner,5,0
pair53,25,3,director,E,bunny by tree,3,1
pair53,26,3,director,H,looking forward,2,1
pair53,27,3,director,K,2 diamonds stacked on top,5,1
pair53,28,3,director,J,diamond on cliff,3,1
pair53,29,3,director,D,priest,1,1
pair53,30,3,director,F,man sitting looking down,4,1
pair53,31,3,director,L,leg bend,2,1
pair53,32,3,director,I,ice skater,2,1
pair53,33,3,director,A,"leg up, diamond falling on back",6,1
pair53,34,3,director,G,shoe,1,1
pair53,35,3,director,B,dog looking up at owner,5,1
pair53,36,3,director,C,flying,1,1
pair53,37,4,director,K,2 balancing,2,1
pair53,37,4,director,K,two stacked,2,1
pair53,38,4,director,F,man sitting looking down,4,1
pair53,39,4,director,E,bunny by tree,3,1
pair53,40,4,director,L,leg bend,2,1
pair53,41,4,director,I,ice skater,2,1
pair53,42,4,director,B,dog,1,1
pair53,43,4,director,J,cliff,1,1
pair53,44,4,director,A,"leg up, diamond on back",5,1
pair53,45,4,director,C,flying,1,1
pair53,46,4,director,D,priest,1,1
pair53,47,4,director,G,shoe,1,1
pair53,48,4,director,H,looking forward,2,1
pair53,49,5,director,B,dog,1,1
pair53,50,5,director,G,shoe,1,1
pair53,51,5,director,C,flying,1,1
pair53,52,5,director,K,2 stacked,2,1
pair53,53,5,director,H,looking forward,2,1
pair53,54,5,director,F,sitting looking down,3,1
pair53,55,5,director,I,ice skater,2,1
pair53,56,5,director,A,"leg up, diamond on back",5,1
pair53,57,5,director,D,priest,1,1
pair53,58,5,director,J,cliff,1,1
pair53,59,5,director,E,bunny,1,1
pair53,60,5,director,L,leg bend,2,1
pair53,61,6,director,E,bunny,1,1
pair53,62,6,director,C,flying,1,1
pair53,63,6,director,J,cliff,1,1
pair53,64,6,director,H,look forward,2,1
pair53,65,6,director,F,"sitting, looking down",3,1
pair53,66,6,director,D,priest,1,1
pair53,67,6,director,A,"leg up, diamond on back",5,1
pair53,68,6,director,I,ice skater,2,1
pair53,69,6,director,K,stacked,1,1
pair53,70,6,director,G,shoe,1,1
pair53,71,6,director,B,dog,1,1
pair53,72,6,director,L,man bending at knees,4,1
pair54,1,1,director,I,looks like a ballerina leaning left with foot up and pointing to the right,14,1
pair54,1,1,matcher,I,the foot is pointing right?,5,1
pair54,1,1,director,I,yes and two triangle points are pointing left like arms,10,1
pair54,2,1,director,K,looks like a person facing right and kneeling down. flat bottom,11,0
pair54,3,1,director,H,this one is hard. triangle on top. pentagon under that. then slanted bottom on left side and triangle pointing to right .,22,1
pair54,3,1,director,H,all filled in black. no spaces between shapes.,8,1
pair54,3,1,director,H,not a triangle on top! a tilted square.,8,1
pair54,3,1,matcher,H,"the triangle pointing right at bottom, is that the part that sticks out the furthest overall?",16,1
pair54,3,1,director,H,yes. the rest is kind of straight up and down except the slant on the bottom left.,17,1
pair54,4,1,director,G,this one has a long flat bottom on the left. goes up to the right and has a triangle hanging off the bottom right.,24,1
pair54,4,1,director,G,top has a square touching only by a corner on the left side of the figure.,16,1
pair54,4,1,matcher,G,does the top square look like it is falling down the left side?,13,1
pair54,4,1,director,G,yes.,1,1
pair54,5,1,director,J,diamond on top. a rectangle on bottom but with part of the right side missing.,15,1
pair54,6,1,director,B,tilted square top. to the right and a bit below is a medium size triangle. there is a sharp point to the left of the figure at the top. bottom looks like someone kneeling.,34,1
pair54,6,1,director,B,a small triangle on the bottom left form the feet.,10,1
pair54,6,1,matcher,B,"is the left point smaller than the right? is the left side from bottom, straight up - then two triangle points that are even with each other?",27,1
pair54,6,1,matcher,B,"i see them as people too, so that works.",9,1
pair54,6,1,director,B,it looks like a tilted square head with shoulders underneath long and to the left then a triangle kind of hanging under the head to the right,27,1
pair54,6,1,director,B,the bottom right corner has straight side and straight bottom,10,1
pair54,6,1,director,B,and a tiny triangle as a foot on the bottom left,11,1
pair54,7,1,director,D,this one looks like a person facing right wearing a robe with a long sleeve hanging down from an outstretched arm.,21,1
pair54,7,1,director,D,facing left,2,1
pair54,8,1,director,A,looks like a monster facing left with a long triangle nose pointing down. has a square on its back and one foot is in the air (on left) and one is flat on the ground.,35,1
pair54,9,1,director,E,bottom has flat left side and flat bottom. top has a square leaning right with two separate triangles on top.,20,1
pair54,9,1,director,E,the triangles look almost like rabbit ears.,7,1
pair54,10,1,director,L,another person looking right. looks like they are in the process of kneeling but didn't go all the way down...,20,1
pair54,10,1,director,L,big triangle pointing out to right,6,1
pair54,11,1,director,F,looks like a person who could be leaning against a tree or something. sitting down with head tilted slightly left and feet stretched out to left. knees up.,28,1
pair54,12,1,director,C,looks like a person celebrating with arms raised but they are falling to the left.,15,1
pair54,13,2,director,J,the one with the diamond on top and the rectangle bottom with part of the right side missing.,18,1
pair54,13,2,director,J,saw it before.,3,1
pair54,14,2,director,H,the tilted square top and triangle sticking out to the bottom right. no spaces between shapes.,16,1
pair54,15,2,director,L,person looking right and starting to kneel.,7,1
pair54,15,2,director,L,big triangle to right,4,1
pair54,15,2,matcher,L,lets call that last one blob,6,1
pair54,16,2,director,F,person leaning against the tree,5,1
pair54,17,2,director,E,rabbit ears,2,1
pair54,18,2,director,A,monster with foot raised,4,1
pair54,19,2,director,I,ballerina with foot pointing right,5,1
pair54,20,2,director,G,the hard one with the square head hanging off to the left,12,1
pair54,20,2,matcher,G,falling square?,2,1
pair54,20,2,director,G,yes and has the small triangle hanging off bottom right,10,1
pair54,21,2,director,B,falling left head?,3,1
pair54,21,2,director,B,"ok this one is the one with the tilted square, triangle under and to the right, long left triangle point and small triangle on bottom left that looks like a foot",31,1
pair54,22,2,matcher,D,lets call that one foot,5,1
pair54,22,2,director,D,this is the guy in a robe reaching out left with sleeve hanging. we can call him graduate.,18,1
pair54,23,2,director,K,"i think this is one we haven't seen. diamond head, sharp triangle point to right in middle, bottom left has straight side and bottom",24,1
pair54,24,2,director,C,arms raised and falling over to the left,8,1
pair54,25,3,director,G,head falling left,3,1
pair54,26,3,director,F,sitting against a tree,4,1
pair54,27,3,director,B,foot,1,1
pair54,28,3,director,A,monster,1,1
pair54,29,3,director,K,"triangle, sharp point to right, bottom left straight side and bottom...maybe we can call it kneeling",16,1
pair54,29,3,director,K,not a triangle a diamond head,6,1
pair54,30,3,matcher,C,kneeling works,2,1
pair54,30,3,director,C,falling left with arms raised,5,1
pair54,31,3,director,D,graduate,1,1
pair54,32,3,director,H,blob,1,1
pair54,33,3,director,J,diamond head rectangle body with right side missing,8,1
pair54,34,3,matcher,L,broken rectangle,2,1
pair54,34,3,director,L,on his way to kneeling,5,1
pair54,35,3,director,E,rabbit ears,2,1
pair54,36,3,director,I,ballerina,1,1
pair54,37,4,director,G,head falling left,3,1
pair54,38,4,director,L,almost kneeling,2,1
pair54,39,4,director,B,foot,1,1
pair54,40,4,director,I,ballerina,1,1
pair54,41,4,director,J,broken rectangle,2,1
pair54,42,4,director,D,graduate,1,1
pair54,43,4,director,F,sitting against a tree,4,1
pair54,44,4,director,K,kneeling,1,1
pair54,45,4,director,E,rabbit,1,1
pair54,46,4,director,C,hands up falling left,4,1
pair54,47,4,director,H,blob,1,1
pair54,48,4,director,A,monster,1,1
pair54,49,5,director,A,monster again,2,1
pair54,50,5,director,D,grad,1,1
pair54,51,5,director,C,arms up falling left,4,1
pair54,51,5,director,C,left,1,1
pair54,52,5,matcher,H,lets call that one jeremy,5,1
pair54,52,5,director,H,blob,1,1
pair54,53,5,director,L,almost kneeling,2,1
pair54,54,5,director,K,kneeling,1,1
pair54,55,5,director,J,broken rectangle,2,1
pair54,56,5,director,I,ballerina,1,1
pair54,57,5,director,G,head falling left,3,1
pair54,58,5,director,E,rabbit,1,1
pair54,59,5,director,F,sitting against tree,3,1
pair54,60,5,director,B,foot,1,1
pair54,61,6,director,A,monster,1,1
pair54,62,6,director,B,foot,1,1
pair54,63,6,director,E,rabbit,1,1
pair54,64,6,director,I,ballerina,1,1
pair54,65,6,director,D,graduate,1,1
pair54,66,6,director,J,broken rectangle,2,1
pair54,67,6,director,H,blob,1,1
pair54,68,6,director,C,jeremy,1,1
pair54,69,6,director,L,almost kneeling,2,1
pair54,70,6,director,F,sitting against a tree,4,1
pair54,71,6,director,G,head falling left,3,1
pair54,72,6,director,K,kneeling,1,1
pair55,1,1,director,F,figure is sitting down,4,1
pair55,2,1,matcher,I,reminds me of playing the atari 2600,7,0
pair55,2,1,director,I,looks like one leg on ground with head turned back,10,0
pair55,3,1,director,L,looks like person on knees begging,6,0
pair55,4,1,director,C,two arms in the air,5,1
pair55,5,1,director,A,"one foot on ground, other up in the air",9,0
pair55,6,1,director,J,head on almost rectangle block,5,1
pair55,7,1,director,D,arm out towards the left,5,1
pair55,8,1,director,E,block with large ears,4,1
pair55,9,1,director,K,on knees begging looking right.. looks like wearing a robe,10,1
pair55,10,1,director,G,"head facing left, arms facing right",6,1
pair55,11,1,director,B,figure is on knees speaking out of megaphone,8,1
pair55,12,1,director,H,just a head on a large block that curves right at bottom,12,1
pair55,13,2,director,J,block that curves in at bottom,6,0
pair55,14,2,director,F,sitting down looking to the left,6,1
pair55,15,2,director,C,arms in air,3,1
pair55,16,2,director,K,"on knees, looks like he's wearing robe",7,0
pair55,17,2,director,B,megaphone,1,1
pair55,18,2,director,H,head on block that curves to right at bottom,9,1
pair55,19,2,director,G,"head look left, arms going right",6,1
pair55,20,2,director,E,large ears,2,1
pair55,21,2,director,I,"head turned left, looks like he has tail",8,1
pair55,22,2,director,D,looking up with arm out towards left,7,1
pair55,22,2,matcher,D,"though it looked more like a leg, like an ice skater",11,1
pair55,22,2,director,D,i'll say ice skater,4,1
pair55,23,2,director,A,"one leg on ground, other leg kicking",7,1
pair55,24,2,director,L,on knees with arms out to the right,8,1
pair55,25,3,director,D,looking up with arm out towards left,7,1
pair55,26,3,director,B,megaphone,1,0
pair55,27,3,director,K,"on knees, wearing robe with arm to the right",9,1
pair55,28,3,director,A,"one leg on ground, other leg kicking",7,1
pair55,29,3,director,C,arms in air,3,1
pair55,30,3,director,J,head on a block that curves inward at bottom,9,0
pair55,31,3,director,G,"head look left, arms going right",6,1
pair55,32,3,director,L,on knees with arms out to the right,8,0
pair55,33,3,director,F,sitting down with back against right wall,7,1
pair55,34,3,director,E,large ears,2,1
pair55,35,3,director,I,ice skating,2,1
pair55,36,3,director,H,head on block that curves to right at bottom,9,1
pair55,37,4,director,F,sitting down with back against right wall,7,1
pair55,38,4,director,C,arms in air,3,1
pair55,39,4,director,J,head on a block that curves inward at bottom,9,1
pair55,40,4,director,L,on knees with arms out to the right,8,1
pair55,41,4,director,H,head on block that curves to right at bottom,9,1
pair55,42,4,director,K,"on knees, wearing robe with arm to the right",9,1
pair55,43,4,director,G,"head look left, arms going right",6,1
pair55,44,4,director,I,ice skating,2,1
pair55,45,4,director,B,on knees looks like speaking through microphone,7,1
pair55,46,4,director,E,large ears,2,1
pair55,47,4,director,D,looking up with arm out towards left,7,1
pair55,48,4,director,A,"one leg on ground, other leg kicking",7,1
pair55,49,5,director,A,"one leg on ground, other leg kicking",7,1
pair55,50,5,director,D,looking up with arm out towards left,7,1
pair55,51,5,director,H,head on block that curves to right at bottom,9,1
pair55,52,5,director,E,large ears,2,1
pair55,53,5,director,B,speaking through megaphone,3,1
pair55,54,5,director,I,ice skating,2,1
pair55,55,5,director,C,arms in air,3,1
pair55,56,5,director,F,sitting down with back against right wall,7,1
pair55,57,5,director,K,wearing robe,2,1
pair55,58,5,director,G,"head to left, both arms to right",7,1
pair55,59,5,director,J,head on a block that curves inward at bottom,9,1
pair55,60,5,director,L,on knees with arms out to the right,8,1
pair55,61,6,director,C,arms in air,3,1
pair55,62,6,director,D,looking up with arm out towards left,7,1
pair55,63,6,director,K,robe,1,1
pair55,64,6,director,B,speaking through megaphone,3,1
pair55,65,6,director,F,sitting down with back against right wall,7,1
pair55,66,6,director,H,head on block that curves to right at bottom,9,1
pair55,67,6,director,I,ice skating,2,1
pair55,68,6,director,E,large ears,2,1
pair55,69,6,director,A,"one leg on ground, other leg kicking",7,1
pair55,70,6,director,G,"head look left, arms going right",6,1
pair55,71,6,director,J,head on a block that curves inward at bottom,9,1
pair55,72,6,director,L,on knees with arms out to the right,8,1
pair56,1,1,director,B,the small square is on top with a rectangle to the right,12,0
pair56,1,1,director,B,the rectangle is touching the square,6,0
pair56,1,1,matcher,B,sitting or standing person,4,0
pair56,1,1,director,B,kneeling,1,0
pair56,1,1,director,B,facing the right,3,0
pair56,1,1,matcher,B,feet kinda up behind them or flat,7,0
pair56,1,1,director,B,flat,1,0
pair56,2,1,director,D,standing facing the left,4,1
pair56,2,1,matcher,D,both feet on ground?,4,1
pair56,2,1,director,D,arms are straight out,4,1
pair56,2,1,director,D,yes both feet on ground,5,1
pair56,2,1,matcher,D,like they are holding a bowl or something in their arms?,11,1
pair56,3,1,director,L,halfway kneeling and facing the right,6,1
pair56,3,1,director,L,back is flat,3,1
pair56,3,1,matcher,L,s shape almost to body? hands and feet,8,1
pair56,4,1,director,A,one leg up facing the left,6,1
pair56,4,1,matcher,A,both arms out?,3,1
pair56,4,1,director,A,no arms,2,1
pair56,4,1,matcher,A,looks like head is going to fall off to the right?,11,1
pair56,5,1,director,H,this one looks like it has no arms or legs,10,1
pair56,5,1,matcher,H,oval shape body sitting or more square one?,8,1
pair56,5,1,director,H,just sitting,2,1
pair56,5,1,director,H,kind of oval,3,1
pair56,6,1,director,K,kneeling with a small triangle on the back and it looks like a triangle for their arms,17,0
pair56,7,1,director,C,this one looks like they would be doing the YMCA dance,11,1
pair56,7,1,director,C,no legs,2,1
pair56,8,1,director,F,sitting with their knees up,5,1
pair56,8,1,director,F,facing left,2,1
pair56,8,1,matcher,F,like they kinda fell asleep? head tipped down,8,1
pair56,8,1,director,F,yes slouched over,3,1
pair56,9,1,director,J,the body looks like a cliff,6,1
pair56,9,1,director,J,facing the right,3,1
pair56,9,1,matcher,J,so almost a solid rectangle with a diamond on top,10,1
pair56,10,1,director,E,looks like rabbit ears,4,1
pair56,10,1,director,E,facing right,2,1
pair56,11,1,director,G,triangle arm and foot on right side,7,1
pair56,11,1,director,G,almost like they are doing the splits,7,1
pair56,11,1,matcher,G,with the arms in the air stretching,7,1
pair56,11,1,director,G,it has one big leg and then a triangle on the opposite side,13,1
pair56,11,1,director,G,arms are up,3,1
pair56,12,1,director,I,one leg up behind them and they are facing left,10,1
pair56,13,2,director,E,rabbit again,2,1
pair56,14,2,director,G,dancer that is doing the splits again,7,1
pair56,15,2,director,D,one holding the bowl,4,1
pair56,16,2,director,F,slouched or sleeping with knees up,6,1
pair56,17,2,director,H,oval body,2,1
pair56,18,2,director,L,s shape,2,1
pair56,19,2,director,K,kneeling with the small triangle on back could appear to be holding a bowl,14,1
pair56,19,2,director,K,facing right,2,1
pair56,20,2,director,C,YMCA,1,1
pair56,21,2,director,A,head falling of the back,5,1
pair56,22,2,director,J,cliff with the diamond,4,1
pair56,23,2,director,B,kneeling with large rectangle facing right looks like a megaphone is on their mouth,14,1
pair56,24,2,director,I,leg up straight behind them,5,1
pair56,25,3,director,D,holding a bowl facing left,5,1
pair56,26,3,director,A,head falling off back,4,1
pair56,27,3,director,B,megaphone,1,1
pair56,28,3,director,C,YMCA,1,1
pair56,29,3,director,E,rabbit,1,1
pair56,30,3,director,F,slouch,1,1
pair56,31,3,director,I,leg straight behind,3,1
pair56,32,3,director,J,cliff,1,1
pair56,33,3,director,G,dancer,1,1
pair56,34,3,director,L,s,1,1
pair56,35,3,director,H,oval,1,1
pair56,36,3,director,K,kneeling with bowl,3,1
pair56,37,4,director,I,leg out straight behind them,5,1
pair56,38,4,director,C,YMCA,1,1
pair56,39,4,director,D,holding bowl facing left,4,1
pair56,40,4,director,F,slouch,1,1
pair56,41,4,director,H,oval,1,1
pair56,42,4,director,K,kneeling holding bowl,3,1
pair56,43,4,director,E,rabbit,1,1
pair56,44,4,director,B,megaphone,1,1
pair56,45,4,director,J,cliff,1,1
pair56,46,4,director,G,dancer,1,1
pair56,47,4,director,L,s,1,1
pair56,48,4,director,A,heading falling off back,4,1
pair56,49,5,director,K,kneeling with bowl,3,1
pair56,50,5,director,C,YMCA,1,1
pair56,51,5,director,E,rabbit,1,1
pair56,52,5,director,I,leg straight out behind,4,1
pair56,53,5,director,L,s,1,1
pair56,54,5,director,H,oval,1,1
pair56,55,5,director,F,slouch,1,1
pair56,56,5,director,B,megaphone,1,1
pair56,57,5,director,D,holding bowl,2,1
pair56,58,5,director,G,dancer,1,1
pair56,59,5,director,A,head falling off back,4,1
pair56,60,5,director,J,cliff,1,1
pair56,61,6,director,B,megaphone,1,1
pair56,62,6,director,J,cliff,1,1
pair56,63,6,director,E,rabbit,1,1
pair56,64,6,director,F,slouch,1,1
pair56,65,6,director,A,head falling off back,4,1
pair56,66,6,director,G,dancer,1,1
pair56,67,6,director,L,s,1,1
pair56,68,6,director,H,oval,1,1
pair56,69,6,director,I,leg straight behind,3,1
pair56,70,6,director,K,kneeling with bowl,3,1
pair56,71,6,director,D,standing with bowl,3,1
pair56,72,6,director,C,YMCA,1,1
pair57,1,1,director,H,looks like a figure sitting with no arms,8,1
pair57,2,1,director,C,looks like a figure flying,5,1
pair57,3,1,director,I,figure is balancing on 1 foot,6,1
pair57,4,1,director,E,"figure with a right triangle on the bottom left, cant tell what it is",14,0
pair57,5,1,director,G,"looks like a figure who is dancing, bottom is a slanted rectangle",12,1
pair57,6,1,director,D,figure looks like holding something standing,6,1
pair57,7,1,director,K,"looks similar to the last, maybe more so kneeling down,",10,1
pair57,8,1,director,A,"figure looks like a bird, 1 foot on the ground another in the air",14,1
pair57,8,1,director,A,head looks like there is a beak on it,9,1
pair57,9,1,director,B,figure kneeling down with each arm spread out in each direction,11,1
pair57,10,1,director,L,"figure holding something, half kneeling half standing",7,1
pair57,11,1,director,F,figure sitting on ground back to the right side of square,11,1
pair57,12,1,director,J,"figure looks fat, short arm, diamond as a head",9,1
pair57,13,2,director,L,figure holding half stand half kneel,6,1
pair57,14,2,director,H,figure sitting no arms,4,1
pair57,14,2,director,H,sitting up,2,1
pair57,14,2,matcher,H,no legs or legs?,4,1
pair57,14,2,director,H,"no legs, figure is vertical",5,1
pair57,15,2,director,J,no body short arms,4,1
pair57,15,2,director,J,fat body*,2,1
pair57,16,2,director,I,"figure balancing on 1 foot, other foot in the air",10,1
pair57,17,2,director,G,"dancing figure, bottom is slanted rectangle",6,1
pair57,18,2,director,D,standing holding something,3,1
pair57,19,2,director,F,sitting down with legs,4,1
pair57,20,2,director,C,flying,1,1
pair57,21,2,director,K,"holding something, bottom left is a right triangle",8,1
pair57,22,2,director,A,walking zombie,2,1
pair57,22,2,matcher,A,is it the one that looks like it has a beak?,11,1
pair57,23,2,director,B,arms out in both directions,5,1
pair57,24,2,director,E,weird figure that doesn't look like a person,8,1
pair57,24,2,matcher,E,:/ all of them do a little...,7,1
pair57,24,2,director,E,hmm,1,1
pair57,24,2,director,E,its a big right triangle on the bottom,8,1
pair57,24,2,director,E,and,1,1
pair57,24,2,director,E,a square on top of that,6,1
pair57,24,2,director,E,with 2 smaller triangles on top of that,8,1
pair57,25,3,director,K,kneeling down holding something,4,0
pair57,26,3,director,J,fat body short arm,4,1
pair57,27,3,director,H,sitting vertical no arms,4,1
pair57,28,3,director,G,"dancing, slanted rectangle",3,1
pair57,29,3,director,E,weird figure not human,4,0
pair57,30,3,director,A,zombie/bird,1,1
pair57,31,3,director,I,balancing on one foot,4,1
pair57,32,3,director,C,flying,1,1
pair57,33,3,director,F,sitting back on the wall,5,1
pair57,34,3,director,B,kneeling arms out in both directions,6,1
pair57,35,3,director,L,half standing half kneeling,4,1
pair57,35,3,director,L,holding something,2,1
pair57,36,3,director,D,standing holding something,3,1
pair57,37,4,director,J,fat body short arm,4,1
pair57,38,4,director,G,"dancing, slanted rectangle",3,1
pair57,39,4,director,K,"kneeling holding something, bottom is right triangle",7,1
pair57,40,4,director,E,weird figure not human,4,1
pair57,41,4,director,C,flying,1,1
pair57,42,4,director,A,bird/zombie,1,1
pair57,43,4,director,L,half kneel half stand,4,1
pair57,44,4,director,H,sitting vertical no arms,4,1
pair57,45,4,director,B,both arms out,3,1
pair57,46,4,director,F,sitting back on wall,4,1
pair57,47,4,director,I,standing 1 foot,3,1
pair57,48,4,director,D,standing holding something,3,1
pair57,49,5,director,K,"kneeling holding something, bottom is right triangle",7,1
pair57,50,5,director,B,both arms out,3,1
pair57,51,5,director,C,flying,1,1
pair57,52,5,director,H,sitting vertical no arms,4,1
pair57,53,5,director,F,sitting back on wall,4,1
pair57,54,5,director,J,fat body short arm,4,1
pair57,55,5,director,I,standing on 1 foot,4,1
pair57,56,5,director,L,half stand half kneel,4,1
pair57,57,5,director,G,"dancing, slanted rectangle",3,1
pair57,58,5,director,E,not human,2,1
pair57,58,5,director,E,weird figure,2,1
pair57,59,5,director,A,zombie/bird,1,1
pair57,60,5,director,D,standing holding something,3,1
pair57,61,6,director,J,fat body short arms,4,1
pair57,62,6,director,G,dancing slanted rectangle,3,1
pair57,63,6,director,C,flying,1,1
pair57,64,6,director,A,zombie/bird,1,1
pair57,65,6,director,F,sitting back on wall,4,1
pair57,66,6,director,K,"kneeling holding, bottom is right triangle",6,1
pair57,67,6,director,H,sitting vertical no arm,4,1
pair57,68,6,director,L,"half stand half kneel, holding something",6,1
pair57,69,6,director,B,both arms out,3,1
pair57,70,6,director,D,standing holding something,3,1
pair57,71,6,director,E,weird figure,2,1
pair57,72,6,director,I,standing on 1 foot,4,1
pair58,1,1,matcher,C,is there a triangle on it?,6,0
pair58,2,1,matcher,L,are there triangles on it?,5,1
pair58,2,1,director,L,theres a triangle sticking out to the right,8,1
pair58,2,1,director,L,looks like a person with their knees bent to the right,11,1
pair58,3,1,director,D,looks like a person standing with something in their hands facing left,12,1
pair58,4,1,director,B,triangles on left and right and a tilted box on top,11,1
pair58,4,1,director,B,looks kinda like someone is kneeling,6,1
pair58,5,1,director,G,this one kinda weird,4,1
pair58,5,1,director,G,triangle on bottom and top right,6,1
pair58,5,1,director,G,box on top like a head,6,1
pair58,5,1,director,G,shaped like a 'J',4,1
pair58,6,1,director,K,diamond for a head,4,0
pair58,6,1,director,K,pointed triangles sticking right,4,0
pair58,6,1,director,K,looks like someone kneeling again,5,0
pair58,7,1,director,H,"not much sticking out, kinda looks like used tooth paste",10,1
pair58,8,1,director,A,looks like a guy facing left with a leg sticking up,11,1
pair58,9,1,director,J,resembles a bottle with a diamond shaped cap,8,1
pair58,9,1,director,J,flat surface that the diamond is sitting on,8,1
pair58,10,1,director,I,hmm has kinda a t shape,6,0
pair58,10,1,director,I,with lots going on the left side,7,0
pair58,10,1,director,I,2 triangles and a diamond on top,7,0
pair58,11,1,director,E,looks like a mountain side with a cube and 2 triangles on top,13,1
pair58,12,1,director,F,looks like a person sitting down with legs slightly bent,10,1
pair58,12,1,director,F,like leaned up against a wall,6,1
pair58,13,2,director,G,'J' shape again,3,1
pair58,14,2,director,K,person kneeling with 2 diamonds on top,7,0
pair58,15,2,director,I,weird t or y shape with triangles+diamond on left side,10,1
pair58,16,2,director,C,looks like a man with both arms raised into the air,11,1
pair58,16,2,director,C,leaning left,2,1
pair58,17,2,director,E,mountain side with cube and triangles on top,8,1
pair58,18,2,director,D,man holding an object facing left,6,1
pair58,19,2,director,A,man with leg lifted in the air facing left,9,1
pair58,20,2,director,H,used toothpaste again,3,1
pair58,21,2,director,B,man on knees with triangles facing left and right,9,0
pair58,22,2,director,L,bent legs facing right with triangle sticking out,8,1
pair58,23,2,director,F,man sitting up against a wall,6,1
pair58,24,2,director,J,diamond on top a table or head,7,1
pair58,25,3,director,B,triangles facing left and right with diamond on top,9,1
pair58,26,3,director,K,two diamonds on top and 2 triangle sticking right,9,1
pair58,27,3,director,D,man holding an object to the left,7,1
pair58,28,3,director,J,diamond on top head/table,4,1
pair58,29,3,director,L,"knees bent, triangle right, diamond top",6,0
pair58,30,3,director,I,diamond on top two triangles facing left,7,1
pair58,31,3,director,E,"mountain side, diamond 2 triangles",5,1
pair58,32,3,director,C,man with hands in the air,6,1
pair58,33,3,director,A,man with a leg up,5,1
pair58,34,3,director,G,'J' shape,2,1
pair58,35,3,director,F,man sitting against a wall,5,1
pair58,36,3,director,H,used toothpaste,2,1
pair58,37,4,director,I,diamond on top of 2 left triangles,7,1
pair58,38,4,director,J,diamond on top head/table,4,1
pair58,39,4,director,L,man with knees slighty bent,5,1
pair58,39,4,director,L,triangle sticking out right,4,1
pair58,40,4,director,G,'J' shape,2,1
pair58,41,4,director,B,man on knees arms sticking left and right,8,0
pair58,42,4,director,H,used toothpaste,2,1
pair58,43,4,director,C,man with arms in air,5,1
pair58,44,4,director,F,man sitting against wall,4,1
pair58,45,4,director,K,man on knees two diamonds on upper section,8,1
pair58,46,4,director,E,mountainside with cube+2 triangles,4,1
pair58,47,4,director,A,man with leg up,4,1
pair58,48,4,director,D,man with object facing left,5,1
pair58,48,4,director,D,*facing,1,1
pair58,49,5,director,E,mountain side with cube+2 triangles,5,1
pair58,50,5,director,I,diamond on top 2 left triangles,6,1
pair58,51,5,director,B,"man on knees, triangle arms facing both sides",8,0
pair58,52,5,director,H,used toothpaste,2,1
pair58,53,5,director,J,diamond on top head/table,4,1
pair58,54,5,director,A,man with leg up,4,1
pair58,55,5,director,K,man on knees with large triangle right,7,0
pair58,56,5,director,G,'J' shape,2,1
pair58,57,5,director,L,man on knees with large triangle facing right,8,1
pair58,57,5,director,L,same one you chose last time,6,1
pair58,57,5,matcher,L,with the flat bottom?,4,1
pair58,58,5,director,F,man sitting against a wall,5,1
pair58,59,5,director,C,man with arms up,4,1
pair58,60,5,director,D,man with object facing left,5,1
pair58,61,6,director,G,'J' shape,2,1
pair58,62,6,director,C,man with arms in the air,6,1
pair58,63,6,director,B,"man on knees, two triangles left, 1 right",8,0
pair58,64,6,director,E,"mountain side, cube + 2 triangles",6,1
pair58,65,6,director,A,man with a leg up,5,1
pair58,66,6,director,D,man with object facing left,5,1
pair58,67,6,director,H,used toothpaste,2,1
pair58,68,6,director,K,man on knees with 2 triangles on top,8,1
pair58,68,6,director,K,*diamond,1,1
pair58,69,6,director,F,man sitting against a wall,5,1
pair58,70,6,director,L,man with knees slightly bent,5,1
pair58,70,6,director,L,flat bottom,2,1
pair58,71,6,director,I,diamond on top 2 triangles facing left,7,1
pair58,72,6,director,J,diamond on top head/table,4,1
pair59,1,1,director,K,image is more upright. diamond at the top.,8,0
pair59,2,1,director,H,"diamond on top. instead of coming down to the a sharp point, it is a bit like there is a neck.",21,0
pair59,2,1,director,H,the body is fuller.,4,0
pair59,2,1,director,H,the bottom of the figure is a short flat straight line,11,0
pair59,2,1,director,H,the right side 'foot' juts out to the right,9,0
pair59,3,1,director,C,closer.,1,1
pair59,3,1,director,C,"if this is a body, there is a diamond head with both arms up. the right arm is slightly higher than the left. the 'body' is short of a right angled parallelogram",32,1
pair59,4,1,director,L,"diamond head upright. neck is not a sharp defined angled, body is mostly straight then angled. right arm is extended straight and then angled downward into the body",28,0
pair59,4,1,director,L,the body is almost zig zag,6,0
pair59,5,1,director,I,"diamond head on top, on the left side of the box. standing on one leg, with the other leg extended out to the right.",24,0
pair59,5,1,director,I,almost like there is a tail on the end of the extended leg,13,0
pair59,6,1,director,J,"mostly blocked body. diamond head on top. sharp point at the end. into a straight line of shoulders. slightly jagged on the right side of the body, several angles",29,1
pair59,6,1,director,J,left side of the body is a straight line,9,1
pair59,7,1,director,G,looks more like a piece of art than a body. this one has a diamond head that is angled to the left. it has appendages off to the right and an angled extension to the left.,36,1
pair59,7,1,director,G,very hard to describe it.,5,1
pair59,8,1,director,A,"okay, this looks like an animal to me. larger body. two legs and feet are visible. diamond is not on top exactly, but angled off to the right. there is a sharp point on the body at the top that comes down into a angled shape and a large body. but to me, it looks like a large animal",59,1
pair59,8,1,director,A,"one foot is on the ground, one in the air. both facing left",13,1
pair59,9,1,director,B,"this looks like machinery to me. like a funnel of some sort. square/diamond at the top with a triangle off to the right. straight line attached to square/diamond with straight right line that angles down into a large shape. the bottom is not quite a straight line, but it is the widest length shape.",54,1
pair59,10,1,director,D,"looks like a waiter or someone getting a diploma to me. diamond head on top extending into a body. straight line on the bottom. extended out to the left, straight line on top, angled down and sort of a square below",41,1
pair59,11,1,director,E,"half of a windmill at top. two angled triangles at the top going down into a diamond/square, then it goes into a large, misshapen triangle",25,1
pair59,12,1,director,F,"looks like a person sitting down on the ground. diamond head on the top, but angled slightly to the left. back is on the right hand side, but facing left. one leg visible and bent at the knee",38,1
pair59,13,2,director,G,"diamond/square towards the top, but angled left, attached to a straight line on a diagonal. bottom is flat angles up. triangle on the right side extended but attached to the shape",31,0
pair59,14,2,director,H,"diamond head into a large black shape. downward sloping shoulders on both sides, straight lines on both sides, extension out to the right side, short flat bottom",27,1
pair59,15,2,director,D,"the waiter/graduate again. facing left, diamond head on top, flat line extending out into a square",16,1
pair59,16,2,director,B,"looks like machinery. diamond/square on near the top half with a triangle extending out to the right. mostly flat bottom, longest width",22,1
pair59,17,2,director,C,person with arms up. diamond head slightly to the left. right arm higher than the left. parallelogram body shape,19,1
pair59,18,2,director,I,"repeat of leg extension. facing left, leg extension to the right, ending with a triangle that resembles a tail. diamond head on top left side, arms triangle arms extending towards the left as well",34,1
pair59,19,2,director,E,"art piece again. split triangles on the top extending into a square/diamond, then into a large misshapen triangle.",18,1
pair59,20,2,director,J,"diamond head on top into a straight flat line. flat line on left side,jagged edge on right side. mostly a misshapen block body with angles on the right side",29,1
pair59,21,2,director,K,"diamond on top. sort of looks like someone kneeling or a dog kneeling. diamond on top, facing right. arm extension to the right.",23,0
pair59,22,2,director,L,"zig zag body at the bottom. diamond head on top, facing right, straight arm extension on the right, angled legs on the right as well",25,1
pair59,23,2,director,A,"one that looks like a big animal again. big body. two legs, facing left, one leg on the ground, one in the air. diamond angled to the right on the 'back' of the animal",34,0
pair59,24,2,director,F,"person sitting on the floor again. diamond head facing left and slightly angled down. legs extended to the left, bent knee. mostly straight back on the right side.",28,1
pair59,25,3,director,G,"diamond on top, but sharply angled to the left extending to a straight angled line, a bit of a funnel on the back of it, rather than a complete triangle. shapes on the bottom, angled, triangle on the right side towards the bottom. triangle is facing down.",47,1
pair59,25,3,director,G,looks more like a modern art piece than a person,10,1
pair59,26,3,director,D,waiter/new grad again. facing left.,5,1
pair59,27,3,director,H,"diamond head that doesn't come to a sharp point on large black blob body. straight sides on right and left, but with angles. diamond head into downward angled shoulders. right side at bottom juts out at an angle",38,1
pair59,28,3,director,C,person with arms extended up. right arm higher than the left. diamond head. parallelogram body,15,1
pair59,29,3,director,F,person sitting down on the ground.,6,1
pair59,30,3,director,K,person/dog kneeling. facing right. diamond head on top. small triangle right below neck facing left. sharp arm extension on the left,21,0
pair59,31,3,director,J,diamond on square black body.,5,1
pair59,32,3,director,E,art piece with split triangles on the top.,8,1
pair59,33,3,director,L,"zig zag body. diamond head on top, facing right",9,1
pair59,34,3,director,A,animal with his leg back. facing right. one leg on the ground. one leg up.,15,0
pair59,35,3,director,B,"looks like machinery. square/diamond near top, triangle on right extended from it. flat bottom. long width on the bottom",19,0
pair59,36,3,director,I,high leg extension to the right. triangle/tail on the end. body facing left. triangle arms facing left. diamond head,19,1
pair59,37,4,director,B,machinery,1,1
pair59,38,4,director,A,"large animal body with one leg up, one leg down.",10,1
pair59,39,4,director,C,person with arms raised high. right higher than left arm.,10,1
pair59,40,4,director,L,zig zag body. facing right.,5,1
pair59,41,4,director,J,diamond head on square black body. left side straight line.,10,1
pair59,42,4,director,E,art piece. split triangles on top.,6,1
pair59,43,4,director,G,modern art piece with downward facing triangle on the right side,11,1
pair59,44,4,director,D,new grad/waiter,2,1
pair59,45,4,director,H,the blob. diamond head on top.,6,1
pair59,46,4,director,F,person sitting on the ground. facing left.,7,1
pair59,47,4,director,I,high leg extension,3,1
pair59,48,4,director,K,kneeling person. arms extended. facing right.,6,0
pair59,49,5,director,D,new grad/waiter,2,1
pair59,50,5,director,F,person on the ground,4,1
pair59,51,5,director,H,the blob. diamond head on top,6,1
pair59,52,5,director,J,diamond head on square body. straight line on left,9,1
pair59,53,5,director,B,machinery. longest width on bottom,5,0
pair59,54,5,director,L,"zig zag body. facing right, diamond head on top",9,1
pair59,55,5,director,E,art piece. split triangles on top,6,1
pair59,56,5,director,I,high leg extension,3,1
pair59,57,5,director,C,person with arms extended up.,5,1
pair59,58,5,director,A,"large animal body. one leg up, one leg down.",9,0
pair59,59,5,director,G,modern art piece. downward facing triangle on bottom right,9,1
pair59,60,5,director,K,"kneeling person with arms extended. diamond head, facing right",9,1
pair59,61,6,director,L,zig zag body. facing right.,5,1
pair59,62,6,director,B,machinery,1,1
pair59,63,6,director,H,the blob.,2,1
pair59,64,6,director,J,diamond head on square body,5,1
pair59,65,6,director,C,person with hands extended up in the air.,8,1
pair59,66,6,director,G,modern art. downward facing triangle on bottom right,8,1
pair59,67,6,director,D,new grad/waiter,2,1
pair59,68,6,director,F,person sitting on the ground,5,1
pair59,69,6,director,E,art piece with split triangles on the top.,8,1
pair59,70,6,director,A,"large animal body. facing left, one foot up, one foot on the ground.",13,0
pair59,71,6,director,K,kneeling person. facing right,4,0
pair59,72,6,director,I,high leg extension,3,1
pair60,1,1,director,I,pick the one that looks like a person on one leg,11,1
pair60,2,1,director,D,pick the one that has a diamond on top and a square-type shape on the left,16,1
pair60,3,1,director,F,"the one that is sitting down, diamond head",8,1
pair60,4,1,director,A,"the one that has a square in the top right, looks like its balancing on one foot",17,1
pair60,5,1,director,H,"the one that has a diamond at top, and big blob, and points in the bottom right",17,0
pair60,6,1,director,J,"a diamond on top, a straight line on the left",10,1
pair60,7,1,director,G,"square on top left, 2 points on the right",9,0
pair60,8,1,director,E,the one that looks like it has bunny ears,9,1
pair60,9,1,director,C,a person who has both arms in the air,9,1
pair60,10,1,director,L,a person squatting with his hand out,7,0
pair60,10,1,director,L,on the right,3,0
pair60,11,1,director,K,"2 diamonds, 3 triangles,",4,0
pair60,11,1,director,K,2 triangles point right,4,0
pair60,12,1,director,B,"a square on top, a triangle to the bottom right of it, a blob on the bottom",17,1
pair60,13,2,director,D,a standing person with a diamond head and his arm out,11,1
pair60,13,2,director,D,hand outward to our left,5,1
pair60,14,2,director,G,"one square, one triangle facing upper left, one triangle facing down",11,0
pair60,15,2,director,J,"a diamond on top, straight line on left",8,1
pair60,16,2,director,I,this one looks like a figure skater with both arms pointing to our left,14,1
pair60,16,2,director,I,standing on one leg,4,1
pair60,17,2,director,L,"this looks like a person squatting down, so 2 points on the right, looks like a bent knee",18,1
pair60,18,2,director,C,person with both arms out in the air,8,1
pair60,19,2,director,A,looks like a dinosaur with a flag,7,1
pair60,19,2,director,A,on one foot,3,1
pair60,19,2,director,A,square upper right,3,1
pair60,20,2,director,E,bunny ears,2,1
pair60,21,2,director,H,"diamond on top, blob, looks like a persons body if theyre sitting down",13,1
pair60,21,2,director,H,2 vertical lines,3,1
pair60,21,2,director,H,goes to the right at the bottom,7,1
pair60,22,2,director,K,"looks like a diamond on top, diamond beneath it, 2 points on the right",14,1
pair60,22,2,director,K,looks like 2 diamonds and 3 triangles overlapping,8,1
pair60,23,2,director,B,"square on top, triangle touching it to the bottom right of it",12,1
pair60,23,2,director,B,blob,1,1
pair60,24,2,director,F,looks like a person sitting on the floor looking down,10,0
pair60,24,2,director,F,bent knee,2,0
pair60,25,3,matcher,H,my bad on that one,5,1
pair60,25,3,director,H,"triangle, blob that looks like a person",7,1
pair60,25,3,director,H,like a portrait,3,1
pair60,25,3,director,H,goes to the right at the bottom,7,1
pair60,26,3,director,L,this looks like a person sitting down on a chair,10,1
pair60,26,3,director,L,triangle points right,3,1
pair60,26,3,director,L,knees bent to the right,5,1
pair60,27,3,director,E,bunny ears,2,1
pair60,28,3,director,J,"diamond on top, straight line on left",7,1
pair60,29,3,director,F,"person sat on the floor, looking down, knees bent, knee faces up",12,1
pair60,30,3,director,B,"the square on the top tilts right, triangle touches it to the right",13,1
pair60,30,3,director,B,blob on bottom,3,1
pair60,31,3,director,G,"square tilts left, one triangle points to it, one triangle points to the bottom",14,1
pair60,31,3,director,G,flat bottom,2,1
pair60,32,3,director,C,person with hands in the air,6,1
pair60,33,3,director,D,"diamond head, person standing, their arm out to the left",10,1
pair60,33,3,director,D,square under arm,3,1
pair60,34,3,director,I,"figure skater, both arms to the left",7,1
pair60,34,3,director,I,one leg,2,1
pair60,35,3,director,K,"2 diamonds on top of each other, 3 triangles overlap",10,1
pair60,36,3,director,A,dinosaur with a flag. square upper right.  one leg,9,1
pair60,37,4,director,D,"looks like a person standing, diamond head, left arm",9,1
pair60,38,4,matcher,B,that one makes me think of a magician holding a top hat,12,1
pair60,38,4,director,B,"square tilts right, triangle on right touches it, blob on bottom",11,1
pair60,39,4,director,L,"person squatting down onto chair, arm out on right",9,1
pair60,39,4,director,L,knee bent towards right,4,1
pair60,39,4,matcher,L,triangle out of back or no?,6,1
pair60,40,4,director,A,dinosaur with flag on one leg,6,1
pair60,41,4,director,G,square upper left tilts left,5,1
pair60,41,4,director,G,bottom right triangle faces down,5,1
pair60,41,4,director,G,flat on bottom left,4,1
pair60,42,4,director,I,"the figure skater, one leg, 2 arms on left",9,1
pair60,43,4,director,E,bunny ears,2,1
pair60,44,4,director,J,"diamond on top, straight line on left",7,1
pair60,45,4,director,H,"this is the one that i think looks like a person posing for portrait.  diamond on top, goes to the right at the bottom",24,1
pair60,46,4,director,K,"2 diamonds stacked, 3 triangles, overlapping",6,1
pair60,47,4,director,C,person with both arms in air,6,1
pair60,48,4,director,F,person sitting on the ground looking down,7,1
pair60,48,4,director,F,knee bent towards ceiling,4,1
pair60,49,5,director,D,the magician with/ top hat,5,1
pair60,50,5,director,E,bunny ears,2,1
pair60,51,5,director,G,"square tilts left, 2 triangles, flat on bottom left",9,1
pair60,52,5,director,J,"diamond on top, straight line on left",7,1
pair60,53,5,director,H,"portrait person, diamond on top, goes to the right at the bottom",12,1
pair60,54,5,director,C,person with both arms waving in air,7,1
pair60,55,5,director,B,"square tilts right, 2 triangles point towards it",8,1
pair60,55,5,director,B,triangle in bottom left corner,5,1
pair60,56,5,director,F,person sat on ground looking down knee bent towards ceiling,10,1
pair60,57,5,director,L,"person squatting down, arm and knee point right",8,1
pair60,57,5,matcher,L,diamond on back?,3,1
pair60,57,5,director,L,no,1,1
pair60,58,5,director,A,"dinosaur with flag, one leg, square top right",8,1
pair60,59,5,director,K,"2 diamonds stacked, 3 triangles overlap",6,1
pair60,60,5,director,I,"figure skater, 2 arms left, standing on one leg",9,1
pair60,61,6,director,H,"portrait person, diamond on top, goes to right at bottom",10,1
pair60,62,6,director,J,"diamond on top, straight line on left",7,1
pair60,63,6,director,K,"2 diamonds stacked, 3 triangles overlap",6,1
pair60,64,6,director,L,"person squatting down, arm and knee to the right, straight back",11,1
pair60,65,6,director,F,"person sat on ground, head down, knee bent towards ceiling",10,1
pair60,66,6,director,C,person with both arms in the air,7,1
pair60,67,6,director,A,"dinosaur with flag, one leg, square upper right",8,1
pair60,68,6,director,G,"square tilts left, 2 triangles on right, flat on bottom left",11,1
pair60,69,6,director,B,"square tilts right, 2 triangles point towards it, triangle on the bottom left",13,0
pair60,70,6,director,I,"figure skater, 2 arms left, on one leg",8,1
pair60,71,6,director,E,bunny ears,2,1
pair60,72,6,director,D,the magician,2,1
pair61,1,1,director,D,"the object looks like it is holding a book, or a priest at a pulpit.",15,1
pair61,1,1,matcher,D,which way does it look like it's facing,8,1
pair61,1,1,director,D,left,1,1
pair61,1,1,matcher,D,"little triangle for the feet, skinny neck. rectangle body?",9,1
pair61,2,1,director,F,facing left this object looks like it is sitting down with knees bent,13,1
pair61,2,1,matcher,F,sitting on its behind?,4,1
pair61,2,1,matcher,F,head down a little bit?,5,1
pair61,3,1,director,A,"also facing left, this object has one leg up in the air and also looks like it has its arms turned upward towards the sky and bent down a bit",30,1
pair61,3,1,matcher,A,is it heavily leaning left?,5,1
pair61,3,1,director,A,no head is to the right of the body,9,1
pair61,4,1,director,K,facing right this object looks like it is kneeling down,10,1
pair61,4,1,matcher,K,does it have a triangle coming out its back?,9,1
pair61,4,1,director,K,the bottom of it is larger than the other object that looks similar,13,1
pair61,5,1,director,E,facing right this one looks like a bunny rabbit,9,1
pair61,6,1,director,H,this one looks like it could be facing forward,9,1
pair61,6,1,director,H,head is attached more than the other objects are,9,1
pair61,7,1,director,L,facing right this looks like the object that was kneeling down except it isn't all the way to the floor,20,1
pair61,8,1,director,J,"this object looks like it is also facing forward, has a triangle at the top right and bottom right poking out",21,1
pair61,8,1,director,J,and is completely straight on the left side of the body,11,1
pair61,9,1,director,C,"this object looks like it is flying, or like a ghost. doesn't look like it has legs",17,1
pair61,10,1,director,B,"this object looks almost like a rat, doesn't look as human as the rest. large triangle shape poking out on the left side.",23,1
pair61,10,1,director,B,it also has a clear triangle on the right that is almost broken off,14,1
pair61,10,1,matcher,B,does it look like a girl with ponytail sitting looking up facing left?,13,1
pair61,11,1,director,G,"object is facing left, it also doesn't look human. even more so than the last. head area is to the left with two triangles behind its body/head",27,1
pair61,11,1,matcher,G,hmm,1,1
pair61,12,1,director,I,facing left this object looks like it is flying with one leg in the air,15,1
pair61,13,2,director,C,this one looks like the ghost with no legs,9,1
pair61,14,2,director,F,facing left this is the object sitting down with knees bent,11,1
pair61,15,2,director,A,"facing left, one leg in the air, with hands up towards the sky and bent and head to the right of the body",23,1
pair61,16,2,director,D,this is the one that looks like the priest that is facing left,13,1
pair61,17,2,director,I,facing left this one looks like it is flying with one leg in the air,15,1
pair61,18,2,director,G,this is the weird one that doesn't',7,1
pair61,18,2,director,G,t look human,3,1
pair61,18,2,director,G,two triangles to the right of its head,8,1
pair61,19,2,director,E,bunny rabbit!,2,1
pair61,20,2,director,L,facing right the object looks like it is almost kneeling down,11,1
pair61,20,2,matcher,L,no triangle coming from back?,5,1
pair61,21,2,director,J,"facing forward, left of body is completely straight",8,0
pair61,22,2,director,K,"facing right this object looks like it is kneeling, with triangle in its back",14,1
pair61,23,2,director,H,"looks like it is facing forward, head is attached more than the others, triangle on bottom right side",18,1
pair61,24,2,director,B,"the girl with the pony tail, or the rat",9,1
pair61,25,3,director,H,"again facing forward, head attached more than the rest, triangle bottom right",12,1
pair61,26,3,director,E,bunny rabbit,2,1
pair61,27,3,director,J,"facing forward, left of body is completely straight, two triangles on the right side of body",16,1
pair61,28,3,director,G,"the weird looking object, head to the left, two triangles to the right of the head/body",16,1
pair61,29,3,director,I,"facing left, looks like it is flying, leg in the air",11,1
pair61,30,3,director,C,ghost with no legs,4,1
pair61,31,3,director,B,girl with pony tail,4,1
pair61,32,3,director,A,"facing left, one leg in the air with arms towards the sky and bent down",15,1
pair61,32,3,director,A,head is on the right side of body,8,1
pair61,33,3,director,D,priest facing left,3,1
pair61,34,3,director,L,"facing right, almost bent down, no triangle on left side of body",12,0
pair61,35,3,director,F,"facing left, sitting down, knees bent",6,1
pair61,36,3,director,K,"facing right, kneeling down with triangle in its back",9,1
pair61,37,4,director,F,"facing left, sitting down, knees bent",6,1
pair61,38,4,director,J,"facing forward, left side of body is straight, two triangles on right side",13,1
pair61,39,4,director,D,priest facing left,3,1
pair61,40,4,director,I,"facing left, looks like it is flying, one leg in air",11,1
pair61,41,4,director,G,"weird object, head on left side, two triangles on the right",11,1
pair61,42,4,director,L,"facing right, almost kneeling, no triangle in its back",9,1
pair61,43,4,director,C,ghost with no legs,4,1
pair61,44,4,director,A,"facing left, one leg in the air, arms raised towards the sky and bent",14,1
pair61,44,4,director,A,head is on the right side,6,1
pair61,45,4,director,E,bunny rabbit,2,1
pair61,46,4,director,B,girl with pony tail,4,1
pair61,47,4,director,H,"facing forward, head attached more than the others, triangle on bottom right",12,1
pair61,48,4,director,K,"facing right, kneeling down, triangle in back",7,1
pair61,49,5,director,H,"facing forward, head attached more than the rest, triangle on bottom right",12,1
pair61,50,5,director,G,"weird object head on left side, two triangles on right side",11,1
pair61,51,5,director,D,priest facing left,3,1
pair61,52,5,director,I,"facing left, leg in air, looks like it is flying",10,1
pair61,53,5,director,F,"facing left, sitting down, knees bent",6,1
pair61,54,5,director,J,"facing forward, left side of body is straight",8,1
pair61,54,5,director,J,two triangles on right side of body,7,1
pair61,55,5,director,C,ghost,1,1
pair61,56,5,director,L,"facing right, almost kneeling, no triangle in its back",9,1
pair61,57,5,director,B,girl with pony tail,4,1
pair61,58,5,director,E,bunny rabbit,2,1
pair61,59,5,director,K,"facing right, kneeling down, triangle in its back",8,1
pair61,60,5,director,A,"facing left, leg in air, arms raised up and bent, head is on right side",15,1
pair61,61,6,director,L,"facing right, almost kneeling, no triangle in its back",9,1
pair61,62,6,director,A,"facing left, one leg in the air, arms raised up and bent",12,1
pair61,62,6,director,A,head to the right of body,6,1
pair61,63,6,director,H,"facing forward, head attached more than the rest, triangle on bottom right",12,1
pair61,64,6,director,E,bunny rabbit,2,1
pair61,65,6,director,K,"facing right, kneeling all the way, triangle in back",9,1
pair61,66,6,director,D,priest,1,1
pair61,67,6,director,G,"weird object head to the right, two triangles to the right of the body",14,1
pair61,68,6,director,J,"facing forward, left side of body is straight, right side has two triangles",13,1
pair61,69,6,director,F,"facing left, sitting down, knees bent",6,1
pair61,70,6,director,B,girl with pony tail,4,1
pair61,71,6,director,I,"facing left, leg in air, looks like it is flying",10,1
pair61,72,6,director,C,ghost,1,1
pair62,1,1,director,K,"the top of the shape is a four-sided diamond shape, it has a triangle point pointing to the right below it.",21,0
pair62,1,1,director,K,it almost looks like it's connected to another diamond shape below it.,12,0
pair62,1,1,matcher,K,does it have anything sticking out the side,8,0
pair62,1,1,director,K,to the right it has two points sticking out,9,0
pair62,2,1,director,G,"ok this one has a long flat bottom, with a triangle sticking out on the right in an awkward way.",20,1
pair62,2,1,matcher,G,does it have like a square on top?,8,1
pair62,2,1,director,G,"yeah, it looks like the square on the top is about to fall off to the left",17,1
pair62,3,1,director,F,the one looks like a person sitting down,8,1
pair62,4,1,director,D,the one looks like a robed person pointing to the left,11,1
pair62,5,1,director,A,"this one looks like it's walking but one let is lifted in the air, the legs are pointing to the left",21,1
pair62,6,1,director,C,this one looks like a person about to do a belly flop into a pool.,15,1
pair62,6,1,director,C,with no legs,3,1
pair62,7,1,director,E,this one looks kind of like a rabbit,8,0
pair62,8,1,director,B,this one is the one you picked last time,9,0
pair62,8,1,director,B,looks like a mouse,4,0
pair62,9,1,director,J,this one has a blocky figure with a diamond on top and a little triangle pointing to the right.,19,1
pair62,9,1,director,J,mostly a big rectangle with a small chunk missing on the lower right,13,1
pair62,10,1,director,H,this one kind of looks like a fat green bean,10,0
pair62,10,1,director,H,has diamond on the top and a triangle shape on the bottom pointing to the right.,16,0
pair62,10,1,director,H,almost cocoon shaped,3,0
pair62,11,1,director,I,this one looks like a person standing on one leg leaning forward to the left,15,1
pair62,11,1,director,I,one leg sticking up on the back to the right,10,1
pair62,12,1,director,L,this one has two triangles pointing to the right and a triangle shaped chunk taken out from the bottom left side,21,1
pair62,12,1,director,L,almost can see a zig zag shape,7,1
pair62,12,1,director,L,like lightning,2,1
pair62,13,2,director,C,the one where the person is about to belly flop in the pool and is missing legs,17,1
pair62,14,2,director,A,the one where it looks like it's got one leg lifted up pointed to the left. like it's walking left,20,1
pair62,15,2,director,H,this one has a solid base with a small triangle pointing out from the right,15,0
pair62,16,2,director,J,the one you chose last round,6,0
pair62,17,2,director,B,"this one looks like a mouse, has a protrusion on the left side",13,0
pair62,17,2,matcher,B,does it have a square on top,7,0
pair62,17,2,director,B,no triangles above the square,5,0
pair62,18,2,director,K,"this one has the diamond shape on the top, and a giant triangle shape taken out from the right side.",20,0
pair62,18,2,director,K,almost has a tail,4,0
pair62,19,2,director,I,"this one looks like the person is about to trip over, to the left, with one leg sticking up on the right",22,1
pair62,20,2,director,G,"this on has a long base on the bottom, with a square on top that looks like it's about to fall off on the left side.",26,1
pair62,21,2,director,D,this one is the robed person pointing to the left,10,1
pair62,22,2,director,L,this one is the zig zag lighting shape with the diamond on top and large triangle chunk taken out from the right and smaller triangle chunk taken out from the left,31,1
pair62,23,2,director,F,this one is the person sitting down with the knees bent up,12,1
pair62,24,2,director,E,"this one is a big triangle on the bottom with a square above that, and two smaller triangles above the square",21,1
pair62,25,3,director,C,this one is the belly flopping into a pool one.,10,1
pair62,26,3,director,E,"this one is the big triangle on the bottom with a square above that, and two smaller triangles above that square",21,1
pair62,27,3,director,J,"this one is a big rectangle base, with a small triangle pointing out on the top right and a small triangle chunk missing on the bottom right, diamond on top",30,0
pair62,28,3,director,A,"this one looks like the person walking toward the left, with a leg sticking up on the left side",19,0
pair62,29,3,director,H,this one has a thick base on the bottom with a small triangle protrusion on the bottom right,18,0
pair62,30,3,director,B,this one is the one you picked last time,9,0
pair62,30,3,director,B,"looks like a mouse, has a square top, with triangle behind it to the right",15,0
pair62,31,3,director,I,"this one looks like the person who is about to trip forward to the left, leg sticking up in the air on the right side",25,1
pair62,32,3,director,K,"this one has the diamond on top with another one right below it, with a triangle pointing to the right and a big triangle chunk missing right below it",29,0
pair62,33,3,director,L,this one is the zig zag shape,7,1
pair62,33,3,director,L,kind of looks like a person bending at the knees pointing to the right,14,1
pair62,34,3,director,G,this one has a wide base at the bottom with an awkward triangle to the right of it,18,1
pair62,35,3,director,D,robed person pointing to the left,6,1
pair62,36,3,director,F,"person sitting down with thier knees bent up, legs pointing to the left",13,1
pair62,37,4,director,E,"this on has a big triangle base, with a diamond on top with two smaller triangles above that",18,1
pair62,38,4,director,F,"this one is the person sitting with knees bent up, legs pointing left",13,1
pair62,39,4,director,K,"two diamonds on top of each other on the top, triangles pointing to the right, below the diamonds, and to the left it looks like a triangle is pointing up",30,1
pair62,40,4,director,H,"has a diamond head shape, with a bigger diamond is shape for a body, with a small triangle pointing out to the right on the bottom.",26,1
pair62,41,4,director,B,"this one has a square on the top, kind of looks like a mouse, no triangles above the square",19,0
pair62,41,4,matcher,B,does it have a flat top below the square,9,0
pair62,42,4,director,I,looks like a person tripping to the left back leg up in the air on the right side,18,1
pair62,42,4,director,I,s,1,1
pair62,43,4,director,J,this one has a rectangle base with a small triangle chunk missing on the bottom right,16,0
pair62,43,4,director,J,and small triangle protrusion on the top right side,9,0
pair62,44,4,director,A,this one looks like a person walking to the left,10,1
pair62,45,4,director,L,"this one is the zig zag lightning bolt shaped one, with the top triangle pointing to the right. diamond on top.",21,1
pair62,46,4,director,D,robed person,2,1
pair62,46,4,director,D,pointing left,2,1
pair62,47,4,director,G,"wide based bottom with awkward triangle on the right side, square looks like it's about to fall off on top to the left",23,0
pair62,48,4,director,C,belly flop,2,1
pair62,49,5,director,K,"the one with the two diamonds on top, one on top fo the other, there is a kind of wide base on the bottom, has two points to the right side",31,1
pair62,50,5,director,D,robed person pointing to the left,6,1
pair62,51,5,director,B,"mouse looking one with square on top, triangle below the square hanging off to the right, wide based bottom, small is triangle on the bottom left side.",27,0
pair62,52,5,matcher,H,it got it right once,5,0
pair62,52,5,director,H,"diamond on top, kind of thick base below it, small protrusion on bottom right.",14,0
pair62,53,5,director,C,belly flop,2,1
pair62,54,5,director,L,zig zag lightning one with two big points pointing to the right side,13,1
pair62,55,5,director,G,"wide based bottom, awkward triangle to the right side, almost detached. square on top looks like it's about to fall to the left side",24,1
pair62,56,5,director,A,person walking to the left,5,1
pair62,57,5,director,F,"person sitting down with knees bent, legs pointing left",9,1
pair62,58,5,director,I,person tripping to the left,5,1
pair62,58,5,director,I,leg up in the air on the right side,9,1
pair62,59,5,director,E,"big triangle base on bottom, diamond above the triangle, two smaller triangles above the diamond",15,0
pair62,60,5,director,J,big rectangular base,3,1
pair62,60,5,director,J,small chunk missing bottom right,5,1
pair62,61,6,director,L,"zig zag shape, two big points pointing to the right",10,1
pair62,62,6,director,G,wide flat bottom with a almost detached awkward triangle to the right side.,13,1
pair62,63,6,director,K,"has two big points pointing to the right, almost two diamonds stacked on top of each other on the top side of the shape",24,0
pair62,64,6,director,A,"walking to the left,",4,1
pair62,65,6,director,H,"simple shaped base with small protrusion on bottom right, not rectangular. sorry if this is kind of weird.",18,1
pair62,66,6,director,D,robed person pointing to the left,6,1
pair62,67,6,director,F,"person sitting with knees bent, legs pointing to the left",10,1
pair62,68,6,director,I,person tripping,2,1
pair62,68,6,director,I,to the left,3,1
pair62,68,6,director,I,leg up in air to the right,7,1
pair62,69,6,director,E,"big triangle on the bottom, square above triangle, two smaller triangles above square",13,1
pair62,69,6,director,E,so close,2,1
pair62,70,6,director,C,belly flop,2,1
pair62,71,6,director,J,basically a rectangle with a small chunk missing on the bottom right.,12,1
pair62,72,6,director,B,"square on top, with small triangle hanging off the back of the square, wide base on the bottom",18,0
pair63,1,1,director,E,this thing sort of looks like a rabbit,8,1
pair63,2,1,director,C,the widest image,3,1
pair63,3,1,director,G,has a funky parallelogram type thing at the bottom and square + triangle at top,15,1
pair63,4,1,director,B,square and triangle at the top like falling off the right side,12,1
pair63,5,1,director,H,"square at the very top and it juts out a little on the right, middle is just a big block",20,1
pair63,6,1,director,D,sort of looks like a person carrying something on their left side,12,1
pair63,7,1,director,F,a person sitting down,4,1
pair63,8,1,director,K,a person carrying something to their right but its got a triangle sticking out to the left,17,1
pair63,8,1,director,K,at the bottom,3,1
pair63,9,1,director,J,a smooth top with the square resting in the middle,10,1
pair63,10,1,director,A,looks like a messed up animal dancing with a square dangling off its back,14,1
pair63,11,1,director,I,"like a triangle sticking out of its ass, a foot on the bottom, square on top of triangle",18,1
pair63,11,1,matcher,I,any distinct shapes on either side?,6,1
pair63,11,1,director,I,its a super small triangle by itself dangling off the right side,12,1
pair63,11,1,director,I,the top is facing like rightside up,7,1
pair63,12,1,director,L,"person carrying something to the right, paralleogram at the bottom",10,1
pair63,12,1,director,L,different to the other one in that the neck is a triangle,12,1
pair63,13,2,director,C,that wide flailing thing again,5,1
pair63,14,2,director,H,that solid block with the square at the top and jutting out to the right,15,1
pair63,15,2,director,B,square and triangle tumbling to the right again,8,0
pair63,16,2,director,K,right carrying thing with the triangle at the bottom left,10,1
pair63,17,2,director,D,left carrying thing,3,0
pair63,17,2,director,D,what looks like a pot of soup or something with a square for a head,15,0
pair63,18,2,director,G,"uh, its got a triangle dangling off the right side, square hanging off the left, triangle off the right",19,1
pair63,19,2,director,J,that mass that is smooth at the top with the square in the middle,14,1
pair63,20,2,director,F,person sitting down,3,1
pair63,21,2,director,A,that dancing animal thing with the square on its back,10,1
pair63,22,2,matcher,E,eats ice cream and drinks coffee,6,1
pair63,22,2,matcher,E,e,1,1
pair63,22,2,director,E,the rabbit,2,1
pair63,23,2,director,L,the right carrying thing that is a parrellogram at the bottom,11,1
pair63,23,2,director,L,triangle for neck,3,1
pair63,24,2,director,I,this one is the triangle on its own on the right,11,0
pair63,25,3,director,B,this is the one you jut picked,7,1
pair63,25,3,director,B,the triangle and square falling off the mountain,8,1
pair63,26,3,director,G,this thing is a mess of shapres with a square dangling off the left top,15,1
pair63,27,3,director,F,person sitting down,3,1
pair63,28,3,director,H,blobby mass with the square at the top,8,1
pair63,29,3,director,K,right carrying thing with a square for a neck,9,1
pair63,29,3,director,K,i think thats a square,5,1
pair63,30,3,director,E,the rabbit,2,1
pair63,30,3,director,E,"its the rabbit thing, snuck that in at the top",10,1
pair63,31,3,director,D,person facing to the left with the square for a head,11,0
pair63,32,3,director,J,solid mass with the square on top,7,1
pair63,33,3,matcher,I,some curves might have been nice. all these squares and triangles and parallelograms bore after a bit,17,1
pair63,33,3,director,I,"this thing is a mess, got what looks like a single leg on the ground, triangle dangling off the right",20,1
pair63,33,3,matcher,I,"okay if it's the one i think it is, i call that the chicken",14,1
pair63,33,3,matcher,I,like mutant chicken,3,1
pair63,34,3,director,L,triangle neck right carrying lady,5,1
pair63,34,3,matcher,L,does she look like she's kneeling?,6,1
pair63,34,3,director,L,id say so,3,1
pair63,34,3,matcher,L,has a butt that's a parallelogram or a turned up triangle,11,1
pair63,34,3,director,L,parallelogram,1,1
pair63,35,3,matcher,A,"okay, that reminds me of a kneeling priest or priestess/geisha",10,1
pair63,35,3,director,A,the dancing animal with the square rolling off its back,10,1
pair63,35,3,matcher,A,there's another one that has upturned feet kinda,8,1
pair63,35,3,matcher,A,"square off left side, but kind of central to image?",10,1
pair63,35,3,matcher,A,image,1,1
pair63,35,3,director,A,right side,2,1
pair63,35,3,matcher,A,okay with a beak,4,1
pair63,35,3,director,A,its got like a triangle for a beak and foot off the ground,13,1
pair63,35,3,director,A,and its not the chicken,5,1
pair63,35,3,matcher,A,"like a downward beak. , let's call that sad left beak with square rolling off back, or something. mutant chicken man maybe :)",23,1
pair63,36,3,director,C,the wide arm flailing thing,5,1
pair63,36,3,matcher,C,was a chicken man not just a chicken,8,1
pair63,37,4,director,G,square and triangle both rolling off the top in opposite directions,11,1
pair63,38,4,director,B,square and triangle both rolling off the right side,9,1
pair63,39,4,director,D,left carrying soup man with the triangle neck,8,1
pair63,40,4,director,A,the mutant chicken man,4,1
pair63,41,4,director,E,the rabbit,2,1
pair63,42,4,director,J,blobby mass with the square on top,7,1
pair63,43,4,director,K,right carrying lady with the jutted out triange,8,1
pair63,43,4,director,K,triangle,1,1
pair63,44,4,director,I,the chicken,2,1
pair63,45,4,director,C,the waving arm man,4,1
pair63,46,4,director,H,fatty blob facing to the right,6,0
pair63,47,4,matcher,L,"ah, okay that one reminds me of a tombstone with a slight shadow, the last one",16,1
pair63,47,4,matcher,L,maybe we can call that shadow tombstone if it comes up again or something?,14,1
pair63,47,4,director,L,right facing women with the parallelogram,6,1
pair63,48,4,director,F,person sitting,2,1
pair63,49,5,director,F,person sitting again...,3,1
pair63,50,5,director,H,the tombstone,2,1
pair63,51,5,director,A,chicken man,2,1
pair63,52,5,director,D,left facing person with the square head,7,1
pair63,52,5,matcher,D,soup,1,1
pair63,53,5,director,J,"the square resting on a flat surface, looks like the tombstone one but not really",15,1
pair63,53,5,matcher,J,is that the shadow tombstone one or?,7,1
pair63,54,5,director,C,arm flailing man,3,1
pair63,54,5,matcher,C,"okay, i call that blob with square on flat surface, since you've called it blob a few times, the last one",21,1
pair63,55,5,director,B,the square and triangle rolling off the right side,9,1
pair63,56,5,director,G,"i forget how i described this one..its the square rolling off the left, triangle off the right and a triangle bottom right",22,1
pair63,56,5,matcher,G,maybe that's square dent bunny head triangle arm,8,1
pair63,57,5,director,L,right carrying person with the triangle neck,7,1
pair63,58,5,director,I,the chicken,2,1
pair63,59,5,director,E,the rabbit,2,1
pair63,60,5,director,K,right facing lady with jutted out triangle,7,1
pair63,61,6,director,H,tombstone blob,2,1
pair63,62,6,director,J,the square on the flat surface by itself,8,1
pair63,63,6,director,B,triangle and square falling off to the right,8,1
pair63,64,6,director,G,"square to the left, triangle right and bottom right",9,1
pair63,65,6,director,I,chicken,1,1
pair63,66,6,director,E,rabbit,1,1
pair63,67,6,director,D,soup carrying left man,4,1
pair63,68,6,director,L,parallelogram right carrying lady,4,1
pair63,69,6,director,A,mutant person,2,1
pair63,70,6,director,F,person sitting,2,1
pair63,71,6,director,K,right carrying lady with the jutted out triangle,8,1
pair63,72,6,director,C,arm flailing man,3,1
pair64,1,1,director,G,"it looks like a person sitting, facing left, with a lamp behind its head",14,0
pair64,2,1,director,L,"looks like a person kneeling, the head is a diamond with triangle underneath and rectangle underneath that",17,0
pair64,3,1,director,J,a diamond on top of a parallelogram with square under that,11,1
pair64,3,1,director,J,looks like a diamond on a cliff,7,1
pair64,3,1,director,J,a flat top cliff,4,1
pair64,4,1,director,H,looks like a diamond on a triangle cliff,8,0
pair64,5,1,director,B,two triangle points connect at the point of a diamond,10,0
pair64,6,1,director,F,looks like a person chilling with his leg in front of hime,12,1
pair64,7,1,director,A,looks like a large headed person holding a square flag with a foot out in front of him,18,0
pair64,7,1,director,A,he is facing left,4,0
pair64,8,1,director,I,"looks like someone with their leg kicked out behind them, while they are slightly leaning forward",16,1
pair64,9,1,director,D,diamond headed person holding a square and upside down parallelogram in front of them,14,0
pair64,10,1,director,E,diamond head person with triangle bunny ears,7,1
pair64,11,1,matcher,K,call that one the rabbit,5,1
pair64,11,1,director,K,"another person holding something in front of them, not the preacher, kinda looks like a woman",16,1
pair64,11,1,director,K,facing right,2,1
pair64,12,1,director,C,"person raising their arms up, like choir singer",8,1
pair64,13,2,director,I,person leaning forward while kicking their legs back:punter,8,1
pair64,14,2,director,E,bunny ears,2,1
pair64,15,2,director,G,woman sitting with lamp shade directly behind her head,9,0
pair64,16,2,director,F,man who is sitting chilling,5,1
pair64,17,2,director,A,"large headed man holding flag, standing on one leg, with other leg out in front of him:astronaut",17,1
pair64,18,2,director,K,"person sitting facing right looks like hands are out, its a triangle",12,1
pair64,18,2,director,K,kinda seems like a woman,5,1
pair64,19,2,director,J,diamond on top of a flat top cliff,8,1
pair64,20,2,director,D,open book guy,3,1
pair64,21,2,director,H,looks like a person kneeling no arms,7,1
pair64,22,2,director,L,"person kneeling down, facing right, with hands out",8,1
pair64,23,2,director,B,"looks the bottom has a small triangle, the top has a large triangle, a diamond, and smaller triangle",18,1
pair64,24,2,matcher,C,dog,1,1
pair64,24,2,director,C,choir person,2,1
pair64,25,3,director,F,chilling man,2,1
pair64,26,3,director,C,choir person,2,1
pair64,27,3,director,D,pastor,1,1
pair64,28,3,director,B,dog,1,1
pair64,29,3,director,A,astronaut,1,1
pair64,30,3,director,E,bunny ears,2,1
pair64,31,3,director,K,"woman reading, kneeling",3,1
pair64,32,3,director,L,man kneeling reading,3,1
pair64,33,3,director,I,punter,1,1
pair64,34,3,director,H,no arms kneeling,3,1
pair64,35,3,director,G,"woman sitting in chair, two triangle behind her",8,1
pair64,36,3,director,J,diamond on flat top cliff,5,1
pair64,36,3,matcher,J,she looks like she is at a salon,8,1
pair64,37,4,director,A,astronaut,1,1
pair64,38,4,director,C,choir singer,2,1
pair64,39,4,director,F,chilling guy,2,1
pair64,40,4,director,D,pastor,1,1
pair64,41,4,director,E,bunny ears,2,1
pair64,42,4,director,I,punter,1,1
pair64,43,4,director,L,kneeling man reading,3,1
pair64,44,4,director,B,dog,1,1
pair64,45,4,director,J,"diamond, flat top cliff",4,1
pair64,46,4,director,H,no arms kneeling,3,1
pair64,47,4,director,K,woman kneeling reading,3,1
pair64,48,4,director,G,salon lady,2,1
pair64,49,5,director,H,no arms kneeling,3,1
pair64,50,5,director,I,punter,1,1
pair64,51,5,director,G,salon lady,2,1
pair64,52,5,director,K,woman kneeling reading,3,0
pair64,53,5,director,E,bunny ears,2,1
pair64,54,5,director,B,dog,1,1
pair64,55,5,director,L,man kneeling reading,3,1
pair64,56,5,director,A,astronaut,1,1
pair64,57,5,director,J,flat top cliff,3,1
pair64,58,5,director,C,choir singer,2,1
pair64,59,5,director,D,pastor,1,1
pair64,60,5,director,F,chilling guy,2,1
pair64,61,6,director,K,woman kneeling reading,3,1
pair64,62,6,director,J,flat top cliff,3,1
pair64,63,6,director,I,punter,1,1
pair64,64,6,director,H,no arms kneeling,3,1
pair64,65,6,director,A,astronaut,1,1
pair64,66,6,director,B,dog,1,1
pair64,67,6,director,F,chilling guy,2,1
pair64,68,6,director,E,bunny ears,2,1
pair64,69,6,director,L,man kneeling reading,3,1
pair64,70,6,director,D,pastor,1,1
pair64,71,6,director,C,choir singer,2,1
pair64,72,6,director,G,salon lady,2,1
pair65,1,1,director,G,looks like a horse on its side,7,1
pair65,1,1,director,G,has a square at the top,6,1
pair65,1,1,director,G,top,1,1
pair65,2,1,director,F,liike like a man sitting down,6,1
pair65,3,1,director,C,looks like the mans hands are in the air,9,1
pair65,4,1,director,K,"sideways square head ,am on his knees looking to the right praying",12,0
pair65,5,1,director,H,this one has less shapes suare head long body a little bump on the right side,16,1
pair65,5,1,director,H,sideways square head,3,1
pair65,5,1,matcher,H,is it wearing a hat looking thing,7,1
pair65,5,1,director,H,almost looks like its facing the right on his knees but turned towards us,14,1
pair65,6,1,director,B,facing the right looks like it has wings on its knees with its feet hanging out back to the left,20,0
pair65,6,1,matcher,B,is it an s-shape,4,0
pair65,6,1,director,B,no it looks more like a lowercase i but with pointed sides,12,0
pair65,6,1,director,B,and some siwed thing on the bottom left,8,0
pair65,7,1,director,I,karate master looke like he is standing on one leg leaning to the left,14,1
pair65,7,1,matcher,I,we'll call that one the winged thing  for future reference,10,1
pair65,8,1,director,L,praying man again,3,0
pair65,9,1,director,D,this one is facing the left,6,1
pair65,9,1,director,D,looks like a butler holding a tray,7,1
pair65,9,1,director,D,or a box,3,1
pair65,10,1,director,E,looks like a man with bunny ears sitting on the left facing right,13,1
pair65,11,1,director,A,this one looks like a man walking with his head facing the left maybe with some wind up thing in his back?,22,1
pair65,12,1,director,J,the lowercase i you picked the first time,8,1
pair65,12,1,matcher,J,was that the winged one,5,1
pair65,12,1,director,J,the one you picked instead of the winged one,9,1
pair65,12,1,director,J,it looks more like a i than the winged one,10,1
pair65,13,2,director,K,praying man with his feet up i think this one was the s praying man?,15,1
pair65,14,2,director,G,i think i described this as a horse,8,1
pair65,15,2,director,A,wind up guy,3,1
pair65,16,2,director,I,karate master,2,1
pair65,17,2,director,H,this one is a praying man,6,1
pair65,17,2,director,H,kneeling man?,2,1
pair65,17,2,director,H,it was the one facing us,6,1
pair65,17,2,matcher,H,so not s-line or 1.0,5,1
pair65,18,2,director,B,this ones the winged dude,5,1
pair65,18,2,director,B,dude,1,1
pair65,19,2,director,E,bunny ears,2,1
pair65,20,2,director,D,the butler,2,1
pair65,21,2,director,F,this one looks like a chill dude too,8,0
pair65,22,2,director,J,this one is the letter i,6,1
pair65,23,2,director,C,hands in the air dude,5,1
pair65,24,2,director,L,praying 1.0,2,1
pair65,24,2,matcher,L,feet up right,3,1
pair65,24,2,director,L,feet down,2,1
pair65,26,3,director,J,letter i again,3,1
pair65,27,3,director,I,the karate master,3,1
pair65,28,3,director,D,the butler,2,1
pair65,29,3,director,H,the chill dude,3,1
pair65,30,3,director,E,mister bunny ears strikes again,5,1
pair65,31,3,director,L,praying man feet down,4,1
pair65,32,3,director,C,this one is hands in the air dude,8,1
pair65,32,3,matcher,C,hands up dude,3,1
pair65,33,3,director,G,the majestic horse,3,1
pair65,34,3,director,K,praying s with the feet up,6,1
pair65,35,3,director,B,winged bandit,2,1
pair65,36,3,director,A,mister wind up,3,0
pair65,37,4,director,A,its mister wind up again,5,1
pair65,38,4,matcher,K,"spiderman, superman, mister.wind up",4,1
pair65,38,4,director,K,praying with the feet up,5,1
pair65,39,4,director,E,this one could be a superhero its mister bunny ears,10,1
pair65,40,4,director,F,chill dude 2.0,3,1
pair65,41,4,director,D,the best butler ever,4,1
pair65,42,4,director,B,mister winged man,3,1
pair65,43,4,director,L,praying with the feet down,5,1
pair65,44,4,director,C,hands up guy,3,1
pair65,45,4,director,J,letter i dude,3,1
pair65,46,4,director,I,karate master,2,1
pair65,47,4,director,G,the horse,2,1
pair65,48,4,director,H,the chill dude,3,1
pair65,49,5,director,E,mister bunny ears,3,1
pair65,50,5,director,B,winged bandit,2,1
pair65,51,5,director,I,karate master in the dojo,5,1
pair65,52,5,director,C,hands up guy,3,1
pair65,53,5,matcher,K,hallelujah,1,1
pair65,53,5,director,K,this ones praying with its feet up so were on the same track,13,1
pair65,54,5,director,J,this ones letter i dude,5,1
pair65,55,5,director,D,mister delivery man with that amazon prime package,8,1
pair65,56,5,director,F,this one is the chill dude 2.0,7,1
pair65,57,5,director,G,the equestrian champion,3,1
pair65,58,5,director,H,the chillist chill dude,4,1
pair65,59,5,director,A,me wind up,3,1
pair65,59,5,director,A,mister*,1,1
pair65,60,5,director,L,feet down,2,1
pair65,61,6,director,C,this ones hands up dude,5,1
pair65,62,6,director,G,that horse,2,1
pair65,63,6,director,L,this ones feet down,4,1
pair65,64,6,director,F,chill dude 2.0,3,1
pair65,65,6,director,E,mister bunny ears,3,1
pair65,66,6,director,I,my karate man,3,1
pair65,67,6,director,J,the latter i guy,4,1
pair65,68,6,director,A,mister wind up,3,1
pair65,69,6,director,H,the chill dude,3,1
pair65,70,6,director,D,mister fed ex,3,1
pair65,71,6,director,K,this ones feet up,4,1
pair65,72,6,director,B,and my guy the winged man!,6,1
pair66,1,1,director,J,"a man facing an audience, his left arm outstretched, his right arm and shoulder covered in a square is cloak.",20,1
pair66,2,1,director,A,"looks like the side view of a person with a trapezoid head, walking, one leg lifted to take a step, a square is flag hangs from his back, level with his head. he is facing left.",36,1
pair66,3,1,director,C,"looks like a figure falling backwards, arms outstretched as seen from an angle. square body, with no feet.",18,1
pair66,4,1,director,H,"looks kind of like a robed monk kneeling in prayer. arms and hands are not visible, folded under the robes. angled point of view.",24,1
pair66,5,1,director,G,this figure does not look like a person or a rabbit. kind of shoe like. square jutting up on the top left.,22,1
pair66,5,1,matcher,G,are there any shapes extending off to the right of the figure?,12,1
pair66,5,1,director,G,a triangle at the top and one at the bottom.,10,1
pair66,6,1,director,D,"this looks like the rear, slightly angled view of a graduate standing at a podium. the podium surface is viewed from the left. a foot can be scene on the left at the bottom",34,1
pair66,7,1,director,B,"looks like a kneeling man with arms outstretched, angled view, triangle foot juts out at the bottom left.",18,0
pair66,7,1,matcher,B,is there a pointed shape on the upper back area?,10,0
pair66,7,1,director,B,no. arms look like two triangles.,6,0
pair66,8,1,director,E,"this looks like the side view of a bunny rabbit, looking to the right. square head. ears are triangle, but not the same size. body is a triangle. feet are a separate triangle, but overlapping with the body so not all of the angles are seen.",46,1
pair66,9,1,director,F,looks like someone leaning against a wall and taking a nap. seen from his left side. arms are not detailed. at least one knee is raised to a point.,29,1
pair66,10,1,director,I,"looks kind of like a person facing to the left,  balancing on one leg, other leg stretched out into the air pointing to the right. arms are two large triangles, one above the other.",34,1
pair66,11,1,director,K,"at the top of the figure, one diamond shape can be seen atop another. the lower diamond is partly obstructed by another shape. alternatively, a kneeling man with a large, triangle weapon, jutting from his chest.",36,1
pair66,12,1,director,L,"looks kind of similar to the last image, save only one diamond at the top. large triangle is jutting from the figures chest, pointing to the right. or, a student reading a book, knees bent.",35,1
pair66,13,2,director,I,"the dancer again, standing on one leg with one leg outstretched to the right.",14,1
pair66,14,2,director,J,"the figure facing us, left arm outstretched, right arm and shoulder covered in a cloak.",15,1
pair66,14,2,matcher,J,any feet?,2,1
pair66,14,2,director,J,just the one pointing to our right. his left foot.,10,1
pair66,15,2,director,B,"the figure with his arms outstretched, kneeling, triangle foot to our left. arms are two triangles.",16,1
pair66,16,2,director,E,the weird bunny rabbit.,4,1
pair66,17,2,director,K,"two diamonds at the top, weapon jutting out of his chest, pointing to our right.",15,0
pair66,18,2,director,G,shoe.,1,1
pair66,19,2,director,H,"kneeling robed monk, no arms, no feet are visible.",9,1
pair66,20,2,director,C,"falling backwards, arms outstretched. no feet.",6,1
pair66,21,2,director,A,"guy with trapezoid head walking to our left, flag juts from his back.",13,1
pair66,22,2,director,F,guy leaning against a wall taking a nap. knee raised to a point.,13,1
pair66,23,2,director,L,"guy with weapon jutting from chest, or student reading a book. knees bent. no feet.",15,1
pair66,24,2,director,D,"graduate at podium, rear angled view.",6,1
pair66,25,3,director,L,"again, the weapon jutting from chest or student reading a book. no feet.",13,1
pair66,26,3,director,J,the figure with the cloak covering his right arm and shoulder,11,1
pair66,26,3,matcher,J,is that the one with the left arm and foot,10,1
pair66,27,3,director,K,the other figure with the weapon jutting from his chest. feet point upward in a triangle.,16,1
pair66,28,3,director,D,graduate at podium again. rear angle view.,7,1
pair66,29,3,director,I,dancer standing on one leg.,5,1
pair66,30,3,director,H,kneeling robed monk. no arms no legs.,7,1
pair66,31,3,director,C,guy falling backwards.,3,1
pair66,32,3,director,E,rabbit,1,1
pair66,33,3,director,A,trapezoid head and flag dude.,5,1
pair66,34,3,director,G,shoe,1,1
pair66,35,3,director,B,"kneeling figure arms outstretched, triangle feet seen on our left. large triangle arms.",13,1
pair66,35,3,matcher,B,any shape on the upper back?,6,1
pair66,35,3,director,B,no. angled front view. white space visible between the two large arms,12,1
pair66,36,3,director,F,napping guy with raised knee,5,1
pair66,37,4,director,F,napping guy with raised knee again,6,1
pair66,38,4,director,C,guy falling backwards,3,1
pair66,39,4,director,G,shoe,1,1
pair66,40,4,director,B,kneeling figure with outstretched triangle arms. white space between the arms.,11,1
pair66,41,4,director,I,dancer,1,1
pair66,42,4,director,K,"weapon in chest, triangle pointed feet visible on our left.",10,1
pair66,43,4,director,D,graduate at podium,3,1
pair66,44,4,director,J,guy with cloak covering his right side.,7,1
pair66,45,4,director,L,"weapon in chest, or student reading a book.",8,0
pair66,46,4,director,A,trapezoid head guy with flag,5,1
pair66,47,4,director,E,rabbit,1,1
pair66,48,4,director,H,"kneeling monk, no arms no feet",6,1
pair66,49,5,director,H,"again, kneeling monk",3,1
pair66,50,5,director,B,"kneeling, triangle arms outstretched, white space",6,1
pair66,51,5,director,A,trapezoid head guy,3,1
pair66,52,5,director,L,"weapon or book, this one does not have feet pointing up",11,1
pair66,53,5,director,K,"weapon or book, this one does have feet pointing up",10,1
pair66,54,5,director,F,nap guy,2,1
pair66,55,5,director,D,graduate at podium,3,1
pair66,56,5,director,J,cloak covering his right side,5,1
pair66,57,5,director,C,falling backwards,2,1
pair66,58,5,director,E,rabbit,1,1
pair66,59,5,director,I,dancer,1,1
pair66,60,5,director,G,shoe,1,1
pair66,61,6,director,J,cloak covering his right side,5,1
pair66,62,6,director,B,"kneeling guy, white space between arms",6,1
pair66,63,6,director,L,"weapon or book, no pointed feet",6,1
pair66,64,6,director,E,rabbit,1,1
pair66,65,6,director,H,kneeling monk no arms no feet,6,1
pair66,66,6,director,A,trapezoid head,2,1
pair66,67,6,director,F,nap guy,2,1
pair66,68,6,director,D,graduate at podium,3,1
pair66,69,6,director,G,shoe,1,1
pair66,70,6,director,I,dancer,1,1
pair66,71,6,director,C,falling backwards.,2,1
pair66,72,6,director,K,weapon or book pointed feet,5,1
pair67,2,1,director,D,square at top,3,0
pair67,3,1,director,F,guy sitting? knees bent,4,1
pair67,4,1,director,K,it looks like someone praying,5,1
pair67,4,1,director,K,on their knees,3,1
pair67,5,1,director,I,someone ice skating,3,1
pair67,5,1,director,I,on one leg,3,1
pair67,5,1,director,I,hands out in front,4,1
pair67,6,1,director,L,hands out to the right,5,1
pair67,6,1,director,L,legs bent,2,1
pair67,7,1,director,J,left side is straight,4,1
pair67,7,1,director,J,top is straight at shoulder,5,1
pair67,8,1,director,A,looks like a zombie,4,0
pair67,9,1,director,H,left side straight,3,0
pair67,9,1,director,H,top pointed,2,0
pair67,10,1,director,C,look like a person with wings,6,0
pair67,11,1,director,B,the one you picked last round,6,1
pair67,12,1,director,G,lunge,1,1
pair67,13,2,director,A,arms up and right,4,1
pair67,13,2,director,A,the zombie one again,4,1
pair67,14,2,director,L,guy praying,2,1
pair67,14,2,director,L,not the one on there knees,6,1
pair67,15,2,director,I,guy on one leg,4,1
pair67,15,2,director,I,arms to the left,4,1
pair67,15,2,director,I,one leg right,3,1
pair67,16,2,director,F,guy sitting,2,1
pair67,16,2,director,F,knees bent,2,1
pair67,17,2,director,H,left side and bottom straight,5,0
pair67,17,2,director,H,top pointed,2,0
pair67,18,2,director,K,guy praying on his knees,5,1
pair67,19,2,director,J,"the body is straight at the top, left, and bottom",10,1
pair67,20,2,director,E,rabbit,1,1
pair67,21,2,director,B,man on his knees with arms out to the left and right,12,1
pair67,22,2,director,C,a person flying,3,1
pair67,23,2,director,D,standing,1,1
pair67,23,2,director,D,arms out the the left,5,1
pair67,24,2,director,G,someone lunging,2,1
pair67,25,3,director,D,man standing with arms to the left again,8,1
pair67,26,3,director,E,rabbit,1,1
pair67,27,3,director,K,a man on his knees praying,6,0
pair67,27,3,matcher,K,the body shaped like an s?,6,0
pair67,28,3,director,A,well it they both were a s-is shape,8,1
pair67,28,3,director,A,ok so its the zombie again,6,1
pair67,28,3,director,A,the guy is walking,4,1
pair67,29,3,director,H,body shape:   top is pointed,5,0
pair67,29,3,director,H,left side straight,3,0
pair67,29,3,director,H,bottom straight,2,0
pair67,30,3,director,L,man praying,2,1
pair67,30,3,director,L,the s shape one you had before,7,1
pair67,31,3,director,J,almost rectangle body,3,1
pair67,32,3,director,C,guy flying,2,1
pair67,33,3,director,G,some one lunging,3,1
pair67,34,3,director,B,man on his knees,4,1
pair67,34,3,director,B,arms out to the left and right,7,1
pair67,35,3,director,I,man on one leg,4,1
pair67,35,3,director,I,arms to the left,4,1
pair67,35,3,director,I,one leg right,3,1
pair67,36,3,director,F,man sitting,2,1
pair67,36,3,director,F,legs bent,2,1
pair67,37,4,director,E,rabbit,1,1
pair67,38,4,director,K,man praying on his knees,5,1
pair67,39,4,director,C,someone flying,2,1
pair67,40,4,director,G,lunging,1,1
pair67,41,4,director,A,zombie,1,1
pair67,41,4,director,A,both arms and one leg in front,7,1
pair67,42,4,director,B,man on his knees with arms out to the left and right,12,1
pair67,42,4,director,B,left',1,1
pair67,43,4,director,F,man sitting,2,1
pair67,43,4,director,F,knees bent,2,1
pair67,44,4,director,J,almost complete rectangle body,4,0
pair67,45,4,director,H,the one you just picked last round,7,1
pair67,46,4,director,D,man standing on both legs,5,1
pair67,46,4,director,D,arms to the left,4,1
pair67,47,4,director,L,man praying on feet,4,1
pair67,47,4,director,L,s shaped one,3,1
pair67,48,4,director,I,man on one leg,4,1
pair67,48,4,director,I,arms to the left,4,1
pair67,48,4,director,I,one leg right,3,1
pair67,49,5,director,E,rabbit,1,1
pair67,50,5,director,C,man flying,2,1
pair67,51,5,director,A,zombie,1,1
pair67,51,5,director,A,both arms and one leg left,6,1
pair67,51,5,director,A,standing on one log,4,1
pair67,51,5,director,A,leg:,1,1
pair67,51,5,director,A,the guy is walking,4,1
pair67,52,5,director,G,lunging,1,1
pair67,53,5,director,L,s shaped man praying on his feet,7,1
pair67,54,5,director,D,man on both legs,4,1
pair67,54,5,director,D,both arms to the left,5,1
pair67,55,5,director,H,this one is a weird blob guy,7,0
pair67,55,5,director,H,under the head is pointed,5,0
pair67,55,5,director,H,the bottom points out to the right,7,0
pair67,56,5,director,F,man sitting,2,1
pair67,57,5,director,J,almost complete rectangle,3,1
pair67,58,5,director,I,man on one leg,4,1
pair67,58,5,director,I,arms to the left,4,1
pair67,59,5,director,K,s shaped guy,3,0
pair67,60,5,director,B,this one is on his knees with arms out,9,1
pair67,60,5,director,B,to the left and to the right,7,1
pair67,61,6,director,G,lunging,1,1
pair67,62,6,director,C,flying man,2,1
pair67,63,6,director,K,the man praying on his knees,6,1
pair67,63,6,director,K,not the s one,4,1
pair67,64,6,director,A,zombie,1,1
pair67,65,6,director,E,man on,2,1
pair67,65,6,director,E,rabbit,1,1
pair67,66,6,director,D,man standing,2,0
pair67,66,6,director,D,arms to the left,4,0
pair67,67,6,director,F,man sitting,2,1
pair67,68,6,director,H,blob guy again,3,1
pair67,69,6,director,B,man on his knees,4,1
pair67,69,6,director,B,arms to the left and the right,7,1
pair67,70,6,director,L,s shaped guy,3,1
pair67,71,6,director,J,almost complete rectangle body,4,1
pair67,72,6,director,I,man on one leg arm left and one leg right,10,1
pair68,1,1,director,K,diamond on top with another diamond like shape below. looks like someone kneeling with feet up behind them to pray.,20,0
pair68,1,1,director,K,tip of triangle is pointing to the right.,8,0
pair68,2,1,director,B,two triangles in the middle only touching by the top point connected to a leaning diamond.,16,1
pair68,2,1,director,B,somewhat flat across the bottom with a small triangle on the back left.,13,1
pair68,3,1,director,G,"long parallelogram along the bottom, then a space with the triangle pointing right.",13,0
pair68,4,1,director,D,a lot of these look like people doing stuff to me.,11,1
pair68,4,1,director,D,this one looks like the person is standing straight up looking down at a tray of food,17,1
pair68,4,1,director,D,big rectangle in the middle,5,1
pair68,4,1,director,D,small part of triangle for feet.,6,1
pair68,5,1,director,J,similar to the server but facing the other way,9,1
pair68,5,1,director,J,and looks fatter,3,1
pair68,5,1,matcher,J,there are 2 of them,5,1
pair68,5,1,director,J,flat across the bottom just like the other one but the triangle 'toes' on the bottom are facing the other way.,21,1
pair68,5,1,director,J,holding the tray up higher.,5,1
pair68,5,1,director,J,near his neck,3,1
pair68,5,1,director,J,big square in the middle,5,1
pair68,6,1,director,L,this looks like someone praying and looking at a bible to me. like they are kneeling (parallelogram on the bottom),20,0
pair68,6,1,director,L,six sided figure in the middle for the body.,9,0
pair68,6,1,director,L,triangle for hands/book,3,0
pair68,7,1,director,F,that one almost looks like a female zombie,8,0
pair68,7,1,director,F,ok... this one looks like he is sitting facing left with legs kicked out.,14,0
pair68,7,1,matcher,F,female zombie?,2,0
pair68,7,1,director,F,this one is sitting looks like a bunch of different shapes in the middle.,14,0
pair68,7,1,director,F,long rectangle for feet (only one like legs are together),10,0
pair68,7,1,director,F,*long rectangle for legs,4,0
pair68,7,1,director,F,triangle for foot/feet.,3,0
pair68,7,1,director,F,aside from the female zombie has the most length across,10,0
pair68,7,1,director,F,female zombie is longer because of her dress.,8,0
pair68,8,1,matcher,H,sitting on her bottom,4,1
pair68,8,1,director,H,"this shape has a diamond on top, looks like a six sided figure in the middle, and maybe a squished diamond attached at the bottom.",25,1
pair68,8,1,director,H,doesn't really look like anything to me,7,1
pair68,9,1,director,C,this one looks like a ghost flying,7,0
pair68,9,1,director,C,with arms out,3,0
pair68,10,1,matcher,I,ghost one easy,3,1
pair68,10,1,director,I,this one looks like figure skating with leg kicked back in air,12,1
pair68,11,1,director,A,zombie dude now,3,1
pair68,11,1,director,A,walking zombie,2,1
pair68,12,1,director,E,"looks similar to the sitting guy, but with triangles on his head.",12,1
pair68,12,1,matcher,E,bunny head,2,1
pair68,12,1,matcher,E,bunny,1,1
pair68,12,1,director,E,really flat across the bottom,5,1
pair68,12,1,director,E,bunny head,2,1
pair68,13,2,director,F,sitting dude again,3,1
pair68,14,2,director,H,six sided man blob,4,1
pair68,15,2,director,A,walking zombie,2,1
pair68,16,2,director,I,skater,1,1
pair68,17,2,director,J,fat chef,2,1
pair68,18,2,director,L,i can't remember the name we gave this one.,9,1
pair68,18,2,director,L,look like praying... but with no feet.,7,1
pair68,18,2,director,L,you selected it last time i said praying and meant the one with feet.,14,1
pair68,18,2,director,L,long dress parallelogram,3,1
pair68,18,2,matcher,L,his feet is up triangle?,5,1
pair68,18,2,director,L,on bottom,2,1
pair68,19,2,matcher,G,parallel praying,2,0
pair68,19,2,director,G,girl zombie,2,0
pair68,20,2,matcher,C,you said zombie?,3,1
pair68,20,2,director,C,girl zombie... she's wearing a dress with her foot kicked out and hands up like the other zombie,18,1
pair68,20,2,director,C,flying ghost no feet,4,1
pair68,20,2,matcher,C,she is a ghost not a zombie,7,1
pair68,21,2,director,K,praying with feet up,4,1
pair68,22,2,director,E,bunny head,2,1
pair68,23,2,director,D,server,1,1
pair68,23,2,director,D,regular with towel not fat,5,1
pair68,24,2,director,B,two triangles not touching in the middle...,7,1
pair68,24,2,matcher,B,forgot this one,3,1
pair68,24,2,director,B,i forgot the name again too,6,1
pair68,25,3,director,E,bunny head,2,1
pair68,25,3,matcher,E,2 triangles,2,1
pair68,26,3,director,I,skater,1,1
pair68,27,3,director,D,regular server guy,3,1
pair68,28,3,director,L,praying no feet,3,1
pair68,29,3,director,H,"um... diamond on top, six sided man???",7,1
pair68,30,3,director,C,flying ghost no feet,4,1
pair68,31,3,director,G,ghost with long dress,4,0
pair68,32,3,matcher,B,", we have 2 ghosts?",5,1
pair68,32,3,matcher,B,"ok, she is ghost with a long dress",8,1
pair68,32,3,director,B,i guess... one that is flying with no feet. and a chick with a long dress that i keep calling a girl zombie,23,1
pair68,32,3,director,B,two triangles,2,1
pair68,33,3,director,F,sitting man,2,1
pair68,34,3,director,J,fat chef,2,1
pair68,34,3,director,J,fat server,2,1
pair68,35,3,director,A,zombie,1,1
pair68,35,3,matcher,A,"she is not cooking, she is delivering",7,1
pair68,36,3,director,K,my kitchen is the fat chef though so i got confused typing,12,1
pair68,36,3,director,K,praying feet up,3,1
pair68,37,4,director,A,zombie,1,1
pair68,38,4,director,F,sitting man,2,1
pair68,39,4,director,H,six sided man,3,1
pair68,40,4,director,E,bunny head,2,1
pair68,41,4,director,C,flying ghost,2,1
pair68,41,4,director,C,no feet,2,1
pair68,41,4,matcher,C,no dress,2,1
pair68,41,4,director,C,no dress either,3,1
pair68,42,4,director,D,server,1,1
pair68,43,4,director,J,fat server,2,1
pair68,44,4,director,G,girl zombie/ghost,2,1
pair68,45,4,director,K,praying feet up,3,1
pair68,46,4,director,B,2 triangles,2,1
pair68,47,4,director,L,praying no feet,3,1
pair68,48,4,director,I,skater,1,1
pair68,49,5,director,L,praying no feet,3,1
pair68,50,5,director,C,flying ghost,2,1
pair68,51,5,director,K,praying feet up,3,1
pair68,52,5,director,I,skater,1,1
pair68,53,5,director,J,fat chef/server dude,3,1
pair68,54,5,director,E,bunny ears,2,1
pair68,55,5,director,D,server,1,1
pair68,56,5,director,F,sitting man,2,1
pair68,57,5,director,H,six sided man,3,1
pair68,58,5,director,B,2 triangles,2,1
pair68,59,5,director,A,thriller zombie,2,0
pair68,60,5,director,G,now you can pick the ghost thriller zombie chick,9,0
pair68,61,6,director,J,fat server,2,1
pair68,62,6,director,D,server,1,1
pair68,63,6,director,I,skater,1,1
pair68,64,6,director,K,praying feet up,3,1
pair68,65,6,director,G,girl ghost,2,1
pair68,65,6,matcher,G,long dress?,2,1
pair68,65,6,director,G,dress...,1,1
pair68,66,6,director,L,praying no feet,3,1
pair68,67,6,director,E,bunny ears,2,1
pair68,68,6,director,B,2 triangles,2,1
pair68,69,6,director,C,flying ghost... no dress/feet,4,1
pair68,70,6,director,F,sitting man,2,1
pair68,71,6,director,H,six sided man,3,1
pair68,72,6,director,A,thriller zombie...,2,0
pair68,72,6,director,A,no dress,2,0
pair68,72,6,director,A,zombie... no dress,3,0
pair69,1,1,director,F,the picture kind of looks like a man sitting,9,1
pair69,2,1,director,E,"resembles a rabbit, with its head down",7,1
pair69,3,1,director,K,imagine a duck with a diamond on it's head,9,0
pair69,3,1,director,K,that's what it looks like,5,0
pair69,4,1,director,J,"it looks like a rectangle with a diamond on top, but a slice was taken from the right side of the rectangle",22,1
pair69,5,1,director,I,a man standing on 1 leg facing to the left,10,1
pair69,6,1,director,A,a man standing on 1 leg with his arms up looking behind him,13,1
pair69,7,1,director,L,looks like an s with a diamond on top,9,1
pair69,8,1,director,G,"resembles a seal sort of, and the seal has a square ball on it's head",15,0
pair69,8,1,director,G,facing to the right,4,0
pair69,9,1,director,H,sort of resembles like a pear,6,1
pair69,9,1,director,H,and theres a diamond on top,6,1
pair69,10,1,director,D,a diamond headed figure pointing to the left. it sort of looks like they're wearing a robe,17,1
pair69,11,1,director,C,looks like a person flying almost,6,1
pair69,11,1,director,C,flying to the left,4,1
pair69,12,1,director,B,resembles a mouse with a bow on it's head,9,1
pair69,12,1,director,B,he's looking up to the sky,6,1
pair69,13,2,director,B,same exact picture,3,1
pair69,13,2,director,B,mouse with bow,3,1
pair69,14,2,director,L,s with a diamond on top,6,1
pair69,15,2,director,H,pear shaped with a diamond on top,7,1
pair69,16,2,director,C,man flying to the left again,6,1
pair69,17,2,director,K,duck shaped figure with the diamond on top,8,1
pair69,18,2,director,A,man on one leg looking behind himself,7,1
pair69,19,2,director,G,seal with the square ball on head,7,1
pair69,20,2,director,F,man with square head sitting down looking to the left,10,1
pair69,21,2,director,I,man standing on 1 foot leaning to the left,9,1
pair69,22,2,director,E,rabbit with square head looking down,6,1
pair69,23,2,director,J,rectangle with right portion cut off and diamond on top,10,1
pair69,24,2,director,D,man in robe with diamond head pointing to the left,10,1
pair69,25,3,director,F,man sitting on the floor looking up,7,0
pair69,26,3,director,D,man in robe with diamond head pointing to the left,10,1
pair69,27,3,director,I,man standing on one leg pointing to the left,9,1
pair69,28,3,director,C,man flying to the left,5,1
pair69,29,3,director,J,rectangle with right portion cut off and diamond on top,10,1
pair69,30,3,director,K,duck figure with diamond on top,6,1
pair69,30,3,director,K,don't confuse with the s figure,6,1
pair69,31,3,director,H,pear shaped with diamond on top,6,1
pair69,32,3,director,G,seal with square ball,4,1
pair69,33,3,director,E,rabbit with square head looking down,6,0
pair69,34,3,director,L,s figure with diamond,4,1
pair69,35,3,director,B,mouse looking up to the left,6,1
pair69,36,3,director,A,man standing on one leg looking behind,7,1
pair69,37,4,director,H,pear shaped with diamond on top,6,1
pair69,38,4,director,B,mouse looking up to the left,6,1
pair69,39,4,director,J,rectangle with right portion cut off,6,1
pair69,40,4,director,C,man flying to the left,5,1
pair69,41,4,director,A,man on one leg looking behind,6,1
pair69,42,4,director,I,man on one leg pointing to the left,8,1
pair69,43,4,director,K,duck shaped with diamond on top,6,1
pair69,44,4,director,D,man in robe pointing to the left,7,1
pair69,45,4,director,L,s figure with diamond on top,6,1
pair69,46,4,director,F,man sitting looking up,4,1
pair69,47,4,director,G,seal with square ball,4,1
pair69,48,4,director,E,rabbit looking down,3,1
pair69,49,5,director,I,man on one leg pointing to the left,8,1
pair69,50,5,director,D,man in robe pointing to the left,7,1
pair69,51,5,director,K,duck shaped with diamond on top,6,1
pair69,52,5,director,E,rabbit looking down,3,1
pair69,53,5,director,G,seal with square ball,4,1
pair69,54,5,director,B,mouse looking up to the left,6,1
pair69,55,5,director,J,rectangle with right portion cut off and diamond on top,10,1
pair69,56,5,director,F,man sitting and looking up,5,1
pair69,57,5,director,A,man on one leg looking behind,6,1
pair69,58,5,director,C,man flying to the left,5,1
pair69,59,5,director,H,pear shaped with diamond on top,6,1
pair69,60,5,director,L,s shaped with diamond,4,1
pair69,61,6,director,L,s shaped with diamond,4,1
pair69,62,6,director,A,man on one leg looking behind him,7,1
pair69,63,6,director,H,pear shaped with diamond,4,1
pair69,64,6,director,E,rabbit looking down,3,1
pair69,65,6,director,D,man in robe pointing to the left,7,1
pair69,66,6,director,J,rectangle with right portion cut off and diamond on top,10,1
pair69,67,6,director,C,man flying to the left,5,1
pair69,68,6,director,K,duck shaped with diamond,4,1
pair69,69,6,director,B,mouse looking up to the left,6,1
pair69,70,6,director,G,seal with square ball,4,1
pair69,71,6,director,F,man sitting and looking up,5,1
pair69,72,6,director,I,man on one leg pointing to the left,8,1
pair70,1,1,director,I,looks like a guy standing on one leg with arms reached out to the left and a leg behind him pointing to the right,24,1
pair70,2,1,director,D,guy in a robe (no legs) both arms outstretched to the left (sleeves hanging down),15,1
pair70,3,1,director,J,"facing us straight on. vertical line (up/down) on the left and a pointy right shoulder, pointy right foot",18,1
pair70,4,1,director,G,"facing the right doing a deep lunge (knee on the ground), one foot out front, both arms together as one pointing diagonally to the upper right",26,1
pair70,5,1,director,E,looks like a sad easter bunny sitting on the ground facing the right,13,1
pair70,6,1,director,L,facing the right semi squat arms out like he may be holding a lunch tray,15,1
pair70,7,1,director,A,"possibly drunk, facing the left, one foot in the air as if to take a step, head tilted back and arms up like he may fall backwards",27,1
pair70,8,1,director,K,"facing the right, down on his knees arms out, possibly asking for forgiveness (probably stayed out too late and didn't call his wife)",23,1
pair70,8,1,matcher,K,hmm are the legs up in the air or pointed up?,11,1
pair70,8,1,director,K,almost as if his heels are pointed up and he has a small diamond hunch back,16,1
pair70,9,1,director,C,an angel ... arms wide open (doing his best creed impression),11,0
pair70,10,1,director,B,"one knee down, leg back ... arms outstretched like he's balancing on one knee. facing the right",17,1
pair70,11,1,director,F,"this looks like a sad college student, facing left, sitting down (problem against a tree) knees slightly raised, head bent down a bit.  rejection pose",25,1
pair70,12,1,director,H,"almost blob like, or cocoon ... or a burrito of sadness",11,1
pair70,13,2,director,J,oh we've seen this one before ... left sided vertical straight man (with the mini shoulder stump on the right),20,0
pair70,13,2,director,J,stumped?,1,0
pair70,13,2,matcher,J,"hmm yeah kinda, head is on the left side, correct?",10,0
pair70,13,2,director,J,"no no, just a straight side left side - perfectly flat",11,0
pair70,14,2,director,F,next is the depressed college student leaning up against a tree,11,1
pair70,14,2,director,F,knees slightly bent,3,1
pair70,15,2,director,B,and this is balancing boy that we've seen ... facing right on a bent knee ... arms wide like leo on the titanic,23,1
pair70,16,2,director,L,facing the right ... slightly squatting arms out like he's holding a lunch tray,14,1
pair70,16,2,director,L,we'll call him lunch boy,5,1
pair70,17,2,director,D,graduate professor - facing left in a robe- both arms together (sleeves hanging down),14,1
pair70,18,2,director,A,drunk guy falling backwards,4,1
pair70,19,2,director,K,begging husband (on his knees facing right),7,1
pair70,20,2,director,G,the lunger ... facing right arms going up diagonally one leg way back,13,1
pair70,21,2,director,E,sad easter bunny,3,1
pair70,22,2,director,C,the angel floating up to heaven,6,1
pair70,22,2,director,C,or falling ...,3,1
pair70,22,2,director,C,no legs,2,1
pair70,23,2,director,H,burrito of sadness,3,1
pair70,24,2,director,I,"show off ... facing left balancing on one leg, the other stretched out behind him arms forward",17,1
pair70,25,3,director,G,the lunger ... leg stretched way back,7,1
pair70,26,3,director,C,the angel,2,1
pair70,27,3,director,D,"the professor (no legs, arms out to the left, sleeves down)",11,1
pair70,28,3,director,J,straight left side guy,4,1
pair70,29,3,director,E,sad easter bunny,3,1
pair70,30,3,director,F,even sadder college student leaning against the tree,8,1
pair70,31,3,director,K,begging husband (still),3,1
pair70,32,3,director,B,balancing boy - leo arms stretched out wide king of the world!,12,1
pair70,33,3,director,H,burrito of sadness,3,1
pair70,34,3,director,L,slightly squatting lunch boy - facing right holding a tray,10,1
pair70,35,3,director,A,drunk falling backwards,3,1
pair70,35,3,director,A,backwards*,1,1
pair70,36,3,director,I,impressive one leg balancer facing left with one leg out behind him,12,1
pair70,37,4,director,B,leo - the titanic balancing boy,6,0
pair70,38,4,director,A,drunk,1,1
pair70,39,4,director,I,one legged balancing guy with a leg stretched out behind him,11,1
pair70,40,4,director,L,lunch boy - squatting to the right with a tray,10,1
pair70,41,4,director,F,sad college student,3,1
pair70,42,4,director,G,super lunger!!!,2,1
pair70,43,4,director,J,straight edge (left side),4,1
pair70,44,4,director,C,the angel,2,1
pair70,45,4,director,E,easter bunny,2,1
pair70,46,4,director,D,college professor,2,1
pair70,47,4,director,K,begging husband,2,1
pair70,48,4,director,H,burrito of sadness,3,1
pair70,49,5,director,I,one legged balancer,3,1
pair70,50,5,director,L,squatty lunch boy withtray,4,1
pair70,51,5,director,K,begging husband,2,1
pair70,52,5,director,D,college professor,2,1
pair70,53,5,director,C,the angel,2,1
pair70,54,5,director,E,easter bunny,2,1
pair70,55,5,director,F,sad college student against tree,5,1
pair70,56,5,director,B,leo arms outstretched kneeling,4,1
pair70,57,5,director,H,burrito of sadness,3,1
pair70,58,5,director,J,straight edge guy,3,1
pair70,59,5,director,A,drunk,1,1
pair70,60,5,director,G,super lunger,2,1
pair70,61,6,director,E,easter bunny,2,1
pair70,62,6,director,D,college prof,2,1
pair70,63,6,director,J,straight edge guy,3,1
pair70,64,6,director,C,the angel,2,1
pair70,65,6,director,L,squatty lunch boy,3,1
pair70,66,6,director,H,burrito,1,1
pair70,67,6,director,B,leo,1,1
pair70,68,6,director,A,drunk,1,1
pair70,69,6,director,F,sad college student,3,1
pair70,70,6,director,K,begging husband,2,1
pair70,71,6,director,G,super lunger!!,2,1
pair70,72,6,director,I,one legged balancing guy,4,1
pair71,1,1,director,A,"it looks a person with a beak looking down and walking, there is a box on the back.",18,1
pair71,2,1,director,D,it looks like a person standing up straight holding a tray,11,1
pair71,3,1,director,J,it's a block on the left hand side with a diamond on top.  on the right side it moves in from the right to the left as it goes down,30,1
pair71,4,1,director,G,this one looks like a folding lawn chair,8,1
pair71,4,1,matcher,G,i do not see it,5,1
pair71,4,1,director,G,it looks a bit like a high heel shoe,9,1
pair71,4,1,director,G,or a backwards left,4,1
pair71,5,1,director,H,very blocky with a diamond o n the top.  veers to the right at the bottom,16,1
pair71,6,1,director,E,"two triangles on top, looks like bunny ears.  square falling down a mountainside",13,1
pair71,7,1,director,B,diamond on top with two triangles underneath with a small space between them,13,1
pair71,7,1,matcher,B,like a guy kicking backwards?,5,1
pair71,7,1,director,B,i don't think so,4,1
pair71,7,1,matcher,B,like a rat looking up?,5,1
pair71,8,1,director,L,person going down to kneel,5,1
pair71,9,1,director,F,person sitting on the ground looking down,7,1
pair71,9,1,matcher,F,not the rabbit right,4,1
pair71,9,1,director,F,knees bent up,3,1
pair71,10,1,director,C,person putting hands up like they don't know the answer,10,1
pair71,11,1,director,K,somebody kneeling and praying,4,1
pair71,12,1,director,I,looks like a person doing a standing yoga pose,9,1
pair71,13,2,director,A,person with beak looking down,5,1
pair71,14,2,director,I,yoga pose,2,1
pair71,15,2,director,E,bunny ears/mountain,2,1
pair71,16,2,director,D,waiter,1,1
pair71,16,2,matcher,D,diamond head waiter,3,1
pair71,17,2,director,L,in the process of kneeling,5,1
pair71,18,2,director,G,high heel,2,1
pair71,19,2,director,F,person sitting on ground with knees up,7,1
pair71,20,2,director,K,kneeling/praying,1,1
pair71,21,2,director,C,person doesn't know the answer,5,1
pair71,22,2,director,B,that weird one with the diamond splitting the triangles,9,1
pair71,22,2,matcher,B,the rat,2,1
pair71,23,2,director,J,diamond on top squared edges on the left,8,1
pair71,23,2,matcher,J,block straight left line,4,1
pair71,24,2,director,H,"diamond on top, very block, moves right at end",9,1
pair71,24,2,director,H,bottom not end,3,1
pair71,25,3,director,E,bunny ears/mountain,2,1
pair71,26,3,director,B,rat,1,1
pair71,27,3,director,I,yoga pose,2,1
pair71,28,3,director,F,sitting with knees bent,4,1
pair71,29,3,director,H,"diamond on top, blocky, right at bottom",7,1
pair71,30,3,director,A,"beak, looking down",3,1
pair71,31,3,director,L,in the process of kneeling,5,1
pair71,32,3,director,J,"diamond, squared edges on left",5,1
pair71,33,3,director,K,kneeling/praying,1,1
pair71,34,3,director,C,doesn't know the answer,4,1
pair71,35,3,director,D,waiter,1,1
pair71,36,3,director,G,high heel,2,1
pair71,37,4,director,F,sitting on ground with knees bent,6,1
pair71,38,4,director,K,kneeling/praying,1,1
pair71,39,4,director,G,high heel,2,1
pair71,40,4,director,B,rat,1,1
pair71,41,4,director,L,process of kneeling,3,1
pair71,42,4,director,D,waiter,1,1
pair71,43,4,director,C,doesn't know,2,1
pair71,44,4,director,A,beak,1,1
pair71,45,4,director,I,yoga,1,1
pair71,46,4,director,H,"diamond, blocky, right at bottom",5,1
pair71,47,4,director,E,bunny ears,2,1
pair71,48,4,director,J,"diamond, square edged on left",5,1
pair71,49,5,director,G,high heel,2,1
pair71,50,5,director,L,process of kneeling,3,1
pair71,51,5,director,B,rat,1,1
pair71,52,5,director,I,yoga,1,1
pair71,53,5,director,C,doesn't know,2,1
pair71,54,5,director,K,praying,1,1
pair71,55,5,director,A,beak,1,1
pair71,56,5,director,F,sitting/knees bent,2,1
pair71,57,5,director,E,bunny ears,2,1
pair71,58,5,director,H,"diamond, blocky, right at bottom",5,1
pair71,59,5,director,J,"diamond, square left edges",4,1
pair71,60,5,director,D,waiter,1,1
pair71,61,6,director,E,bunny ears,2,1
pair71,62,6,director,L,process of kneeling,3,1
pair71,63,6,director,H,"diamond, blocky, right at bottom",5,1
pair71,64,6,director,A,beak,1,1
pair71,65,6,director,K,praying,1,1
pair71,66,6,director,F,sitting/knees bent,2,1
pair71,67,6,director,C,doesn't know,2,1
pair71,68,6,director,G,high heel,2,1
pair71,69,6,director,J,"diamond, square left edges",4,1
pair71,70,6,director,I,yoga,1,1
pair71,71,6,director,B,rat,1,1
pair71,72,6,director,D,waiter,1,1
pair72,1,1,director,C,looks like a man with his arms out wide,9,1
pair72,2,1,director,H,"no arms, one little foot stub to the right",9,1
pair72,3,1,director,J,"body is mostly a box, but with a chunk taken out of the right side",15,1
pair72,4,1,director,L,body looks like an s with sharp corners,8,1
pair72,5,1,director,D,"body is facing left, with an arm sticking out",9,1
pair72,5,1,director,D,arm is like a square with a spike sticking out,10,1
pair72,5,1,matcher,D,sitting or standing?,3,1
pair72,5,1,director,D,i'd say standing,3,1
pair72,6,1,director,B,"top of the the body is a square, with a triangle dangling off the right hand side",17,1
pair72,6,1,director,B,"below the square to the left is a spike that makes it look almost like a mouse, if the square was an ear",23,1
pair72,7,1,director,G,"it's the same as the last one, but looks more abstract",11,1
pair72,7,1,director,G,the bottom right has a dangling triangle,7,1
pair72,8,1,director,A,"looks like theres a square on the top right of the figure, and it has one foot on the ground facing left, one in the air also facing left",29,1
pair72,9,1,director,F,sad man laying down facing left,6,1
pair72,9,1,director,F,legs bent,2,1
pair72,10,1,director,E,sad bunny thing looking right,5,1
pair72,11,1,director,K,there's a box on top of a box. the body is really jagged,13,1
pair72,11,1,director,K,but there's two boxes the same size stacked on their corners,11,1
pair72,12,1,director,I,"the only one that has a shape standing on 1 leg, but not the one that we did earlier",19,1
pair72,13,2,director,J,the perfect box with a chunk taken out,8,1
pair72,13,2,matcher,J,is it facing/pointing right?,4,1
pair72,14,2,director,A,the dancing one with only one foot on the ground,10,1
pair72,14,2,director,A,other foot in the air,5,1
pair72,15,2,director,C,man with arms held out wide to each side,9,1
pair72,16,2,director,L,pointed s shaped dude,4,1
pair72,17,2,director,B,the mouse looking left with the square ear,8,1
pair72,18,2,director,H,the one with no arms facing right,7,1
pair72,18,2,director,H,weird leg pointing right,4,1
pair72,19,2,director,D,facing left with a pointed arm,6,1
pair72,19,2,director,D,box arm that looks like a hanging sleeve,8,1
pair72,20,2,director,E,sad bunny looking right,4,1
pair72,21,2,director,G,weird abstract mouse looking left,5,1
pair72,22,2,director,K,box stacked on a box,5,1
pair72,22,2,director,K,ragged body,2,1
pair72,23,2,director,I,"one leg on the ground, kicking to the right",9,1
pair72,23,2,director,I,left is a box on a triangle on a triangle,10,1
pair72,24,2,director,F,sad man looking left,4,1
pair72,25,3,director,I,the kicking left that we did two choice ago,9,1
pair72,25,3,director,I,kicking right*,2,1
pair72,26,3,director,B,mouse with square ear,4,1
pair72,27,3,director,G,abstract mouse,2,1
pair72,28,3,director,H,"no arms, facing right",4,1
pair72,29,3,director,K,squares stacked,2,1
pair72,29,3,director,K,ragged body,2,1
pair72,30,3,director,F,sad man,2,1
pair72,31,3,director,A,"one leg down, one leg up on the left",9,1
pair72,32,3,director,D,"facing left, arm with a square sleeve",7,1
pair72,33,3,director,C,arms wide out,3,1
pair72,34,3,director,L,s shaped body,3,1
pair72,35,3,director,J,box body facing right missing a chunk,7,1
pair72,36,3,director,E,sad bunny facing right,4,1
pair72,37,4,director,F,sad man looking left,4,1
pair72,38,4,director,B,mouse looking left,3,1
pair72,39,4,director,G,abstract mouse,2,1
pair72,40,4,director,D,box sleeve man,3,1
pair72,41,4,director,L,s body shape,3,1
pair72,42,4,director,I,"one leg down, other one kicked up to the right",10,1
pair72,43,4,director,H,no arms man,3,1
pair72,44,4,director,A,"one leg down, one to the left",7,1
pair72,45,4,director,E,sad bunny,2,1
pair72,46,4,director,J,square body missing chunk,4,1
pair72,47,4,director,C,arms wide out,3,1
pair72,48,4,director,K,square on top of square,5,1
pair72,49,5,director,E,sad bunny,2,1
pair72,50,5,director,J,chunk missing square,3,1
pair72,51,5,director,F,sad man,2,1
pair72,52,5,director,L,s shape,2,1
pair72,53,5,director,C,wide out arms,3,1
pair72,54,5,director,G,abstract bunny,2,1
pair72,55,5,director,H,no arms,2,1
pair72,56,5,director,K,squares stacked,2,1
pair72,57,5,director,I,leg kicked out to right,5,1
pair72,58,5,director,B,mouse,1,1
pair72,59,5,director,D,square sleeve,2,1
pair72,60,5,director,A,leg kicked out to left,5,1
pair72,61,6,director,G,abstract bunny,2,1
pair72,62,6,director,E,sad bunny,2,1
pair72,63,6,director,C,arms wide out,3,1
pair72,64,6,director,J,chunked out box,3,1
pair72,65,6,director,K,boxes stacked,2,1
pair72,66,6,director,A,leg out to the left,5,1
pair72,67,6,director,H,no arms,2,1
pair72,68,6,director,D,box sleeve,2,1
pair72,69,6,director,I,leg kicked out right,4,1
pair72,70,6,director,L,s shaped body,3,1
pair72,71,6,director,F,sad man,2,1
pair72,72,6,director,B,mouse,1,1
pair73,1,1,director,D,"triangle head looks like holding a book, facing left",9,1
pair73,1,1,matcher,D,"i think we should come up with 'names' for the 'poses'....so they're always the 'same', you know?  let me see....",20,1
pair73,1,1,matcher,D,"looks like holding a book out, wearing long draping robes, maybe?  wait, triangle head or diamond head?",17,1
pair73,1,1,director,D,diamond sorry,2,1
pair73,1,1,director,D,drape-y yes,2,1
pair73,2,1,director,J,"point is to the right, looks like the shape of a state",12,1
pair73,2,1,director,J,not easy,2,1
pair73,2,1,director,J,small point on the bottom,5,1
pair73,2,1,matcher,J,"ok, diamond is centered, kind of looks like minnesota?",9,1
pair73,2,1,matcher,J,ok...let's call it minnesota then!,5,1
pair73,3,1,director,B,"going to say diamond off to the right, possibly looks like a tea pot",14,1
pair73,3,1,director,B,triangle on corner of diamond,5,1
pair73,3,1,matcher,B,hmm...,1,1
pair73,3,1,matcher,B,"oh, the triangle is kind of hanging off?",8,1
pair73,3,1,director,B,triangle to bottom left also,5,1
pair73,3,1,director,B,yes,1,1
pair73,3,1,matcher,B,"bottom left like a little mountain, or pyramid?",8,1
pair73,3,1,director,B,pyramid,1,1
pair73,3,1,matcher,B,"ok.  um...shall we call it pyramid?  a little odd, but whatever.",11,1
pair73,4,1,director,L,"monk squatting to the right, point in the middle",9,1
pair73,4,1,matcher,L,squatting monk.,2,1
pair73,5,1,director,E,"rabbit ears, sitting facing right",5,1
pair73,5,1,matcher,E,"square head, with it's 'knee' up a bit?  rabbit it is.",11,1
pair73,6,1,director,A,frankenstein looking square head hanging off foot up,8,1
pair73,6,1,director,A,foot kicking forward,3,1
pair73,6,1,matcher,A,"ah yes, definitely looks like frankenstein, or a play-acting ghost.  frank is good.",13,1
pair73,7,1,director,C,"choir boy, hands up",4,1
pair73,7,1,director,C,diamond head,2,1
pair73,7,1,matcher,C,is it the one that kind of looks like a long shadow leaning to the left?,16,1
pair73,7,1,director,C,"looks like monk, leaning left both arms in the air reaching for the sky",14,1
pair73,7,1,matcher,C,choir boy is fine.,4,1
pair73,8,1,director,G,"square on the corner, looks like a short witch's boot",10,1
pair73,8,1,matcher,G,hm...not getting that...,3,1
pair73,8,1,director,G,upside down triangle on the right,6,1
pair73,8,1,matcher,G,"that looks like a person in a lunge position, to me.  what shall we call it?",16,1
pair73,8,1,director,G,look like a boot,4,1
pair73,8,1,matcher,G,boot is good.,3,1
pair73,9,1,director,K,"kneeling monk , point on back",6,1
pair73,10,1,director,F,"sleeping sitting up, facing left",5,1
pair73,10,1,director,F,sleeper,1,1
pair73,10,1,matcher,F,"yeah, a reclining figure/sleeper is good.",6,1
pair73,11,1,director,H,"monk facing forward, no arm, point to the right, forward monk",11,1
pair73,11,1,matcher,H,"the one that looks more like a candle, maybe, or the one that looks kind of like a roundhouse kick?",20,1
pair73,11,1,director,H,candle,1,1
pair73,11,1,matcher,H,"ok, so the one that's all wrapped up tight.  ok.",10,1
pair73,12,1,director,I,"ice skater, two points to the left, leg kicking back",10,1
pair73,12,1,matcher,I,skater,1,1
pair73,13,2,director,E,rabbit,1,1
pair73,14,2,director,I,skater,1,1
pair73,15,2,director,F,sleeper,1,1
pair73,16,2,director,C,choir boy,2,1
pair73,17,2,director,H,"forward monk, candle looking",4,1
pair73,18,2,director,L,squatting monk,2,1
pair73,19,2,director,D,monk (facing left),3,1
pair73,19,2,matcher,D,with the book?,3,1
pair73,19,2,director,D,yes,1,1
pair73,20,2,director,B,minnesota,1,0
pair73,21,2,director,J,"minnesota, looks like a candle",5,1
pair73,22,2,director,A,frank,1,1
pair73,23,2,director,K,"kneeling monk, pointing to the left",6,1
pair73,23,2,director,K,right,1,1
pair73,24,2,director,G,boot,1,1
pair73,25,3,director,L,squatting monk to the right,5,1
pair73,26,3,director,G,boot,1,1
pair73,27,3,director,E,rabbit ears,2,1
pair73,28,3,director,J,minnesota,1,1
pair73,29,3,director,H,forward monk,2,1
pair73,30,3,director,F,sleeper to the left,4,1
pair73,31,3,director,C,choir boy,2,1
pair73,32,3,director,I,skater,1,1
pair73,33,3,director,B,pyramid,1,1
pair73,34,3,director,A,frank,1,1
pair73,35,3,director,K,kneeling monk,2,1
pair73,36,3,director,D,monk with book facing left,5,1
pair73,37,4,director,F,sleeper,1,1
pair73,38,4,director,H,forward monk,2,1
pair73,39,4,director,K,kneeling monk to the right,5,1
pair73,40,4,director,A,frank,1,1
pair73,41,4,director,L,squatting monk to the right,5,1
pair73,42,4,director,I,skater,1,1
pair73,43,4,director,G,boot,1,1
pair73,44,4,director,B,pyramid,1,1
pair73,45,4,director,D,monk with book to the left,6,1
pair73,46,4,director,J,minnesota,1,1
pair73,47,4,director,C,choir boy,2,1
pair73,48,4,director,E,rabbit ears,2,1
pair73,49,5,director,K,kneeling monk to the right,5,1
pair73,50,5,director,F,sleeper,1,1
pair73,51,5,director,J,minnesota,1,1
pair73,52,5,director,G,boot,1,1
pair73,53,5,director,D,monk with book to the left,6,1
pair73,54,5,director,C,choir boy,2,1
pair73,55,5,director,L,squatting monk to the right,5,1
pair73,56,5,director,E,rabbit ears,2,1
pair73,57,5,director,H,forward monk,2,1
pair73,58,5,director,A,frank,1,1
pair73,59,5,director,B,pyramid,1,1
pair73,60,5,director,I,skater,1,1
pair73,61,6,director,I,skater,1,1
pair73,62,6,director,H,forward monk,2,1
pair73,63,6,director,L,squatting monk to the right,5,1
pair73,64,6,director,A,frank,1,1
pair73,65,6,director,F,sleeper,1,1
pair73,66,6,director,K,kneeling monk,2,1
pair73,67,6,director,G,boot,1,1
pair73,68,6,director,B,pyramid,1,1
pair73,69,6,director,J,minnesota,1,1
pair73,70,6,director,E,rabbit ears,2,1
pair73,71,6,director,D,monk with book,3,1
pair73,72,6,director,C,choir boy,2,1
pair74,1,1,director,D,"the shape looks like someone is holding a tray, the tray is to their right.",15,0
pair74,2,1,director,J,this shape has a straight angle looks like a square or rectangle on one side,15,0
pair74,2,1,director,J,only one like it,4,0
pair74,3,1,director,H,"this shape is standing straight, both shoulders are at a downward slope, no arms outstretched",15,1
pair74,4,1,director,K,"this shape is holding a tray, tray is on my right. there are two similar figures this one does not look like a zig zag at the bottom.",28,1
pair74,5,1,director,I,this figure is leaning towards my left. one foot is planted the other is up so the legs form an upside down 'left' shape.,24,1
pair74,6,1,director,C,looks like someone has arms outstretched,6,1
pair74,7,1,director,L,holding tray on my right,5,1
pair74,7,1,director,L,zig zag shape,3,1
pair74,8,1,director,B,figure kneeling arms out sleeves look like triangles,8,1
pair74,9,1,director,A,kicking leg up head looks like beak,7,1
pair74,10,1,director,G,"upper body at angle, leg on my left is resting on floor",12,1
pair74,10,1,director,G,leg on my left looks like shin is on floor,10,1
pair74,11,1,director,F,resting against something on my right,6,1
pair74,11,1,director,F,sitting,1,1
pair74,12,1,director,E,sitting resting on my left,5,1
pair74,13,2,director,B,kneeling with arms out,4,0
pair74,13,2,director,B,repeat,1,0
pair74,14,2,director,J,"my left is straight angle like square, another one we did before",12,0
pair74,14,2,director,J,shoulder is 90 degree,4,0
pair74,15,2,director,H,straight figure shoulders downwards angle,5,1
pair74,16,2,director,F,leaning sitting on my right,5,1
pair74,17,2,director,I,back kick,2,1
pair74,18,2,director,D,holding tray on my left,5,1
pair74,19,2,director,A,beak head,2,0
pair74,20,2,director,C,angel,1,1
pair74,21,2,director,L,tray on my right zig zag,6,1
pair74,22,2,director,K,tray on my right not zig zag,7,1
pair74,23,2,director,E,sitting leaning my left,4,1
pair74,24,2,director,G,leg laying on floor,4,1
pair74,24,2,director,G,shin down,2,1
pair74,25,3,director,C,angel,1,1
pair74,26,3,director,A,beak head,2,1
pair74,27,3,director,L,zig zag,2,1
pair74,28,3,director,K,not zig zag,3,1
pair74,29,3,director,F,leaning on my right,4,1
pair74,30,3,director,E,leaning on left,3,1
pair74,31,3,director,I,back kick,2,1
pair74,32,3,director,D,tray on my left,4,1
pair74,33,3,director,H,shoulders down,2,1
pair74,34,3,director,J,left side straight angle,4,1
pair74,35,3,director,G,shin down,2,1
pair74,36,3,director,B,kneeling arms out,3,1
pair74,37,4,director,J,left straight angle,3,1
pair74,38,4,director,C,angel,1,1
pair74,39,4,director,D,left tray,2,1
pair74,40,4,director,G,shin down,2,1
pair74,41,4,director,L,zig zag,2,1
pair74,42,4,director,A,beak head,2,1
pair74,43,4,director,I,back kick,2,1
pair74,44,4,director,F,leaning right,2,1
pair74,45,4,director,E,leaning left,2,1
pair74,46,4,director,K,not zig zag,3,0
pair74,47,4,director,B,arms out kneeling,3,1
pair74,48,4,director,H,shoulders down,2,1
pair74,49,5,director,E,leaning left,2,1
pair74,50,5,director,I,back kick,2,1
pair74,51,5,director,K,not zig zag,3,1
pair74,52,5,director,H,shoulders down,2,1
pair74,53,5,director,D,left tray,2,1
pair74,54,5,director,A,beak,1,1
pair74,55,5,director,G,shin down,2,1
pair74,56,5,director,F,leaning right,2,1
pair74,57,5,director,L,zig zag,2,1
pair74,58,5,director,B,kneeling,1,1
pair74,58,5,director,B,arms out,2,1
pair74,59,5,director,J,left straight angle,3,0
pair74,60,5,director,C,angel,1,1
pair74,61,6,director,B,kneeling,1,0
pair74,62,6,director,J,left straight,2,0
pair74,63,6,director,A,beak,1,1
pair74,64,6,director,C,angel,1,1
pair74,65,6,director,L,zig zag,2,1
pair74,66,6,director,D,tray left,2,1
pair74,67,6,director,E,leaning left,2,1
pair74,68,6,director,G,shin down,2,1
pair74,69,6,director,H,shoulders down,2,1
pair74,70,6,director,I,back kick,2,1
pair74,71,6,director,F,leaning right,2,0
pair74,72,6,director,K,not zig zag,3,1
pair75,1,1,director,F,its a guy facing left sitting down,7,1
pair75,2,1,director,E,girl facing right,3,1
pair75,2,1,director,E,looks like bunny ears sorta,5,1
pair75,2,1,matcher,E,big bow?,2,1
pair75,3,1,director,K,looks like a person kneeling but looking towards the sky,10,1
pair75,3,1,matcher,K,completely kneeling or about to kneel?,6,1
pair75,3,1,director,K,but with a sharp triangle out of the legs,9,1
pair75,3,1,director,K,call it a pointed feet i guess,7,1
pair75,4,1,director,B,triangle arms outstretched,3,0
pair75,4,1,matcher,B,like falling backwards?,3,0
pair75,4,1,director,B,like sitting,2,0
pair75,4,1,director,B,square tilted back,3,0
pair75,5,1,director,I,looks like a guy doing a karate kick facing right,10,1
pair75,6,1,director,D,looks like a guy pointing left,6,1
pair75,6,1,director,D,standing,1,1
pair75,6,1,director,D,diamond head,2,1
pair75,7,1,director,J,diamond head,2,1
pair75,7,1,director,J,pointing to the right,4,1
pair75,7,1,director,J,but like a huge weird shape as the body,9,1
pair75,8,1,director,A,looks like a square falling off of their back,9,0
pair75,8,1,director,A,and he's kicking to the left,6,0
pair75,9,1,director,H,this is like a diamond head,6,1
pair75,9,1,director,H,and then the body looks like a sleeping bag,9,1
pair75,10,1,director,G,looks like triangle arms,4,1
pair75,10,1,director,G,and then a square rolling off to the left,9,1
pair75,10,1,director,G,huge shape almost touches left side of the square,9,1
pair75,11,1,director,C,left leaning ghost man,4,1
pair75,11,1,director,C,diamond head,2,1
pair75,11,1,director,C,like they are falling over,5,1
pair75,11,1,director,C,to the left,3,1
pair75,12,1,director,L,right facing like sitting at a desk,7,1
pair75,13,2,director,A,looks like dirt kicking man,5,1
pair75,13,2,director,A,square rolling to the right off of the back,9,1
pair75,14,2,director,H,sleeping bag,2,1
pair75,15,2,director,I,karate kick,2,1
pair75,16,2,director,F,man sitting against tree,4,1
pair75,16,2,director,F,facing left,2,1
pair75,17,2,director,B,sitting on ground head back,5,1
pair75,17,2,director,B,arms out,2,1
pair75,17,2,director,B,call it sky lady,4,1
pair75,17,2,director,B,it's like square tilting to the right,7,1
pair75,17,2,director,B,and then a big triangle as the right arm,9,1
pair75,18,2,director,C,ghost man,2,1
pair75,18,2,director,C,falling man,2,1
pair75,19,2,director,L,the zig zag sitting guy facing right,7,1
pair75,19,2,director,L,call him school guy,4,1
pair75,20,2,director,D,diamond head pointing to the left,6,1
pair75,20,2,director,D,call him preacher,3,1
pair75,21,2,director,K,triangle butt,2,1
pair75,21,2,director,K,lady facing right diamond head,5,1
pair75,21,2,director,K,or girl kneeling,3,1
pair75,21,2,matcher,K,pointy feet?,2,1
pair75,21,2,director,K,pointy feet,2,1
pair75,22,2,director,E,bunny ear girl,3,1
pair75,23,2,director,G,the one where the image almost touches the left of the box,12,1
pair75,24,2,director,J,diamond head pointing right,4,0
pair75,25,3,director,E,bunny ears,2,1
pair75,26,3,director,C,falling man,2,1
pair75,27,3,director,B,yelling at sky girl,4,1
pair75,28,3,director,G,image almost touches left of box,6,1
pair75,29,3,director,K,pointy feet,2,1
pair75,30,3,director,H,sleeping bag,2,1
pair75,31,3,director,I,karate kick,2,1
pair75,32,3,director,A,kicking dirt,2,1
pair75,33,3,director,F,leaning against tree,3,1
pair75,33,3,director,F,sitting down,2,1
pair75,34,3,director,D,diamond head left facing preacher,5,1
pair75,34,3,director,D,standing,1,1
pair75,35,3,director,J,diamond head pointing right,4,1
pair75,35,3,director,J,weird shape,2,1
pair75,36,3,director,L,zig zag,2,1
pair75,36,3,director,L,diamond head right pointing,4,1
pair75,37,4,director,H,sleeping bag,2,1
pair75,38,4,director,K,pointy feet,2,1
pair75,39,4,director,F,sitting tree leaner,3,1
pair75,40,4,director,J,diamond head,2,1
pair75,40,4,director,J,pointing right weird shape,4,1
pair75,41,4,director,G,image almost touches left of box,6,1
pair75,41,4,matcher,G,pointy head weird shape could be diamond on cliff,9,1
pair75,42,4,director,E,bunny ear,2,1
pair75,43,4,director,I,karate kick,2,1
pair75,44,4,director,L,zig zag,2,1
pair75,44,4,director,L,diamond head,2,1
pair75,45,4,director,B,sky lady,2,1
pair75,46,4,director,D,preacher,1,1
pair75,47,4,director,A,dirt kicker,2,1
pair75,48,4,director,C,falling guy,2,1
pair75,49,5,director,F,tree leaner,2,1
pair75,50,5,director,A,dirt kicker,2,1
pair75,51,5,director,B,sky lady,2,1
pair75,52,5,director,I,karate kick,2,1
pair75,53,5,director,D,preacher,1,1
pair75,54,5,director,J,cliff,1,1
pair75,55,5,director,L,zig zag diamond head,4,1
pair75,56,5,director,H,sleeping bag,2,1
pair75,57,5,director,G,image almost touches box,4,1
pair75,58,5,director,K,pointy feet,2,1
pair75,59,5,director,E,bunny ears,2,1
pair75,60,5,director,C,falling guy,2,1
pair75,61,6,director,J,cliff,1,1
pair75,62,6,director,A,dirt kicker,2,1
pair75,63,6,director,B,sky lady,2,1
pair75,64,6,director,C,falling guy,2,1
pair75,65,6,director,I,karate kick,2,1
pair75,66,6,director,H,sleeping bag,2,1
pair75,67,6,director,F,tree leaner,2,1
pair75,68,6,director,E,bunny ears,2,1
pair75,69,6,director,L,zig zag,2,1
pair75,69,6,director,L,diamond head,2,1
pair75,70,6,director,D,preacher,1,1
pair75,71,6,director,K,pointy feet,2,1
pair75,72,6,director,G,image almost touches left of box,6,1
pair76,1,1,director,H,target is square sitting on to of the figure that looks like a person with legs tucked in,18,0
pair76,2,1,director,A,figure is looking down with one leg in air and a square on back,14,1
pair76,3,1,director,K,square balanced on its corner at the very top with the point of a triangle sticking out to the right below that,22,0
pair76,4,1,director,F,"looks like a person sitting with legs in front of them and head down, looks like their napping",18,1
pair76,5,1,director,I,looks like a person standing on one leg with other leg in the air behind them and both arms in front,21,1
pair76,6,1,director,D,looks like persons standing wearing robes holding something in their hands,11,1
pair76,7,1,director,E,"looks like a person sitting, looking down, with a bow on their head",13,1
pair76,8,1,director,G,"looks like a person kneeling, looking behind themselves, arms to the front one near head one near ground",18,1
pair76,9,1,director,B,"looks like a person kneeling, feet behind, one arm behind, one arm in front",14,1
pair76,10,1,director,L,looks like person squatting arms together in front,8,1
pair76,11,1,director,J,"looks like person standing arms and feet together both in front, back forms rectangle",14,1
pair76,12,1,director,C,looks like ghost floating while waving arms,7,1
pair76,13,2,director,E,guy sitting with bow on head again,7,1
pair76,14,2,director,A,"looks like a person with a long pointy face looking down at a raised foot, square on his back",19,1
pair76,15,2,director,K,"looks like a person kneeling, holding something out in front of them",12,1
pair76,16,2,director,I,"looks like person standing on one leg with other behind, both arms out in front",15,0
pair76,17,2,director,G,the one you just picked,5,1
pair76,18,2,director,C,ghost,1,1
pair76,19,2,director,B,person kneeling one arm front one arm back feet together,10,1
pair76,20,2,director,F,person sitting legs in front of the arms not visible,10,0
pair76,21,2,director,H,person sitting or kneeling no legs or arms visible,9,1
pair76,22,2,director,L,person squatting holding something infront of them,7,0
pair76,23,2,director,J,the one you just picked,5,1
pair76,24,2,director,D,"looks like person standing holding something in their hands, in front of themselves",13,1
pair76,25,3,director,A,"long pointy face looking down at one raised foot, square on back",12,1
pair76,26,3,director,L,squatting with arms together in the front,7,1
pair76,27,3,director,B,"kneeling feet behind, one arm behind one in front, one arm touches head",13,1
pair76,28,3,director,D,standing holding something in front,5,1
pair76,29,3,director,I,"standing on one leg, other leg behind, both arms in front",11,0
pair76,30,3,director,F,sitting legs extended in front no arms no bow,9,1
pair76,31,3,director,H,"sitting or kneeling, no arms no legs",7,1
pair76,32,3,director,E,sitting bow on head,4,1
pair76,33,3,director,C,ghost,1,1
pair76,34,3,director,J,"standing feet and hands to front, hands level with shoulders",10,0
pair76,35,3,director,G,"kneeling looking behind,arms in front, one near head",8,0
pair76,36,3,director,K,kneeling holding something in front,5,1
pair76,37,4,director,A,long pointy face looking down at one raised foot square on back,12,1
pair76,38,4,director,G,"kneeling looking behind, arms to front, one near head",9,0
pair76,39,4,director,K,kneeling holding something in front,5,1
pair76,40,4,director,B,kneeling one arm behind one in front near head arm is perfect triangle,13,1
pair76,41,4,director,E,bow on head,3,1
pair76,42,4,director,I,"standing on one leg other behind, both arms raised in front",11,0
pair76,43,4,director,F,sitting legs extended in front no arms no bow,9,1
pair76,44,4,director,D,standing holding something in front,5,1
pair76,45,4,director,L,kneeling holding something in front,5,0
pair76,46,4,director,C,ghost,1,1
pair76,47,4,director,H,"sitting or kneeling, no arms or legs",7,0
pair76,48,4,director,J,the one you just picked,5,1
pair76,49,5,director,A,"long pointy face looking at one raised foot, square on back",11,1
pair76,50,5,director,I,"standing on one leg, other leg raised behind, both arms raised in front",13,1
pair76,51,5,director,J,standing arms in front at shoulder height,7,0
pair76,52,5,director,B,"kneeling one hand behind, one hand in front, hand is perfect triangle",12,1
pair76,53,5,director,H,"sitting or kneeling, no legs or arms",7,1
pair76,54,5,director,L,squatting holding something in front,5,1
pair76,55,5,director,D,standing holding something in front,5,1
pair76,56,5,director,F,sitting legs in front no bow,6,1
pair76,57,5,director,K,kneeling holding something in front,5,1
pair76,58,5,director,G,kneeling looking behind both arms in front one near head,10,0
pair76,59,5,director,E,bow on head,3,1
pair76,60,5,director,C,ghost,1,1
pair76,61,6,director,I,standing on one foot one leg behind both arms raised in front,12,0
pair76,62,6,director,A,long pointy face looking down at raised foot square on back,11,1
pair76,63,6,director,E,bow on head,3,1
pair76,64,6,director,H,kneeling or sitting no legs no arms,7,1
pair76,65,6,director,L,squatting holding something in front,5,1
pair76,66,6,director,F,sitting legs in front no bow,6,1
pair76,67,6,director,J,standing arms in front at shoulder height,7,1
pair76,68,6,director,G,"kneeling, looking behind, both arms in front",7,0
pair76,69,6,director,D,standing holding something in front,5,1
pair76,70,6,director,C,ghost,1,1
pair76,71,6,director,B,kneeling one arm in front one in back front arm perfect triangle,12,1
pair76,72,6,director,K,kneeling holding something in front,5,1
pair77,1,1,director,C,ghost like,2,1
pair77,1,1,director,C,hands up,2,1
pair77,1,1,matcher,C,is it leaning?,3,1
pair77,2,1,director,F,sitting down with one leg forward,6,1
pair77,2,1,director,F,leg is on the left side,6,1
pair77,2,1,matcher,F,foot visible?,2,1
pair77,2,1,director,F,yes. back is parallel to the right side of the box,11,1
pair77,3,1,director,L,looks like praying,3,1
pair77,3,1,director,L,arm on the right side of the box,8,1
pair77,3,1,matcher,L,legs standing knees bent?,4,1
pair77,4,1,director,G,head is on lest side and two hands in the air,11,1
pair77,4,1,director,G,kind of a horse,4,1
pair77,4,1,director,G,with two legs in air,5,1
pair77,5,1,director,B,head is a square attached to a triangle,8,1
pair77,6,1,director,K,kind of praying but one leg pointing up,8,0
pair77,6,1,director,K,square head,2,0
pair77,7,1,director,D,a hat thats point is pointing left,7,0
pair77,7,1,matcher,D,right angle triangle on ground?,5,0
pair77,7,1,director,D,square head,2,0
pair77,7,1,director,D,back is straight,3,0
pair77,7,1,director,D,not sitting down,3,0
pair77,8,1,director,I,falling down,2,0
pair77,9,1,director,E,sitting down looking down square head,6,0
pair77,10,1,director,A,head tipping off horse like,5,1
pair77,10,1,director,A,one leg in the air,5,1
pair77,10,1,matcher,A,repeat?,1,1
pair77,10,1,matcher,A,facing left or right?,4,1
pair77,12,1,matcher,H,"is it one that looks like a seated woman back to the left, bow in hair?",16,0
pair77,14,2,director,J,triangle head,2,0
pair77,14,2,director,J,one shoulder pointing towards right,5,0
pair77,14,2,matcher,J,body shape?,2,0
pair77,14,2,director,J,one triangle leg,3,0
pair77,14,2,director,J,both on right side,4,0
pair77,15,2,director,H,very plain figure,3,1
pair77,15,2,matcher,H,solid straight up?,3,1
pair77,16,2,director,D,hat pointing left,3,1
pair77,16,2,director,D,it was previously there,4,1
pair77,16,2,director,D,triangle head,2,1
pair77,16,2,matcher,D,one arm to left?,4,1
pair77,17,2,director,B,head with triangle attached,4,1
pair77,18,2,director,L,praying with bent legs,4,1
pair77,19,2,director,I,one leg in the air,5,1
pair77,19,2,director,I,two arms on left,4,1
pair77,19,2,director,I,exercise position,2,1
pair77,20,2,director,F,sitting,1,1
pair77,20,2,director,F,one leg on left,4,1
pair77,20,2,director,F,back on right,3,1
pair77,21,2,director,G,horse like,2,1
pair77,22,2,director,E,flower head,2,1
pair77,23,2,director,C,ghost,1,1
pair77,23,2,director,C,flying,1,1
pair77,24,2,director,A,head tipping off,3,1
pair77,24,2,director,A,one leg in air left side,6,1
pair77,25,3,director,I,exercise,1,1
pair77,26,3,director,B,head with triangle attached,4,1
pair77,27,3,director,C,ghost,1,1
pair77,28,3,director,L,pray,1,1
pair77,29,3,director,K,pray with one leg folded,5,1
pair77,30,3,director,E,flower head,2,1
pair77,31,3,director,H,very plain,2,1
pair77,32,3,director,F,sitting,1,1
pair77,33,3,director,D,hat,1,1
pair77,33,3,director,D,left,1,1
pair77,34,3,director,J,shoulder and leg on right side,6,1
pair77,35,3,director,A,head tipping right,3,1
pair77,35,3,director,A,gorilla,1,1
pair77,36,3,director,G,one leg in air lest horse,6,1
pair77,36,3,director,G,horse,1,1
pair77,37,4,director,J,plain with two triangles,4,0
pair77,37,4,director,J,right side,2,0
pair77,37,4,director,J,shoulder on right side,4,0
pair77,37,4,director,J,pointing out,2,0
pair77,38,4,director,E,flower,1,1
pair77,39,4,director,K,praying bent leg,3,1
pair77,39,4,director,K,left side,2,1
pair77,40,4,director,G,horse,1,1
pair77,41,4,director,B,head with triangle,3,1
pair77,42,4,director,C,ghost,1,1
pair77,43,4,director,A,gorilla,1,1
pair77,44,4,director,I,exercise,1,1
pair77,45,4,director,H,plain,1,1
pair77,46,4,director,D,hat,1,1
pair77,47,4,director,F,sitting,1,1
pair77,48,4,director,L,sit praying,2,0
pair77,48,4,director,L,bent,1,0
pair77,49,5,director,F,sitting,1,1
pair77,50,5,director,L,praying with bent,3,1
pair77,50,5,director,L,legs,1,1
pair77,50,5,matcher,L,no leg left side?,4,1
pair77,51,5,director,G,horse,1,1
pair77,52,5,director,D,hat,1,1
pair77,53,5,director,H,plane,1,1
pair77,54,5,director,J,shoulder,1,1
pair77,55,5,director,C,ghost,1,1
pair77,56,5,director,A,gorilla,1,1
pair77,57,5,director,E,flower,1,1
pair77,58,5,director,K,praying leg left,3,1
pair77,59,5,director,B,head with triangle,3,1
pair77,60,5,director,I,exercise,1,1
pair77,61,6,director,L,praying,1,1
pair77,61,6,director,L,no leg,2,1
pair77,62,6,director,K,praying leg,2,1
pair77,62,6,director,K,left,1,1
pair77,63,6,director,B,head,1,1
pair77,63,6,director,B,with triangle,2,1
pair77,64,6,director,C,ghost,1,1
pair77,65,6,director,I,exercise,1,1
pair77,66,6,director,A,gorilla,1,1
pair77,67,6,director,F,sit,1,1
pair77,68,6,director,E,flower,1,1
pair77,69,6,director,D,hat,1,1
pair77,70,6,director,J,plain,1,0
pair77,71,6,director,G,horse,1,1
pair77,72,6,director,H,plain,1,1
pair77,72,6,director,H,leg right,2,1
pair78,1,1,director,F,looks like a man sitting down,6,1
pair78,1,1,matcher,F,slouching or sitting straight?,4,1
pair78,1,1,director,F,slouching,1,1
pair78,2,1,director,A,"looks like a man with one foot on the ground,  one off and head going backwards",16,0
pair78,3,1,director,B,looks like squatting down with square head tilted back. triangle behind the head,13,1
pair78,4,1,director,G,"slouching head forward, triangle on bottom right",7,1
pair78,5,1,director,J,figure is almost square with head in diamond shape on top,11,1
pair78,6,1,director,C,looks like an angel with arms up,7,1
pair78,7,1,director,H,"person sitting with slight bend in lower back, arms not extended",11,0
pair78,8,1,director,D,"person sitting straight up, arms extended in front",8,0
pair78,9,1,director,I,looks like a chicken getting ready to peck the ground,10,1
pair78,10,1,director,L,looks like squatting down with arms in point in front,10,1
pair78,11,1,director,E,"doesn't look like a person at all, looks like a square on top of a large triangle with two small triangle sticking our of the square",26,1
pair78,12,1,director,K,looks like sitting with a triangle coming out of its back and a tiny triangle in the front,18,0
pair78,13,2,director,I,chicken pecking the ground,4,1
pair78,14,2,director,C,angel with arms up,4,1
pair78,15,2,director,L,squatting with triangle arm in front,6,1
pair78,16,2,director,K,kneeling with large triangle to the right and tiny triangle to the left,13,0
pair78,17,2,director,G,looks like an upside down triangle holding up a person with head falling to the front,16,0
pair78,18,2,director,J,"person standing, almost square diamond shaped head",7,1
pair78,19,2,director,A,"one foot on the ground, on off the ground, head falling to the back",14,1
pair78,20,2,director,F,"sitting against wall, slouched",4,1
pair78,21,2,director,B,"sitting against wall, head tilted back with triangle behind head",10,1
pair78,22,2,director,H,sitting against the wall straight,5,0
pair78,23,2,director,E,looks like a square on top of a triangle with 2 small triangle coming out of square,17,1
pair78,24,2,director,D,"standing straight up looks like receiving award, diploma",8,1
pair78,25,3,director,E,triangle with square on top with 2 small triangles coming out of square,13,1
pair78,26,3,director,G,"sitting down with triangle propping person up, head tilted forward",10,0
pair78,27,3,director,D,receiving diploma,2,1
pair78,28,3,director,F,"against wall, slouched",3,1
pair78,29,3,director,H,"almost like diploma, just slight bend of the legs and no arms",12,0
pair78,30,3,director,K,"looks like a servant with a tray out, small triangle on back",12,0
pair78,30,3,director,K,kneeling,1,0
pair78,31,3,director,A,"one foot on ground, one foot off, head tilted back",10,1
pair78,32,3,director,J,"standing straight, with one arm out",6,0
pair78,32,3,matcher,J,not the graduate?,3,0
pair78,33,3,director,C,that was kneeling,3,1
pair78,33,3,director,C,angel with arms up,4,1
pair78,34,3,director,L,bending at knee with arms extended,6,1
pair78,35,3,director,B,"triangle propping head up, sitting on floor",7,0
pair78,36,3,director,I,chicken,1,1
pair78,37,4,director,D,grad,1,1
pair78,38,4,director,K,kneeling,1,1
pair78,39,4,director,A,one foot on ground on off head back,8,1
pair78,40,4,director,I,chicken,1,1
pair78,41,4,director,L,bending at knee,3,1
pair78,42,4,director,C,angel,1,1
pair78,43,4,director,F,slouching while sitting,3,1
pair78,44,4,director,H,like grad but with slight bend in back,8,0
pair78,45,4,director,G,"triangle holding up person, head tipped forward",7,1
pair78,46,4,director,E,triangle with square on top with 2 small triangles,9,1
pair78,47,4,director,J,standing straight with one arm out. not grad,8,0
pair78,48,4,director,B,sitting with triangle behind head,5,1
pair78,49,5,director,K,kneeling,1,1
pair78,50,5,director,B,"sitting,triangle behind head",3,1
pair78,51,5,director,L,squatting,1,1
pair78,52,5,director,H,"like grad, slight bend in back",6,1
pair78,53,5,director,J,standing with one arm out,5,1
pair78,54,5,director,G,triangle holding up person,4,0
pair78,55,5,director,I,chicken,1,1
pair78,56,5,director,A,one foot on ground one off ground head back,9,1
pair78,57,5,director,E,"triangle holding square, 2 triangles out of square",8,1
pair78,58,5,director,F,slouching,1,1
pair78,59,5,director,D,grad,1,1
pair78,60,5,director,C,angel,1,1
pair78,61,6,director,K,kneeling,1,1
pair78,62,6,director,E,"triangle, square, 2 triangles",4,1
pair78,63,6,director,J,standing with arm out,4,1
pair78,64,6,director,F,slouching,1,1
pair78,65,6,director,B,"triangle behind head, sitting",4,1
pair78,66,6,director,D,grad,1,1
pair78,67,6,director,A,one foot on the ground one off,7,1
pair78,68,6,director,C,angel,1,1
pair78,69,6,director,I,chicken,1,1
pair78,70,6,director,L,squatting,1,1
pair78,71,6,director,H,standing with slight bend,4,0
pair78,72,6,director,G,triangle holding up person head forward,6,1
pair79,1,1,director,E,bunny ears,2,1
pair79,1,1,matcher,E,sitting facing the right?,4,1
pair79,2,1,director,C,man raising his arms in a y shape,8,1
pair79,2,1,director,C,leaning to the left,4,1
pair79,2,1,matcher,C,sorta looks like a ghost?,5,1
pair79,3,1,director,A,man standing on one foot while tilting head back,9,0
pair79,3,1,director,A,and raising both hands in loose sleeves,7,0
pair79,3,1,matcher,A,facing what direction?,3,0
pair79,3,1,director,A,facing left,2,0
pair79,3,1,matcher,A,does it looks he have a short foot on the left?,11,0
pair79,3,1,matcher,A,erm.. right.,2,0
pair79,4,1,director,B,man kneeling down while spreading both arms out to left and right,12,0
pair79,5,1,director,L,"man standing with knees half bent, like he is about to kneel down",13,1
pair79,5,1,matcher,L,one arm facing right?,4,1
pair79,5,1,director,L,facing right,2,1
pair79,6,1,director,I,man standing on one leg with the other short leg pointed back,12,1
pair79,6,1,matcher,I,arms facing left? sorta looks like he might be kicking?,10,1
pair79,7,1,director,G,"weird ... like a woman in dress doing weird yoga pose, one elbow lifted",14,0
pair79,7,1,matcher,G,which direction is the elbow?,5,0
pair79,7,1,director,G,to right,2,0
pair79,7,1,director,G,she looks like she is sorta kneeling on the ground,10,0
pair79,8,1,director,K,"kneeling down fully facing right, holding plate in front of him",11,1
pair79,9,1,director,J,only one with completely straight line on left side.,9,1
pair79,10,1,director,D,"standing holding plate, facing left",5,1
pair79,11,1,director,F,"sitting down, facing left",4,1
pair79,12,1,director,H,legless man sitting on ground,5,1
pair79,12,1,director,H,almost facing us,3,1
pair79,13,2,director,K,"kneeling down facing right, holding plate",6,1
pair79,14,2,director,L,knees half bent,3,1
pair79,15,2,director,F,"sitting on ground, legs bent",5,1
pair79,15,2,director,F,or lying,2,1
pair79,15,2,matcher,F,facing which way?,3,1
pair79,15,2,director,F,left,1,1
pair79,15,2,matcher,F,with arms above their head?,5,1
pair79,15,2,director,F,no arms,2,1
pair79,16,2,director,I,standing on one leg with other leg pointing to right,10,1
pair79,17,2,director,J,straight line on the left side,6,1
pair79,18,2,director,D,standing holding plate,3,1
pair79,18,2,director,D,facing left,2,1
pair79,19,2,director,B,kneeling with arms spread to left and right,8,0
pair79,20,2,director,A,"standing on 1 leg, both arms raised, head tilted back",10,0
pair79,21,2,director,C,ghost with arms in y shape,6,1
pair79,22,2,director,E,bunny ears,2,1
pair79,23,2,director,G,weird woman in dress elbow raised,6,1
pair79,24,2,director,H,legless man sitting on ground facing us,7,1
pair79,25,3,director,H,legless man sits facing us,5,1
pair79,26,3,director,J,straight line on left,4,1
pair79,27,3,director,L,knees half bent,3,1
pair79,28,3,director,C,ghost with y arms,4,1
pair79,29,3,director,A,"standing on 1 leg, both arms raised",7,1
pair79,30,3,director,E,bunny ears,2,1
pair79,31,3,director,F,lying on ground with knees bent,6,1
pair79,32,3,director,B,kneeling with arms spread to left and right,8,0
pair79,33,3,director,G,"weird woman, elbow raised",4,1
pair79,34,3,director,D,standing facing left holding plate,5,1
pair79,35,3,director,I,"stand on 1 leg, other leg points to right",9,1
pair79,36,3,director,K,kneeling down facing right,4,1
pair79,36,3,director,K,holding plate,2,1
pair79,37,4,director,E,bunny ears,2,1
pair79,38,4,director,B,kneeling down arms spread to left and right,8,0
pair79,39,4,director,A,"stand on 1 leg, arms raised",6,1
pair79,39,4,director,A,head tilted to right,4,1
pair79,40,4,director,J,straight line on left,4,1
pair79,41,4,director,G,woman in dress elbow raised,5,1
pair79,42,4,director,C,y ghost,2,1
pair79,43,4,director,L,knees half bent,3,1
pair79,43,4,director,L,about to kneel,3,1
pair79,44,4,director,D,standing facing left,3,0
pair79,44,4,director,D,holding plate,2,0
pair79,45,4,director,I,"standing on 1 leg, other leg pointed to right",9,1
pair79,46,4,director,H,legless man sits facing us,5,1
pair79,47,4,director,F,sitting on ground knees bent,5,0
pair79,48,4,director,K,kneeling fully,2,1
pair79,49,5,director,C,y ghost,2,1
pair79,50,5,director,H,legless,1,1
pair79,50,5,director,H,sit face us,3,1
pair79,51,5,director,E,bunny ears,2,1
pair79,52,5,director,B,kneeling arms spread left and right,6,0
pair79,53,5,director,A,"stand on 1 leg, both arms raised",7,0
pair79,54,5,director,L,knees half bent,3,0
pair79,55,5,director,G,woman elbow raised,3,1
pair79,56,5,director,I,"stand 1 leg, other leg point to right",8,1
pair79,57,5,director,D,stand face left,3,1
pair79,57,5,director,D,holding plate,2,1
pair79,58,5,director,F,sit knees bent,3,1
pair79,59,5,director,J,straight line,2,1
pair79,59,5,director,J,on left,2,1
pair79,60,5,director,K,kneel face right,3,1
pair79,60,5,director,K,holding plate,2,1
pair79,61,6,director,B,kneel arms spread to left and right,7,1
pair79,62,6,director,C,ghost,1,1
pair79,62,6,director,C,y,1,1
pair79,63,6,director,J,straight line,2,1
pair79,63,6,director,J,on left,2,1
pair79,64,6,director,A,"stand 1 leg, both arms raised",6,0
pair79,65,6,director,G,woman elbow raised,3,1
pair79,66,6,director,H,legless,1,1
pair79,66,6,director,H,sit facing us,3,1
pair79,67,6,director,F,sit knees bent,3,1
pair79,68,6,director,I,"stand 1 leg, other leg point to right",8,0
pair79,69,6,director,E,bunny ears,2,1
pair79,70,6,director,K,kneel facing right,3,1
pair79,70,6,director,K,holding plate,2,1
pair79,71,6,director,D,stand facing left,3,1
pair79,71,6,director,D,holding plate,2,1
pair79,72,6,director,L,about to kneel,3,1
pair80,1,1,director,A,man standing on one foot while raising his arms,9,0
pair80,1,1,director,A,with 'loose sleeves',3,0
pair80,2,1,director,D,man standing holding a plate in front of him,9,1
pair80,3,1,director,K,"man kneeling down fully, facing right",6,1
pair80,4,1,director,B,man kneeling down while raising both arms,7,1
pair80,4,1,director,B,facing right,2,1
pair80,4,1,matcher,B,is one arm in front and one arm in back?,10,1
pair80,5,1,director,F,"man sitting down on ground, facing left",7,1
pair80,5,1,matcher,F,are his knees bent?,4,1
pair80,6,1,director,G,weird one... looks like spread on floor and raising one arm,11,1
pair80,6,1,director,G,kinda like wearing a dress,5,1
pair80,7,1,director,L,"man with knees half bent, holding a plate",8,1
pair80,8,1,director,H,"sitting down, almost facing camera",5,1
pair80,8,1,director,H,like a legless man,4,1
pair80,9,1,director,I,"standing one on leg, other leg lifted and pointing back",10,1
pair80,9,1,director,I,he is facing left,4,1
pair80,10,1,director,C,"raising arms in y shape, no legs",7,1
pair80,11,1,director,J,"like man standing up, no arms and legs visible",9,1
pair80,12,1,director,E,bunny ears,2,1
pair80,13,2,director,E,bunny ears,2,1
pair80,14,2,director,C,spreading arms in y,4,1
pair80,15,2,director,K,"kneeling holding plate, facing right",5,1
pair80,16,2,director,J,only one with completely straight vertical line on left side,10,1
pair80,17,2,director,F,sitting down facing left,4,1
pair80,17,2,matcher,F,knees bent?,2,1
pair80,18,2,director,H,legless man,2,1
pair80,18,2,director,H,sitting,1,1
pair80,18,2,director,H,on ground,2,1
pair80,18,2,matcher,H,facing ?,2,1
pair80,18,2,director,H,facing us almost,3,1
pair80,19,2,director,G,the weird one,3,1
pair80,19,2,director,G,woman in dress spread on floor,6,1
pair80,20,2,director,B,kneeling down with arms raised to left and right,9,0
pair80,21,2,director,D,"standing with plate, facing left",5,1
pair80,22,2,director,A,standing one one leg with head tilted back and to the right,12,0
pair80,22,2,matcher,A,arms out in front of him?,6,0
pair80,23,2,director,L,knees half bent,3,1
pair80,23,2,matcher,L,sitting or standing?,3,1
pair80,23,2,director,L,like he is about to kneel down,7,1
pair80,24,2,director,I,"standing one leg, other leg pointing to right",8,1
pair80,24,2,matcher,I,where are his arms?,4,1
pair80,24,2,matcher,I,or facing which direction?,4,1
pair80,24,2,director,I,in front of him,4,1
pair80,25,3,director,B,kneeling with arms spread to left and right,8,1
pair80,26,3,director,K,kneeling down facing right,4,0
pair80,26,3,director,K,holding plate in front,4,0
pair80,27,3,director,G,weird woman in dress with elbow raised,7,0
pair80,27,3,director,G,(elbow on right),3,0
pair80,28,3,director,A,standing on 1 leg both arms raised,7,1
pair80,29,3,director,H,legless man,2,1
pair80,29,3,director,H,sitting facing us,3,1
pair80,30,3,director,J,straight line on left,4,1
pair80,31,3,director,I,"stand on 1 leg, other leg points to right",9,1
pair80,32,3,director,D,"standing facing left, holding plate",5,1
pair80,33,3,director,F,"sitting on ground, knees bent",5,1
pair80,34,3,director,E,bunny ears,2,1
pair80,35,3,director,L,knees half bent,3,1
pair80,35,3,matcher,L,standing or sitting,3,1
pair80,35,3,director,L,facing right,2,1
pair80,36,3,director,C,arms spread out in y shape,6,1
pair80,37,4,director,I,"stand on 1 leg, other leg pointing to right",9,1
pair80,38,4,director,B,kneeling down arms spread to left and right,8,1
pair80,39,4,director,A,"stand on 1 leg, raising both arms",7,1
pair80,39,4,director,A,head tilted back to right,5,1
pair80,40,4,director,J,straight line on left,4,1
pair80,41,4,director,D,"standing holding plate, facing left",5,1
pair80,42,4,director,H,legless man sits facing us,5,1
pair80,43,4,director,G,weird woman in dress elbow raised,6,1
pair80,44,4,director,K,kneeling facing right,3,1
pair80,44,4,director,K,holding plate,2,1
pair80,45,4,director,F,sitting on ground with knees bent,6,1
pair80,46,4,director,L,knees half bent about to kneel,6,1
pair80,47,4,director,C,arms in y shape,4,1
pair80,48,4,director,E,bunny ears,2,1
pair80,49,5,director,C,arms in y,3,1
pair80,50,5,director,K,kneeling facing right,3,1
pair80,51,5,director,L,about to kneel,3,1
pair80,52,5,director,G,woman with elbow raised,4,1
pair80,53,5,director,F,sitting knees bent,3,1
pair80,54,5,director,H,legless,1,1
pair80,54,5,director,H,facing us,2,1
pair80,55,5,director,J,straight line on left,4,1
pair80,56,5,director,B,kneel arms spread left and right,6,1
pair80,57,5,director,A,stand 1 leg arms raised,5,1
pair80,58,5,director,I,stand 1 leg,3,1
pair80,58,5,director,I,other leg point to right,5,1
pair80,59,5,director,D,standing facing left,3,1
pair80,59,5,director,D,holding plate,2,1
pair80,60,5,director,E,bunny ears,2,1
pair80,61,6,director,I,"stand 1 leg, other leg points right",7,1
pair80,62,6,director,D,stand facing left,3,1
pair80,62,6,director,D,holding plate,2,1
pair80,63,6,director,G,woman with elbow raised,4,1
pair80,64,6,director,J,straight line on left,4,1
pair80,65,6,director,A,"stand 1 leg, both arms raised",6,1
pair80,66,6,director,K,kneel facing right,3,1
pair80,66,6,director,K,holds plate,2,1
pair80,67,6,director,C,y arms,2,1
pair80,68,6,director,B,kneel arms spread,3,1
pair80,69,6,director,F,sit knees bent,3,1
pair80,70,6,director,L,about to kneel,3,1
pair80,71,6,director,E,bunny,1,1
pair80,72,6,director,H,legless sits facing us,4,1
pair81,1,1,director,D,a man sitting with his arms out to the left,10,0
pair81,2,1,director,E,a shape that looks like a bunny sitting down. the ears are easy to spot,15,1
pair81,2,1,matcher,E,is it facing right or left,6,1
pair81,3,1,director,B,"looks like a man on his knees, arms out to his sides. he has a diamond for a head",19,0
pair81,3,1,matcher,B,facing right like squatting?,4,0
pair81,3,1,director,B,"yeah, facing right, but its not a side profile. you can see the clear front. there is a small gap of white in the right arm",26,0
pair81,3,1,matcher,B,im not sure about this one ...,7,0
pair81,4,1,director,G,"looks like a person doing a zombie walk. the are facing right, and leaning back. looks like the have a cape or something trailing behind them",26,1
pair81,5,1,director,A,"a man on one foot, the other is raised and he is leaning back a slight bit.",17,1
pair81,6,1,director,K,"a woman, facing right and kneeling. you can see her right arm sticking out",14,0
pair81,6,1,director,K,"has a small point on the back, like her feet are sticking up",13,0
pair81,7,1,director,C,a man leaning back with his arms out to the sides,11,1
pair81,8,1,director,H,"a person sitting, they have no arms or legs",9,1
pair81,9,1,director,L,a person in the process of kneeling down. the have thier arm out to the right,16,1
pair81,10,1,director,F,a man sitting facing the left. looks kinda sad,9,1
pair81,11,1,director,J,a person arms to the right. the picture is cut off,11,1
pair81,12,1,director,I,"leaning left, on one foot",5,1
pair81,13,2,director,E,bunny looking right,3,1
pair81,14,2,director,G,zombie walking right. cape behind him,6,1
pair81,15,2,director,J,person with arm sticking out right. picture is cut off,10,1
pair81,16,2,director,C,"flat, arms out to each side",6,1
pair81,17,2,director,H,no arms or legs,4,1
pair81,18,2,director,K,kneeling looking right,3,0
pair81,18,2,director,K,feet pointing up in back,5,0
pair81,19,2,director,L,half kneeling looking right,4,1
pair81,19,2,director,L,arm out right,3,1
pair81,20,2,director,I,leaning left on one foot,5,0
pair81,21,2,director,D,sitting arms out left. no legs,6,0
pair81,22,2,matcher,F,he looked standing,3,0
pair81,22,2,director,F,"man sitting, no arms looking left",6,0
pair81,22,2,matcher,F,short or tall,3,0
pair81,22,2,director,F,short,1,0
pair81,23,2,director,B,"kneeling, arms out to both sides",6,0
pair81,24,2,director,A,leaning back one one foot. looking left,7,1
pair81,24,2,director,A,tall one,2,1
pair81,25,3,director,A,"one foot, looking left",4,1
pair81,25,3,director,A,tall,1,1
pair81,25,3,director,A,leaning back,2,1
pair81,26,3,director,I,"leaning forward to the the left. one foot. long, not tall",11,1
pair81,27,3,director,H,no arms or legs,4,1
pair81,27,3,director,H,sitting,1,1
pair81,27,3,matcher,H,facing right?,2,1
pair81,27,3,director,H,right,1,1
pair81,27,3,matcher,H,tall,1,1
pair81,27,3,director,H,tall,1,1
pair81,28,3,director,C,flat both arms out,4,1
pair81,29,3,director,K,"kneeling looking left. arm out, foot sticking up",8,1
pair81,29,3,director,K,sticking up,2,1
pair81,30,3,director,F,sitting looking left. no arms,5,1
pair81,30,3,director,F,has legs,2,1
pair81,31,3,director,J,arm sticking out right. figure is cut off,8,1
pair81,32,3,director,D,kneeling looking left. arm sticking out,6,0
pair81,32,3,matcher,D,facing left?,2,0
pair81,33,3,director,E,bunny facing right,3,1
pair81,34,3,director,L,"kneeling, looking right. arm sticking out",6,0
pair81,35,3,director,G,zombie walking right. cape dragging,5,0
pair81,36,3,director,B,kneeling looking right. arms out to each side,8,0
pair81,37,4,director,K,"like the one you just picked, but feet sticking up in the back",13,0
pair81,38,4,director,E,bunny looking right,3,1
pair81,39,4,director,F,"man sitting, looking left. no arms",6,0
pair81,40,4,director,B,"kneeling, both arms out. feet in the back. looking right",10,0
pair81,41,4,director,L,kneeling looking right,3,1
pair81,42,4,director,I,"one leg, leaning left. long",5,1
pair81,43,4,director,G,zombie walking right,3,0
pair81,44,4,director,D,facing left. sitting arms out left,6,1
pair81,45,4,director,J,arm sticking out right. figure cut off,7,0
pair81,46,4,director,C,flat arms out to the sides,6,1
pair81,47,4,director,A,leaning back to the right. foot up,7,1
pair81,48,4,director,H,sitting no arms or legs,5,1
pair81,49,5,director,F,"sitting, with legs. no arms",5,1
pair81,50,5,director,K,kneeling facing right. feet pointing up in the back,9,1
pair81,51,5,director,A,leaning back one foot up. facing right,7,0
pair81,52,5,director,E,bunny looking right,3,1
pair81,53,5,director,H,no arms or legs,4,1
pair81,54,5,director,C,flat arms wide,3,1
pair81,55,5,director,D,"looking left, kneeling",3,0
pair81,56,5,director,J,"arm out to the right, figure cut off",8,1
pair81,57,5,director,B,"kneeling, both arms out",4,1
pair81,58,5,director,L,kneeling looking right,3,1
pair81,58,5,matcher,L,feet up?,2,1
pair81,59,5,director,G,zombie walking right. cape trailing behind,6,1
pair81,60,5,director,I,"leaning left, one foot up. long",6,1
pair81,61,6,director,I,same thing,2,1
pair81,62,6,director,C,flat arms out,3,1
pair81,63,6,director,E,rabbit looking right,3,1
pair81,64,6,director,A,"leaning back on one foot, looking left",7,0
pair81,65,6,director,F,"sitting, no arms looking left",5,1
pair81,66,6,director,D,"looking left, kneeling. the legs are out of frame",9,1
pair81,67,6,director,J,arm out right. figure is cut off,7,1
pair81,68,6,director,G,zombie walking right,3,1
pair81,69,6,director,L,kneeling looking right. no feet sticking up,7,1
pair81,70,6,director,K,"kneeling right, feet sticking up",5,1
pair81,71,6,director,H,no arms or legs,4,1
pair81,72,6,director,B,"looking right, both arms sticking out. feet in back",9,0
pair82,1,1,director,C,it looks like a person with his hands up,9,1
pair82,2,1,director,A,a person walking.  leg in front,6,1
pair82,3,1,director,G,"box directly in the top middle.  long bottom, small triangle right side on bottom",14,0
pair82,4,1,director,H,blocks all in the middle diamond on top.  like a statue,11,1
pair82,4,1,director,H,rounded bottom,2,1
pair82,5,1,matcher,L,rounded bottom helped.,3,1
pair82,5,1,director,L,looks like a person kind of bending down.,8,1
pair82,5,1,director,L,facing right,2,1
pair82,6,1,director,J,candle,1,1
pair82,7,1,director,F,person sitting,2,1
pair82,8,1,director,I,figure skater,2,1
pair82,9,1,director,B,i don't know  diamond on top triangle pointing at it from right,12,0
pair82,10,1,director,E,bugs bunny,2,1
pair82,11,1,director,D,person holding bowl standing,4,1
pair82,12,1,director,K,diamond top middle.  facing right.  maybe kneeling ?,8,0
pair82,13,2,director,I,figure skater,2,1
pair82,14,2,director,B,"square on top, triangle pointing at it like a pony tail",11,0
pair82,15,2,director,A,walking to left,3,0
pair82,16,2,director,G,i don't know what this one is.  lets say a seal balancing a square...,14,0
pair82,17,2,director,F,man sitting,2,0
pair82,18,2,director,D,holding bowl,2,1
pair82,19,2,director,C,arms up (ghost),3,1
pair82,20,2,director,J,candle,1,1
pair82,21,2,director,E,bunny,1,1
pair82,22,2,director,K,we've got the candle and bunny down,7,1
pair82,22,2,director,K,(lady kneeling).  thats the new name for this one.  facing right.  heels up.  not the one that is partially bending down,21,1
pair82,22,2,director,K,maybe holding a bowl,4,1
pair82,23,2,matcher,H,lady kneeling,2,1
pair82,23,2,director,H,(rounded bottom) everything together.  similar to candle,7,1
pair82,24,2,director,L,(squatting) like the kneeling just a little higher,8,0
pair82,25,3,director,E,bunny,1,1
pair82,26,3,director,C,ghost,1,1
pair82,27,3,director,L,ok here is the squatting one again,7,1
pair82,28,3,director,I,figure skater,2,1
pair82,29,3,director,K,kneeling,1,0
pair82,30,3,director,A,squatting,1,0
pair82,31,3,director,F,man laying/sitting,2,1
pair82,32,3,director,B,little zombie with ponytail,4,1
pair82,33,3,director,D,man carrying bowl facing left,5,1
pair82,34,3,director,G,weirdest looking one.,3,0
pair82,35,3,director,H,"this is the rounded bottom, but the last one looked like a chicken fell on its face?",17,1
pair82,36,3,director,J,candle,1,1
pair82,37,4,matcher,K,haha on chicken!,3,1
pair82,37,4,director,K,kneeling (heels up),3,1
pair82,38,4,director,D,holding bowl facing left,4,0
pair82,39,4,matcher,E,(my other left),3,1
pair82,39,4,director,E,bunny,1,1
pair82,40,4,director,L,squatting (still on feet) facing right,6,1
pair82,41,4,director,A,walking facing left (box on back),6,1
pair82,42,4,director,I,figure skater,2,1
pair82,43,4,director,G,weird one (not walking one),5,1
pair82,43,4,director,G,chicken,1,1
pair82,43,4,director,G,chicken,1,1
pair82,44,4,director,H,rounded bottom,2,1
pair82,45,4,director,B,zombie,1,1
pair82,46,4,director,C,ghost,1,1
pair82,47,4,director,J,candle,1,1
pair82,48,4,director,F,man sitting/laying,2,1
pair82,49,5,director,H,rounded bottom.   ok a penguin that slipped on ice?,9,1
pair82,50,5,matcher,G,keep using chicken.,3,1
pair82,50,5,director,G,weird one  (you can name it),6,1
pair82,50,5,director,G,freaking aye!  chicken,3,1
pair82,51,5,director,L,squatting,1,0
pair82,52,5,director,B,zombie,1,1
pair82,53,5,director,D,"standing, bowl, left",3,1
pair82,54,5,director,I,figure skater,2,1
pair82,55,5,director,C,ghost,1,1
pair82,56,5,director,A,walking left (box on back),5,1
pair82,57,5,director,K,kneeling,1,1
pair82,57,5,director,K,heels up,2,1
pair82,58,5,director,E,bunny,1,1
pair82,58,5,matcher,E,that last one was kneeling lady,6,1
pair82,59,5,director,J,candle,1,1
pair82,60,5,director,F,laying/sitting,1,1
pair82,61,6,director,G,chicken,1,1
pair82,62,6,director,L,squatting,1,1
pair82,63,6,director,H,rounded bottom,2,1
pair82,64,6,director,D,standing bowl left,3,1
pair82,65,6,director,F,laying/sitting,1,1
pair82,66,6,director,J,candle,1,1
pair82,67,6,director,B,zombie,1,1
pair82,68,6,director,E,bunny,1,1
pair82,69,6,director,C,ghost,1,1
pair82,70,6,director,K,kneeling,1,1
pair82,70,6,director,K,lady,1,1
pair82,71,6,director,I,figure skater,2,1
pair82,72,6,director,A,walking left box on back,5,1
pair83,1,1,director,A,this character looks like they have a pack on their back while walking.,13,1
pair83,2,1,director,F,this character is seated and seems to be looking at the ground and mourning.,14,0
pair83,3,1,director,E,this character is wearing an indian headdress and is seated.,10,1
pair83,4,1,director,K,this character is kneeling and holding a tray in front.,10,1
pair83,5,1,matcher,D,"thank you, that was actually a bit similiar to another one though",12,0
pair83,5,1,director,D,"this character also seems to be holding a tray, but is standing and glancing down.",15,0
pair83,6,1,director,H,this current character is seated and seems to be facing forward.  no limbs are visible.,15,1
pair83,7,1,director,I,this character has a back leg kicked out and two arms extended in front.,14,1
pair83,8,1,director,C,this character seems to be reaching for the sky as it leans backwards.,13,1
pair83,8,1,matcher,C,"hmm, not leaning forward?",4,1
pair83,8,1,director,C,"no, not as i see it.  looking at the sky and reaching upward.",13,1
pair83,9,1,director,L,"this character has a tray, but isn't kneeling a deeply as the other character.",14,1
pair83,10,1,director,J,"hmm, this character is rather blocky, but seems to be standing with just one projection on the right side.",19,1
pair83,11,1,director,B,"this character is kneeling, facing to the right and blowing into a triangle shaped horn or something.",17,1
pair83,12,1,director,G,this character is on one knee with another foot extended forward and to the right.,15,0
pair83,13,2,director,K,"this is again, the character who is kneeling and holding a tray.  the first one.",15,1
pair83,14,2,director,J,this is the blocky character again with one limb pointing to the right.,13,0
pair83,15,2,director,I,this character has both hands extended toward the left and one foot kicked out behind.,15,1
pair83,16,2,director,L,semi kneeling with the tray again.,6,1
pair83,17,2,director,E,indian headdress again.,3,1
pair83,18,2,director,D,person standing with tray.,4,1
pair83,19,2,director,A,character with a pack on its back again.,8,1
pair83,20,2,director,B,character blowing into a horn.,5,1
pair83,21,2,director,H,kneeling with no appendages sticking out.,6,1
pair83,22,2,director,F,"seated, looking down with legs extended in front",8,1
pair83,23,2,director,C,leaning back with arms extended and looking at sky,9,1
pair83,24,2,director,G,one one knee with other leg extended in front,9,0
pair83,25,3,director,I,standing on one foot with other leg extended behind,9,1
pair83,26,3,director,E,indian head dress,3,1
pair83,27,3,director,A,pack on back,3,1
pair83,28,3,director,L,semi kneeling with tray,4,1
pair83,29,3,director,H,kneeling with all limbs concealed,5,1
pair83,30,3,director,F,"seated, legs extended, staring down",5,1
pair83,31,3,director,C,"arms extended, leaning back, staring at sky",7,1
pair83,32,3,director,G,"on one knee, leg extended in front,",7,1
pair83,33,3,director,J,"standing, facing forward, arm pointing to the tight",8,1
pair83,34,3,director,K,"kneeling, holding tray",3,1
pair83,35,3,director,B,blowing horn,2,0
pair83,36,3,director,D,"standing, holding tray",3,1
pair83,37,4,director,L,"semi kneel, holding tray",4,1
pair83,38,4,director,D,"standing, holding tray",3,1
pair83,39,4,director,E,indian,1,1
pair83,40,4,director,I,"standing on one foot, back leg extended",7,1
pair83,41,4,director,F,"seated, legs extended, staring down, lets call it the mourning from now on",13,1
pair83,42,4,director,B,horn,1,0
pair83,43,4,director,G,"kneeling on one knee, front leg and arm extended",9,0
pair83,44,4,director,A,pack on back,3,1
pair83,45,4,director,K,kneeling with tray,3,1
pair83,46,4,director,H,"kneeling, no limbs extended",4,1
pair83,47,4,director,C,"arms outstretched, leaning back, looking at sky",7,1
pair83,48,4,director,J,"facing forward, only the right arm slightly extended",8,1
pair83,49,5,director,B,"blowing horn, kneeling",3,1
pair83,50,5,director,H,"kneeling, no limbs extended",4,1
pair83,51,5,director,L,"semi kneel, holding tray",4,1
pair83,52,5,director,J,"standing, right limb extended",4,1
pair83,53,5,director,G,"kneeling on one knee, other foot extended",7,1
pair83,54,5,director,E,indian,1,1
pair83,55,5,director,K,kneeling with tray,3,1
pair83,56,5,director,F,"mourning, legs extended, staring at floor",6,1
pair83,57,5,director,I,"front arms extended, one foot on ground, other leg extended backwards",11,1
pair83,58,5,director,C,"arms reaching upward, leaning back,looking at sky",7,1
pair83,59,5,director,D,"standing, holding tray",3,1
pair83,60,5,director,A,pack on back,3,1
pair83,61,6,director,G,"kneeling on one knee, other foot extended",7,1
pair83,62,6,director,K,"kneeling, holding tray",3,1
pair83,63,6,director,B,horn,1,1
pair83,64,6,director,D,"standing, holding tray",3,1
pair83,65,6,director,J,"standing, right limb extended",4,1
pair83,66,6,director,C,"leaning back, arms raised, looking at sky",7,1
pair83,67,6,director,E,indian,1,1
pair83,68,6,director,A,pack on back,3,1
pair83,69,6,director,F,"mourning, looking down",3,1
pair83,70,6,director,H,"kneeling,no limbs extended",3,1
pair83,71,6,director,I,"one foot on ground, other leg extended backward",8,1
pair83,72,6,director,L,"semi kneel, holding tray",4,1
