group,group_size,trial,repetition,tangram,message,n_words,n_correct,n_matchers
group001,4,0,1,G,ok so it's kind of like a dog lying down,10,0.0,3
group001,4,0,1,G,it's a long shape on the bottom of the square with a triangle just in front and 2 shapes on top,21,0.0,3
group001,4,1,1,L,ok so it's like a guy sort of crouching with his hands folded,13,3.0,3
group001,4,1,1,L,right,1,3.0,3
group001,4,1,1,L,like 2 rhombuses on the bottom with a square on that a triangle to the right and a diamond on top,21,3.0,3
group001,4,1,1,L,but the triangle isnt small,5,3.0,3
group001,4,2,1,C,it's like an angel flying,5,3.0,3
group001,4,2,1,C,it's like a rhombus with diamond in the top corners and a diamond for the head,16,3.0,3
group001,4,2,1,C,so it looks like a guy with wings,8,3.0,3
group001,4,2,1,C,no like it's leaning left,5,3.0,3
group001,4,2,1,C,above,1,3.0,3
group001,4,3,1,D,ok it's like a guy looking left carrying a box,10,3.0,3
group001,4,3,1,D,in his arms,3,3.0,3
group001,4,4,1,J,ok so it's like a guy with a thick back looking right with one arm out to the right,19,3.0,3
group001,4,4,1,J,like there is a box and a little triangle to the right underneath and a little triangle on the top right and a diamond on top of that,28,3.0,3
group001,4,4,1,J,his left side comes out a bit,7,3.0,3
group001,4,4,1,J,like past the diamond,4,3.0,3
group001,4,5,1,A,ok it's like a guy facing left with his head to the right over his back and a leg out to the left,23,3.0,3
group001,4,5,1,A,his arms are level with his head,7,3.0,3
group001,4,5,1,A,his head comes past the right side of his body by a bit,13,3.0,3
group001,4,5,1,A,it's the only one with a leg out to the left,11,3.0,3
group001,4,6,1,B,ok so its a guy sitting with his arms out,10,3.0,3
group001,4,6,1,B,the two triangles go out either side just below the head,11,3.0,3
group001,4,6,1,B,"the triangle on the right comes away from the ""body"" a bit",12,3.0,3
group001,4,6,1,B,he has one foot out to the left,8,3.0,3
group001,4,7,1,F,it's a guy sitting with his knees up facing left,10,3.0,3
group001,4,8,1,K,its a diamond on a diamond with a triangle out to the right,13,2.0,3
group001,4,8,1,K,there is a right angled triangle to the left,9,2.0,3
group001,4,8,1,K,like a duck looking right with a diamond on top,10,2.0,3
group001,4,9,1,E,on its like a rabbit looking right,7,3.0,3
group001,4,9,1,E,his head is kind of square,6,3.0,3
group001,4,9,1,E,and the body is two triangles,6,3.0,3
group001,4,9,1,E,its lying down,3,3.0,3
group001,4,9,1,E,2 triangles,2,3.0,3
group001,4,9,1,E,square on that looking right. 2 triangle ears on top,10,3.0,3
group001,4,10,1,H,it's like a guy sitting cross legged looking right,9,3.0,3
group001,4,10,1,H,there is a triangle to the right then a straight box with a diamond on top,16,3.0,3
group001,4,10,1,H,without arms,2,3.0,3
group001,4,10,1,H,with a triangle point off it to the right,9,3.0,3
group001,4,11,1,I,it's a guy looking left with his foot behind him,10,2.0,3
group001,4,11,1,I,like kicking up behind him,5,2.0,3
group001,4,12,2,E,bunny with two triangles for for ears facing the right,10,3.0,3
group001,4,13,2,K,person kneeling like she is praying facing to the right,10,1.0,3
group001,4,13,2,K,a small triangle,3,1.0,3
group001,4,14,2,L,Person is crouching with his arms out,7,3.0,3
group001,4,14,2,L,he is facing to the right,6,3.0,3
group001,4,14,2,L,Triangle head,2,3.0,3
group001,4,15,2,A,the persons legs are facing the left but his head which is shaped almost like the box is facing to the right,22,3.0,3
group001,4,15,2,A,it is like he is walking to the left,9,3.0,3
group001,4,16,2,D,The person is facing left and his holding like an open box,12,3.0,3
group001,4,16,2,D,looks like a priest,4,3.0,3
group001,4,17,2,C,The person looks like he is falling backwards,8,3.0,3
group001,4,17,2,C,he is tilted to the left,6,3.0,3
group001,4,17,2,C,his arms are above his head,6,3.0,3
group001,4,18,2,I,This person has one leg standing and the other lifted behind him,12,3.0,3
group001,4,18,2,I,he is facing left,4,3.0,3
group001,4,19,2,J,"This person has a diamond head , he has a long body going straight , there is a long triangle at the top which are arms and a short one at the bottom which are feet",36,3.0,3
group001,4,19,2,J,the person is standing complety straight,6,3.0,3
group001,4,19,2,J,his arms are facing right,5,3.0,3
group001,4,19,2,J,and his feet,3,3.0,3
group001,4,20,2,B,This looks like a lady facing left,7,3.0,3
group001,4,20,2,B,her triangle arms face left,5,3.0,3
group001,4,20,2,B,she has a triangle  behind her neck,7,3.0,3
group001,4,20,2,B,she is facing left!,4,3.0,3
group001,4,20,2,B,she is kneeling,3,3.0,3
group001,4,21,2,G,This looks like a person falling forward towards the right,10,1.0,3
group001,4,21,2,G,the persons arms are out,5,1.0,3
group001,4,21,2,G,it looks like they are on their knees,8,1.0,3
group001,4,21,2,G,no not above,3,1.0,3
group001,4,21,2,G,it's spread out like she's hugging someone but falling forward,10,1.0,3
group001,4,21,2,G,the head is more square than diamond,7,1.0,3
group001,4,21,2,G,two triangles for arms,4,1.0,3
group001,4,22,2,H,This looks like a man is sitting and facing to the right,12,3.0,3
group001,4,22,2,H,he has a diamond head,5,3.0,3
group001,4,22,2,H,triangle collarbone area,3,3.0,3
group001,4,22,2,H,square body,2,3.0,3
group001,4,22,2,H,yes no arms,3,3.0,3
group001,4,23,2,F,This man is facing left sitting on the ground which his left leg bending,14,3.0,3
group001,4,23,2,F,he is sitting facing left,5,3.0,3
group001,4,23,2,F,no arms yes,3,3.0,3
group001,4,24,3,I,man facing left with arms out to left and one leg up behind him,14,3.0,3
group001,4,25,3,E,man sat on floor facing right with bunny rabbit ears on,11,2.0,3
group001,4,26,3,L,man crouching facing right with arms out in front of him,11,3.0,3
group001,4,27,3,D,looks like a priest facing right or someone holding an open box facing left,14,3.0,3
group001,4,28,3,G,looks like a woman with her arms out falling forward towards the right,13,1.0,3
group001,4,28,3,G,to the side,3,1.0,3
group001,4,28,3,G,trapezium on bottom square head,5,1.0,3
group001,4,28,3,G,two triangles to the right,5,1.0,3
group001,4,28,3,G,triangle to left behind neck,5,1.0,3
group001,4,29,3,A,looks like a man walking to the left with a square backpack on and triangle on his face l,19,3.0,3
group001,4,29,3,A,one leg on floor to the left one leg left is slightly raised,13,3.0,3
group001,4,30,3,C,looks like someone falling with arms above head,8,3.0,3
group001,4,30,3,C,falling backwards to the left,5,3.0,3
group001,4,31,3,B,looks like a woman in a dress with her left foot out,12,3.0,3
group001,4,31,3,B,both arms are raised to each side,7,3.0,3
group001,4,31,3,B,head tilted to the right and down slightly,8,3.0,3
group001,4,31,3,B,right arm is away from her body slightly,8,3.0,3
group001,4,32,3,H,man kneeling facing right no arms,6,1.0,3
group001,4,33,3,J,man stood facing right with arms out in front of him,11,3.0,3
group001,4,33,3,J,or one arm to the right with a long thick back,11,3.0,3
group001,4,33,3,J,triangle on bottom facing right,5,3.0,3
group001,4,34,3,K,man knelt down facing up with his arms out in front of him,13,2.0,3
group001,4,34,3,K,to the right,3,2.0,3
group001,4,34,3,K,yes but not straight back,5,2.0,3
group001,4,35,3,F,man facing left sat on the ground with his knees bent,11,3.0,3
group001,4,36,4,H,no arms looks like an 'i',6,3.0,3
group001,4,37,4,J,left side is completely straight down,6,3.0,3
group001,4,38,4,I,leg lifted behind him to the right,7,3.0,3
group001,4,39,4,E,bunny ears,2,2.0,3
group001,4,40,4,C,falling back to the left,5,3.0,3
group001,4,41,4,L,"crouching to the right, triangle arm out praying, knees bent",10,3.0,3
group001,4,42,4,K,"similar to last one, facing right praying, but with knees on the floor",13,3.0,3
group001,4,43,4,F,sat facing left with one knee up,7,3.0,3
group001,4,44,4,A,leg lifted to the left,5,3.0,3
group001,4,44,4,A,thriller dance,2,3.0,3
group001,4,45,4,D,priest facing left carrying a box,6,3.0,3
group001,4,46,4,B,"one of the tricky ones, someone kneeling to the left with triangle arms out wide - right arm detached from body",21,3.0,3
group001,4,46,4,B,kneeling to the RIGHT i mean,6,3.0,3
group001,4,46,4,B,could also be a dog facing left with a square and triangle for ears,14,3.0,3
group001,4,47,4,G,"the other tricky one, like someone stretching out to the right, head tilted back to the left. thick long leg out to the left.",24,3.0,3
group001,4,48,5,J,straight back 2 triangles to the right,7,3.0,3
group001,4,49,5,A,thriller,1,3.0,3
group001,4,50,5,I,the guy kicking right,4,3.0,3
group001,4,50,5,I,facing left,2,3.0,3
group001,4,51,5,B,the woman falling right,4,1.0,3
group001,4,52,5,D,box priest,2,3.0,3
group001,4,53,5,G,the woman laying to the left with her arms behind her and a triangle under her butt,17,2.0,3
group001,4,54,5,L,crouching guy,2,3.0,3
group001,4,54,5,L,facing right,2,3.0,3
group001,4,54,5,L,knees bent,2,3.0,3
group001,4,55,5,C,falling left,2,2.0,3
group001,4,56,5,H,no arms crouching facing right,5,3.0,3
group001,4,56,5,H,"like an ""i""",3,3.0,3
group001,4,57,5,K,the duck with a diamond hat,6,3.0,3
group001,4,57,5,K,facing right,2,3.0,3
group001,4,57,5,K,its a diamond on a diamond,6,3.0,3
group001,4,58,5,F,the guy sitting with a knee up,7,3.0,3
group001,4,59,5,E,bunny ears,2,2.0,3
group001,4,60,6,I,Guy with 1 leg down and one leg facing right,10,3.0,3
group001,4,61,6,G,"tricky one , woman falling to the right",8,1.0,3
group001,4,62,6,E,bunny ears,2,2.0,3
group001,4,63,6,L,crouching guy,2,3.0,3
group001,4,63,6,L,facing right,2,3.0,3
group001,4,63,6,L,he is crouching,3,3.0,3
group001,4,63,6,L,knees bent,2,3.0,3
group001,4,64,6,D,priest with box,3,2.0,3
group001,4,65,6,K,duck,1,3.0,3
group001,4,66,6,C,guy falling to the left,5,2.0,3
group001,4,67,6,B,woman with triangle in front of her dress,8,1.0,3
group001,4,67,6,B,she is facing left,4,1.0,3
group001,4,68,6,A,thriller,1,2.0,3
group001,4,69,6,F,"guy on ground , one knee bent",7,3.0,3
group001,4,70,6,J,straight body guy,3,3.0,3
group001,4,70,6,J,to the left,3,3.0,3
group001,4,70,6,J,hto the right,3,3.0,3
group001,4,70,6,J,long arm triangles,3,3.0,3
group001,4,70,6,J,and short triangle feet,4,3.0,3
group001,4,71,6,H,it's almost the last one,5,3.0,3
group001,4,71,6,H,guy sitting facing right,4,3.0,3
group001,4,71,6,H,no arms,2,3.0,3
group001,4,71,6,H,guy sitting facing right no arms,6,3.0,3
group002,4,0,1,K,"triangle at the bottom, right angled triangle above, 2 rotated squares on top of that. They are touching on their points",21,2.0,3
group002,4,1,1,F,This one looks like a person sat down. Their head is a rotated square.,14,3.0,3
group002,4,1,1,F,They look as if they are sad so the head is tilted down.,13,3.0,3
group002,4,1,1,F,1 knee up no bunny ears.,6,3.0,3
group002,4,2,1,H,Looks like a letter 'i',5,3.0,3
group002,4,2,1,H,no hand it is just a head and a body.,10,3.0,3
group002,4,2,1,H,more like a baby that has been swaddled in a blanket,11,3.0,3
group002,4,3,1,J,square rotated head. The point is touching a straight line and that shape is not a regular shape. It looks as if 1 arm is reaching out to the side.,30,2.0,3
group002,4,3,1,J,There appears to be a foot too.,7,2.0,3
group002,4,4,1,D,This picture looks like a religious person giving a sermon/speech. They look as if they are holding a book to one side.,22,3.0,3
group002,4,4,1,D,no their knees are not bent they are straight,9,3.0,3
group002,4,5,1,I,Looks like someone ice skating.,5,3.0,3
group002,4,5,1,I,there arms are out in front of them and they have one leg lifted off the ground.,17,3.0,3
group002,4,5,1,I,yes to 90 degrees,4,3.0,3
group002,4,6,1,B,"Rotated square at the top, a triangle is touching it's point. They are touching another triangle.",16,3.0,3
group002,4,6,1,B,this picture looks like an animal sat down,8,3.0,3
group002,4,7,1,L,This looks like a person giving a speech from a book again but this time with knees bent,18,3.0,3
group002,4,8,1,C,This looks like a person with their arms raised up,10,2.0,3
group002,4,9,1,G,This one has a square on the left ( ear 1 ) and a 4 sided shape on the right (ear 2) it then has another shape that looks like a rectangle going down.,34,3.0,3
group002,4,9,1,G,it connects to a bigger 4 sided shape at the bottom (trapezium?) with a smaller triangle on the right hand side,21,3.0,3
group002,4,9,1,G,kind of looks like a dog to me,8,3.0,3
group002,4,10,1,A,This one looks like a person dancing. They have one foot on the floor and another foot is raised,19,3.0,3
group002,4,10,1,A,their ears are made from a square shape,8,3.0,3
group002,4,10,1,A,and then another 4 sided shape,6,3.0,3
group002,4,11,1,E,bunny ears,2,3.0,3
group002,4,12,2,F,man sat down with 1 knee up,7,3.0,3
group002,4,13,2,K,"2 squares at the top, connected at 1 point, the bottom square blends into a triangle",16,3.0,3
group002,4,13,2,K,squares are directly above each other vertically,7,3.0,3
group002,4,13,2,K,it's not the bent knee,5,3.0,3
group002,4,14,2,C,"flailing arm, hugging",3,3.0,3
group002,4,14,2,C,2 arms up,3,3.0,3
group002,4,15,2,G,"looks like a dog, at the top there's a square at the left and a triangle on the right. they are connected to another triangle",25,3.0,3
group002,4,15,2,G,"the 3 shapes are connected to a rectangle, connecting to the triangle and a parallelogram",15,3.0,3
group002,4,16,2,D,speaker,1,3.0,3
group002,4,16,2,D,no bent knee,3,3.0,3
group002,4,17,2,A,"dancing man, 1 foot up, 1 down, 2 heads",9,3.0,3
group002,4,18,2,H,swaddled baby,2,3.0,3
group002,4,19,2,I,ice skating man,3,3.0,3
group002,4,19,2,I,2 arms ahead,3,3.0,3
group002,4,19,2,I,1 leg 90 degrees,4,3.0,3
group002,4,20,2,E,bunny ears,2,3.0,3
group002,4,21,2,J,rotated square touching a straight line,6,3.0,3
group002,4,21,2,J,feet out pointing to the right,6,3.0,3
group002,4,21,2,J,the left side of this object is straight all the way,11,3.0,3
group002,4,21,2,J,except for the,3,3.0,3
group002,4,21,2,J,head,1,3.0,3
group002,4,22,2,L,speaker with bent knee,4,3.0,3
group002,4,23,2,B,wings,1,2.0,3
group002,4,23,2,B,man kneeling head facing down,5,2.0,3
group002,4,24,3,I,ice skater,2,2.0,3
group002,4,25,3,D,speaker no bent knee,4,2.0,3
group002,4,25,3,D,knee,1,2.0,3
group002,4,26,3,A,dancing man,2,3.0,3
group002,4,27,3,L,speaker bent knees,3,2.0,3
group002,4,28,3,B,"wings, man head facing down, kneeling",6,1.0,3
group002,4,29,3,H,the baby i,3,2.0,3
group002,4,30,3,F,the sad guy sitting down with knees bent up head slightly  tilted up,13,3.0,3
group002,4,31,3,G,the one that looks like it's doing the lunge exercise,10,3.0,3
group002,4,31,3,G,with arms up,3,3.0,3
group002,4,31,3,G,one leg back,3,3.0,3
group002,4,31,3,G,one foot in front on the right,7,3.0,3
group002,4,32,3,J,horizontal line one with rotated square head,7,3.0,3
group002,4,33,3,K,looks like the speaker with bent knees but he/she is kneeling,11,3.0,3
group002,4,33,3,K,we'll call it kneeling speaker,5,3.0,3
group002,4,34,3,E,bunny ears,2,3.0,3
group002,4,35,3,C,the one that wants a hug,6,2.0,3
group002,4,36,4,B,wings,1,2.0,3
group002,4,36,4,B,"kneeling, head tilted down",4,2.0,3
group002,4,37,4,E,bunny ears,2,3.0,3
group002,4,38,4,G,the one that looks like a dog,7,2.0,3
group002,4,39,4,A,dancing man,2,3.0,3
group002,4,39,4,A,two heads,2,3.0,3
group002,4,40,4,K,"top has two squares, connected at a point, one under the other. The second square looks like its merging into the triangle.",22,3.0,3
group002,4,40,4,K,the last speaker called it a kneeling speaking man - NOT the one with bent knees,16,3.0,3
group002,4,41,4,H,"baby swaddled, looks like an i",6,3.0,3
group002,4,42,4,F,"depressed man, sitting down, one knee bent up, head tilted forward",11,1.0,3
group002,4,43,4,L,"sermon speaker, with bent knees",5,3.0,3
group002,4,44,4,C,man going in for hug,5,3.0,3
group002,4,44,4,C,both arms open wide,4,3.0,3
group002,4,45,4,J,"head is rotated square, the left side a straight line",10,3.0,3
group002,4,46,4,I,ice skating guy,3,2.0,3
group002,4,47,4,D,"man giving a sermon/speaking, straight legs",6,3.0,3
group002,4,48,5,G,dog,1,3.0,3
group002,4,49,5,A,dancing man,2,3.0,3
group002,4,50,5,L,bent speaker,2,2.0,3
group002,4,51,5,C,person trying to hug,4,3.0,3
group002,4,52,5,K,kneeling speaker,2,3.0,3
group002,4,53,5,I,ice skater,2,3.0,3
group002,4,54,5,B,mouse,1,1.0,3
group002,4,54,5,B,"no, point of square and point of 2 different triangles touches",11,1.0,3
group002,4,55,5,E,bunny ears,2,2.0,3
group002,4,56,5,F,depressed man bent knee,4,2.0,3
group002,4,57,5,D,speaker straight legs,3,3.0,3
group002,4,58,5,J,square on top of horizontal line,6,3.0,3
group002,4,59,5,H,swaddled baby,2,3.0,3
group002,4,60,6,K,kneeling speaker,2,3.0,3
group002,4,61,6,A,dancing man,2,3.0,3
group002,4,62,6,B,wings,1,3.0,3
group002,4,63,6,F,sad man knee up,4,2.0,3
group002,4,64,6,H,iBaby,1,3.0,3
group002,4,65,6,J,horizontal line man,3,2.0,3
group002,4,66,6,L,bent knee speaker,3,3.0,3
group002,4,67,6,G,dog,1,3.0,3
group002,4,68,6,E,bunny ears,2,3.0,3
group002,4,69,6,I,ice skater,2,1.0,3
group002,4,70,6,C,hug,1,2.0,3
group002,4,71,6,D,speaker straight,2,2.0,3
group003,4,0,1,C,the one that is slanted to the left and looks like it has two arms reaching up,17,3.0,3
group003,4,1,1,B,the one with a flat bottom part and two small triangles on each side,14,1.0,3
group003,4,1,1,B,like a kneeling person with the feet pointing to the left,11,1.0,3
group003,4,1,1,B,it's the one with a backwards c shape on the left edge,12,1.0,3
group003,4,2,1,I,the one that looks like a standing person with one leg on the ground and one sticking out to the right,21,3.0,3
group003,4,2,1,I,and two triangles pointing left,5,3.0,3
group003,4,3,1,F,this one looks like someone sitting on the floor,9,3.0,3
group003,4,3,1,F,with their legs pointing left,5,3.0,3
group003,4,4,1,J,this one is the squarest one,6,3.0,3
group003,4,4,1,J,with a triangle pointing right,5,3.0,3
group003,4,5,1,G,this one has a c shape on the right and a shape sticking out along the bottom to the left,20,2.0,3
group003,4,5,1,G,and the 'head' is pointing left,6,2.0,3
group003,4,5,1,G,the head meaning the block on top of every shape,10,2.0,3
group003,4,5,1,G,so in this one its pointing left,7,2.0,3
group003,4,5,1,G,and the triangles on the right side make a C shape,11,2.0,3
group003,4,5,1,G,and on the left oo,5,2.0,3
group003,4,5,1,G,two c shapes like the Chanel logo,7,2.0,3
group003,4,5,1,G,yes part of the bottom is flat,7,2.0,3
group003,4,6,1,D,this looks like a standing person,6,3.0,3
group003,4,6,1,D,with a triangle and square put together sticking out of the left side,13,3.0,3
group003,4,6,1,D,and the bottom is flat and there's a small triangle at the bottom sticking out left too,17,3.0,3
group003,4,7,1,K,this one is a slim one like a person standing again,11,3.0,3
group003,4,7,1,K,but,1,3.0,3
group003,4,7,1,K,it has a big white triangle on the right side,10,3.0,3
group003,4,7,1,K,and a white small parallelogram shape cut out of the left side,12,3.0,3
group003,4,7,1,K,two black triangles sticking out of the right side,9,3.0,3
group003,4,7,1,K,and the left side is flat at the bottom half,10,3.0,3
group003,4,7,1,K,and then there's the white small shape cut out of the left side,13,3.0,3
group003,4,7,1,K,the parallelogram,2,3.0,3
group003,4,7,1,K,there's a right angle triangle in the bottom left of the shape,12,3.0,3
group003,4,7,1,K,the black shapes make a right angle,7,3.0,3
group003,4,8,1,L,this one makes an s shape,6,3.0,3
group003,4,8,1,L,and has a pointy black triangle pointing out mid way on the right side,14,3.0,3
group003,4,8,1,L,yh triangle out only on the right side,8,3.0,3
group003,4,9,1,A,this one looks like a zombie with the arms sticking to the left up and out and then the head is to the right tilted back,26,3.0,3
group003,4,9,1,A,the legs are walking left,5,3.0,3
group003,4,9,1,A,it looks like,3,3.0,3
group003,4,9,1,A,like,1,3.0,3
group003,4,10,1,H,this on looks the most smooth,6,3.0,3
group003,4,10,1,H,with the least triangles sticking out,6,3.0,3
group003,4,10,1,H,making a fat l shape with only a small flick at the bottom,13,3.0,3
group003,4,10,1,H,the left side is flat,5,3.0,3
group003,4,10,1,H,apart from some white cut outs above and below,9,3.0,3
group003,4,10,1,H,the middle part of the left side is flat,9,3.0,3
group003,4,11,1,E,this one looks like it has bunny ears,8,3.0,3
group003,4,12,2,L,this is the one that looks like an s shape,10,3.0,3
group003,4,12,2,L,with a head,3,3.0,3
group003,4,12,2,L,triangles pointing to the right that look like hands,9,3.0,3
group003,4,13,2,H,this is a person in a sleeping bag with no arms or legs,13,3.0,3
group003,4,13,2,H,with the head sticking out,5,3.0,3
group003,4,14,2,G,this one looks like a high heel shoe,8,2.0,3
group003,4,14,2,G,with a head that has short pigtails,7,2.0,3
group003,4,14,2,G,Looks more like a rabbit head in a high heel shoe,11,2.0,3
group003,4,15,2,E,This is the rabbit head with the flat bottom,9,3.0,3
group003,4,16,2,I,"this is a person on one foot, with the other leg pointing to the right",15,2.0,3
group003,4,16,2,I,triangles pointing to the left,5,2.0,3
group003,4,17,2,D,A person standing upright looking into a book,8,3.0,3
group003,4,17,2,D,A square on the left,5,3.0,3
group003,4,17,2,D,the right is flat,4,3.0,3
group003,4,17,2,D,and so is the bottom,5,3.0,3
group003,4,17,2,D,Think of someone with a large sleeves on their robe,10,3.0,3
group003,4,18,2,B,"The bottom right has a right angle, and there are triangles on the left and right",16,2.0,3
group003,4,18,2,B,the right triangle is separated from the body,8,2.0,3
group003,4,18,2,B,the left triangle is connected,5,2.0,3
group003,4,19,2,J,Right angle on the top left and bottom left,9,2.0,3
group003,4,19,2,J,the left side has a segment taken out of it,10,2.0,3
group003,4,19,2,J,it's the most square looking,5,2.0,3
group003,4,20,2,F,This is the sad person sitting down,7,3.0,3
group003,4,21,2,K,this is the person kneeling,5,1.0,3
group003,4,21,2,K,and praying,2,1.0,3
group003,4,21,2,K,On their knees,3,1.0,3
group003,4,21,2,K,yes to the right,4,1.0,3
group003,4,22,2,A,The bird head one,4,2.0,3
group003,4,23,2,C,"Body slanted to the left, and both hands in the air",11,2.0,3
group003,4,24,3,K,on knees praying,3,2.0,3
group003,4,25,3,D,robe hands reading book,4,3.0,3
group003,4,26,3,H,bean bag/ cucumber,3,2.0,3
group003,4,27,3,G,looks like praying mantis,4,1.0,3
group003,4,27,3,G,c Shape at right and left,6,1.0,3
group003,4,28,3,J,most square one,3,3.0,3
group003,4,29,3,A,bird head,2,3.0,3
group003,4,30,3,B,right triangle separated from body,5,2.0,3
group003,4,30,3,B,left triangle connected,3,2.0,3
group003,4,31,3,E,bunny ears,2,3.0,3
group003,4,32,3,F,sad guy seating on floor,5,3.0,3
group003,4,33,3,C,hands up in the air,5,3.0,3
group003,4,33,3,C,leaning,1,3.0,3
group003,4,34,3,L,praying but knees aren't on ground,6,3.0,3
group003,4,34,3,L,s shape,2,3.0,3
group003,4,35,3,I,yoga guy,2,3.0,3
group003,4,36,4,D,guy with long sleeves and book,6,2.0,3
group003,4,37,4,I,yoga dude,2,2.0,3
group003,4,38,4,G,high heeled shoe with rabbit ears,6,1.0,3
group003,4,39,4,J,square guy,2,2.0,3
group003,4,40,4,H,sleeping bag cucumber,3,3.0,3
group003,4,41,4,L,s shape praying guy standing,5,3.0,3
group003,4,41,4,L,hands to right,3,3.0,3
group003,4,42,4,F,sad sitting man,3,3.0,3
group003,4,43,4,B,"disjointed triangle to the right, joined to the left",9,2.0,3
group003,4,44,4,E,bunny ears with flat bottom,5,3.0,3
group003,4,45,4,C,guy waving his hands in the air,7,2.0,3
group003,4,46,4,K,"praying but on knees,hands at right",6,3.0,3
group003,4,47,4,A,bird face,2,3.0,3
group003,4,48,5,L,s shape,2,3.0,3
group003,4,49,5,C,waving arms,2,2.0,3
group003,4,50,5,F,sad guy,2,3.0,3
group003,4,51,5,B,right triangle. not joined,4,3.0,3
group003,4,51,5,B,left one joined,3,3.0,3
group003,4,52,5,I,yoga,1,2.0,3
group003,4,53,5,K,kneeling praying,2,3.0,3
group003,4,53,5,K,arms to the right,4,3.0,3
group003,4,53,5,K,praying,1,3.0,3
group003,4,54,5,A,zombie or bird head,4,2.0,3
group003,4,55,5,E,bunny ears,2,3.0,3
group003,4,55,5,E,right angle on bottom left,5,3.0,3
group003,4,56,5,J,most square,2,3.0,3
group003,4,57,5,H,sleeping bag,2,3.0,3
group003,4,57,5,H,cucumber,1,3.0,3
group003,4,58,5,G,two c shapes,3,2.0,3
group003,4,58,5,G,chanel,1,2.0,3
group003,4,59,5,D,flat right side,3,3.0,3
group003,4,59,5,D,person standing,2,3.0,3
group003,4,59,5,D,reading book to the left,5,3.0,3
group003,4,59,5,D,left,1,3.0,3
group003,4,60,6,A,bIRD HEAD,2,3.0,3
group003,4,61,6,B,disconnected triangle on right,4,3.0,3
group003,4,62,6,H,sleeping bag,2,2.0,3
group003,4,63,6,K,Kneeling prayer,2,3.0,3
group003,4,63,6,K,on their knees,3,3.0,3
group003,4,64,6,F,sitting man,2,3.0,3
group003,4,65,6,D,long sleeved book,3,3.0,3
group003,4,66,6,L,s shaped,2,3.0,3
group003,4,67,6,J,most square,2,2.0,3
group003,4,68,6,C,"leaning to the left, hands in the air",8,2.0,3
group003,4,69,6,E,flat bottom bunny head,4,3.0,3
group003,4,70,6,I,yoga guy,2,2.0,3
group003,4,71,6,G,rabbit head high heel shoe,5,3.0,3
group004,4,0,1,D,The person has their hands outstretched,6,3.0,3
group004,4,0,1,D,and is standing straight,4,3.0,3
group004,4,0,1,D,as if they are holding a book in front of them,11,3.0,3
group004,4,1,1,A,Similar to the karate kid movie,6,2.0,3
group004,4,1,1,A,the crane kick,3,2.0,3
group004,4,2,1,B,the person is kneeling with their hands stretched out,9,0.0,3
group004,4,2,1,B,not the one facing sideways,5,0.0,3
group004,4,3,1,I,this one is doing a side kick,7,3.0,3
group004,4,3,1,I,with both hands in front,5,3.0,3
group004,4,4,1,K,kneeling and having its hands in front of it,9,2.0,3
group004,4,4,1,K,there's sort of a triangle behind it,7,2.0,3
group004,4,5,1,H,this one is just plain,5,3.0,3
group004,4,5,1,H,"sort of a triangle in front of it, yes no arms out",12,3.0,3
group004,4,5,1,H,yes the one that is very thick,7,3.0,3
group004,4,6,1,G,arms stretched out facing above,5,2.0,3
group004,4,6,1,G,sort of kneeling,3,2.0,3
group004,4,7,1,F,sitting down looking upwards,4,3.0,3
group004,4,8,1,C,as if its flying,4,3.0,3
group004,4,9,1,L,Bent knees and outstretched arms,5,3.0,3
group004,4,9,1,L,parallelogram shape at the legs,5,3.0,3
group004,4,10,1,E,sitting down and it's looking downwards with two triangles on top,11,3.0,3
group004,4,11,1,J,the head is on a flat surface,7,3.0,3
group004,4,11,1,J,no arms,2,3.0,3
group004,4,12,2,K,Kneeling down with a triangle on the upper back and arms outstretched like a book,15,3.0,3
group004,4,13,2,E,Bunny rabbit ears looking down,5,3.0,3
group004,4,14,2,F,Arms tucked under its knees looking down and sitting down,10,3.0,3
group004,4,15,2,C,"Arms facing up like it is flying, body shaped like a parallelogram",12,3.0,3
group004,4,15,2,C,Could say it is praising god,6,3.0,3
group004,4,16,2,L,"Transitioning from standing to kneeling, arms in front like a book, parallelogram legs",13,2.0,3
group004,4,17,2,G,"Head facing upwards, one leg in front and one thick leg behind, arms up too",15,3.0,3
group004,4,17,2,G,Like it is showing a book to the sky,9,3.0,3
group004,4,18,2,I,"Ice skater again, two arms are triangles facing the opposite way of the leg",14,3.0,3
group004,4,19,2,D,"Standing straight, quite basic like a priest wearing robes",9,3.0,3
group004,4,19,2,D,arms out in front,4,3.0,3
group004,4,20,2,A,"Crane kick again, face is like a beak, it is the only one which has a triangle beak face",19,2.0,3
group004,4,21,2,H,Very thick black no arms no legs,7,3.0,3
group004,4,22,2,B,"Two triangle arms, one facing left and one facing right, kneeling a little with a leg to the side",19,2.0,3
group004,4,22,2,B,You could say it is wearing a dress,8,2.0,3
group004,4,23,2,J,"The other thick one, although this time it has a little triangle on the shoulder",15,2.0,3
group004,4,24,3,K,Kneeling down and praying with feet up behind,8,3.0,3
group004,4,25,3,A,Dangly sleeves up opposite head,5,3.0,3
group004,4,25,3,A,Standing on one leg,4,3.0,3
group004,4,26,3,H,Big blobby one with no arms or legs,8,3.0,3
group004,4,27,3,F,Sitting down with hands under legs,6,3.0,3
group004,4,28,3,G,"One leg in front and one behind, arms raised",9,3.0,3
group004,4,29,3,J,Blobby one with one triangular arm on the right,9,2.0,3
group004,4,30,3,I,"Standing on one leg, other leg raised behind him, with two triangle arms in front",15,2.0,3
group004,4,31,3,D,"Someone standing holding a book in front of them, wearing a robe",12,3.0,3
group004,4,32,3,E,Sitting down with bunny ears,5,2.0,3
group004,4,33,3,L,"Transitioning from kneeling to standing, book held out in front",10,3.0,3
group004,4,34,3,C,"Looking up, arms raised, no legs",6,3.0,3
group004,4,35,3,B,One triangle arm to the left and one to the right.,11,3.0,3
group004,4,36,4,B,Princess daNCE!,2,3.0,3
group004,4,37,4,D,Standard priest,2,2.0,3
group004,4,38,4,J,head on horizontal shoulders,4,3.0,3
group004,4,38,4,J,small triangle on right shoulder,5,3.0,3
group004,4,39,4,E,bunny ears!,2,3.0,3
group004,4,40,4,A,crane kick / beak face / one leg slightly raised in front,12,3.0,3
group004,4,41,4,C,flying - no legs!,4,2.0,3
group004,4,42,4,G,"kneeling - thick back leg and thin one in front.  Arms up, head back",14,3.0,3
group004,4,43,4,I,ice skating or kicking behind,5,3.0,3
group004,4,44,4,L,transitioning from standing to kneeling reading book,7,3.0,3
group004,4,45,4,K,"kneeling with book, heels up behind",6,3.0,3
group004,4,45,4,K,small triangle on back,4,3.0,3
group004,4,46,4,H,potato with head!,3,2.0,3
group004,4,47,4,F,sitting with knees up and hands under knees,8,3.0,3
group004,4,48,5,K,praying priest with a triangle on his back,8,2.0,3
group004,4,49,5,E,Rabbit ears,2,2.0,3
group004,4,50,5,H,Potato,1,2.0,3
group004,4,51,5,L,Transitioning from standing to kneeling,5,3.0,3
group004,4,52,5,A,crane kick,2,3.0,3
group004,4,53,5,F,sitting down with knees up,5,2.0,3
group004,4,54,5,C,arms lifted up and no legs,6,3.0,3
group004,4,55,5,I,Skating,1,3.0,3
group004,4,56,5,B,Kneeling with both triangle arms outstretched,6,2.0,3
group004,4,56,5,B,"yes, triangle at the legs",5,2.0,3
group004,4,57,5,D,Priest,1,2.0,3
group004,4,58,5,G,Thick leg at the back and a small leg at the front,12,3.0,3
group004,4,59,5,J,only has one arm on its right,7,3.0,3
group004,4,60,6,I,ice skater,2,3.0,3
group004,4,61,6,E,bunny ears,2,2.0,3
group004,4,62,6,G,thick leg,2,3.0,3
group004,4,63,6,C,flying,1,3.0,3
group004,4,64,6,K,"kneeling heals up at the back, triangle on back",9,3.0,3
group004,4,65,6,J,potato with shoulder triangle,4,3.0,3
group004,4,65,6,J,/ head on horizontal,4,3.0,3
group004,4,66,6,F,arms under knees,3,3.0,3
group004,4,67,6,H,carrot,1,2.0,3
group004,4,67,6,H,i mean potato -_-,4,2.0,3
group004,4,68,6,D,standard priest,2,3.0,3
group004,4,68,6,D,standing up,2,3.0,3
group004,4,69,6,B,princess dance,2,3.0,3
group004,4,70,6,L,transitioning,1,3.0,3
group004,4,71,6,A,crane kick,2,3.0,3
group005,2,0,1,C,Shoulders up - sort of like 'why me?' - box/head is further to the left,15,1.0,1
group005,2,1,1,E,Rabbit ears on the box head. Person looks like they are sat down with their knees sort of tucked up towards them. They are facing right (as there is a similar box facing left that is incorrect),37,1.0,1
group005,2,2,1,J,"Quite a box shaped body - pointy corner in the top right. Box/Head is straight in the middle, sort of looks like a diamond shape. Cut out corner in the bottom right.",32,1.0,1
group005,2,3,1,B,"Quite abstract - facing left with a spikey looking chest. Head is reclining onto what looks like a triangular pillow. Feet are out with the person sat down, back side of the person sticking out more",36,1.0,1
group005,2,4,1,D,"Person standing up - diamond head, looks like they are reading something. Facing left with middle portion sticking out a bit more on top of a square box. Looks like they are wearing a gown.",35,1.0,1
group005,2,5,1,H,"Quite a niche one - diamond head, person not really looking in a specific direction. Shoulders pointing down in a triangular manner and meeting the straight arms. Pointy corner in the bottom right.",33,1.0,1
group005,2,5,1,H,Looks 2D - no direction,5,1.0,1
group005,2,6,1,K,"Diamond head, facing right. Very thin neck, then a triangular body. Middle portion sticking out very far to the right. Right side looks a lot like a shark mouth - two points with space in the middle. Back side on the left points up a little bit.",47,1.0,1
group005,2,7,1,A,"Sort of looks a bit like a dinosaur. Head very off centre - to the right and facing right, as though it will fall off. Two feet stood up, one on the ground, the other one above it, as though they are falling back. Pointy section facing down on the left.",51,1.0,1
group005,2,8,1,F,"Person sat down, knees up, facing left. Similar to the bunny-eared one from earlier, but knees up and facing left whilst sat down.",23,1.0,1
group005,2,9,1,I,"Looks like a yoga pose. Zigzag christmas tree style stomach, stood on one foot with the other behind. Facing left.",20,1.0,1
group005,2,10,1,G,"Box on the left. Looks a bit like a seal lying down. Triangle bottom right and top right. Slim neck, and lower portion of the body sort of falls to the left.",32,1.0,1
group005,2,11,1,L,Person squatting - looks like reading. Facing right with diamond head. Knees pointed out towards the right. Very straight back on the left.,23,1.0,1
group005,2,12,2,A,walking to the left but looks as though head falling off and down his back on right hand side,19,1.0,1
group005,2,13,2,B,head tilted very slightly to right; large triangle under it to right; very blocky body; looks as though a bit of dress material on ground to left,27,0.0,1
group005,2,13,2,B,bottom right of figure looks light bottom right triangle of half a square,13,0.0,1
group005,2,13,2,B,"the bit of ""dress"" to the left is another small triangle",11,0.0,1
group005,2,14,2,F,"seated, facing left, knees drawn up",6,1.0,1
group005,2,15,2,C,arms thrown up in disbelief,5,1.0,1
group005,2,16,2,K,"sort of kneeling, facing right, looks like holding book out in front; pointy triangle at top of back",18,0.0,1
group005,2,16,2,K,holding book flat on palms of hands,7,0.0,1
group005,2,17,2,E,"sitting down, facing right, looks like rabbit ears or some sort of head-dress on",14,1.0,1
group005,2,18,2,H,"centred head, very blocky body, protruding slightly to right at bottom",11,1.0,1
group005,2,18,2,H,no arms visible,3,1.0,1
group005,2,19,2,I,looks like ice-skating with one leg out behind,8,1.0,1
group005,2,20,2,L,"semi-crouched, facing right with 'arms' held out in front to right",11,1.0,1
group005,2,20,2,L,very straight back on left,5,1.0,1
group005,2,21,2,G,"looks like wearing long flowing gown trailing behind and possibly dancing, facing to right and one arms and one foot raised",21,1.0,1
group005,2,21,2,G,head tilted back to left,5,1.0,1
group005,2,22,2,J,"head in middle, blocky body again but wider at top than bottom, triangle angles to right",16,1.0,1
group005,2,23,2,D,"standing, facing left, holding ?book? flat on palms of hands, but with  ?box? underneath it",15,1.0,1
group005,2,24,3,L,Book out - facing right and crouching,7,0.0,1
group005,2,24,3,L,Hands flat,2,0.0,1
group005,2,25,3,G,Box on left - furthest point of the picture is bottom right - looks like a seal to me balancing a box. Triangle sort of breaking off in bottom right.,30,1.0,1
group005,2,26,3,F,Knees up facing left,4,1.0,1
group005,2,27,3,A,Box falling down back as you said. One foot up (left foot),12,1.0,1
group005,2,28,3,E,Bunny ears sat down,4,1.0,1
group005,2,29,3,B,Triangle pillow behind head - head to right. Chest is a triangle that is very pointy and facing left.,19,1.0,1
group005,2,30,3,D,Praying/reading stood up facing left with gown,7,1.0,1
group005,2,30,3,D,"Straight back on right, diamond head",6,1.0,1
group005,2,30,3,D,Box underneath book,3,1.0,1
group005,2,31,3,K,"Slim neck facing right and reading. Head, then very small neck, triangular body facing right with a point facing right",20,1.0,1
group005,2,32,3,H,No arms,2,1.0,1
group005,2,33,3,C,Why me?',2,1.0,1
group005,2,34,3,J,"Diamond head on straight top bit. Straight back, facing right - triangle pointing out top right",16,1.0,1
group005,2,35,3,I,Ice skating,2,1.0,1
group005,2,36,4,B,"triangle underneath head, small pointy triangle on slightly raised bottom left",11,1.0,1
group005,2,36,4,B,triangle under head is on right side,7,1.0,1
group005,2,37,4,A,head falling off backward,4,1.0,1
group005,2,38,4,I,ice skating,2,1.0,1
group005,2,39,4,K,"kneeling, facing right, book on flat palms, small triangle to left at top of back",15,1.0,1
group005,2,40,4,J,the VERY blocky one with no arms which is wider at top than bottom,14,1.0,1
group005,2,41,4,H,no arms,2,1.0,1
group005,2,42,4,F,"sitting down, facing left, knees raised",6,1.0,1
group005,2,43,4,L,"crouching (not kneeling), and facing right",6,1.0,1
group005,2,44,4,G,the dancer with dress trailing to her left and one foot up,12,0.0,1
group005,2,44,4,G,"arms up, too",3,0.0,1
group005,2,44,4,G,head back slightly,3,0.0,1
group005,2,44,4,G,tiny triangle to left under head,6,0.0,1
group005,2,45,4,D,"standing, facing left, box under book on palms of hands",10,1.0,1
group005,2,46,4,C,why me????,2,1.0,1
group005,2,47,4,E,bunny ears,2,1.0,1
group005,2,48,5,H,No arms,2,1.0,1
group005,2,49,5,L,Crouching,1,1.0,1
group005,2,50,5,D,Box under hands,3,1.0,1
group005,2,51,5,F,kneel left,2,1.0,1
group005,2,51,5,F,not kneel,2,1.0,1
group005,2,51,5,F,knees up,2,1.0,1
group005,2,52,5,J,No arms - VERY blocky - wider at top than bottom,11,1.0,1
group005,2,53,5,I,ice skating,2,1.0,1
group005,2,54,5,E,bunny ears,2,1.0,1
group005,2,55,5,C,why me?,2,1.0,1
group005,2,56,5,K,"thin neck, diamond head, facing right with hands out - triangle back",12,1.0,1
group005,2,56,5,K,shark mouth? on right,4,1.0,1
group005,2,56,5,K,reading,1,1.0,1
group005,2,57,5,A,head falling off,3,1.0,1
group005,2,58,5,G,seal?,1,0.0,1
group005,2,58,5,G,balancing diamond,2,0.0,1
group005,2,58,5,G,furthest point is bottom left,5,0.0,1
group005,2,58,5,G,triangle falling off bottom right,5,0.0,1
group005,2,59,5,B,the one you just tried,5,1.0,1
group005,2,60,6,J,"very blocky, wider at top",5,1.0,1
group005,2,61,6,K,"kneeling, book on palms, small triangle pointing left at top of back",12,1.0,1
group005,2,61,6,K,facing right,2,1.0,1
group005,2,62,6,D,box under book,3,1.0,1
group005,2,63,6,H,no arms,2,1.0,1
group005,2,64,6,I,ice skating,2,1.0,1
group005,2,65,6,B,"the one i can't describe - triangle to lower right of head, small triangle on bottom left",17,1.0,1
group005,2,65,6,B,the one you said the one i tried last time,10,1.0,1
group005,2,66,6,C,why me,2,1.0,1
group005,2,67,6,L,crouching,1,1.0,1
group005,2,68,6,F,knees up,2,1.0,1
group005,2,69,6,G,"your seal, my dancer?",4,1.0,1
group005,2,70,6,E,bunny ears,2,1.0,1
group005,2,71,6,A,head falling off,3,1.0,1
group006,2,0,1,K,looks like someone praying on their knees,7,1.0,1
group006,2,0,1,K,facing right,2,1.0,1
group006,2,1,1,B,facing right again,3,1.0,1
group006,2,1,1,B,on their knees again,4,1.0,1
group006,2,1,1,B,but this time it looks almost like wings,8,1.0,1
group006,2,2,1,H,it is the one that doesn't really have anything poking out except at the bottom right is a little triangle,20,0.0,1
group006,2,2,1,H,shaped almost like a boot,5,0.0,1
group006,2,3,1,I,the one that looks like someone standing on one leg reaching to the left,14,1.0,1
group006,2,4,1,E,it looks like a sprite on the top of a steep mountain,12,1.0,1
group006,2,4,1,E,like a mountain with a box on top with wings,10,1.0,1
group006,2,5,1,L,this one looks like someone is stood up but with bent legs,12,1.0,1
group006,2,5,1,L,facing right,2,1.0,1
group006,2,6,1,A,looks like someone doing a zombie walk facing left,9,1.0,1
group006,2,7,1,F,looks like someone sitting on the ground with there legs bent facing left,13,1.0,1
group006,2,7,1,F,slight hunch,2,1.0,1
group006,2,8,1,C,"the guy is leaning left with his arms up kind of like ""but why""",14,1.0,1
group006,2,9,1,D,the guy facing left standing still,6,1.0,1
group006,2,9,1,D,looks like he has a box in his arms,9,1.0,1
group006,2,10,1,J,the one you selected when i said it looks like a boot earlier,13,1.0,1
group006,2,11,1,G,this looks kind of like a high heel facing left,10,0.0,1
group006,2,12,2,F,"sitting, facing left, hunch",4,1.0,1
group006,2,12,2,F,bent legs,2,1.0,1
group006,2,13,2,D,"standing still, box in his hands",6,1.0,1
group006,2,14,2,J,"facing right, pointy boot in the lower right",8,0.0,1
group006,2,15,2,H,the one you chose last time,6,1.0,1
group006,2,16,2,C,"looking to the sky, asking why???",6,1.0,1
group006,2,17,2,G,"in the floor, upper body lifted, one hand up another pointing down, facing right",14,1.0,1
group006,2,17,2,G,like laying down but upper body is up,8,1.0,1
group006,2,18,2,A,zombie walk facing left,4,1.0,1
group006,2,19,2,E,the one like a mountain with a box with wings on top,12,1.0,1
group006,2,20,2,K,like a monk kneeling down,5,0.0,1
group006,2,20,2,K,like praying,2,0.0,1
group006,2,20,2,K,facing right,2,0.0,1
group006,2,20,2,K,with a hood on his back,6,0.0,1
group006,2,21,2,L,knees bent,2,1.0,1
group006,2,22,2,B,the one with the hood :-D,6,1.0,1
group006,2,23,2,I,"high kick to the right, facing left",7,1.0,1
group006,2,24,3,A,zombie walking left,3,1.0,1
group006,2,25,3,C,whyyyy,1,1.0,1
group006,2,26,3,H,"the one that's like a boot originally, like a rectangle with a triangle on the bottom right but not on the top right",23,1.0,1
group006,2,26,3,H,the one that like got the least going on,9,1.0,1
group006,2,27,3,I,high kick right facing left,5,1.0,1
group006,2,28,3,B,monk praying with the big hood,6,1.0,1
group006,2,29,3,E,flying box on the mountain,5,1.0,1
group006,2,30,3,F,sat down hunchback,3,1.0,1
group006,2,30,3,F,bent knees,2,1.0,1
group006,2,31,3,J,"the other boot, box with point on top right and bottom right",12,1.0,1
group006,2,31,3,J,call it boot 2,4,1.0,1
group006,2,32,3,G,"the one i said last time looks like a high heel,",11,1.0,1
group006,2,32,3,G,guy sitting down,3,1.0,1
group006,2,32,3,G,one arm up one arm down,6,1.0,1
group006,2,33,3,D,man with box in his hands,6,1.0,1
group006,2,34,3,L,bent knees,2,1.0,1
group006,2,35,3,K,monk with small hood,4,1.0,1
group006,2,36,4,G,"like a high heel, one arm up another down",9,1.0,1
group006,2,37,4,H,"boot 1, nothing special",4,1.0,1
group006,2,38,4,E,box with wings on top of mountain,7,1.0,1
group006,2,39,4,A,zombie walk,2,1.0,1
group006,2,40,4,D,man with box on his hands,6,1.0,1
group006,2,41,4,I,high kick to the right,5,1.0,1
group006,2,42,4,F,"sitting with bent legs, small hunch",6,1.0,1
group006,2,43,4,B,praying monk big hood,4,1.0,1
group006,2,44,4,J,boot 2,2,1.0,1
group006,2,45,4,C,whyyyy!,1,1.0,1
group006,2,46,4,L,bent knees,2,1.0,1
group006,2,47,4,K,small hood,2,1.0,1
group006,2,48,5,K,small hood,2,1.0,1
group006,2,49,5,I,high kick,2,1.0,1
group006,2,50,5,B,big hood,2,1.0,1
group006,2,51,5,L,bent knees,2,1.0,1
group006,2,52,5,H,boot 1,2,1.0,1
group006,2,53,5,D,box arms,2,1.0,1
group006,2,54,5,A,zombie,1,1.0,1
group006,2,55,5,E,mountain,1,1.0,1
group006,2,56,5,G,high heel,2,1.0,1
group006,2,57,5,F,hunch,1,1.0,1
group006,2,58,5,C,whyyyyyyyy,1,1.0,1
group006,2,59,5,J,boot 2,2,1.0,1
group006,2,60,6,D,box in hand,3,1.0,1
group006,2,61,6,B,big hood,2,1.0,1
group006,2,62,6,K,small hood,2,1.0,1
group006,2,63,6,G,high heel,2,1.0,1
group006,2,64,6,A,zombie,1,1.0,1
group006,2,65,6,I,high kick,2,1.0,1
group006,2,66,6,E,mountain,1,1.0,1
group006,2,67,6,F,sitting hunch,2,1.0,1
group006,2,68,6,L,bent knees,2,1.0,1
group006,2,69,6,H,boot 1,2,1.0,1
group006,2,70,6,C,whyyy,1,1.0,1
group006,2,71,6,J,boot 2,2,1.0,1
group007,2,0,1,F,Sitting on the ground facing left,6,1.0,1
group007,2,1,1,G,"Backwards ""C"" with arms top and bottom to the right",10,1.0,1
group007,2,2,1,B,"kneeling on the ground, arms out, facing right",8,0.0,1
group007,2,2,1,B,legs and arms are parallel with the ground,8,0.0,1
group007,2,3,1,E,"sitting on the ground, facing right, rabbit ears on the head",11,1.0,1
group007,2,4,1,L,"body looks like a backwards 'Z"".  Arms to the right, legs to the left",14,0.0,1
group007,2,5,1,H,"Sitting curled up.  Legs point to the right, can't see arms",11,1.0,1
group007,2,5,1,H,not the first word I'd use.  I think it looks kinda like a candle,14,1.0,1
group007,2,5,1,H,triangular,1,1.0,1
group007,2,6,1,A,looks like kick at the end of Karate Kid,9,0.0,1
group007,2,7,1,I,The one you just chose.  I think this looks like a figure skater,13,1.0,1
group007,2,8,1,K,"kneeling, facing right.  Arms pointed right, legs behind pointing up.",10,1.0,1
group007,2,9,1,J,"Left side body is vertical line. Arm to the right, leg to the right. Arm extends further than the leg",20,1.0,1
group007,2,10,1,C,Leaning way to the left. Arms up like a Y,10,1.0,1
group007,2,11,1,D,"Standing up, facing and pointing to the left.  Arm extends further than the leg",14,1.0,1
group007,2,12,2,B,"this guy is kneeling, facing right with arms raised. one of his arms looks like a triangle kinda disconnected from his body",22,1.0,1
group007,2,13,2,L,okayy facing right with legs like a trapezoid facing left,10,1.0,1
group007,2,14,2,C,"leaning way to the left, arms in a Y",9,1.0,1
group007,2,15,2,F,"sitting facing left, can't see arms, legs are outstretched",9,1.0,1
group007,2,16,2,J,looks like a candle with square shoulders,7,1.0,1
group007,2,17,2,A,"okay this one doesn't really look like a person, like he's wearing a plague doctor mask or something. standing on one foot",22,1.0,1
group007,2,18,2,H,candle/ghost,1,1.0,1
group007,2,19,2,G,backwards C with arms out to the right,8,1.0,1
group007,2,20,2,D,"standing straight, facing left. arms extend further to the left than legs",12,1.0,1
group007,2,21,2,E,bunny ears,2,1.0,1
group007,2,22,2,I,figure skater,2,1.0,1
group007,2,23,2,K,"kneeling, facing right, feet to the left pointed up sharply",10,1.0,1
group007,2,24,3,G,backwards c arms to the right,6,1.0,1
group007,2,25,3,K,"kneeling facing to the right, feet pointed up sharply",9,1.0,1
group007,2,26,3,C,"leaning to the left, arms outstretched",6,1.0,1
group007,2,27,3,F,"sitting, facing left, head bowed, legs outstretched some",8,1.0,1
group007,2,28,3,D,"standing, pointing/facing left.",3,1.0,1
group007,2,29,3,E,bunny ears,2,1.0,1
group007,2,30,3,H,candle/ghost,1,1.0,1
group007,2,31,3,A,plague doctor / karate kid,5,1.0,1
group007,2,32,3,L,"facing right, backwards Z, feet to the left, arms to the right",12,1.0,1
group007,2,33,3,B,"kneeling, facing right, arms outstretched, right arm somewhat disconnected",9,1.0,1
group007,2,34,3,I,figure skater,2,1.0,1
group007,2,35,3,J,"standing, kinda looks like a candle, arms and leg pointed right, arms extended further than leg. Vertical line on left side",21,1.0,1
group007,2,36,4,E,bunny ears,2,1.0,1
group007,2,37,4,K,kneeling with legs pointed sharply to the left,8,1.0,1
group007,2,37,4,K,arms are one triangle pointed right parallel to the floor,10,1.0,1
group007,2,38,4,B,disconnected triangle arm,3,1.0,1
group007,2,39,4,C,leaning way left with Y arms,6,1.0,1
group007,2,40,4,H,candle ghost,2,1.0,1
group007,2,41,4,I,figure skater,2,1.0,1
group007,2,42,4,D,"right side is a vertical line, facing left, arms out further than legs",13,1.0,1
group007,2,43,4,A,karate kid,2,1.0,1
group007,2,44,4,G,backwards C arms out to the right,7,1.0,1
group007,2,45,4,J,candle with square shoulders,4,1.0,1
group007,2,46,4,F,mopey guy facing left legs outstretched,6,1.0,1
group007,2,47,4,L,backwards Z,2,1.0,1
group007,2,48,5,A,karate kid / plague doctor,5,1.0,1
group007,2,49,5,E,bunny ears,2,1.0,1
group007,2,50,5,L,"backwards Z, trapezoid legs",4,1.0,1
group007,2,51,5,H,candle / ghost,3,1.0,1
group007,2,52,5,K,"kneeling, facing right, legs behind, pointed sharply up",8,1.0,1
group007,2,53,5,I,figure skater,2,1.0,1
group007,2,54,5,D,"standing, facing left, pointing left. Arms out further than legs",10,1.0,1
group007,2,55,5,C,"leaning left, Y arms",4,1.0,1
group007,2,56,5,G,backwards C,2,1.0,1
group007,2,57,5,J,"candle, square shoulders",3,1.0,1
group007,2,58,5,B,disconnected triangle arm,3,1.0,1
group007,2,59,5,F,mopey guy,2,1.0,1
group007,2,60,6,L,wonder what he's moping about. this round is backwards Z,10,1.0,1
group007,2,61,6,G,backwards C,2,1.0,1
group007,2,62,6,E,bunny,1,1.0,1
group007,2,63,6,H,ghost,1,1.0,1
group007,2,64,6,A,karate kid,2,1.0,1
group007,2,65,6,I,figure skater,2,1.0,1
group007,2,66,6,K,legs pointed sharply,3,1.0,1
group007,2,67,6,C,leaning left Y arms,4,1.0,1
group007,2,68,6,J,square shoulder candle,3,1.0,1
group007,2,69,6,B,disconnected triangle arm,3,1.0,1
group007,2,70,6,F,moper,1,1.0,1
group007,2,71,6,D,"standing facing left, arms further out than legs",8,1.0,1
group008,2,0,1,F,Looks like a person sitting down with knees slightly bent,10,1.0,1
group008,2,1,1,E,"Looks a little bit like it has rabbit ears, but on the form a person sitting down",17,1.0,1
group008,2,2,1,C,Like a person with their arms out on either side leaning slightly to the left,15,1.0,1
group008,2,3,1,J,"Looks like a very short person, with an overhanging belly",10,1.0,1
group008,2,3,1,J,"arms out in front, at shoulder height",7,1.0,1
group008,2,3,1,J,"Yes, a diamond right on the top- the head, but a triangle point to the top right of the 'body'",20,1.0,1
group008,2,4,1,H,"A diamond right on top, with a slight point out to the bottom right",14,1.0,1
group008,2,4,1,H,no 'arms',2,1.0,1
group008,2,5,1,D,"Looks like someone facing the left, maybe holding out a book or something",13,1.0,1
group008,2,6,1,K,"someone kneeling and looking to the right, holding something out at chest height",13,1.0,1
group008,2,6,1,K,completely kneeling,2,1.0,1
group008,2,6,1,K,not a zig zag in the legs,7,1.0,1
group008,2,7,1,A,"standing on one leg, with the diamond head to the top right of the diagram",15,1.0,1
group008,2,7,1,A,the leg they're not standing on is pointing to the left,11,1.0,1
group008,2,8,1,I,"standing on one leg, leaning towards the left, with the non-standing leg point out back to the right",18,1.0,1
group008,2,9,1,L,"zig zag legs kneeling, pointing to the right, holding something out",11,1.0,1
group008,2,10,1,B,"diamond head on the top, another triangle on the right hand side connecting at the 'neck'",16,0.0,1
group008,2,11,1,G,"triangle at bottom right, connecting by one point, diamond head pointing towards the left",14,1.0,1
group008,2,12,2,J,short fat man looking right with a triangle just under his head on the top right,16,1.0,1
group008,2,13,2,D,person facing left holding out something in front of him like an open book,14,1.0,1
group008,2,14,2,H,thin person with no arms and a triangle at the bottom right,12,1.0,1
group008,2,14,2,H,"yes, diamond 'head' on top",5,1.0,1
group008,2,15,2,F,"person sitting down facing left, with their knees arched up towards their chest",13,1.0,1
group008,2,16,2,I,person facing left on one leg with the other leg kicked out behind them to the right,17,1.0,1
group008,2,17,2,B,person kneeling down with what looks like wings under their diamond 'head',12,1.0,1
group008,2,17,2,B,facing right,2,1.0,1
group008,2,17,2,B,"doesn't look like it, there are two triangles at the neck",11,1.0,1
group008,2,18,2,A,"person standing on one leg with the other leg behind them to the left, head facing right",17,1.0,1
group008,2,19,2,L,"person almost kneeling but not quite, facing right holding something out in front of them",15,1.0,1
group008,2,20,2,G,"diamond head perched at an angle on the top of their body, with a triangle on the bottom right",19,1.0,1
group008,2,20,2,G,not sure what shape you would describe the 'body',9,1.0,1
group008,2,21,2,K,"person fully kneeling down, facing right holding something out in front of them",13,1.0,1
group008,2,22,2,C,person leaning to the left with their arms wide open,10,1.0,1
group008,2,23,2,E,person with bunny ears,4,1.0,1
group008,2,24,3,K,"fully kneeling, looking to the right, no zig zag legs",10,1.0,1
group008,2,25,3,E,bunny ears,2,1.0,1
group008,2,26,3,J,"diamond head on top, short person with overhanging belly, holding something out to the right",15,1.0,1
group008,2,27,3,D,"looking to the left, holding something out",7,1.0,1
group008,2,28,3,A,"standing on one leg, with the non standing leg like it's just kicked a ball to the left",18,1.0,1
group008,2,28,3,A,diamond head to the right,5,1.0,1
group008,2,29,3,F,"person sitting to the left, with knees towards chest",9,1.0,1
group008,2,30,3,H,"person with no arms, diamond head on top",8,1.0,1
group008,2,31,3,C,leaning to left with arms out,6,1.0,1
group008,2,32,3,B,"diamond on top, to tringles at neck underneath diamond head",10,1.0,1
group008,2,33,3,L,"not fully kneeling, looking towards the right",7,1.0,1
group008,2,33,3,L,zig zag legs,3,1.0,1
group008,2,34,3,I,"standing on one leg, leg out towards the right while looking to the left",14,1.0,1
group008,2,35,3,G,"weird body shape, triangle towards the bottom right and diamond head towards top left",14,1.0,1
group008,2,36,4,G,"weird shaped body, triangle bottom right, diamond head top left",10,1.0,1
group008,2,37,4,C,"leaning left, arms out wide",5,1.0,1
group008,2,38,4,B,kneeling down with two triangles under diamond head,8,1.0,1
group008,2,39,4,F,"sitting down, knees up towards chest",6,1.0,1
group008,2,40,4,D,"standing facing left, something out in front of them",9,1.0,1
group008,2,41,4,K,"kneeling down facing right, something out in front of them, fully kneeling",12,1.0,1
group008,2,42,4,E,bunny ears,2,1.0,1
group008,2,43,4,A,"standing on one leg like they have kicked a ball, leg out to the left",15,1.0,1
group008,2,44,4,H,"no arms, triangle at bottom right",6,1.0,1
group008,2,45,4,I,"standing on one leg, facing left, leg out to the right",11,1.0,1
group008,2,46,4,L,zig zag legs,3,1.0,1
group008,2,47,4,J,short fat man with triangle under head,7,1.0,1
group008,2,47,4,J,triangle,1,1.0,1
group008,2,48,5,K,"fully kneeling, to the right",5,1.0,1
group008,2,49,5,B,two triangle underneath diamond head,5,1.0,1
group008,2,50,5,G,"weird body shape, diamond head to top left and triangle to bottom right",13,1.0,1
group008,2,51,5,L,zig zag,2,1.0,1
group008,2,52,5,I,"standing on one leg, to the left, leg out towards the right",12,1.0,1
group008,2,53,5,J,short fat man,3,1.0,1
group008,2,54,5,H,no arms,2,1.0,1
group008,2,55,5,F,sitting with knees to chest,5,1.0,1
group008,2,56,5,D,"standing, looking to left, holding something out",7,1.0,1
group008,2,57,5,C,leaning to left with arms wide,6,1.0,1
group008,2,58,5,A,standing on one leg with ball kick leg to left,10,1.0,1
group008,2,59,5,E,bunny ears,2,1.0,1
group008,2,60,6,D,standing facing left holding out something,6,1.0,1
group008,2,61,6,E,bunny ears,2,1.0,1
group008,2,62,6,B,"diamond head, two triangles underneath",5,1.0,1
group008,2,63,6,C,leaning left arms open,4,1.0,1
group008,2,64,6,H,no arms,2,1.0,1
group008,2,65,6,I,"facing left on one leg, other leg to the right",10,1.0,1
group008,2,66,6,K,fully kneeling facing right something out in front,8,1.0,1
group008,2,67,6,L,zig zag legs,3,1.0,1
group008,2,68,6,J,short fat man,3,1.0,1
group008,2,69,6,A,"one leg, kicking a ball",5,1.0,1
group008,2,70,6,G,"weird shape body, triangle bottom right",6,1.0,1
group008,2,71,6,F,sitting down knees up to chest,6,1.0,1
group009,2,0,1,D,"It has a diamond for a head, then the body is like a steeple, with a point connected to the diamond. Then to the left side, it looks like it is holding a bidet or a toilet bowl. At the bottom left there is a small triangle protruding from the body",51,1.0,1
group009,2,0,1,D,It stands completely upright,4,1.0,1
group009,2,0,1,D,The right side is completely straight,6,1.0,1
group009,2,0,1,D,"Yes it's connected to the main body, not a separate triangle though",12,1.0,1
group009,2,0,1,D,"So the head is a diamond, pointing straight up",9,1.0,1
group009,2,1,1,L,The head is a diamond pointing vertically up,8,1.0,1
group009,2,1,1,L,"The body looks like someone bending at the knees, the knees pointing to the right",15,1.0,1
group009,2,1,1,L,"Above the knees it is a triangle protruding, pointing the same direction as the knees",15,1.0,1
group009,2,1,1,L,The back on the left is straight,7,1.0,1
group009,2,1,1,L,And the legs have straight lines too.,7,1.0,1
group009,2,2,1,G,"The diamond head part is positioned to the left, tipping backward",11,1.0,1
group009,2,2,1,G,"the legs are parallel with the floor, like if you were kneeling down, and the feet pointing to the left",20,1.0,1
group009,2,2,1,G,"The bottom right is a triangle, with the tip of the triangle pointing downward and slightly to the left toward the knees",22,1.0,1
group009,2,2,1,G,The top right has a triangle attached with the base of the triangle pointing toward the right and the tip of the triangle attached to the body on the left,30,1.0,1
group009,2,3,1,J,The diamond head is pointing straight upward,7,1.0,1
group009,2,3,1,J,The body is like a large thick wide body this time,11,1.0,1
group009,2,3,1,J,The top right of the body has a small triangle with the tip of the triangle pointing to the right,20,1.0,1
group009,2,3,1,J,The bottom right has a triangle cut out of it,10,1.0,1
group009,2,3,1,J,And the then very bottom has a triangle flat against the floor with the right tip of the triangle pointing to the right,23,1.0,1
group009,2,4,1,H,"Okay diamond head again, pointing straight up",7,1.0,1
group009,2,4,1,H,"Left side of the body is like half of a hexagon, straight left part and then the top and bottom are lines pointing in toward the head and in toward the ground",32,1.0,1
group009,2,4,1,H,"The right side tapers in toward the head, the straight down and then like a large fat tail off to the right/a triangle",23,1.0,1
group009,2,4,1,H,Look for a left side of the body that is like a hexagon cut in half....it's unique from all the others..,21,1.0,1
group009,2,5,1,B,Okay diamond head again pointing straight up,7,1.0,1
group009,2,5,1,B,Right side at the base of the diamond there is a triangle attached,13,1.0,1
group009,2,5,1,B,the triangle is attached by the tip and the base of the triangle is pointing right on a slight angle,20,1.0,1
group009,2,5,1,B,"To the left of the base is a triangle, which points straight up and is raised slightly above the baseline of the body",23,1.0,1
group009,2,5,1,B,"To the left below the head is like a spout, like a pouring jug/a triangle",15,1.0,1
group009,2,6,1,A,This one looks like a person standing,7,1.0,1
group009,2,6,1,A,One leg on the ground,5,1.0,1
group009,2,6,1,A,"The other, raised off the ground like kicking a football",10,1.0,1
group009,2,6,1,A,The legs/triangle feet both pointing to the right,8,1.0,1
group009,2,6,1,A,And the head/diamond is like it is on the back of their neck,13,1.0,1
group009,2,6,1,A,The the face is like a long triangle pointing downward,10,1.0,1
group009,2,7,1,I,"Ok, looking like a person standing on one leg.",9,1.0,1
group009,2,7,1,I,The triangle foot pointing to the left,7,1.0,1
group009,2,7,1,I,They are leaning to the left,6,1.0,1
group009,2,7,1,I,They have 2 pointing triangles from their chest,8,1.0,1
group009,2,8,1,E,"This looks like a large triangle on the bottom, with the right angle of the triangle on the left",19,1.0,1
group009,2,8,1,E,On the top tip of the triangle is a square then two triangles above it,15,1.0,1
group009,2,9,1,F,Looks like a person sitting down on their bottom,9,1.0,1
group009,2,9,1,F,Their leg to the left,5,1.0,1
group009,2,9,1,F,Foot/triangle pointing up heel on the ground,7,1.0,1
group009,2,10,1,K,Looks like someone on their knees/kneeling down,7,1.0,1
group009,2,10,1,K,Their knees pointing to the right,6,1.0,1
group009,2,10,1,K,"Behind them, to the left, there is a tail/triangle tip pointing up vertically",13,1.0,1
group009,2,10,1,K,Their head is a diamond pointing straight up,8,1.0,1
group009,2,11,1,C,Looks like a ghost flying,5,1.0,1
group009,2,12,2,J,head is a diamond pointing upwards,6,1.0,1
group009,2,12,2,J,left side is completely straight,5,1.0,1
group009,2,12,2,J,it is the fattest one there,6,1.0,1
group009,2,12,2,J,triangle pointing outwards at the top right,7,1.0,1
group009,2,12,2,J,yes and it goes inwards just above the bottom triangle,10,1.0,1
group009,2,13,2,F,looks like someone sitting down,5,1.0,1
group009,2,13,2,F,legs to the left,4,1.0,1
group009,2,14,2,I,"looks like someone standing on one leg, with the other leg in the air to the right",17,1.0,1
group009,2,14,2,I,"two triangles coming out of their chest, and they are leaning to the left",14,1.0,1
group009,2,15,2,C,looks like a ghost flying,5,1.0,1
group009,2,16,2,E,looks kind of like a rabbit sitting down,8,1.0,1
group009,2,17,2,A,"looks like a person walking, one leg on the ground, the other leg is in the air and to the left",21,1.0,1
group009,2,18,2,D,diamond head pointing straight upwards,5,1.0,1
group009,2,18,2,D,small triangle at bottom left base,6,1.0,1
group009,2,18,2,D,looks like they are holding something on the left side,10,1.0,1
group009,2,18,2,D,holding a square that has a triangle at the top left of it,13,1.0,1
group009,2,18,2,D,yes and then it goes inwards leading to the head,10,1.0,1
group009,2,19,2,H,diamond head pointing upward,4,1.0,1
group009,2,19,2,H,"right side goes diagonally down to the right and then straight, and then out to the right/ a triangle at the bottom",22,1.0,1
group009,2,19,2,H,left side is similar but it goes inwards instead of outwards at the bottom,14,1.0,1
group009,2,19,2,H,there is a triangle at bottom right,7,1.0,1
group009,2,19,2,H,pointing to the right,4,1.0,1
group009,2,20,2,B,"square/ diamond at the top, with a triangle connected to its bottom point",13,1.0,1
group009,2,20,2,B,"the tip of the triangle is connected to the corner of the diamond, and is not connected to anything else",20,1.0,1
group009,2,21,2,K,diamond head pointing straight upwards,5,1.0,1
group009,2,21,2,K,body looks a bit like pacman with mouth open,9,1.0,1
group009,2,21,2,K,left side is straight and then sort of a triangle,10,1.0,1
group009,2,21,2,K,right side looks like pacman,5,1.0,1
group009,2,22,2,G,there is a triangle connected by one point and then not connected in any other places (in the bottom right),20,1.0,1
group009,2,23,2,L,diamond head pointing straight upwards,5,1.0,1
group009,2,23,2,L,looks a bit like they are kneeling with their hands/ a triangle out to the right,16,1.0,1
group009,2,23,2,L,it looks a bit like a zig zag as well,10,1.0,1
group009,2,23,2,L,there is a flat part on the left,8,1.0,1
group009,2,23,2,L,straight part,2,1.0,1
group009,2,24,3,J,diamond head straight up,4,1.0,1
group009,2,24,3,J,Left side is completely straight vertical,6,1.0,1
group009,2,24,3,J,The fattest shape,3,1.0,1
group009,2,25,3,I,"the one where the person stands on one leg, two equal pointy triangles to the left",16,1.0,1
group009,2,25,3,I,triangles in the chest,4,1.0,1
group009,2,26,3,K,The one that looks like pac man to the right,10,1.0,1
group009,2,26,3,K,Kneeling,1,1.0,1
group009,2,26,3,K,Pointing vertical tail left,4,1.0,1
group009,2,27,3,H,One that looks like half a hexagon shape on the left,11,1.0,1
group009,2,27,3,H,Bottom right is a triangle pointing right attached,8,1.0,1
group009,2,27,3,H,Diamond head pointing vertical,4,1.0,1
group009,2,27,3,H,body shape on the left is like a half a hexagon if it was split vertically,16,1.0,1
group009,2,27,3,H,Like someone kneeling and their legs off to the right,10,1.0,1
group009,2,28,3,E,"Looks like a bunny rabbit, the head is a damon with two triangles protruding from it",16,1.0,1
group009,2,29,3,G,the only one that has a triangle attached by the tip only on the bottom right,16,1.0,1
group009,2,29,3,G,And the head is on the left pointing left,9,1.0,1
group009,2,30,3,D,diamond head points up,4,1.0,1
group009,2,30,3,D,Bottom left is a triangle foot that is flat to the floor,12,1.0,1
group009,2,30,3,D,"In its hands, on the left, is like a square with a triangle on the top, like a pouring spout",20,1.0,1
group009,2,31,3,F,"Looks like a person sitting on the floor on their bottom, their legs to the left, knees bent pointing to the ceiling",22,1.0,1
group009,2,32,3,B,It is the ONLY one with a triangle tip attached to the BASE of the diamond head at the neck,20,1.0,1
group009,2,33,3,L,"Looks like a person standing, knees bent, knees bent to the right, hands to the right in a triangle like they are praying, vertical diamond head. Like a zigzag shape",30,1.0,1
group009,2,34,3,C,"Looks like a person ina  flying ghost sheet, both hands raised",11,1.0,1
group009,2,35,3,A,"Looks like a person walking with one left raised, legs to the left",13,1.0,1
group009,2,36,4,H,diamond head pointing up,4,1.0,1
group009,2,36,4,H,half hexagon shape on the left,6,1.0,1
group009,2,36,4,H,triangle pointing right at the bottom right,7,1.0,1
group009,2,37,4,K,head pointing upward,3,1.0,1
group009,2,37,4,K,body looks like pacman,4,1.0,1
group009,2,38,4,J,fattest one,2,1.0,1
group009,2,38,4,J,head pointing upward,3,1.0,1
group009,2,38,4,J,triangle at the top right and bottom right,8,1.0,1
group009,2,39,4,L,looks like a person kneeling with their hands out to the right / a triangle,15,1.0,1
group009,2,39,4,L,looks like a zigzag,4,1.0,1
group009,2,40,4,A,"person walking, triangle head pointing downwards",6,1.0,1
group009,2,41,4,B,only one with triangle connected at the neck and not connected anywhere else,13,1.0,1
group009,2,42,4,F,person sitting,2,1.0,1
group009,2,42,4,F,knees upwards,2,1.0,1
group009,2,43,4,I,standing on one leg,4,1.0,1
group009,2,44,4,G,only one with triangle at the base connected at only one point,12,1.0,1
group009,2,45,4,C,ghost,1,1.0,1
group009,2,46,4,D,person holding something,3,1.0,1
group009,2,47,4,E,bunny,1,1.0,1
group009,2,48,5,E,bunny,1,1.0,1
group009,2,49,5,L,zigzag,1,1.0,1
group009,2,50,5,G,only one with triangle connected at the base by a point,11,1.0,1
group009,2,51,5,D,person holding something,3,1.0,1
group009,2,52,5,K,pacman,1,1.0,1
group009,2,53,5,I,"one leg, 2 point chest triangles",6,1.0,1
group009,2,54,5,F,"sitting on their bottom, legs left, knees point up",9,1.0,1
group009,2,55,5,H,half hexagon left side of body,6,1.0,1
group009,2,56,5,B,triangle point connected to base of neck,7,1.0,1
group009,2,57,5,A,"walking legs left, triangle face points down",7,1.0,1
group009,2,58,5,J,"fattest one, left side straight vertical, two triangles right, top and bottom",12,1.0,1
group009,2,59,5,C,casper the ghost,3,1.0,1
group009,2,60,6,E,bunny,1,1.0,1
group009,2,61,6,A,"walking, triangle head pointing down",5,1.0,1
group009,2,62,6,L,zigzag,1,1.0,1
group009,2,63,6,D,holding something,2,1.0,1
group009,2,64,6,G,only triangle connected at base,5,1.0,1
group009,2,65,6,J,fattest,1,1.0,1
group009,2,66,6,K,pacman,1,1.0,1
group009,2,67,6,I,two triangle chest,3,1.0,1
group009,2,67,6,I,one leg,2,1.0,1
group009,2,68,6,F,sitting knees up,3,1.0,1
group009,2,69,6,B,only triangle connected at neck only,6,1.0,1
group009,2,70,6,C,ghost,1,1.0,1
group009,2,71,6,H,half hexagon,2,1.0,1
group010,2,0,1,J,"looking to the right, blocky, also looking up",8,1.0,1
group010,2,0,1,J,doesn't look like he's praying,5,1.0,1
group010,2,0,1,J,the left side is a completely straight line,8,1.0,1
group010,2,0,1,J,well coming out of his shoulder,6,1.0,1
group010,2,0,1,J,left side is a completely straight line,7,1.0,1
group010,2,1,1,L,facing right,2,0.0,1
group010,2,1,1,L,not completely kneeling,3,0.0,1
group010,2,1,1,L,but bent over,3,0.0,1
group010,2,1,1,L,this one has a triangle coming out of the CHEST area,11,0.0,1
group010,2,1,1,L,"head in the middle, square is so that it looks like he's looking up",14,0.0,1
group010,2,1,1,L,there are two that look like this tbh,8,0.0,1
group010,2,1,1,L,"no, his ""feet"" are completely flat to the ground",9,0.0,1
group010,2,1,1,L,"left and right side of the ""legs"" look like zig zags",11,0.0,1
group010,2,2,1,I,"ok, crane pose looking to the left",7,1.0,1
group010,2,2,1,I,on one foot,3,1.0,1
group010,2,2,1,I,with a leg facing outwards towards the right,8,1.0,1
group010,2,2,1,I,two hands extended facing the right,6,1.0,1
group010,2,2,1,I,diamond head,2,1.0,1
group010,2,2,1,I,two hands facing left,4,1.0,1
group010,2,2,1,I,ARMS FACING LEFT,3,1.0,1
group010,2,2,1,I,it's a guy on one leg,6,1.0,1
group010,2,3,1,A,ok this one is weird,5,1.0,1
group010,2,3,1,A,square head on the right side,6,1.0,1
group010,2,3,1,A,"and then like ""wings"" on the left of the head",10,1.0,1
group010,2,3,1,A,both feet facing left,4,1.0,1
group010,2,3,1,A,standing on one foot,4,1.0,1
group010,2,3,1,A,maybe this is the bird one you mentioned,8,1.0,1
group010,2,3,1,A,kind of looks like the thriller dance,7,1.0,1
group010,2,4,1,G,ok another weird one,4,1.0,1
group010,2,4,1,G,head on the left side of body,7,1.0,1
group010,2,4,1,G,and then the left side is like a big drape,10,1.0,1
group010,2,4,1,G,arms facing right,3,1.0,1
group010,2,4,1,G,"the left ""leg"" is a big blocky figure",8,1.0,1
group010,2,4,1,G,"and the right ""foot"" is just a small triangle",9,1.0,1
group010,2,5,1,D,diamond head in center of the body,7,1.0,1
group010,2,5,1,D,"arms facing left, almost like if holding a flat tray",10,1.0,1
group010,2,5,1,D,feet facing left,3,1.0,1
group010,2,6,1,E,bunny ears,2,1.0,1
group010,2,6,1,E,two triangle on top of diamond head,7,1.0,1
group010,2,6,1,E,"""feet"" facing right",3,1.0,1
group010,2,7,1,C,diamond head,2,1.0,1
group010,2,7,1,C,like flying towards the left,5,1.0,1
group010,2,7,1,C,both arms up,3,1.0,1
group010,2,7,1,C,no feet,2,1.0,1
group010,2,8,1,H,diamond head in center,4,1.0,1
group010,2,8,1,H,no arms,2,1.0,1
group010,2,8,1,H,"""foot"" facing right",3,1.0,1
group010,2,9,1,F,sitting facing left,3,1.0,1
group010,2,9,1,F,feet facing left,3,1.0,1
group010,2,9,1,F,diamond head,2,1.0,1
group010,2,9,1,F,"guy hunched over, sitting and facing left",7,1.0,1
group010,2,10,1,B,"diamond head, kneeling facing right it looks like, but could honestly go both ways",14,1.0,1
group010,2,10,1,B,feet facing left,3,1.0,1
group010,2,10,1,B,has a triangle on right side,6,1.0,1
group010,2,10,1,B,with the corner of the triangle meeting the corner of the diamond head,13,1.0,1
group010,2,11,1,K,kneeling facing right,3,0.0,1
group010,2,11,1,K,diamond head in center,4,0.0,1
group010,2,11,1,K,this the one you chose last time we got it wrong,11,0.0,1
group010,2,11,1,K,with the triangle on the left side pointing up,9,0.0,1
group010,2,11,1,K,bottom is flat,3,0.0,1
group010,2,11,1,K,holding a tray facing right,5,0.0,1
group010,2,12,2,C,one like a ghost,4,1.0,1
group010,2,12,2,C,"facing left, no legs",4,1.0,1
group010,2,12,2,C,"two arms, head is more towards his left arm as we look at it",14,1.0,1
group010,2,13,2,D,"facing left, one foot facing left",6,1.0,1
group010,2,13,2,D,diamond head in middle,4,1.0,1
group010,2,13,2,D,looks like a monk carrying a book or tray,9,1.0,1
group010,2,14,2,I,facing left,2,1.0,1
group010,2,14,2,I,two arms that are triangles facing left,7,1.0,1
group010,2,14,2,I,standing on one foot and the other is in the air pointing right,13,1.0,1
group010,2,15,2,E,"sitting down, totally flat bottom",5,1.0,1
group010,2,15,2,E,facing right,2,1.0,1
group010,2,15,2,E,no arms,2,1.0,1
group010,2,15,2,E,bunny ears out of square head,6,1.0,1
group010,2,16,2,G,facing left,2,1.0,1
group010,2,16,2,G,flat bottom,2,1.0,1
group010,2,16,2,G,"arms are facing right, one is higher and one is lower so looks like they make the letter C",19,1.0,1
group010,2,16,2,G,not holding a tray,4,1.0,1
group010,2,17,2,L,"facing right, flat bottom",4,1.0,1
group010,2,17,2,L,diamond head in middle of body,6,1.0,1
group010,2,17,2,L,one arm facing right like a triangle,7,1.0,1
group010,2,17,2,L,looks like a zig zag with head on it or the letter S,13,1.0,1
group010,2,18,2,B,sitting down? facing left,4,1.0,1
group010,2,18,2,B,head is diamond towards right of body with triangle coming out of it to the right,16,1.0,1
group010,2,18,2,B,one leg pointing to the left slightly off the ground,10,1.0,1
group010,2,19,2,H,no arms and looking straight ahead,6,1.0,1
group010,2,19,2,H,diamond head on middle of body,6,1.0,1
group010,2,19,2,H,one leg pointing to the right,6,1.0,1
group010,2,20,2,A,"looking left, standing on foot",5,1.0,1
group010,2,20,2,A,other foot is pointing left and is in the air,10,1.0,1
group010,2,20,2,A,"head is on the right, looks like it is falling off",11,1.0,1
group010,2,21,2,K,"pointing right, totally flat bottom",5,1.0,1
group010,2,21,2,K,diamond head to the left of the body,8,1.0,1
group010,2,21,2,K,looks a bit like a seal with a ball !,10,1.0,1
group010,2,21,2,K,one triangle arm pointing to the right,7,1.0,1
group010,2,22,2,J,"flat bottom, facing straight",4,1.0,1
group010,2,22,2,J,"diamond head, in middle of body",6,1.0,1
group010,2,22,2,J,left hand side totally straight,5,1.0,1
group010,2,23,2,F,"this one is sitting down, facing left",7,1.0,1
group010,2,23,2,F,diamond head,2,1.0,1
group010,2,23,2,F,no arms,2,1.0,1
group010,2,23,2,F,legs are drawn up towards his chest,7,1.0,1
group010,2,24,3,K,diamond head,2,1.0,1
group010,2,24,3,K,arms facing to the right,5,1.0,1
group010,2,24,3,K,"flat bottom, almost looks like he's kneeling",7,1.0,1
group010,2,24,3,K,but on left side,4,1.0,1
group010,2,24,3,K,there's a point bit that goes upward,7,1.0,1
group010,2,24,3,K,looks like it's holding a tray,6,1.0,1
group010,2,24,3,K,the bit that points upwards is on the left side,10,1.0,1
group010,2,24,3,K,arms and knees facing right,5,1.0,1
group010,2,24,3,K,"and then ""feet"" or a triangle pointing upwards on the left side",12,1.0,1
group010,2,25,3,A,thriller dance,2,1.0,1
group010,2,25,3,A,both feet facing left,4,1.0,1
group010,2,25,3,A,"head on right side, looks like its slipping off",9,1.0,1
group010,2,26,3,L,"diamond head on center of body, holding a tray facing the right side",13,1.0,1
group010,2,26,3,L,flat bottom,2,1.0,1
group010,2,26,3,L,almost looks like an S shape,6,1.0,1
group010,2,27,3,C,flying to the left,4,1.0,1
group010,2,27,3,C,arms up in the air,5,1.0,1
group010,2,27,3,C,no legs,2,1.0,1
group010,2,28,3,B,diamond head on right side of body,7,1.0,1
group010,2,28,3,B,"flat bottom, but it looks like the left leg is slightly off the ground",14,1.0,1
group010,2,28,3,B,there's a triangle on the right side,7,1.0,1
group010,2,28,3,B,where the corner meets the corner of the diamond head,10,1.0,1
group010,2,29,3,E,bunny ears,2,1.0,1
group010,2,29,3,E,flat bottom,2,1.0,1
group010,2,30,3,D,"diamond head, center of body",5,1.0,1
group010,2,30,3,D,holding a tray facing left side,6,1.0,1
group010,2,30,3,D,flat bottom,2,1.0,1
group010,2,30,3,D,right side of body is a straight line,8,1.0,1
group010,2,30,3,D,right side is flat,4,1.0,1
group010,2,30,3,D,tray on left side,4,1.0,1
group010,2,31,3,F,guy hunched over,3,1.0,1
group010,2,31,3,F,facing left,2,1.0,1
group010,2,31,3,F,knees towards chest,3,1.0,1
group010,2,32,3,J,diamond head center of body,5,1.0,1
group010,2,32,3,J,flat left side,3,1.0,1
group010,2,33,3,H,"no arms, diamond head",4,1.0,1
group010,2,33,3,H,triangle on bottom facing right,5,1.0,1
group010,2,33,3,H,NO ARMS,2,1.0,1
group010,2,34,3,G,almost square head on left side of body,8,1.0,1
group010,2,34,3,G,two triangles on the right side,6,1.0,1
group010,2,34,3,G,making like a C shape,5,1.0,1
group010,2,35,3,I,"guy on one leg, arms facing right",7,1.0,1
group010,2,35,3,I,left side,2,1.0,1
group010,2,35,3,I,two triangle arms on LEFT side,6,1.0,1
group010,2,36,4,A,"thriller dancer, on one leg, head falling off",8,1.0,1
group010,2,37,4,B,"facing left, flat bottom, head to the right with the triangle coming out of it",15,1.0,1
group010,2,37,4,B,one leg slightly raised to the left,7,1.0,1
group010,2,38,4,I,looks like skater on one leg facing left,8,1.0,1
group010,2,38,4,I,one leg to the right in the air,8,1.0,1
group010,2,38,4,I,two triangle arms to the left,6,1.0,1
group010,2,39,4,C,"flying ghost, no legs, two arms in the air",9,1.0,1
group010,2,40,4,D,"on e that looks like the monk, facing left, diamond head in the middle",14,1.0,1
group010,2,40,4,D,holding a tray to the left,6,1.0,1
group010,2,41,4,H,"no arms, facing straight, diamond head in the middle, one leg pointing to the right",15,1.0,1
group010,2,42,4,G,"facing left, sitting down, one with the arms that make a C",12,1.0,1
group010,2,43,4,E,bunny ears!,2,1.0,1
group010,2,44,4,L,"one like a S, facing right, diamond head in middle",10,1.0,1
group010,2,45,4,F,"sitting down, facing left, knees up to his chest",9,1.0,1
group010,2,45,4,F,diamond head slightly forward to the left,7,1.0,1
group010,2,45,4,F,sitting on his hands,4,1.0,1
group010,2,46,4,K,"one like a seal with a ball, facing right",9,1.0,1
group010,2,47,4,J,"facing straight, flat bottom, flat left hand side",8,1.0,1
group010,2,48,5,J,diamond head center of body,5,1.0,1
group010,2,48,5,J,FLAT left side,3,1.0,1
group010,2,48,5,J,two triangles on right side,5,1.0,1
group010,2,49,5,L,S shaped legs,3,1.0,1
group010,2,49,5,L,facing right,2,1.0,1
group010,2,49,5,L,diamond head center of body,5,1.0,1
group010,2,49,5,L,flat bottom,2,1.0,1
group010,2,50,5,F,guy hunched over facing left side,6,1.0,1
group010,2,50,5,F,knees towards chest,3,1.0,1
group010,2,51,5,A,thriller dance,2,1.0,1
group010,2,52,5,H,diamond head center of body,5,1.0,1
group010,2,52,5,H,NO ARMS,2,1.0,1
group010,2,52,5,H,triangle on bottom facing right,5,1.0,1
group010,2,53,5,G,head tilted to the right of body,7,1.0,1
group010,2,53,5,G,arm and legs forming C shape,6,1.0,1
group010,2,53,5,G,on right side,3,1.0,1
group010,2,53,5,G,big left leg flat on bottom,6,1.0,1
group010,2,54,5,C,flying towards the left side,5,1.0,1
group010,2,54,5,C,no legs,2,1.0,1
group010,2,55,5,D,facing left side,3,1.0,1
group010,2,55,5,D,holding a tray,3,1.0,1
group010,2,55,5,D,flat bottom,2,1.0,1
group010,2,55,5,D,diamond head center of body,5,1.0,1
group010,2,55,5,D,flat right side,3,1.0,1
group010,2,56,5,B,head towards right of body,5,1.0,1
group010,2,56,5,B,"flat bottom, with slightly raised left leg",7,1.0,1
group010,2,57,5,I,"skater, leg raised on right side",6,1.0,1
group010,2,57,5,I,on one foot,3,1.0,1
group010,2,58,5,K,"seal, diamond head, holding tray on right side",8,1.0,1
group010,2,59,5,E,bunny ears!,2,1.0,1
group010,2,59,5,E,flat bottom,2,1.0,1
group010,2,60,6,G,"facing left, arm and leg make a C",8,1.0,1
group010,2,60,6,G,flat bottom,2,1.0,1
group010,2,61,6,K,seal!,1,1.0,1
group010,2,62,6,D,"monk facing left with tray, diamond head",7,1.0,1
group010,2,63,6,B,one where his head is falling off and triangle coming out of it to the right,16,1.0,1
group010,2,63,6,B,facing left,2,1.0,1
group010,2,64,6,H,"no arms, facing straight, diamond head in middle",8,1.0,1
group010,2,64,6,H,one leg to the right,5,1.0,1
group010,2,65,6,I,skater!,1,1.0,1
group010,2,66,6,F,"sitting down, facing left, sitting on arms, legs drawn up to chest",12,1.0,1
group010,2,67,6,E,it's time for .... bunny ears,6,1.0,1
group010,2,68,6,A,thriller,1,1.0,1
group010,2,69,6,C,flying ghost,2,1.0,1
group010,2,70,6,J,"flat bottom, flat left hand side",6,1.0,1
group010,2,71,6,L,"S shape, pointing to right diamond head in middle",9,1.0,1
group011,2,0,1,C,person with arms stretched out both sides,7,1.0,1
group011,2,1,1,A,looks like person standing up facing left with another person facing the opposite direction going through him.,17,0.0,1
group011,2,2,1,K,two diamond shapes with the second one being merged into a bigger shape,13,1.0,1
group011,2,3,1,I,one diamond shape towards the upper left of the picture connecting to a triangle that is apart of a bigger shape,21,0.0,1
group011,2,3,1,I,multiple triangles in the picture,5,0.0,1
group011,2,4,1,D,diamond shaped head with the person facing left standing up with both arms out and feet on the ground,19,1.0,1
group011,2,5,1,J,diamond shaped head on top of a big shape which looks like somebody took a bite out of a square,20,1.0,1
group011,2,6,1,B,looks like a person on their knees facing right with a triangle connected to the front of their face,19,1.0,1
group011,2,7,1,L,looks like a person bending their knees and facing right with arms out in front of them,17,1.0,1
group011,2,8,1,E,looks like a bunny rabbit head connected to a big triangular shape,12,1.0,1
group011,2,8,1,E,facing right,2,1.0,1
group011,2,9,1,H,diamond shaped head on top of an octagonal shape,9,1.0,1
group011,2,9,1,H,looks like a big blob kind of,7,1.0,1
group011,2,10,1,F,looks like a person sitting down on their ass facing left,11,0.0,1
group011,2,10,1,F,diamond head and legs sticking out left,7,0.0,1
group011,2,11,1,G,small diamond shape connected to large obscure shape which has two small triangles within it,15,0.0,1
group011,2,11,1,G,the triangles look like hands kind of,7,0.0,1
group011,2,11,1,G,the person would be facing right,6,0.0,1
group011,2,12,2,C,flailing arms,2,1.0,1
group011,2,12,2,C,looking like a grumpy new yorker,6,1.0,1
group011,2,13,2,G,looks like a zombie with a cape dragging behind,9,1.0,1
group011,2,13,2,G,arms in the air,4,1.0,1
group011,2,14,2,H,potato looking thing with a diamond shape on top of it,11,1.0,1
group011,2,15,2,E,rabbit ears laid/sat down,4,1.0,1
group011,2,16,2,K,two diamonds attached with what looks like a trapezium,9,1.0,1
group011,2,16,2,K,consists of 4 shapes overall,5,1.0,1
group011,2,16,2,K,"triangle, trapeze and 2 diamonds",5,1.0,1
group011,2,16,2,K,does not look like a person,6,1.0,1
group011,2,16,2,K,person,1,1.0,1
group011,2,17,2,F,"person sat down, looking quite sad",6,1.0,1
group011,2,17,2,F,head facing downwards,3,1.0,1
group011,2,17,2,F,body facing left overall,4,1.0,1
group011,2,18,2,J,diamond on top with what looks like a a head underneath,11,0.0,1
group011,2,18,2,J,does not look like a person,6,0.0,1
group011,2,19,2,B,looks like Pingu,3,1.0,1
group011,2,19,2,B,with a triangle on his face,6,1.0,1
group011,2,19,2,B,knelt down,2,1.0,1
group011,2,20,2,D,looks like a guy holding a book,7,1.0,1
group011,2,20,2,D,facing left,2,1.0,1
group011,2,20,2,D,maybe with a robe on,5,1.0,1
group011,2,21,2,I,ice skating,2,1.0,1
group011,2,22,2,L,knees bent,2,1.0,1
group011,2,22,2,L,like he's going to jump,5,1.0,1
group011,2,23,2,A,looks like a guy with a flag on his back,10,1.0,1
group011,2,23,2,A,facing left,2,1.0,1
group011,2,23,2,A,one foot out,3,1.0,1
group011,2,23,2,A,one on the floor,4,1.0,1
group011,2,24,3,H,potato,1,1.0,1
group011,2,25,3,C,grumpy new yorker,3,1.0,1
group011,2,26,3,B,pingu,1,1.0,1
group011,2,27,3,E,rabbit,1,1.0,1
group011,2,28,3,J,diamond head on top of a shape that looks like a square but someone took a bite,17,1.0,1
group011,2,29,3,I,ice skating,2,1.0,1
group011,2,30,3,K,two diamonds into a trapezium looking shape doesn't look like a person,12,1.0,1
group011,2,31,3,D,guy with robe,3,1.0,1
group011,2,32,3,A,flag guy,2,1.0,1
group011,2,33,3,G,zombie,1,1.0,1
group011,2,34,3,L,bent knees,2,1.0,1
group011,2,35,3,F,sad looking down sitting,4,1.0,1
group011,2,36,4,G,zombie,1,1.0,1
group011,2,37,4,L,bent knees,2,1.0,1
group011,2,38,4,I,ice skating,2,1.0,1
group011,2,39,4,K,trapezium,1,1.0,1
group011,2,40,4,J,head with diamond on it,5,1.0,1
group011,2,40,4,J,chunk taken out of it,5,1.0,1
group011,2,41,4,A,flag man,2,1.0,1
group011,2,42,4,B,pingu face,2,1.0,1
group011,2,43,4,D,robe man with book,4,1.0,1
group011,2,44,4,F,sad sat down,3,1.0,1
group011,2,45,4,H,worm,1,1.0,1
group011,2,45,4,H,potato,1,1.0,1
group011,2,46,4,C,angry man,2,1.0,1
group011,2,46,4,C,arms in the air,4,1.0,1
group011,2,46,4,C,new yorker yes haha,4,1.0,1
group011,2,47,4,E,rabbit,1,1.0,1
group011,2,48,5,H,potato,1,1.0,1
group011,2,49,5,E,rabbit,1,1.0,1
group011,2,50,5,B,pingu,1,1.0,1
group011,2,50,5,B,triangle connected to face whilst kneeling,6,1.0,1
group012,2,0,1,L,"this picture looks like a person with his arms out, and his legs bent",14,0.0,1
group012,2,0,1,L,yes they look like they are partially leaning,8,0.0,1
group012,2,1,1,I,he is landing on one leg,6,1.0,1
group012,2,1,1,I,the other one is straight out to the side,9,1.0,1
group012,2,2,1,C,this guy is leaning like you thought before,8,1.0,1
group012,2,2,1,C,his two arms are out,5,1.0,1
group012,2,3,1,D,this guy is standing up straight but it looks like he is facing sideways with his arms out straight,19,1.0,1
group012,2,3,1,D,it also looks like he's wearing a cloak,8,1.0,1
group012,2,3,1,D,he is facing the left,5,1.0,1
group012,2,4,1,A,"this guy looks a bit more funky then the others, he has one foot on the ground and the others one partially up",23,1.0,1
group012,2,4,1,A,his feet are facing left,5,1.0,1
group012,2,4,1,A,and his head is tilted towards the right,8,1.0,1
group012,2,4,1,A,or by head i mean the square/diamond shape,8,1.0,1
group012,2,5,1,B,this looks like they are sitting on the ground with their arms in a triangle shape pointing out towards the left,21,0.0,1
group012,2,5,1,B,they also have a triangle attached to the head,9,0.0,1
group012,2,6,1,H,"this one does not have any arms point out, and they are standing up straight",15,1.0,1
group012,2,6,1,H,their is a little triangle on the bottom right that is the only part sticking out,16,1.0,1
group012,2,6,1,H,one of the more simple ones,6,1.0,1
group012,2,7,1,K,this person is standing up straight with their arms out facing right,12,0.0,1
group012,2,7,1,K,below their arms is another triangle that is wider,9,0.0,1
group012,2,7,1,K,it may not be feel but the right side of them looks like a sideways v,16,0.0,1
group012,2,8,1,G,"this guys looks more intricate then the others, he has a cloak behind him on the left that looks like it's dragging on the ground",25,1.0,1
group012,2,8,1,G,his feet and arms are on the right side,9,1.0,1
group012,2,8,1,G,and his head is leaning back towards the left side,10,1.0,1
group012,2,9,1,F,this guy is sitting on the ground with his knees bent on the left side,15,1.0,1
group012,2,9,1,F,his head is tilted in towards his knees,8,1.0,1
group012,2,10,1,J,"this guy is standing up straight, his left side has a box appearance with nothing sticking out, and his right side has his arms and feet pointing out",28,1.0,1
group012,2,11,1,E,"this guy in sitting on the ground, he looks like he has bunny ears",14,1.0,1
group012,2,12,2,L,"Looks like he has his knees bent, facing to the right with a book",14,1.0,1
group012,2,13,2,F,"Sitting down, facing left with his head tilted",8,1.0,1
group012,2,14,2,H,"Simple looking one, looks like a foot on the bottom right but thats all you can really see",18,1.0,1
group012,2,14,2,H,"there's a diamond, then the body which you can't see arms on",12,1.0,1
group012,2,15,2,I,"looks like he has 1 leg on the ground, facing left",11,1.0,1
group012,2,15,2,I,has 1 leg out to the right,7,1.0,1
group012,2,15,2,I,2 arms facing left,4,1.0,1
group012,2,16,2,D,Looks like he is reading a book but facing left this time,12,1.0,1
group012,2,16,2,D,straight legs,2,1.0,1
group012,2,17,2,B,Looks like he is on his knees facing right with his arms out,13,0.0,1
group012,2,17,2,B,and a little triangle bottom left,6,0.0,1
group012,2,17,2,B,like an angel,3,0.0,1
group012,2,18,2,A,facing left with 1 foot on the ground and another foot slightly up,13,1.0,1
group012,2,18,2,A,diamond is on the right hand side of the body,10,1.0,1
group012,2,19,2,E,the one with bunny ears,5,1.0,1
group012,2,20,2,K,The one you clicked when I said angel before,9,1.0,1
group012,2,21,2,G,"looks like a big cape on the left, with a foot slightly off the ground to the right",18,1.0,1
group012,2,21,2,G,head is on the left hand side,7,1.0,1
group012,2,22,2,C,Looks like \\,3,1.0,1
group012,2,22,2,C,"leaning to the left, arms in the air",8,1.0,1
group012,2,23,2,J,The one with the straight line on the left,9,1.0,1
group012,2,24,3,L,bending his knees the the right,6,1.0,1
group012,2,24,3,L,and arms are out to the right,7,1.0,1
group012,2,24,3,L,head straight,2,1.0,1
group012,2,24,3,L,his back is straight expect a triangle on the bottom left,11,1.0,1
group012,2,25,3,G,the one with the cloak dragging on the left,9,1.0,1
group012,2,26,3,A,"one foot on the ground, the other foot a bit lifted above ground on the left",16,1.0,1
group012,2,26,3,A,diamond is on the right side,6,1.0,1
group012,2,27,3,F,guy sitting on the ground with legs bent,8,1.0,1
group012,2,27,3,F,no arms shown,3,1.0,1
group012,2,27,3,F,facing left,2,1.0,1
group012,2,28,3,J,box left side,3,1.0,1
group012,2,29,3,C,\\ this guy,3,1.0,1
group012,2,30,3,I,"facing left, one leg on ground other leg on the right side",12,1.0,1
group012,2,30,3,I,looks like hes ice skating,5,1.0,1
group012,2,31,3,B,"looks like a girl sitting down in a dress, arms and feet out on left sides",16,1.0,1
group012,2,31,3,B,triangle that looks like hair on the right side,9,1.0,1
group012,2,32,3,D,"arms and feet pointing left, looks like he's reading a book",11,1.0,1
group012,2,32,3,D,nothing on right side,4,1.0,1
group012,2,33,3,H,"basic one, feet point right, no arms",7,1.0,1
group012,2,34,3,E,bunny ears,2,1.0,1
group012,2,35,3,K,the one with arms and legs pointing right creating a sideways v,12,1.0,1
group012,2,35,3,K,and a weird triangle point up on left side,9,1.0,1
group012,2,36,4,K,Same one you just said,5,1.0,1
group012,2,37,4,A,"1 leg on the floor, 1 leg up facing left",10,1.0,1
group012,2,37,4,A,diamond top right,3,1.0,1
group012,2,38,4,J,box,1,1.0,1
group012,2,39,4,I,ice skater,2,1.0,1
group012,2,40,4,E,bunny ears,2,1.0,1
group012,2,41,4,D,"facing left, looks like he's holding a book",8,1.0,1
group012,2,41,4,D,straight legs,2,1.0,1
group012,2,42,4,C,\\,1,1.0,1
group012,2,43,4,F,sitting down facing left,4,1.0,1
group012,2,43,4,F,head tilted towards his feet,5,1.0,1
group012,2,44,4,L,"facing right reading a book, bent legs",7,1.0,1
group012,2,45,4,H,"No arms, just a leg at the bottom right and a head",12,1.0,1
group012,2,46,4,G,big cape,2,1.0,1
group012,2,47,4,B,the angel,2,1.0,1
group012,2,48,5,G,cape guy,2,1.0,1
group012,2,49,5,B,angel,1,1.0,1
group012,2,50,5,J,box left side,3,1.0,1
group012,2,51,5,D,"arms out and legs facing left, reading a book",9,1.0,1
group012,2,52,5,L,knees bent and arms out on right side,8,1.0,1
group012,2,53,5,F,guy sitting with knees bent and head in,8,1.0,1
group012,2,54,5,I,ice skater,2,1.0,1
group012,2,55,5,C,\\,1,1.0,1
group012,2,56,5,A,"one leg on ground, other lifted facing left",8,1.0,1
group012,2,57,5,E,bunny ears,2,1.0,1
group012,2,58,5,H,basic one with no arms and feet pointing right,9,1.0,1
group012,2,59,5,K,arms and feet out on right side making a sideways v,11,1.0,1
group012,2,59,5,K,two weird triangles on left side,6,1.0,1
group012,2,60,6,A,"1 foot on the ground, 1 slightly up, facing left",10,1.0,1
group012,2,60,6,A,box top right,3,1.0,1
group012,2,61,6,K,"facing right, arms and legs making a v (last one you told me)",13,1.0,1
group012,2,62,6,J,box,1,1.0,1
group012,2,63,6,B,angel,1,1.0,1
group012,2,64,6,G,big cape,2,1.0,1
group012,2,65,6,I,ice skater,2,1.0,1
group012,2,66,6,E,bunny ears,2,1.0,1
group012,2,67,6,D,"facing left reading a book, straight legs",7,1.0,1
group012,2,68,6,H,"no arms, leg facing right",5,1.0,1
group012,2,69,6,C,\\,1,1.0,1
group012,2,70,6,F,"sitting down facing left, head pointing down",7,1.0,1
group012,2,71,6,L,"facing right reading a book, bent legs",7,1.0,1
group013,2,0,1,H,this pic is vertical,4,1.0,1
group013,2,0,1,H,with a hat like a diamond shape,7,1.0,1
group013,2,0,1,H,and really simple shape,4,1.0,1
group013,2,0,1,H,no arms,2,1.0,1
group013,2,0,1,H,foot to the right,4,1.0,1
group013,2,1,1,E,so this starts with a base like a right angle triangle,11,1.0,1
group013,2,1,1,E,a small square on top,5,1.0,1
group013,2,1,1,E,then 2 small triangles on the square,7,1.0,1
group013,2,2,1,B,starts with a weird base,5,1.0,1
group013,2,2,1,B,tiny triangle on the bottom left,6,1.0,1
group013,2,2,1,B,then top has a square and triangle,7,1.0,1
group013,2,2,1,B,the square in on top,5,1.0,1
group013,2,2,1,B,the triangle in hanging off the square,7,1.0,1
group013,2,3,1,J,a squarish base,3,1.0,1
group013,2,3,1,J,the left side is completely straight,6,1.0,1
group013,2,3,1,J,and the top has a diamond in the middle,9,1.0,1
group013,2,3,1,J,don't forget the left side is completely straight,8,1.0,1
group013,2,3,1,J,the left side is straight,5,1.0,1
group013,2,3,1,J,the right isn't,3,1.0,1
group013,2,3,1,J,and top is straight,4,1.0,1
group013,2,4,1,A,so this one looks like a guy standing,8,1.0,1
group013,2,4,1,A,with one foot in the air,6,1.0,1
group013,2,4,1,A,and a square on his shoulder,6,1.0,1
group013,2,5,1,I,this looks like a guy on one foot again,9,1.0,1
group013,2,5,1,I,but has a diamond on his head,7,1.0,1
group013,2,5,1,I,and a triangle on his butt,6,1.0,1
group013,2,6,1,D,so right side is straight,5,1.0,1
group013,2,6,1,D,and diamond on top,4,1.0,1
group013,2,7,1,C,looks like a guy is flying,6,1.0,1
group013,2,7,1,C,diamond head,2,1.0,1
group013,2,8,1,G,bottom is straight,3,0.0,1
group013,2,8,1,G,small triangle hanging bottom left,5,0.0,1
group013,2,8,1,G,top has a square,4,0.0,1
group013,2,9,1,K,so bottom straight,3,1.0,1
group013,2,9,1,K,right side looks like a mouth open,7,1.0,1
group013,2,9,1,K,top is a diamond,4,1.0,1
group013,2,9,1,K,theres 2 that are similar,5,1.0,1
group013,2,9,1,K,this one has sharp edge on bottom left,8,1.0,1
group013,2,9,1,K,yess but the bottom diamond is not full,8,1.0,1
group013,2,10,1,F,looks like guy sitting down,5,1.0,1
group013,2,10,1,F,with diamond head,3,1.0,1
group013,2,10,1,F,not square,2,1.0,1
group013,2,10,1,F,diamond,1,1.0,1
group013,2,10,1,F,looks like a square,4,1.0,1
group013,2,10,1,F,he has one leg,4,1.0,1
group013,2,11,1,L,so remember the zig zag one,6,1.0,1
group013,2,11,1,L,it was similar to that,5,1.0,1
group013,2,11,1,L,same diamond head,3,1.0,1
group013,2,11,1,L,not 2nd diamond,3,1.0,1
group013,2,11,1,L,no it had the mouth remember,6,1.0,1
group013,2,11,1,L,oh yeah no triangle left side,6,1.0,1
group013,2,11,1,L,there is no bottom triangle,5,1.0,1
group013,2,11,1,L,the right side has a mouth like shape,8,1.0,1
group013,2,11,1,L,like before,2,1.0,1
group013,2,12,2,I,looks like guy standing on one leg,7,1.0,1
group013,2,12,2,I,foot is kicked to the back,6,1.0,1
group013,2,12,2,I,and diamond head,3,1.0,1
group013,2,12,2,I,kicked to right hand side,5,1.0,1
group013,2,13,2,E,"bottom is formed of two triangles - one smaller on one right, and one larger one on left",18,1.0,1
group013,2,13,2,E,and then square above that,5,1.0,1
group013,2,13,2,E,"and then above that there's a smaller triangle on left, and slightly bigger triangle on right",16,1.0,1
group013,2,14,2,J,diamond head,2,1.0,1
group013,2,14,2,J,left side completely straight,4,1.0,1
group013,2,14,2,J,bottom is jagged on right side,6,1.0,1
group013,2,14,2,J,"and jagged again under the top diamond, on the right side",11,1.0,1
group013,2,14,2,J,yeah dead straight,3,1.0,1
group013,2,15,2,C,looks like person flying in air,6,1.0,1
group013,2,15,2,C,two hands upright,3,1.0,1
group013,2,16,2,D,diamond head,2,1.0,1
group013,2,16,2,D,looks like person with hands out to left,8,1.0,1
group013,2,16,2,D,right side very straight up until where it bends in to head,12,1.0,1
group013,2,17,2,G,small triangle hanging off on right side,7,1.0,1
group013,2,17,2,G,square at top on the left,6,1.0,1
group013,2,17,2,G,hanging off too,3,1.0,1
group013,2,17,2,G,and then a triangle at the top on the right,10,1.0,1
group013,2,18,2,B,triangle on bottom left,4,1.0,1
group013,2,18,2,B,the top is a square with a triangle behind it,10,1.0,1
group013,2,19,2,F,person sitting down with one leg,6,1.0,1
group013,2,19,2,F,pointy knee,2,1.0,1
group013,2,20,2,L,zig zag,2,0.0,1
group013,2,20,2,L,but not the mouth one,5,0.0,1
group013,2,20,2,L,the one with no triangle at bottom,7,0.0,1
group013,2,20,2,L,and gap above the bottom,5,0.0,1
group013,2,21,2,H,this is the one with no legs,7,1.0,1
group013,2,21,2,H,diamond head,2,1.0,1
group013,2,21,2,H,looks like a monk in a robe,7,1.0,1
group013,2,21,2,H,protrudes on bottom right,4,1.0,1
group013,2,22,2,A,square hanging off this guy's shoulder,6,1.0,1
group013,2,22,2,A,leg kicking on left,4,1.0,1
group013,2,23,2,K,"diamond on top, but second diamond hidden",7,1.0,1
group013,2,23,2,K,the other zig zag one basically,6,1.0,1
group013,2,24,3,J,straight left,2,1.0,1
group013,2,25,3,I,one leg but diamond on top,6,1.0,1
group013,2,25,3,I,triangle butt,2,1.0,1
group013,2,26,3,H,protrude right,2,1.0,1
group013,2,26,3,H,diamond top,2,1.0,1
group013,2,27,3,G,bottom is straightish one,4,1.0,1
group013,2,27,3,G,triangle hanging,2,1.0,1
group013,2,27,3,G,square top,2,1.0,1
group013,2,28,3,A,left leg kicking one,4,1.0,1
group013,2,28,3,A,square shoulder,2,1.0,1
group013,2,29,3,L,zig zag,2,1.0,1
group013,2,29,3,L,diamond top,2,1.0,1
group013,2,29,3,L,not the pointy one,4,1.0,1
group013,2,29,3,L,the other one,3,1.0,1
group013,2,29,3,L,one yes,2,1.0,1
group013,2,29,3,L,on top,2,1.0,1
group013,2,30,3,E,so bottom triangle,3,1.0,1
group013,2,30,3,E,theres 2 one big,4,1.0,1
group013,2,30,3,E,one small,2,1.0,1
group013,2,30,3,E,square top,2,1.0,1
group013,2,30,3,E,and 2 triangles,3,1.0,1
group013,2,30,3,E,hanging off square,3,1.0,1
group013,2,31,3,F,guy sitting,2,1.0,1
group013,2,31,3,F,pointy knee,2,1.0,1
group013,2,32,3,C,flying man,2,1.0,1
group013,2,33,3,K,pointy zig zag,3,1.0,1
group013,2,34,3,B,bottom left has a tiny triangle,6,1.0,1
group013,2,34,3,B,top has a square,4,1.0,1
group013,2,35,3,D,right side straightish,3,1.0,1
group013,2,35,3,D,top has a square hanging,5,1.0,1
group013,2,35,3,D,left is protruding,3,1.0,1
group013,2,35,3,D,basically the only one left,5,1.0,1
group013,2,35,3,D,so bottom is straight,4,1.0,1
group013,2,36,4,H,protrudes bottom right,3,1.0,1
group013,2,36,4,H,looks like guy with no legs,6,1.0,1
group013,2,36,4,H,diamond top,2,1.0,1
group013,2,37,4,B,tiny triangle on left,4,1.0,1
group013,2,37,4,B,square top,2,1.0,1
group013,2,37,4,B,triangle hanging off square,4,1.0,1
group013,2,38,4,E,"two triangles at bottom - one larger on left, one smaller on right",13,1.0,1
group013,2,38,4,E,then a square above that,5,1.0,1
group013,2,39,4,K,zig zag with the second not formed diamond,8,0.0,1
group013,2,40,4,I,and this one is leg kicking to the right,9,1.0,1
group013,2,40,4,I,triangle butt,2,1.0,1
group013,2,40,4,I,diamond top,2,1.0,1
group013,2,40,4,I,two triangles on left,4,1.0,1
group013,2,40,4,I,like jagged,2,1.0,1
group013,2,40,4,I,looks like standing on one leg,6,1.0,1
group013,2,40,4,I,and kicking to right,4,1.0,1
group013,2,40,4,I,yeah like standing on a leg and kicking out to the back,12,1.0,1
group013,2,40,4,I,with the right one,4,1.0,1
group013,2,41,4,J,left side straight,3,1.0,1
group013,2,41,4,J,diamond head,2,1.0,1
group013,2,42,4,C,guy flying,2,1.0,1
group013,2,43,4,A,square on shoulder,3,1.0,1
group013,2,43,4,A,guy kicking to left,4,1.0,1
group013,2,44,4,D,right side straight up to bend by head,8,1.0,1
group013,2,44,4,D,left side protruding,3,1.0,1
group013,2,45,4,L,other zig zag one,4,1.0,1
group013,2,45,4,L,one you clicked before,4,1.0,1
group013,2,45,4,L,one diamond,2,1.0,1
group013,2,45,4,L,pointed to left and right,5,1.0,1
group013,2,45,4,L,sooo the one that goes into the triangle lower down,10,1.0,1
group013,2,45,4,L,not the one that has two diamonds,7,1.0,1
group013,2,46,4,F,sitting with one leg,4,1.0,1
group013,2,46,4,F,pointy knee,2,1.0,1
group013,2,47,4,G,triangle hanging off on bottom right,6,1.0,1
group013,2,48,5,C,flying,1,1.0,1
group013,2,49,5,K,pointy zig zag,3,0.0,1
group013,2,49,5,K,diamond faded one,3,0.0,1
group013,2,50,5,L,that one we need better name for looool,8,1.0,1
group013,2,50,5,L,diamond a is the one u clicked,7,1.0,1
group013,2,50,5,L,so this is diamond a,5,1.0,1
group013,2,51,5,J,straight left side,3,1.0,1
group013,2,51,5,J,dead straight,2,1.0,1
group013,2,51,5,J,diamond top,2,1.0,1
group013,2,52,5,D,straightish right,2,1.0,1
group013,2,52,5,D,diamond top,2,1.0,1
group013,2,52,5,D,left protruding,2,1.0,1
group013,2,53,5,B,tiny triangle bottom left,4,1.0,1
group013,2,54,5,F,pointy knee,2,1.0,1
group013,2,55,5,G,tiny triangle hanging bottom right,5,1.0,1
group013,2,55,5,G,top has a square,4,1.0,1
group013,2,56,5,I,triangle butt,2,1.0,1
group013,2,57,5,H,right protruding one,3,1.0,1
group013,2,57,5,H,diamond top,2,1.0,1
group013,2,57,5,H,no legs,2,1.0,1
group013,2,58,5,A,left leg is up,4,1.0,1
group013,2,58,5,A,square shoulder,2,1.0,1
group013,2,59,5,E,2 triangle one,3,1.0,1
group013,2,59,5,E,square the 2 triangles,4,1.0,1
group013,2,60,6,C,flying man,2,1.0,1
group013,2,61,6,D,protrude to left,3,1.0,1
group013,2,61,6,D,diamond head,2,1.0,1
group013,2,61,6,D,straight right,2,1.0,1
group013,2,62,6,K,diamond b,2,1.0,1
group013,2,63,6,L,diamond a,2,1.0,1
group013,2,64,6,G,tiny triangle bottom right,4,1.0,1
group013,2,65,6,E,two triangles on top,4,1.0,1
group013,2,65,6,E,then square,2,1.0,1
group013,2,66,6,I,triangle butt,2,1.0,1
group013,2,67,6,F,pointy knee,2,1.0,1
group013,2,68,6,B,triangle on left bottom,4,1.0,1
group013,2,69,6,H,no legs,2,1.0,1
group013,2,69,6,H,protrudes on right,3,1.0,1
group013,2,70,6,A,square shoulder,2,1.0,1
group013,2,71,6,J,straight left,2,1.0,1
group013,2,71,6,J,diamond top,2,1.0,1
group014,2,0,1,J,diamond on the top in the center,7,1.0,1
group014,2,0,1,J,on top of a long flat edge (the diamond),9,1.0,1
group014,2,1,1,I,this looks like an animal leaning to the left and standing on one foot,14,1.0,1
group014,2,2,1,B,"diamond on the top in the center, the lowest point of the diamond is in between the crack of two shapes",21,1.0,1
group014,2,3,1,A,this looks like a tall bear walking with one foot up in the air,14,1.0,1
group014,2,4,1,K,the diamond is on the top centered on a peak of another diamond,13,1.0,1
group014,2,5,1,H,"this is a very solid mass, not a lot of angles",11,1.0,1
group014,2,5,1,H,diamond on the top in the center,7,1.0,1
group014,2,6,1,C,this looks like someone in a cap and gown falling to the left,13,1.0,1
group014,2,6,1,C,two diamonds up in the air look like hands,9,1.0,1
group014,2,7,1,F,this looks like a sad person sittting on his but,10,1.0,1
group014,2,8,1,L,this person looks like they are squatting and hold out something,11,0.0,1
group014,2,9,1,G,this does not look like a person,7,1.0,1
group014,2,9,1,G,there is a diamond on the top left corner and then interesting shaped triangles (2) on the right side of the picture,22,1.0,1
group014,2,9,1,G,and a big blob sitting on the bottom left,9,1.0,1
group014,2,9,1,G,almost like a person sitting down with their feet to the left,12,1.0,1
group014,2,10,1,D,this looks like someone that is giving a speech and holding out a diploma to the left,17,1.0,1
group014,2,10,1,D,diamond on top as the head,6,1.0,1
group014,2,10,1,D,in the center,3,1.0,1
group014,2,11,1,E,"this looks like a bunny sitting down , his head is on the left with two triangles as his ears that point to the left and right",27,1.0,1
group014,2,12,2,I,Diamond on top of two larger diamonds pointing left,9,1.0,1
group014,2,12,2,I,with one long shape kind of like a leg,9,1.0,1
group014,2,13,2,G,cube on top left,4,1.0,1
group014,2,13,2,G,diamond on bottom right,4,1.0,1
group014,2,13,2,G,big blob on bottom left,5,1.0,1
group014,2,14,2,E,bunny with two ears,4,1.0,1
group014,2,14,2,E,looking sad,2,1.0,1
group014,2,15,2,F,sad guy sitting down,4,1.0,1
group014,2,16,2,A,looks like a guy dancing,5,0.0,1
group014,2,16,2,A,one leg on ground. One leg in air,8,0.0,1
group014,2,17,2,D,guy giving diploma to the left,6,1.0,1
group014,2,18,2,H,diamond on top of a shapeless blob,7,1.0,1
group014,2,18,2,H,just kinda sitting there,4,1.0,1
group014,2,19,2,L,guy extending arm to the right,6,1.0,1
group014,2,19,2,L,diamond as a head,4,1.0,1
group014,2,20,2,C,guy extending both arms in the air,7,1.0,1
group014,2,20,2,C,leaning left,2,1.0,1
group014,2,21,2,K,diamond on top of other diamond,6,1.0,1
group014,2,21,2,K,kind of like guy extending arms to the right,9,1.0,1
group014,2,22,2,B,diamond between two other shapes,5,1.0,1
group014,2,22,2,B,diamond on top,3,1.0,1
group014,2,22,2,B,small diamond on bottom left,5,1.0,1
group014,2,23,2,J,diamond on flat top,4,1.0,1
group014,2,24,3,D,"handing diploma to left, diamond head",6,1.0,1
group014,2,25,3,C,"guy falling to the left, hand in air",8,1.0,1
group014,2,26,3,F,"sad guy sitting, his feet are to the left and his back is on the right , perfect diamond head",20,1.0,1
group014,2,27,3,G,"lots of diamonds, doesn't look like a person, looks like a statute, diamond on the top left , diamond on the top right, diamond on bottom left and right, all differently positioned",32,1.0,1
group014,2,27,3,G,long flat blob on the bottom left,7,1.0,1
group014,2,28,3,I,"looks like a person or figure standing on one foot, his diamond head is on the top left, and it looks like he has a tail or another foot in the air on the right",35,1.0,1
group014,2,29,3,J,diamond on top of a long flat edge,8,1.0,1
group014,2,30,3,E,sad bunny sitting,3,1.0,1
group014,2,31,3,B,diamond on top in between two other diamonds,8,1.0,1
group014,2,32,3,L,man holding out a gun to the right,8,1.0,1
group014,2,32,3,L,diamond head on top,4,1.0,1
group014,2,33,3,H,"big blob, diamond on top, the bottom edge has a diamond that point to the right",16,1.0,1
group014,2,34,3,K,diamond on top of diamond,5,1.0,1
group014,2,35,3,A,"sad bear walking to the left, one foot in the air",11,1.0,1
group014,2,35,3,A,looks like he has a nose,6,1.0,1
group014,2,36,4,F,sad guy sitting down,4,1.0,1
group014,2,36,4,F,legs left,2,1.0,1
group014,2,37,4,C,guy with two arms in the air,7,1.0,1
group014,2,37,4,C,leaning left,2,1.0,1
group014,2,38,4,H,diamond on top of blob,5,1.0,1
group014,2,38,4,H,blob,1,1.0,1
group014,2,39,4,B,diamond between two shapes,4,1.0,1
group014,2,40,4,D,guy presenting diploma to the left,6,1.0,1
group014,2,41,4,G,cube top left,3,1.0,1
group014,2,41,4,G,blob bottom left,3,1.0,1
group014,2,41,4,G,small diamond bottom right,4,1.0,1
group014,2,42,4,I,one leg,2,1.0,1
group014,2,42,4,I,diamond on top of two larger triangles,7,1.0,1
group014,2,43,4,J,diamond on top of flat surface,6,1.0,1
group014,2,44,4,E,bunny,1,1.0,1
group014,2,45,4,L,guy with gun facing right,5,1.0,1
group014,2,46,4,A,guy with two legs and a nose,7,1.0,1
group014,2,46,4,A,cube top right,3,1.0,1
group014,2,47,4,K,diamond on diamond,3,1.0,1
group014,2,48,5,F,"sad man sitting, legs to left",6,1.0,1
group014,2,49,5,J,diamond on flat edge,4,1.0,1
group014,2,50,5,A,sad bear with big nose,5,1.0,1
group014,2,51,5,D,handing out diploma to the left,6,1.0,1
group014,2,52,5,E,sad bunny,2,1.0,1
group014,2,53,5,G,lots of diamonds,3,1.0,1
group014,2,53,5,G,blob on bottom left,4,1.0,1
group014,2,53,5,G,with diamond,2,1.0,1
group014,2,54,5,K,diamond on diamond,3,1.0,1
group014,2,55,5,L,gun to the right,4,1.0,1
group014,2,56,5,H,"diamond on diamond, skinny blob with diamond to the right on bottom",12,1.0,1
group014,2,57,5,C,falling to the left hands in air,7,1.0,1
group014,2,58,5,B,diamond in between two diamonds,5,1.0,1
group014,2,59,5,I,"leaning on one foot to the left, with tail or other foot in the air on the right",18,1.0,1
group014,2,60,6,E,sad bunny,2,1.0,1
group014,2,61,6,D,diploma to the left,4,1.0,1
group014,2,62,6,I,guy on one leg,4,1.0,1
group014,2,62,6,I,other leg up and to the right,7,1.0,1
group014,2,63,6,K,diamond on diamond,3,1.0,1
group014,2,64,6,L,guy with gun to the right,6,1.0,1
group014,2,65,6,B,diamond between two diamonds,4,1.0,1
group014,2,66,6,F,sad guy,2,1.0,1
group014,2,67,6,H,diamond on top of blob,5,1.0,1
group014,2,68,6,J,diamond on flat surface,4,1.0,1
group014,2,69,6,C,guy falling to left,4,1.0,1
group014,2,69,6,C,arms in air,3,1.0,1
group014,2,70,6,A,sad bear,2,1.0,1
group014,2,71,6,G,bunch of diamond shapes,4,1.0,1
group014,2,71,6,G,blob on bottom left,4,1.0,1
group015,3,0,1,L,"there hands are together, knees bent facing the right side",10,2.0,2
group015,3,0,1,L,looks like they're praying,4,2.0,2
group015,3,0,1,L,no just looking straight,4,2.0,2
group015,3,0,1,L,they are also standing but there knees are bent,9,2.0,2
group015,3,1,1,D,standing straight facing the left side,6,2.0,2
group015,3,1,1,D,the arms/hands look like a square,6,2.0,2
group015,3,2,1,H,you can't see their arms or legs,7,2.0,2
group015,3,2,1,H,you know like a baby in a cradle wrapped up,10,2.0,2
group015,3,2,1,H,bottom is slightly pointing towards the right,7,2.0,2
group015,3,3,1,B,u can make out two triangles as arms,8,1.0,2
group015,3,3,1,B,like they are spreading their arms and they are on their knees,12,1.0,2
group015,3,3,1,B,you can see a gap between the two triangles,9,1.0,2
group015,3,3,1,B,and looking towards the right,5,1.0,2
group015,3,4,1,C,there body is slanted towards the left,7,2.0,2
group015,3,4,1,C,arms are outwards like they're skydiving,6,2.0,2
group015,3,4,1,C,you can't see any legs,5,2.0,2
group015,3,4,1,C,just body,2,2.0,2
group015,3,5,1,G,you can see like two arms,6,1.0,2
group015,3,5,1,G,like a horse who has there legs raise,8,1.0,2
group015,3,5,1,G,there head is on the left side of the two arms,11,1.0,2
group015,3,5,1,G,you see a triangle,4,1.0,2
group015,3,5,1,G,on the bottom,3,1.0,2
group015,3,5,1,G,head is on the left,5,1.0,2
group015,3,5,1,G,legs are flat,3,1.0,2
group015,3,5,1,G,then slants upwards to the right,6,1.0,2
group015,3,5,1,G,with triangle attached at the bottom,6,1.0,2
group015,3,5,1,G,then goes upwards,3,1.0,2
group015,3,6,1,E,there looking down,3,2.0,2
group015,3,6,1,E,you can see two ribbons on the top of their head,11,2.0,2
group015,3,6,1,E,looking down towards the right,5,2.0,2
group015,3,6,1,E,looks like they're sitting down with their knees in front,10,2.0,2
group015,3,6,1,E,its a triangle but one side had more length,9,2.0,2
group015,3,7,1,J,head is in the middle looks like there standing,9,2.0,2
group015,3,7,1,J,their body is like,4,2.0,2
group015,3,7,1,J,imagine a square but the right side is a bit torn off,12,2.0,2
group015,3,7,1,J,so there's like a piece missing,6,2.0,2
group015,3,8,1,K,ok they're on their knees,5,2.0,2
group015,3,8,1,K,looks like they're praying,4,2.0,2
group015,3,8,1,K,hands in front of them pointing to the right,9,2.0,2
group015,3,8,1,K,imagine their hands are together,5,2.0,2
group015,3,8,1,K,straight ahead,2,2.0,2
group015,3,8,1,K,"imagine they're wearing a robe or something, hands clasped together on the right side",14,2.0,2
group015,3,8,1,K,on their knees,3,2.0,2
group015,3,9,1,I,like a ice skater,4,2.0,2
group015,3,9,1,I,one knee is pointing to the right,7,2.0,2
group015,3,9,1,I,other on the floor,4,2.0,2
group015,3,9,1,I,arms to the left,4,2.0,2
group015,3,9,1,I,and body to the left,5,2.0,2
group015,3,10,1,A,one leg is slightly raise,5,2.0,2
group015,3,10,1,A,other is straight,3,2.0,2
group015,3,10,1,A,there is a square on the right side,8,2.0,2
group015,3,10,1,A,and a beak on the left,6,2.0,2
group015,3,10,1,A,like doing kick ups in football,6,2.0,2
group015,3,10,1,A,imagine the square isn't the face,6,2.0,2
group015,3,10,1,A,they have two legs one is up,7,2.0,2
group015,3,10,1,A,and one is down,4,2.0,2
group015,3,10,1,A,the square is on the right side,7,2.0,2
group015,3,10,1,A,and you can see a triangle/beak on the top pointing to the left,13,2.0,2
group015,3,10,1,A,to the raised foot,4,2.0,2
group015,3,11,1,F,their sitting down,3,1.0,2
group015,3,11,1,F,knees raised,2,1.0,2
group015,3,11,1,F,looking down and to the left,6,1.0,2
group015,3,12,2,E,you can see two 'ribbons' coming out of the square head,11,2.0,2
group015,3,12,2,E,like antenna,2,2.0,2
group015,3,12,2,E,they look like they are sat down facing the right,10,2.0,2
group015,3,13,2,B,"looks like someone on their knees, facing right and looking down, and a triangle is coming out of their face",20,2.0,2
group015,3,13,2,B,the feet are like a small triangle,7,2.0,2
group015,3,13,2,B,it's the only one with a triangle coming out of the side of the head,15,2.0,2
group015,3,13,2,B,"it looks as if they are speaking, like the triangle is a speaker or something",15,2.0,2
group015,3,13,2,B,there is a gap,4,2.0,2
group015,3,14,2,C,"looks like someone skydiving, can't see the legs only the body and head",13,2.0,2
group015,3,14,2,C,arms are out,3,2.0,2
group015,3,14,2,C,head is on the left hand side of the shoulders,10,2.0,2
group015,3,15,2,F,looks like someone sat down with their knees drawn up to them,12,1.0,2
group015,3,15,2,F,facing left,2,1.0,2
group015,3,16,2,K,"looks like someone in a robe on their knees praying, facing the right",13,2.0,2
group015,3,16,2,K,maybe looking upwards,3,2.0,2
group015,3,16,2,K,with their hands together,4,2.0,2
group015,3,17,2,G,"hmm looks like someone maybe on their knees, the legs are flat and then the body goes slightly up to the right",22,2.0,2
group015,3,17,2,G,then goes straight up,4,2.0,2
group015,3,17,2,G,the square head is on the left side,8,2.0,2
group015,3,18,2,L,"looks like someone standing but bending down, looking straight to the right",12,1.0,2
group015,3,18,2,L,hands together,2,1.0,2
group015,3,18,2,L,like they are praying,4,1.0,2
group015,3,19,2,A,looks like someone pretending to be a zombie,8,2.0,2
group015,3,19,2,A,head is on the right,5,2.0,2
group015,3,19,2,A,one leg is up,4,2.0,2
group015,3,19,2,A,one leg is on the floor,6,2.0,2
group015,3,20,2,I,"looks like an ice skater, on one leg",8,2.0,2
group015,3,20,2,I,arms in front,3,2.0,2
group015,3,21,2,H,"looks like a baby wrapped up , can't really see legs",11,2.0,2
group015,3,22,2,J,looks like a square body with a piece ripped off the side,12,2.0,2
group015,3,23,2,D,"looks like someone in a robe facing left maybe looking down, and pointing their finger out to the left",19,2.0,2
group015,3,24,3,L,facing right with knees bent and arms pointing#,8,1.0,2
group015,3,25,3,E,sitting in a robe with knees pulled up. knees to right and bow in hair looking down,17,2.0,2
group015,3,26,3,A,the zombie character,3,2.0,2
group015,3,27,3,J,square body with piece torn out,6,2.0,2
group015,3,28,3,G,looks like it's sitting facing left with hands on ground behind it,12,2.0,2
group015,3,28,3,G,head looking down,3,2.0,2
group015,3,29,3,C,skydiver,1,2.0,2
group015,3,30,3,D,"standing in a robe looking to left, like they are pointing or reading a book",15,2.0,2
group015,3,31,3,F,"sitting on ground, legs to left with knees pulled up",10,2.0,2
group015,3,32,3,B,"KNEELING, LOOKING TO RIGHT WITH HEAD DOWN AND ARMS SPREAD",10,2.0,2
group015,3,32,3,B,sorry caps.... arm on right has a little gap,9,2.0,2
group015,3,32,3,B,feet on the left,4,2.0,2
group015,3,33,3,K,"kneeling in a robe looking to the right, hands out as if praying",13,2.0,2
group015,3,34,3,H,like a wrapped up baby,5,2.0,2
group015,3,35,3,I,"figure skating to the right, one leg up and back",10,2.0,2
group015,3,35,3,I,the other leg down with both arms pointing forward,9,2.0,2
group015,3,36,4,G,the body is laying down then right then straight upwards,10,2.0,2
group015,3,36,4,G,square on the left and two triangle to right,9,2.0,2
group015,3,37,4,F,looking down to the left legs on the left with knees up,12,2.0,2
group015,3,37,4,F,they're sitting down,3,2.0,2
group015,3,37,4,F,the depressed looking one,4,2.0,2
group015,3,37,4,F,can't see arms/hands,3,2.0,2
group015,3,38,4,L,knees bent and hands to the right looks like they're praying,11,2.0,2
group015,3,38,4,L,there standing up,3,2.0,2
group015,3,38,4,L,and knees bent,3,2.0,2
group015,3,38,4,L,knees bent to the right and arms to the right,10,2.0,2
group015,3,39,4,H,baby wrapped up,3,2.0,2
group015,3,40,4,K,knees are bent and hands to the right looks like they're praying,12,1.0,2
group015,3,40,4,K,the sitting down one this time,6,1.0,2
group015,3,41,4,C,the skydiver one,3,1.0,2
group015,3,42,4,J,the one with square body with piece broken off,9,2.0,2
group015,3,43,4,B,they're kneeling and arms spread out,6,2.0,2
group015,3,43,4,B,it's the one with a gap between the two triangles,10,2.0,2
group015,3,44,4,E,the one sitting down head pointing towards the right,9,2.0,2
group015,3,44,4,E,the one with ribbon/antenna,4,2.0,2
group015,3,44,4,E,on top of their head,5,2.0,2
group015,3,45,4,A,the zombie one,3,2.0,2
group015,3,46,4,I,the ice skater one,4,2.0,2
group015,3,47,4,D,the standing one with the person pointing to the left,10,2.0,2
group015,3,48,5,C,skydiving one,2,2.0,2
group015,3,49,5,F,sitting down facing left knees up,6,2.0,2
group015,3,49,5,F,the depressing one,3,2.0,2
group015,3,50,5,B,the one with the gap between the triangles,8,2.0,2
group015,3,51,5,I,ice skater,2,2.0,2
group015,3,52,5,H,baby,1,2.0,2
group015,3,53,5,D,standing pointing to the left,5,2.0,2
group015,3,54,5,J,square with a bit ripped out,6,1.0,2
group015,3,55,5,A,zombie,1,2.0,2
group015,3,56,5,L,standing up knees bent pointing right,6,2.0,2
group015,3,57,5,G,"arms wide, square to the left, legs go straight then body goes up to the right then straight",18,1.0,2
group015,3,57,5,G,hands two triangles,3,1.0,2
group015,3,58,5,K,kneeling down facing right hands out praying,7,2.0,2
group015,3,59,5,E,ribbons on head,3,2.0,2
group015,3,60,6,L,Knees bent standing praying to the right,7,1.0,2
group015,3,61,6,J,Square with bit cut out,5,1.0,2
group015,3,62,6,E,ribbon on head,3,2.0,2
group015,3,63,6,D,standing pointing to the left,5,2.0,2
group015,3,64,6,K,kneeling looking to right hands praying,6,2.0,2
group015,3,65,6,F,depressed,1,2.0,2
group015,3,66,6,G,sitting legs to left knees up,6,2.0,2
group015,3,66,6,G,square head two triangles behind,5,2.0,2
group015,3,66,6,G,looks like hands behind them,5,2.0,2
group015,3,67,6,C,skydiver,1,2.0,2
group015,3,68,6,A,zombie,1,2.0,2
group015,3,69,6,B,kneeling triangle coming out face to right,7,2.0,2
group015,3,70,6,I,ice skater,2,2.0,2
group015,3,71,6,H,baby,1,2.0,2
group016,3,0,1,A,It's like someone took off their hood and is leaning backwards breathing fresh air,14,1.0,2
group016,3,0,1,A,with one leg raised,4,1.0,2
group016,3,0,1,A,head is leaning back,4,1.0,2
group016,3,0,1,A,the person is standing up straight,6,1.0,2
group016,3,0,1,A,their back is straight,4,1.0,2
group016,3,1,1,E,"the person is sitting down, with a hat on. the hat has 2 ears like a rabbit.",17,2.0,2
group016,3,1,1,E,their body looks like a triangle,6,2.0,2
group016,3,2,1,F,"the person is sitting down towards the right of their box. they look depressed, legs are raised.",17,2.0,2
group016,3,2,1,F,their head is looking down.,5,2.0,2
group016,3,3,1,D,the person is standing - they look like they are serving a dish of food.,15,2.0,2
group016,3,3,1,D,in a cloak,3,2.0,2
group016,3,3,1,D,their head is straight up in a diamond shape.,9,2.0,2
group016,3,3,1,D,the dish of food is on the left of their body,11,2.0,2
group016,3,3,1,D,no they are standing.,4,2.0,2
group016,3,4,1,G,the person looks like they are dancing.,7,1.0,2
group016,3,4,1,G,"one leg is back in a lunging position, and arms are raised.",12,1.0,2
group016,3,4,1,G,head is dipped back.,4,1.0,2
group016,3,4,1,G,back is straight,3,1.0,2
group016,3,4,1,G,they look proud.,3,1.0,2
group016,3,4,1,G,one leg is much bigger than the other,8,1.0,2
group016,3,4,1,G,facing right,2,1.0,2
group016,3,5,1,J,this person is a massive block.,6,2.0,2
group016,3,5,1,J,their head is straight up like a diamond,8,2.0,2
group016,3,5,1,J,their right arm is sticking out.,6,2.0,2
group016,3,6,1,I,this person is standing on one leg.,7,2.0,2
group016,3,6,1,I,and has 2 arms out to the left,8,2.0,2
group016,3,6,1,I,and 1 foot back,4,2.0,2
group016,3,6,1,I,in the air,3,2.0,2
group016,3,7,1,B,this person is kneeling down.,5,1.0,2
group016,3,7,1,B,their feet are behind them,5,1.0,2
group016,3,7,1,B,arms are raised,3,1.0,2
group016,3,7,1,B,they could be praying but their head is straight up,10,1.0,2
group016,3,7,1,B,the arms are separate,4,1.0,2
group016,3,7,1,B,"one on the right, one on the left.",8,1.0,2
group016,3,8,1,C,this person looks like they are falling backwards,8,2.0,2
group016,3,8,1,C,like they slipped on ice,5,2.0,2
group016,3,8,1,C,arms are in the air,5,2.0,2
group016,3,8,1,C,back is slanted,3,2.0,2
group016,3,9,1,H,"person is a massive block, but one foot is jutting out",11,2.0,2
group016,3,9,1,H,head is on straight,4,2.0,2
group016,3,9,1,H,6 sided torso,3,2.0,2
group016,3,9,1,H,with foot out on the right,6,2.0,2
group016,3,9,1,H,no arms,2,2.0,2
group016,3,9,1,H,standing up,2,2.0,2
group016,3,10,1,K,kneeling down on 1 leg,5,1.0,2
group016,3,10,1,K,putting one arm out like it's taking communion,8,1.0,2
group016,3,10,1,K,"head is on straight, looking to the right",8,1.0,2
group016,3,10,1,K,person is ready to receive something,6,1.0,2
group016,3,11,1,L,kneeling down,2,2.0,2
group016,3,11,1,L,bending down,2,2.0,2
group016,3,11,1,L,back straight,2,2.0,2
group016,3,12,2,I,"Figure is facing left, on one leg",7,2.0,2
group016,3,12,2,I,Other leg raised backwARDS,4,2.0,2
group016,3,12,2,I,arma one above the other to left,7,2.0,2
group016,3,12,2,I,head straight,2,2.0,2
group016,3,13,2,D,looks like a priest in a full length robe with toe peeping out to left,15,2.0,2
group016,3,13,2,D,head straight,2,2.0,2
group016,3,14,2,F,sitting down,2,2.0,2
group016,3,14,2,F,facing left,2,2.0,2
group016,3,14,2,F,head down,2,2.0,2
group016,3,14,2,F,knees up,2,2.0,2
group016,3,15,2,K,kneeling,1,1.0,2
group016,3,15,2,K,facing right,2,1.0,2
group016,3,15,2,K,head straight,2,1.0,2
group016,3,15,2,K,arms together and held out to right,7,1.0,2
group016,3,16,2,B,this looks 'messy',3,2.0,2
group016,3,16,2,B,kneeling,1,2.0,2
group016,3,16,2,B,feet to left,3,2.0,2
group016,3,16,2,B,arms ro each side,4,2.0,2
group016,3,17,2,C,no legs,2,2.0,2
group016,3,17,2,C,tilting to left,3,2.0,2
group016,3,17,2,C,both arms raised,3,2.0,2
group016,3,18,2,L,knees bent with feet to left,6,2.0,2
group016,3,18,2,L,back straight arms together to right,6,2.0,2
group016,3,18,2,L,head straight,2,2.0,2
group016,3,18,2,L,back straight,2,2.0,2
group016,3,19,2,E,looks like a sitting rabbit with big bunny ears,9,2.0,2
group016,3,20,2,A,facing left,2,2.0,2
group016,3,20,2,A,walking one foot raised and one on floor,8,2.0,2
group016,3,20,2,A,looking down,2,2.0,2
group016,3,21,2,G,on its back,3,2.0,2
group016,3,21,2,G,legs to right,3,2.0,2
group016,3,21,2,G,head to left,3,2.0,2
group016,3,21,2,G,arms seem in wrong place,5,2.0,2
group016,3,21,2,G,another messy one,3,2.0,2
group016,3,22,2,J,squarish body with one arm and one foot peeping out to right,12,2.0,2
group016,3,23,2,H,kneeling or sitting,3,1.0,2
group016,3,23,2,H,no arms,2,1.0,2
group016,3,23,2,H,facing right assuming its the knees sticking out,8,1.0,2
group016,3,24,3,L,knees bent,2,1.0,2
group016,3,24,3,L,arm out on right,4,1.0,2
group016,3,24,3,L,head straight,2,1.0,2
group016,3,25,3,C,one that looks like it's falling backwards,7,2.0,2
group016,3,25,3,C,leaning left,2,2.0,2
group016,3,25,3,C,both arms up on either side,6,2.0,2
group016,3,26,3,J,squarish one,2,1.0,2
group016,3,27,3,I,ice skating one,3,2.0,2
group016,3,27,3,I,two arms out on left,5,2.0,2
group016,3,28,3,E,bunny ears,2,2.0,2
group016,3,29,3,G,messy one that looks like its in a lunge with  left leg bigger than right,15,2.0,2
group016,3,29,3,G,arm raised on right,4,2.0,2
group016,3,29,3,G,head leaning back to the left,6,2.0,2
group016,3,29,3,G,foot out on right,4,2.0,2
group016,3,30,3,A,"standing on one leg, other leg is raised on the left",11,2.0,2
group016,3,30,3,A,looking down,2,2.0,2
group016,3,31,3,K,kneeling down,2,2.0,2
group016,3,31,3,K,straight back and head,4,2.0,2
group016,3,31,3,K,arm out on right,4,2.0,2
group016,3,31,3,K,small arm on left,4,2.0,2
group016,3,32,3,H,looks like a block with leg on bottom right,9,2.0,2
group016,3,32,3,H,standing up straight,3,2.0,2
group016,3,32,3,H,left side has sharp corners,5,2.0,2
group016,3,33,3,F,"sitting down, looking down",4,2.0,2
group016,3,33,3,F,knees up on the left,5,2.0,2
group016,3,34,3,B,"messy one again. one arm on left, one arm on right",11,1.0,2
group016,3,34,3,B,head looking up to left,5,1.0,2
group016,3,34,3,B,foot sticking out on left,5,1.0,2
group016,3,35,3,D,"priest one, arm raised on left",6,2.0,2
group016,3,35,3,D,looks like cloak,3,2.0,2
group016,3,36,4,A,looks like he took his helmet off,7,2.0,2
group016,3,36,4,A,one leg raised,3,2.0,2
group016,3,36,4,A,one leg standing,3,2.0,2
group016,3,36,4,A,back straight,2,2.0,2
group016,3,37,4,G,lunging one,2,1.0,2
group016,3,37,4,G,head to the left,4,1.0,2
group016,3,37,4,G,"foot out, and large leg behind kneeling",7,1.0,2
group016,3,37,4,G,arm raised to right,4,1.0,2
group016,3,38,4,L,bending down,2,2.0,2
group016,3,38,4,L,arm outstretched to right,4,2.0,2
group016,3,38,4,L,head and back straight,4,2.0,2
group016,3,39,4,C,falling back,2,2.0,2
group016,3,39,4,C,like they slipped,3,2.0,2
group016,3,39,4,C,no legs,2,2.0,2
group016,3,40,4,I,ice skater,2,2.0,2
group016,3,41,4,F,"sitting down, 1 knee raised",5,2.0,2
group016,3,41,4,F,looks depressed,2,2.0,2
group016,3,42,4,B,kneeling,1,1.0,2
group016,3,42,4,B,arms to left and right,5,1.0,2
group016,3,42,4,B,wearing a cloak,3,1.0,2
group016,3,43,4,K,one of you chose this last,6,2.0,2
group016,3,43,4,K,kneeling,1,2.0,2
group016,3,43,4,K,small arm to left,4,2.0,2
group016,3,44,4,D,priest,1,2.0,2
group016,3,45,4,H,block foot to right,4,2.0,2
group016,3,45,4,H,body straight,2,2.0,2
group016,3,45,4,H,head straight,2,2.0,2
group016,3,45,4,H,no arms,2,2.0,2
group016,3,46,4,E,bunny,1,1.0,2
group016,3,47,4,J,other block body,3,2.0,2
group016,3,47,4,J,1 arm,2,2.0,2
group016,3,48,5,A,walking to left,3,2.0,2
group016,3,48,5,A,helmet off,2,2.0,2
group016,3,48,5,A,one foot raise,3,2.0,2
group016,3,49,5,H,kneeling,1,2.0,2
group016,3,49,5,H,no arms,2,2.0,2
group016,3,49,5,H,straight head,2,2.0,2
group016,3,49,5,H,block,1,2.0,2
group016,3,50,5,F,sitting,1,2.0,2
group016,3,50,5,F,facing left,2,2.0,2
group016,3,50,5,F,sad,1,2.0,2
group016,3,51,5,C,no legs,2,1.0,2
group016,3,51,5,C,falling back,2,1.0,2
group016,3,52,5,B,looks like a nun kneeling,5,1.0,2
group016,3,52,5,B,feet to left,3,1.0,2
group016,3,52,5,B,arm each side,3,1.0,2
group016,3,52,5,B,head bowed,2,1.0,2
group016,3,53,5,D,priest,1,1.0,2
group016,3,53,5,D,robe,1,1.0,2
group016,3,54,5,E,bunny,1,2.0,2
group016,3,55,5,G,messy one,2,2.0,2
group016,3,55,5,G,arms on right one up one down,7,2.0,2
group016,3,56,5,L,knees bent facing right,4,2.0,2
group016,3,56,5,L,arms out to right,4,2.0,2
group016,3,56,5,L,head and back straight,4,2.0,2
group016,3,57,5,K,kneeling head straight,3,2.0,2
group016,3,57,5,K,arms to right,3,2.0,2
group016,3,57,5,K,might be small arm on left,6,2.0,2
group016,3,58,5,I,ice skater,2,1.0,2
group016,3,59,5,J,squarish,1,2.0,2
group016,3,60,6,G,lunging one,2,2.0,2
group016,3,60,6,G,arm on right,3,2.0,2
group016,3,60,6,G,leg on right,3,2.0,2
group016,3,60,6,G,head leaning back to left,5,2.0,2
group016,3,61,6,H,block with no arms and right foot,7,2.0,2
group016,3,62,6,E,bunny,1,2.0,2
group016,3,63,6,C,falling backwards,2,2.0,2
group016,3,63,6,C,no legs,2,2.0,2
group016,3,64,6,K,"kneeling, back and head straight",5,2.0,2
group016,3,64,6,K,arm out on right,4,2.0,2
group016,3,64,6,K,small arm on left,4,2.0,2
group016,3,65,6,B,messy one that looks like  a nun,7,2.0,2
group016,3,66,6,A,helmet one,2,2.0,2
group016,3,67,6,I,ice skater,2,2.0,2
group016,3,68,6,J,squarish block,2,2.0,2
group016,3,69,6,L,knees bent,2,2.0,2
group016,3,69,6,L,arm on right,3,2.0,2
group016,3,69,6,L,straight back and head,4,2.0,2
group016,3,70,6,D,priest,1,2.0,2
group016,3,71,6,F,depressed one,2,2.0,2
group017,3,0,1,C,a person looks like making a flying jump,8,2.0,2
group017,3,0,1,C,jumping to the left,4,2.0,2
group017,3,0,1,C,arms outstretched,2,2.0,2
group017,3,1,1,G,looks like a person dragging something behind him,8,2.0,2
group017,3,1,1,G,walking to the right,4,2.0,2
group017,3,1,1,G,but pulling something big and heavy,6,2.0,2
group017,3,2,1,D,looks like a priest praying,5,2.0,2
group017,3,2,1,D,facing to the left,4,2.0,2
group017,3,2,1,D,no feet,2,2.0,2
group017,3,3,1,E,looks like something about to roll downhill,7,2.0,2
group017,3,3,1,E,doesn't look like a person,5,2.0,2
group017,3,3,1,E,but the high part of the hill is on the left,11,2.0,2
group017,3,4,1,L,"looks like someone begging for food, on their knees",9,0.0,2
group017,3,4,1,L,"you can see knees, but not feet",7,0.0,2
group017,3,5,1,J,looks like a triangle on top of a cliff face,10,1.0,2
group017,3,6,1,I,a person balancing on one leg,6,2.0,2
group017,3,6,1,I,both arms in front of him,6,2.0,2
group017,3,6,1,I,one leg behind him,4,2.0,2
group017,3,7,1,K,looks like a person facing the right,7,2.0,2
group017,3,7,1,K,on their knees,3,2.0,2
group017,3,7,1,K,both arms in front of him like they're asking for something,11,2.0,2
group017,3,8,1,A,like someone kicking a football,5,2.0,2
group017,3,8,1,A,facing to the right,4,2.0,2
group017,3,8,1,A,a square on the top of their back,8,2.0,2
group017,3,8,1,A,facing to the left,4,2.0,2
group017,3,9,1,H,like someone sitting on their knees facing away from us,10,2.0,2
group017,3,9,1,H,can't see feet,3,2.0,2
group017,3,9,1,H,looks like kneeling,3,2.0,2
group017,3,9,1,H,no arms or legs visible,5,2.0,2
group017,3,10,1,F,like someone doing sit ups,5,2.0,2
group017,3,10,1,F,facing to the left,4,2.0,2
group017,3,11,1,B,difficult shape to describe,4,1.0,2
group017,3,11,1,B,but has a square on the top and a triangle just below it,13,1.0,2
group017,3,12,2,I,looks like a ballet dancer on one leg,8,2.0,2
group017,3,12,2,I,facing left,2,2.0,2
group017,3,12,2,I,arms left too,3,2.0,2
group017,3,13,2,E,strange shape,2,1.0,2
group017,3,13,2,E,triangle at the top of a slope,7,1.0,2
group017,3,13,2,E,two triangles with a square underneath,6,1.0,2
group017,3,14,2,F,like a person sitting down,5,2.0,2
group017,3,14,2,F,or doing a sit up,5,2.0,2
group017,3,14,2,F,facing left,2,2.0,2
group017,3,14,2,F,no arms,2,2.0,2
group017,3,15,2,J,like a diamond on top of a flat cliff,9,1.0,2
group017,3,15,2,J,not a person shape,4,1.0,2
group017,3,15,2,J,left side is straight but right is angular,8,1.0,2
group017,3,16,2,K,like a person begging on their knees,7,2.0,2
group017,3,16,2,K,facing right,2,2.0,2
group017,3,16,2,K,arms out,2,2.0,2
group017,3,16,2,K,strange shape behind them,4,2.0,2
group017,3,16,2,K,yeah kneeling,2,2.0,2
group017,3,17,2,C,like a person with their arms in the air,9,2.0,2
group017,3,17,2,C,facing left,2,2.0,2
group017,3,17,2,C,no legs,2,2.0,2
group017,3,17,2,C,leaning,1,2.0,2
group017,3,18,2,D,a person begging or praying,5,2.0,2
group017,3,18,2,D,facing left,2,2.0,2
group017,3,18,2,D,cut off above the knees,5,2.0,2
group017,3,19,2,B,not really facing any way particular,6,2.0,2
group017,3,19,2,B,diamond shape on top with a triangle just below on the right,12,2.0,2
group017,3,20,2,H,no arms,2,2.0,2
group017,3,20,2,H,facing away from us,4,2.0,2
group017,3,20,2,H,could be praying or begging,5,2.0,2
group017,3,20,2,H,looks sad,2,2.0,2
group017,3,21,2,G,head looking left,3,2.0,2
group017,3,21,2,G,arms and legs facing right,5,2.0,2
group017,3,21,2,G,large wedge shape on the bottom left,7,2.0,2
group017,3,22,2,L,arms facing right,3,2.0,2
group017,3,22,2,L,can see legs but cut off before feet,8,2.0,2
group017,3,22,2,L,kind of crouching down,4,2.0,2
group017,3,23,2,A,could be kicking a football,5,2.0,2
group017,3,23,2,A,legs and arms facing left,5,2.0,2
group017,3,23,2,A,but may be looking behind them,6,2.0,2
group017,3,23,2,A,1 large kind of arm,5,2.0,2
group017,3,24,3,C,Leaning to the left,4,2.0,2
group017,3,24,3,C,arms in the air,4,2.0,2
group017,3,24,3,C,diamond shape head,3,2.0,2
group017,3,24,3,C,no legs,2,2.0,2
group017,3,25,3,K,facing to the right and kneeling down,7,2.0,2
group017,3,25,3,K,Arms are out,3,2.0,2
group017,3,25,3,K,weird shape at the bottom on the left,8,2.0,2
group017,3,26,3,D,Could be kneeling down but the legs are visible,9,2.0,2
group017,3,26,3,D,arm to the left,4,2.0,2
group017,3,27,3,H,could be kneeling down,4,2.0,2
group017,3,27,3,H,facing to the right,4,2.0,2
group017,3,27,3,H,with no arms,3,2.0,2
group017,3,28,3,E,This looks a slope with the square rolling down it,10,2.0,2
group017,3,28,3,E,2 shapes on top of the square,7,2.0,2
group017,3,29,3,B,diamond shape at the top with a triangle attached to the right,12,2.0,2
group017,3,29,3,B,looks like 1 arm and 1 leg could be to the left,12,2.0,2
group017,3,30,3,I,This looks like the ballet dancer with one leg in the air,12,2.0,2
group017,3,30,3,I,facing to the right,4,2.0,2
group017,3,30,3,I,both arms left,3,2.0,2
group017,3,31,3,L,looks like someone praying. They are half kneeling,8,2.0,2
group017,3,31,3,L,facing to the right,4,2.0,2
group017,3,31,3,L,with arms out,3,2.0,2
group017,3,32,3,J,Odd shape. Left side is a straight line down,9,2.0,2
group017,3,32,3,J,Diamond shape on top,4,2.0,2
group017,3,33,3,A,looks like someone looking behind themselves to the right,9,2.0,2
group017,3,33,3,A,Legs are facing left with one in the air,9,2.0,2
group017,3,34,3,G,Looks like someone looking to the left,7,2.0,2
group017,3,34,3,G,2 triangle shapes to the right,6,2.0,2
group017,3,34,3,G,The weird shape is going to the left,8,2.0,2
group017,3,35,3,F,This looks like the person is sat down in the beanbag,11,2.0,2
group017,3,36,4,F,bean bag person again,4,2.0,2
group017,3,37,4,K,"facing right, begging or praying",5,2.0,2
group017,3,37,4,K,arms out,2,2.0,2
group017,3,37,4,K,weird shape bottom right,4,2.0,2
group017,3,38,4,H,facing away from us kind of,6,2.0,2
group017,3,38,4,H,no arms or legs visible,5,2.0,2
group017,3,38,4,H,kneeling,1,2.0,2
group017,3,39,4,D,facing left sorry,3,2.0,2
group017,3,39,4,D,looks like kneeling but cut off at knees,8,2.0,2
group017,3,39,4,D,looks like begging or praying,5,2.0,2
group017,3,40,4,B,hard shape,2,2.0,2
group017,3,40,4,B,but square on top with triangle just below to the right,11,2.0,2
group017,3,40,4,B,another small triangle bottom left,5,2.0,2
group017,3,41,4,G,arm and leg facing right,5,2.0,2
group017,3,41,4,G,looks like looking left though,5,2.0,2
group017,3,41,4,G,wedge shape bottom left,4,2.0,2
group017,3,42,4,I,on one leg,3,2.0,2
group017,3,42,4,I,facing left,2,2.0,2
group017,3,42,4,I,both arms facing out left,5,2.0,2
group017,3,43,4,L,half kneeling,2,2.0,2
group017,3,43,4,L,facing right,2,2.0,2
group017,3,43,4,L,cut off at feet,4,2.0,2
group017,3,43,4,L,arms out,2,2.0,2
group017,3,44,4,E,slope,1,2.0,2
group017,3,44,4,E,square about to roll down,5,2.0,2
group017,3,45,4,J,diamond on top of cliff,5,2.0,2
group017,3,45,4,J,left side straight,3,2.0,2
group017,3,46,4,A,football man,2,2.0,2
group017,3,46,4,A,facing left,2,2.0,2
group017,3,46,4,A,diamond back of neck,4,2.0,2
group017,3,47,4,C,slanting left,2,2.0,2
group017,3,47,4,C,arms out facing both ways,5,2.0,2
group017,3,48,5,J,diamond on top of cliff,5,2.0,2
group017,3,48,5,J,straight left side,3,2.0,2
group017,3,49,5,I,ballet dancer,2,2.0,2
group017,3,49,5,I,on one leg,3,2.0,2
group017,3,49,5,I,arms facing left,3,2.0,2
group017,3,50,5,B,strange shape,2,2.0,2
group017,3,50,5,B,triangle bottom left,3,2.0,2
group017,3,50,5,B,diamond on top with triangle just below on right,9,2.0,2
group017,3,51,5,G,wedge shape bottom left,4,2.0,2
group017,3,51,5,G,arms and legs facing right,5,2.0,2
group017,3,52,5,D,facing left,2,2.0,2
group017,3,52,5,D,legs cut off,3,2.0,2
group017,3,52,5,D,square under arms,3,2.0,2
group017,3,52,5,D,praying,1,2.0,2
group017,3,53,5,A,football man,2,2.0,2
group017,3,54,5,F,sitting on bean bag,4,2.0,2
group017,3,54,5,F,or doing sit up,4,2.0,2
group017,3,54,5,F,facing left,2,2.0,2
group017,3,55,5,K,facing right praying,3,2.0,2
group017,3,55,5,K,weird shape on left,4,2.0,2
group017,3,55,5,K,sort of kneeling,3,2.0,2
group017,3,56,5,H,facing away,2,2.0,2
group017,3,56,5,H,looks sad,2,2.0,2
group017,3,56,5,H,no arms,2,2.0,2
group017,3,57,5,C,facing left,2,1.0,2
group017,3,57,5,C,arms in air,3,1.0,2
group017,3,57,5,C,no legs,2,1.0,2
group017,3,57,5,C,slanted,1,1.0,2
group017,3,58,5,L,half kneeling,2,2.0,2
group017,3,58,5,L,facing right,2,2.0,2
group017,3,58,5,L,arms facing right,3,2.0,2
group017,3,59,5,E,square with 2 diamonds on top rolling down slope,9,2.0,2
group017,3,59,5,E,two triangles,2,2.0,2
group017,3,60,6,J,Shape with the straight left side,6,2.0,2
group017,3,60,6,J,diamond on top,3,2.0,2
group017,3,61,6,E,Square with the 2 triangles on top,7,2.0,2
group017,3,61,6,E,rolling down the slope,4,2.0,2
group017,3,62,6,K,"Person facing the right, praying",5,2.0,2
group017,3,62,6,K,arms out,2,2.0,2
group017,3,62,6,K,weird shape bottom left,4,2.0,2
group017,3,63,6,L,Person facing the right with arms out,7,2.0,2
group017,3,63,6,L,half kneeling,2,2.0,2
group017,3,63,6,L,no feet,2,2.0,2
group017,3,64,6,D,person that could be praying to the left,8,2.0,2
group017,3,64,6,D,square under arm,3,2.0,2
group017,3,65,6,A,football man,2,2.0,2
group017,3,65,6,A,looking to the right,4,2.0,2
group017,3,65,6,A,one leg in the air,5,2.0,2
group017,3,66,6,I,Ballet dancer,2,2.0,2
group017,3,66,6,I,looking right with one leg out,6,2.0,2
group017,3,67,6,B,weird shape,2,2.0,2
group017,3,67,6,B,diamond on top with the triangle attached to the right,10,2.0,2
group017,3,67,6,B,triangle bottom left,3,2.0,2
group017,3,68,6,H,sad man,2,2.0,2
group017,3,68,6,H,looking away,2,2.0,2
group017,3,69,6,C,slanted person,2,2.0,2
group017,3,69,6,C,arms in the air,4,2.0,2
group017,3,70,6,G,shape with one arm and one leg to the right,10,2.0,2
group017,3,70,6,G,odd shape in the bottom left,6,2.0,2
group017,3,70,6,G,the arm and leg looks like triangles,7,2.0,2
group017,3,71,6,F,bean bag man,3,2.0,2
group018,3,0,1,A,a person with their leg up and arms raised,9,0.0,2
group018,3,0,1,A,their head is back,4,0.0,2
group018,3,1,1,E,"a person sitting facing the right, with a hat on",10,1.0,2
group018,3,2,1,B,"sitting down, arms out at each side and head slightly back",11,1.0,2
group018,3,2,1,B,body straight,2,1.0,2
group018,3,3,1,F,"sitting facing left side, head down, toes raised off floor, heels on floor",13,2.0,2
group018,3,3,1,F,looking sad maybe,3,2.0,2
group018,3,4,1,J,"arms out at each side, parallel, body looks rectangular",9,0.0,2
group018,3,4,1,J,head straight,2,0.0,2
group018,3,4,1,J,the widest body shape,4,0.0,2
group018,3,4,1,J,looks square,2,0.0,2
group018,3,4,1,J,no legs,2,0.0,2
group018,3,4,1,J,very square looking body,4,0.0,2
group018,3,5,1,D,holding what looks like a tray in front of them,10,2.0,2
group018,3,5,1,D,its a view from the side of the person,9,2.0,2
group018,3,5,1,D,straight legs,2,2.0,2
group018,3,6,1,H,cannot see their legs,4,1.0,2
group018,3,6,1,H,"rectangle body, feet facing the right hand side as we look at the pic",14,1.0,2
group018,3,6,1,H,sitting upright,2,1.0,2
group018,3,6,1,H,possibly kneeling,2,1.0,2
group018,3,6,1,H,"their body is upright, but kneeling",6,1.0,2
group018,3,6,1,H,cannot see arms,3,1.0,2
group018,3,7,1,L,"sitting on a chair, facing the right, holding arms out in front",12,2.0,2
group018,3,7,1,L,legs under the knee are behind them,7,2.0,2
group018,3,7,1,L,"an imaginary chair, that is!",5,2.0,2
group018,3,8,1,C,"arms out at the side, looks very happy, joyous, no legs",11,2.0,2
group018,3,8,1,C,arms raised upwards,3,2.0,2
group018,3,8,1,C,leaning more backwards,3,2.0,2
group018,3,8,1,C,"yes, arms up high",4,2.0,2
group018,3,9,1,K,"kneeling down, facing the side, arms out in from of them like they are holding a trayheyto",17,2.0,2
group018,3,9,1,K,body upright,2,2.0,2
group018,3,9,1,K,"looks like they are resting on balls of feet, whilst kneeling",11,2.0,2
group018,3,10,1,I,"leg behind them, straight, balancing on one leg,",8,2.0,2
group018,3,10,1,I,both arms in front of them,6,2.0,2
group018,3,10,1,I,leg they are standing on is straight,7,2.0,2
group018,3,11,1,G,"legs behind them, one arm raised high in front of them",11,2.0,2
group018,3,11,1,G,the other arm towards the floor,6,2.0,2
group018,3,11,1,G,head leaning backwards,3,2.0,2
group018,3,11,1,G,head is backwards,3,2.0,2
group018,3,12,2,C,The figure that looks like a preacher with both arms raised to the sky no legs,16,2.0,2
group018,3,13,2,A,right leg raised slightly other leg straight body upright and head back,12,1.0,2
group018,3,13,2,A,pointing to the left,4,1.0,2
group018,3,13,2,A,both arms up sort of,5,1.0,2
group018,3,13,2,A,head back,2,1.0,2
group018,3,14,2,H,no feet,2,2.0,2
group018,3,14,2,H,looks like sitting down,4,2.0,2
group018,3,14,2,H,head straight looking to the right,6,2.0,2
group018,3,14,2,H,very thick straight body,4,2.0,2
group018,3,14,2,H,with a bit sticking out to the right (bottom),9,2.0,2
group018,3,15,2,E,looks like an indian headdress sitting with knees bent,9,2.0,2
group018,3,15,2,E,pointing to the right,4,2.0,2
group018,3,15,2,E,head down,2,2.0,2
group018,3,15,2,E,looks almost like feathers on her head,7,2.0,2
group018,3,15,2,E,actually it's the only one with anything on the head,10,2.0,2
group018,3,16,2,J,The one with the straight shoulders and widest body looking right,11,2.0,2
group018,3,16,2,J,little feet,2,2.0,2
group018,3,16,2,J,head is straight,3,2.0,2
group018,3,17,2,I,Ice skater,2,2.0,2
group018,3,18,2,K,kneeling nun,2,2.0,2
group018,3,18,2,K,with tray,2,2.0,2
group018,3,19,2,G,sitting pointing left,3,1.0,2
group018,3,19,2,G,one arm up and back,5,1.0,2
group018,3,19,2,G,the other arm down on the floor,7,1.0,2
group018,3,19,2,G,no feet,2,1.0,2
group018,3,19,2,G,legs out in front of them,6,1.0,2
group018,3,19,2,G,no you can't see feet,5,1.0,2
group018,3,20,2,B,arms look like triangles out to each side,8,2.0,2
group018,3,20,2,B,big bum,2,2.0,2
group018,3,20,2,B,with feet sticking out to the left,7,2.0,2
group018,3,21,2,F,looks like man sitting down looks sad,7,2.0,2
group018,3,21,2,F,pointing toes up,3,2.0,2
group018,3,21,2,F,knees up and bent,4,2.0,2
group018,3,22,2,L,someone sitting on an imaginary chair with a tray,9,2.0,2
group018,3,22,2,L,pointing right,2,2.0,2
group018,3,23,2,D,looks like someone graduating,4,2.0,2
group018,3,23,2,D,pointing towards the left,4,2.0,2
group018,3,24,3,B,looks like someone sitting with triangle behind head,8,0.0,2
group018,3,24,3,B,holding tray,2,0.0,2
group018,3,25,3,J,looks like a square,4,2.0,2
group018,3,25,3,J,it has little feet,4,2.0,2
group018,3,26,3,G,someone on floor,3,1.0,2
group018,3,26,3,G,head back,2,1.0,2
group018,3,26,3,G,arms out,2,1.0,2
group018,3,26,3,G,one up and one on floor,6,1.0,2
group018,3,27,3,H,someone kneeling,2,1.0,2
group018,3,27,3,H,looks like they are sitting on feet,7,1.0,2
group018,3,27,3,H,no tray,2,1.0,2
group018,3,27,3,H,facing right,2,1.0,2
group018,3,27,3,H,no arms,2,1.0,2
group018,3,28,3,L,looks like someone sitting down on a chair,8,2.0,2
group018,3,28,3,L,holding a tray,3,2.0,2
group018,3,29,3,C,they could be lying down,5,1.0,2
group018,3,29,3,C,arms out,2,1.0,2
group018,3,30,3,A,one leg up,3,2.0,2
group018,3,30,3,A,head down,2,2.0,2
group018,3,30,3,A,left,1,2.0,2
group018,3,31,3,K,looks like a preacher,4,1.0,2
group018,3,31,3,K,legs back,2,1.0,2
group018,3,31,3,K,holding tray,2,1.0,2
group018,3,32,3,E,one with the hat,4,2.0,2
group018,3,33,3,I,on one leg,3,2.0,2
group018,3,33,3,I,arms behind,2,2.0,2
group018,3,34,3,F,sitting on floor,3,2.0,2
group018,3,34,3,F,looking sad,2,2.0,2
group018,3,34,3,F,head down\,2,2.0,2
group018,3,35,3,D,graduating kid,2,2.0,2
group018,3,36,4,L,imaginary chair,2,2.0,2
group018,3,36,4,L,tray in front,3,2.0,2
group018,3,37,4,J,widest body,2,2.0,2
group018,3,37,4,J,arms out to side,4,2.0,2
group018,3,37,4,J,shoulder height,2,2.0,2
group018,3,38,4,E,"headdress person, feathers",3,2.0,2
group018,3,39,4,H,rectangle body,2,2.0,2
group018,3,39,4,H,can't see feet,3,2.0,2
group018,3,39,4,H,no feet,2,2.0,2
group018,3,39,4,H,no arms,2,2.0,2
group018,3,39,4,H,head upright,2,2.0,2
group018,3,39,4,H,sitting possibly,2,2.0,2
group018,3,40,4,C,preacher!,1,2.0,2
group018,3,40,4,C,arms highest,2,2.0,2
group018,3,40,4,C,no legs,2,2.0,2
group018,3,40,4,C,"arms highest out of all the pics,",7,2.0,2
group018,3,40,4,C,out to the sides,4,2.0,2
group018,3,41,4,K,kneeling nun,2,2.0,2
group018,3,42,4,B,arms out to side,4,2.0,2
group018,3,42,4,B,arms are triangles out to side,6,2.0,2
group018,3,43,4,I,ice skater,2,2.0,2
group018,3,44,4,F,sad sitting person,3,2.0,2
group018,3,44,4,F,head down,2,2.0,2
group018,3,45,4,D,graduation kid,2,2.0,2
group018,3,46,4,A,right leg kicking out in front,6,2.0,2
group018,3,46,4,A,standing,1,2.0,2
group018,3,46,4,A,left leg straight,3,2.0,2
group018,3,46,4,A,"facing the left, arms on left",6,2.0,2
group018,3,47,4,G,legs out behind them it looks,6,2.0,2
group018,3,47,4,G,"one arm up, one towards floor",6,2.0,2
group018,3,47,4,G,head back,2,2.0,2
group018,3,48,5,F,sad sitting man,3,2.0,2
group018,3,49,5,H,no legs or arms rectangle head straight,7,1.0,2
group018,3,49,5,H,rectangle body,2,1.0,2
group018,3,50,5,A,right leg up - NOT ice skater,7,2.0,2
group018,3,51,5,E,feather headdress,2,2.0,2
group018,3,52,5,G,one arm up and the other on the floor,9,2.0,2
group018,3,53,5,L,invisible chair lady with tray,5,2.0,2
group018,3,54,5,K,kneeling nun,2,2.0,2
group018,3,55,5,J,squarest image,2,2.0,2
group018,3,56,5,I,ice skater,2,2.0,2
group018,3,57,5,C,Preacher !!!!!!,2,2.0,2
group018,3,58,5,B,big bum :),3,2.0,2
group018,3,59,5,D,grad kid,2,2.0,2
group018,3,60,6,J,Squarest image,2,2.0,2
group018,3,61,6,E,feather head,2,2.0,2
group018,3,62,6,L,Invisible chair,2,2.0,2
group018,3,63,6,D,Grad kid,2,2.0,2
group018,3,64,6,G,One arm on floor,4,1.0,2
group018,3,65,6,I,Ice skater,2,2.0,2
group018,3,66,6,C,Preacher,1,2.0,2
group018,3,67,6,H,Sitting on legs,3,2.0,2
group018,3,67,6,H,upright back,2,2.0,2
group018,3,68,6,A,Not ice skater,3,2.0,2
group018,3,69,6,K,Kneeling nun,2,2.0,2
group018,3,70,6,B,Big bum,2,2.0,2
group018,3,71,6,F,Sad,1,2.0,2
group019,4,0,1,C,"looks like a person leaning towards the left, two arms in the air",13,2.0,3
group019,4,1,1,J,the image where there is it has a cube (i.e. the most cube-shaped body) for a body with a point sticking out pointing towards the right,26,3.0,3
group019,4,2,1,B,"diamond on the top, followed by a triangle which is separate and only linked by its point to the other shapes  - i.e. there are three shapes, each linked by only one point",33,2.0,3
group019,4,3,1,H,diamond on top; has a hexagon-ish shaped body which has a protrusion at the bottom that looks like a triangle pointing towards the right,24,2.0,3
group019,4,4,1,E,looks like a bunny - two triangles on top of the cube/diamond with a triangular shaped body,17,3.0,3
group019,4,5,1,I,main body is composed of two triangles pointing left; looks like it is standing on one leg; has a 'tail' which is a triangle,24,3.0,3
group019,4,6,1,F,looks like a person sitting facing the left; legs at a 90 degree angle,14,3.0,3
group019,4,7,1,G,"a weirdly shaped body (not the rabbit one again) which has 3 offshoots - a cube, and two triangles both on the right side of the image",27,3.0,3
group019,4,8,1,K,diamond on the top connected by its point to another shape; does not look like a person facing right; has a jagged edge towards the bottom left,27,2.0,3
group019,4,8,1,K,the diamond on the top looks like it's connected to another diamond,12,2.0,3
group019,4,8,1,K,it looks like there's a chunk taken out of the image on the left,14,2.0,3
group019,4,8,1,K,where its just white,4,2.0,3
group019,4,9,1,D,looks like a person facing left with arms raised parallel to the ground,13,3.0,3
group019,4,9,1,D,main body looks like a pentagon with a triangular bit at the bottom that looks like feet,17,3.0,3
group019,4,9,1,D,arms are formed by a triangle? and a cube off the main body,13,3.0,3
group019,4,10,1,L,looks like a person,4,3.0,3
group019,4,10,1,L,diamond head,2,3.0,3
group019,4,10,1,L,looks like they are kneeling,5,3.0,3
group019,4,10,1,L,with a triangular piece pointing towards the right which looks like arms?,12,3.0,3
group019,4,10,1,L,kneeling to the right,4,3.0,3
group019,4,10,1,L,not quite,2,3.0,3
group019,4,11,1,A,last one; if you've been keeping track you can get it by process of elimination - its the one where it looks like it has two legs where the feet are represented by triangles,34,3.0,3
group019,4,11,1,A,"cube/diamond is towards the top right, attached to the main body by only its point",15,3.0,3
group019,4,12,2,A,This one is like a creature walking to the left with one foot raised,14,3.0,3
group019,4,12,2,A,Diamond connected in one spot on its back,8,3.0,3
group019,4,13,2,G,This does not look like a person,7,3.0,3
group019,4,13,2,G,Has a square in the upper left which connects to the main figure,13,3.0,3
group019,4,13,2,G,and two triangles on the right connected to the figure,10,3.0,3
group019,4,14,2,I,Looks like a person with one leg raised behind it and two triangle arms forward,15,3.0,3
group019,4,14,2,I,facing left,2,3.0,3
group019,4,15,2,H,One big six sided diamond shape with a diamond at the top and a triangle facing right on the bottom right,21,3.0,3
group019,4,16,2,E,Looks like a rabbit,4,3.0,3
group019,4,16,2,E,Two triangle ears,3,3.0,3
group019,4,17,2,K,Looks similar to another figure; looks like the one which is kneeling partially to the right but this one has a tail,22,3.0,3
group019,4,17,2,K,the bottom left of the figure is a large triangle,10,3.0,3
group019,4,17,2,K,to me it looks like a woman holding a bowl out to the right,14,3.0,3
group019,4,18,2,J,This is a large black square with a diamond balanced on top,12,3.0,3
group019,4,18,2,J,diamond is balanced on a long flat surface at the top,11,3.0,3
group019,4,19,2,C,Person leaning to the left with arms in the air,10,3.0,3
group019,4,20,2,L,This is the person partially kneeling to the right,9,3.0,3
group019,4,20,2,L,legs are bent but not all the way on ground,10,3.0,3
group019,4,21,2,B,This is one that has three shapes meeting at the top at a single point,15,3.0,3
group019,4,21,2,B,two triangles and a diamond meeting at one point,9,3.0,3
group019,4,22,2,D,This looks like a person standing facing left holding a bowl,11,3.0,3
group019,4,22,2,D,diamond head,2,3.0,3
group019,4,22,2,D,thick leg area,3,3.0,3
group019,4,23,2,F,Looks like someone sitting on the ground facing left,9,2.0,3
group019,4,23,2,F,knees up in the air feet on the ground in front of him,13,2.0,3
group019,4,24,3,C,Looks like a person falling backwards with a diamond head and diamond hands,13,3.0,3
group019,4,24,3,C,They are leaning to the left,6,3.0,3
group019,4,25,3,L,Diamond head looks like they are kneeling to the right with a triangle hand pointing right,16,2.0,3
group019,4,25,3,L,hexagon body,2,2.0,3
group019,4,25,3,L,looks like they are squatting down slightly,7,2.0,3
group019,4,25,3,L,"No, it is a flat point to the  left",9,2.0,3
group019,4,26,3,A,Two legs looks like one is kicking in the air facing left,12,3.0,3
group019,4,27,3,G,Has a square attached to the top right and two small triangles attached (one to the top right and one hanging off the body at the bottom right),28,2.0,3
group019,4,27,3,G,"Yes, it is attached to a triangle",7,2.0,3
group019,4,28,3,I,Looks like a ballet dancer with two hands facing left and a leg lifted in the air facing right,19,3.0,3
group019,4,29,3,E,looks like a rabbit sitting down,6,2.0,3
group019,4,30,3,B,Looks like a bunch of random shapes all attached together (doesn't look like a person or anything),17,2.0,3
group019,4,30,3,B,Has a square at the top,6,2.0,3
group019,4,31,3,H,Hexagon body with a square head and tiny triangle attached to the bottom right,14,3.0,3
group019,4,31,3,H,The hexagon is the majority of the shape,8,3.0,3
group019,4,32,3,J,Big square body with what looks like a tiny arm pointing right and a diamond head,16,2.0,3
group019,4,33,3,D,Looks like a person facing left holding a bowl,9,2.0,3
group019,4,34,3,K,Two diamonds attached to each other at the top and then two triangles sticking out of the body (one pointing right and one on the left pointing upwards),28,3.0,3
group019,4,35,3,F,Looks like a bigger guy sitting down facing the left with his knees slightly lifted,15,3.0,3
group019,4,36,4,F,the person sitting facing left with knees raised,8,3.0,3
group019,4,37,4,G,"a diamond and two triangles attached to a weird shape, the diamond on the top right, one triangle on top right and another triangle bottom right",26,3.0,3
group019,4,38,4,L,person partially kneeling to the right arms out to the right,11,3.0,3
group019,4,39,4,E,rabbit like ears,3,3.0,3
group019,4,39,4,E,large triangle body,3,3.0,3
group019,4,40,4,J,square shape with diamond on top,6,3.0,3
group019,4,41,4,I,looks like a person kicking out a leg behind them to the right,13,3.0,3
group019,4,41,4,I,two triangle hands to the left,6,3.0,3
group019,4,42,4,D,person stood facing left holding out bowl/ arms,8,3.0,3
group019,4,43,4,A,person kicking one leg out to the left,8,3.0,3
group019,4,44,4,B,"three shapes, diamond top middle with a triangle coming off",10,2.0,3
group019,4,44,4,B,then the large shape attached,5,2.0,3
group019,4,44,4,B,all joining one point,4,2.0,3
group019,4,44,4,B,triangle is on the right,5,2.0,3
group019,4,45,4,K,person kneeling to the right holding out hands,8,3.0,3
group019,4,45,4,K,with a tail,3,3.0,3
group019,4,46,4,C,person leaning to the left with arms up,8,3.0,3
group019,4,47,4,H,"diamond at the top, hexagon body and a small point to the right at the bottom",16,3.0,3
group019,4,48,5,L,kneeling/sitting pointing to right,4,2.0,3
group019,4,48,5,L,diamond head,2,2.0,3
group019,4,48,5,L,triangular arm,2,2.0,3
group019,4,48,5,L,not the weird sitting one,5,2.0,3
group019,4,49,5,A,leg kicking to the left,5,3.0,3
group019,4,50,5,B,"three shapes, joined by a singular point each",8,3.0,3
group019,4,50,5,B,diamond on top,3,3.0,3
group019,4,50,5,B,triangle on the right,4,3.0,3
group019,4,51,5,D,holding bowl,2,3.0,3
group019,4,51,5,D,facing left,2,3.0,3
group019,4,52,5,J,cube body,2,3.0,3
group019,4,52,5,J,diamond on top,3,3.0,3
group019,4,52,5,J,attached to cube flat surface by its point,8,3.0,3
group019,4,53,5,K,like the other sitting one but weird shaped,8,2.0,3
group019,4,53,5,K,this one instead has a triangular shape in the bottom left,11,2.0,3
group019,4,54,5,I,leg up and pointing right,5,2.0,3
group019,4,54,5,I,body composed of two triangles,5,2.0,3
group019,4,54,5,I,one 'leg' on floor,4,2.0,3
group019,4,55,5,G,"cube on top left, two triangles on right, one top and one bottom",13,3.0,3
group019,4,56,5,H,"hexagon body, triangle bottom right pointing right, diamond head",9,3.0,3
group019,4,56,5,H,six sided body,3,3.0,3
group019,4,56,5,H,triangle looks kinda like feet,5,3.0,3
group019,4,57,5,C,arms in air,3,2.0,3
group019,4,57,5,C,facing left,2,2.0,3
group019,4,57,5,C,or leaning left,3,2.0,3
group019,4,58,5,F,sitting,1,3.0,3
group019,4,58,5,F,facing right,2,3.0,3
group019,4,58,5,F,i meant facing left,4,3.0,3
group019,4,59,5,E,bunny,1,3.0,3
group019,4,60,6,G,non human shape square on top left triangle on top right and bottom right,14,3.0,3
group019,4,61,6,L,person kneeling partially to right no tail,7,3.0,3
group019,4,62,6,J,top of image is diamond balanced on a flat surface,10,3.0,3
group019,4,62,6,J,large cube,2,3.0,3
group019,4,63,6,D,person standing holding bowl facing left,6,3.0,3
group019,4,64,6,K,person kneeling to right this time with a tail,9,3.0,3
group019,4,65,6,B,non human with square and two triangles connected at single point,11,3.0,3
group019,4,65,6,B,small triangle pointing up in bottom left,7,3.0,3
group019,4,66,6,I,person with leg kicked behind them to the right,9,3.0,3
group019,4,66,6,I,triangle hands facing left,4,3.0,3
group019,4,67,6,E,looks like a rabbit,4,3.0,3
group019,4,68,6,H,six sided shape is most of body,7,3.0,3
group019,4,68,6,H,diamond on top triangle facing right on bottom right,9,3.0,3
group019,4,69,6,A,person kicking leg forward to the left,7,3.0,3
group019,4,70,6,F,person sitting on ground facing left,6,2.0,3
group019,4,71,6,C,leaning left arms up,4,2.0,3
group020,4,0,1,E,It looks like a windmill on top of a hill,10,3.0,3
group020,4,0,1,E,The peak is on the left,6,3.0,3
group020,4,1,1,F,Looks like someone sat on the floor,7,3.0,3
group020,4,2,1,H,It's a blob in the middle with a head on top,11,3.0,3
group020,4,2,1,H,Its only two shapes,4,3.0,3
group020,4,2,1,H,It sort of looks like a wrapped up baby,9,3.0,3
group020,4,2,1,H,"Yeah, square head",3,3.0,3
group020,4,2,1,H,The main shape is sort of like a hexagon,9,3.0,3
group020,4,3,1,G,It's a lot of shapes. On the bottom is a parallelogram.,11,2.0,3
group020,4,3,1,G,"No, it doesn't look like a person",7,2.0,3
group020,4,3,1,G,"Yeah, and there's a triangle on the right also falling off",11,2.0,3
group020,4,3,1,G,Towards the bottom,3,2.0,3
group020,4,4,1,K,It looks like someone kneeling,5,1.0,3
group020,4,4,1,K,They're facing right,3,1.0,3
group020,4,5,1,C,It looks like someone falling backwards to the left,9,3.0,3
group020,4,5,1,C,with their arms raised,4,3.0,3
group020,4,6,1,B,Someone kneeling facing the right with their arms outstretched,9,2.0,3
group020,4,6,1,B,Neither of the kneeling ones you selected before,8,2.0,3
group020,4,6,1,B,"A lump in the middle, with a triangle pointing out to the left at the bottom",16,2.0,3
group020,4,6,1,B,Two triangles in the middle outstretched to both sides,9,2.0,3
group020,4,7,1,A,It looks like someone stood up with their feet both pointing left,12,3.0,3
group020,4,7,1,A,There's a square and a trapezium at the top,9,3.0,3
group020,4,8,1,L,It's a kneeling one again,5,2.0,3
group020,4,8,1,L,This one has a parallelogram at the bottom,8,2.0,3
group020,4,8,1,L,They're facing right,3,2.0,3
group020,4,9,1,J,This one has a tilted square at the top and the main body is a straight edge on the left hand side,22,3.0,3
group020,4,10,1,I,This one looks like someone standing on one leg with the other leg out behind them,16,3.0,3
group020,4,10,1,I,There's two triangles pointing left,5,3.0,3
group020,4,10,1,I,"Yeah, facing left",3,3.0,3
group020,4,11,1,D,"Someone facing left, their back is a straight line, sort of looks like they're holding a book open",18,3.0,3
group020,4,11,1,D,with really long sleeves,4,3.0,3
group020,4,12,2,D,Someone facing left with outstretched hand,6,2.0,3
group020,4,12,2,D,hand,1,2.0,3
group020,4,13,2,E,Windmill on top of a mountain or hill,8,3.0,3
group020,4,13,2,E,straight side on the left,5,3.0,3
group020,4,14,2,K,looks like someone kneeling facing the right,7,2.0,3
group020,4,14,2,K,straight bit. triangle facing right,5,2.0,3
group020,4,14,2,K,with a straight top,4,2.0,3
group020,4,15,2,L,Looks like someone mid-kneeling towards the right,7,3.0,3
group020,4,15,2,L,with triangle facing right,4,3.0,3
group020,4,16,2,B,another kneeling one,3,3.0,3
group020,4,16,2,B,facing right,2,3.0,3
group020,4,16,2,B,2 triangles adjacent like arms stretched out,7,3.0,3
group020,4,16,2,B,square head,2,3.0,3
group020,4,16,2,B,diamond rather,2,3.0,3
group020,4,16,2,B,triangle attached to the right,5,3.0,3
group020,4,16,2,B,and joined triangle on the left,6,3.0,3
group020,4,17,2,C,looks like a person falling back with arms outstretched,9,3.0,3
group020,4,17,2,C,yes to the left,4,3.0,3
group020,4,18,2,G,looks like someone leaning their head back with a leg forward and another behind (on the knee),17,3.0,3
group020,4,18,2,G,and an arm stretched up towards the right,8,3.0,3
group020,4,19,2,J,looks like a person standing with arm outstretched to the right and straight back on the left,17,2.0,3
group020,4,19,2,J,0.61,1,2.0,3
group020,4,19,2,J,no this has a straight left side,7,2.0,3
group020,4,19,2,J,diamond head,2,2.0,3
group020,4,19,2,J,this is facing right,4,2.0,3
group020,4,19,2,J,straight side on the left,5,2.0,3
group020,4,20,2,H,the one that looks like a wrapped up baby,9,3.0,3
group020,4,20,2,H,with a diamond head,4,3.0,3
group020,4,21,2,A,"the one that looks like a person standing with diamond head leaning back, arms stretched to the left and one foot up facing left",24,2.0,3
group020,4,21,2,A,looks like a drunken zombie lol,6,2.0,3
group020,4,22,2,I,looks like a yoga pose,5,1.0,3
group020,4,22,2,I,leg extended back to the right,6,1.0,3
group020,4,23,2,F,looks like someone sitting facing left with knees up,9,3.0,3
group020,4,24,3,G,The head is falling off to the left,8,2.0,3
group020,4,24,3,G,It's the only one with that,6,2.0,3
group020,4,24,3,G,Parallelogram at the bottom,4,2.0,3
group020,4,24,3,G,The head (square) is falling to the left,8,2.0,3
group020,4,25,3,J,It's NOT the one with the baby but it's similar,10,2.0,3
group020,4,25,3,J,with the straight left edge,5,2.0,3
group020,4,25,3,J,like a baby under a duvet,6,2.0,3
group020,4,26,3,C,Person falling back to the left,6,3.0,3
group020,4,26,3,C,Arms out at either side,5,3.0,3
group020,4,27,3,A,Facing the left and both feet are visible,8,3.0,3
group020,4,27,3,A,One foot on the floor and one raised up to the left,12,3.0,3
group020,4,28,3,E,Windmill,1,3.0,3
group020,4,29,3,I,"Yoga pose, facing left",4,3.0,3
group020,4,29,3,I,One leg behind,3,3.0,3
group020,4,30,3,D,The priest facing left,4,3.0,3
group020,4,31,3,B,It's the one kneeling,4,0.0,3
group020,4,31,3,B,Facing right,2,0.0,3
group020,4,31,3,B,There's a triangle attached to the bottom of the head (diamond),11,0.0,3
group020,4,31,3,B,there's a triangle at the bottom left,7,0.0,3
group020,4,32,3,K,A diamond on top of a diamond,7,2.0,3
group020,4,33,3,H,It's the baby,3,2.0,3
group020,4,34,3,F,It's the person sat on their bum facing left,9,3.0,3
group020,4,34,3,F,Knees up,2,3.0,3
group020,4,35,3,L,Facing right,2,2.0,3
group020,4,35,3,L,Parallelogram at the bottom,4,2.0,3
group020,4,35,3,L,Kind of looks mid-kneel,4,2.0,3
group020,4,36,4,C,person falling to the left with the arms spread open,10,3.0,3
group020,4,37,4,J,"baby under a duvet facing right, straight left edge",9,1.0,3
group020,4,38,4,G,"the yoga pose facing RIGHT, heading tipping back towards the left",11,3.0,3
group020,4,38,4,G,with the extra long bit at the bottom left,9,3.0,3
group020,4,39,4,L,"okay, kneeling facing RIGHT, mid-kneel look with parallelogram at bottom",10,3.0,3
group020,4,40,4,E,windmill on top of a hill on the left,9,2.0,3
group020,4,41,4,A,"drunken zombie pose facing left, with head tipping back towards the right",12,3.0,3
group020,4,41,4,A,one leg in the air,5,3.0,3
group020,4,42,4,B,"kneeling facing the right, arms spread open, looks a little like a windmill",13,3.0,3
group020,4,42,4,B,with the small triangle at the bottom left,8,3.0,3
group020,4,43,4,H,the baby,2,3.0,3
group020,4,43,4,H,the cocooned one,3,3.0,3
group020,4,44,4,F,"sitting down facing the left, head bowed and knees up",10,3.0,3
group020,4,45,4,K,"kneeling facing the right, diamond head on top of diamond body, with the straight flat bit at the left",19,3.0,3
group020,4,46,4,I,yoga pose facing LEFT standing up with leg stretched out behind them in the air to the left,18,3.0,3
group020,4,46,4,I,left in the right,4,3.0,3
group020,4,47,4,D,the priest facing left,4,2.0,3
group020,4,48,5,L,Kneeling one with the parallelogram on the bottom,8,3.0,3
group020,4,49,5,E,Windmill,1,3.0,3
group020,4,49,5,E,On the left,3,3.0,3
group020,4,50,5,D,Priest facing left,3,2.0,3
group020,4,51,5,J,"Baby, but not cocooned",4,2.0,3
group020,4,52,5,K,Kneeling with the diamond head on top of the diamond body,11,3.0,3
group020,4,53,5,A,"Drunk zombie, with leg slightly in the air pointing left",10,3.0,3
group020,4,54,5,G,The weird horse/yoga pose,4,3.0,3
group020,4,55,5,H,Cocooned baby,2,3.0,3
group020,4,56,5,I,leg lifted up to the right,6,3.0,3
group020,4,56,5,I,Looks like a yoga pose,5,3.0,3
group020,4,57,5,F,"Sat on the floor, legs bent looking left",8,3.0,3
group020,4,58,5,C,Falling backwards to the left with arms outstretched,8,3.0,3
group020,4,59,5,B,Mini windmill or kneeling with arms out,7,3.0,3
group020,4,60,6,C,the last one we did falling back,7,3.0,3
group020,4,61,6,I,the yoga pose with leg to the right,8,2.0,3
group020,4,61,6,I,at the back,3,2.0,3
group020,4,62,6,H,cocooned baby,2,2.0,3
group020,4,63,6,L,the mid kneel to the right,6,3.0,3
group020,4,64,6,A,drunken zombie,2,2.0,3
group020,4,65,6,B,the kneeling to the right with arms outstretched,8,2.0,3
group020,4,65,6,B,diamond head,2,2.0,3
group020,4,66,6,F,sitting to left knees up,5,3.0,3
group020,4,67,6,E,windmill on hill,3,2.0,3
group020,4,68,6,G,horse,1,3.0,3
group020,4,69,6,D,priest,1,3.0,3
group020,4,70,6,K,kneeling to the right,4,3.0,3
group020,4,70,6,K,diamond head on diamond body,5,3.0,3
group020,4,71,6,J,baby in blanket with left straight side,7,3.0,3
group021,4,1,1,J,bottom left corner like a square,6,3.0,3
group021,4,1,1,J,with a head on top,5,3.0,3
group021,4,1,1,J,one long vertical side,4,3.0,3
group021,4,2,1,K,bottom corner like a square again but only a small vertical side,12,2.0,3
group021,4,2,1,K,with a head,3,2.0,3
group021,4,2,1,K,kind of like a person kneeling,6,2.0,3
group021,4,2,1,K,one arm on right side,5,2.0,3
group021,4,2,1,K,small bump on left,4,2.0,3
group021,4,3,1,A,looks like a person with two legs,7,3.0,3
group021,4,3,1,A,one is up one down,5,3.0,3
group021,4,3,1,A,kicking to the left,4,3.0,3
group021,4,3,1,A,head falling off,3,3.0,3
group021,4,4,1,F,person sat on the floor,5,3.0,3
group021,4,4,1,F,legs to the left,4,3.0,3
group021,4,4,1,F,no arms sticking out,4,3.0,3
group021,4,5,1,H,no arms or legs,4,3.0,3
group021,4,5,1,H,head on top of a body,6,3.0,3
group021,4,5,1,H,with small bump to the right on the bottom,9,3.0,3
group021,4,6,1,G,two arms to the right,5,2.0,3
group021,4,6,1,G,looks like sat on the floor,6,2.0,3
group021,4,6,1,G,tilted slightly,2,2.0,3
group021,4,6,1,G,no feet,2,2.0,3
group021,4,7,1,B,bottom right is like corner of a square,8,3.0,3
group021,4,7,1,B,the there is a triangle by the head,8,3.0,3
group021,4,7,1,B,tip of triangle pointed at head,6,3.0,3
group021,4,8,1,C,person leaning forward with arms raised,6,3.0,3
group021,4,8,1,C,no legs or feet,4,3.0,3
group021,4,8,1,C,tilted to left,3,3.0,3
group021,4,9,1,E,head with ears like a bunny,6,3.0,3
group021,4,9,1,E,bottom  left is corner of a square,7,3.0,3
group021,4,10,1,D,looks like person with hands out to the left,9,3.0,3
group021,4,10,1,D,long vertical line to the right,6,3.0,3
group021,4,11,1,I,looks like an ice skater,5,3.0,3
group021,4,12,2,C,Both hands in the air,5,3.0,3
group021,4,12,2,C,leaning slightly to the left,5,3.0,3
group021,4,13,2,D,Hand to the left like its reading a book,9,2.0,3
group021,4,13,2,D,long vertical line to the right,6,2.0,3
group021,4,14,2,L,knees bend with hand out to the right,8,2.0,3
group021,4,14,2,L,Looks like reading a book to the right,8,2.0,3
group021,4,15,2,H,No arms or legs,4,3.0,3
group021,4,15,2,H,Straight vertical line on the left and on the right,10,3.0,3
group021,4,15,2,H,Looks like might be sitting down,6,3.0,3
group021,4,16,2,J,Looks like a square,4,3.0,3
group021,4,16,2,J,long vertical line on the left,6,3.0,3
group021,4,17,2,K,Looks like might be praying with arm to the right,10,3.0,3
group021,4,17,2,K,triangle on the bottom left side,6,3.0,3
group021,4,17,2,K,yes kneeling,2,3.0,3
group021,4,17,2,K,the head is on a another diamond shape,8,3.0,3
group021,4,18,2,G,Head is on a tilt,5,3.0,3
group021,4,18,2,G,two arms to the right one high and one low,10,3.0,3
group021,4,18,2,G,looks like a horse rearing up,6,3.0,3
group021,4,19,2,E,The one with two bunny ears on its head,9,3.0,3
group021,4,19,2,E,sitting down,2,3.0,3
group021,4,20,2,A,two legs 1 on the floor the other kicking to the left,12,3.0,3
group021,4,20,2,A,head is off centre,4,3.0,3
group021,4,21,2,I,Looks like ice skater,4,1.0,3
group021,4,22,2,B,Kneeling down with triangle on right side touching the head,10,3.0,3
group021,4,22,2,B,left foot showing at the bottom,6,3.0,3
group021,4,23,2,F,sitting down with knees bent,5,3.0,3
group021,4,23,2,F,can see feet,3,3.0,3
group021,4,24,3,J,Looks most like a square,5,3.0,3
group021,4,24,3,J,diamond head,2,3.0,3
group021,4,24,3,J,arm poking out to the right,6,3.0,3
group021,4,25,3,A,both legs showing with one kicking left,7,3.0,3
group021,4,25,3,A,diamond coming out of right side of head,8,3.0,3
group021,4,26,3,G,looks like horse rearing up,5,3.0,3
group021,4,26,3,G,both arms out on the right side,7,3.0,3
group021,4,27,3,D,arm out facing left side,5,3.0,3
group021,4,27,3,D,diamond head,2,3.0,3
group021,4,27,3,D,long vertical line on right side,6,3.0,3
group021,4,27,3,D,bottom right like a square,5,3.0,3
group021,4,28,3,F,looks like person sitting down facing left,7,3.0,3
group021,4,28,3,F,knees bent,2,3.0,3
group021,4,28,3,F,diam head tilted left,4,3.0,3
group021,4,29,3,E,looks like a rabbit with two ears,7,2.0,3
group021,4,30,3,C,person leaning left with both hands in the air,9,3.0,3
group021,4,31,3,H,no arms,2,2.0,3
group021,4,31,3,H,diamond head straight up,4,2.0,3
group021,4,31,3,H,bump on the right,4,2.0,3
group021,4,32,3,L,looks like someone kneeling facing right,6,1.0,3
group021,4,32,3,L,legs are tilted,3,1.0,3
group021,4,32,3,L,back is straight with no bump,6,1.0,3
group021,4,33,3,K,another person kneeling facing right,5,3.0,3
group021,4,33,3,K,bottom left is like a square,6,3.0,3
group021,4,33,3,K,bump coming out of back near head,7,3.0,3
group021,4,33,3,K,on the left,3,3.0,3
group021,4,33,3,K,yes. arm facing to the right,6,3.0,3
group021,4,34,3,B,looks like someone sitting on the ground facing left,9,1.0,3
group021,4,34,3,B,triangle coming out of head on the right side,9,1.0,3
group021,4,34,3,B,arm facing left,3,1.0,3
group021,4,34,3,B,foot visible on the left,5,1.0,3
group021,4,35,3,I,looks like someone ice skating,5,2.0,3
group021,4,36,4,I,ice skating,2,3.0,3
group021,4,37,4,H,"facing right, no feet looks like kneeling",7,2.0,3
group021,4,37,4,H,bump on right,3,2.0,3
group021,4,37,4,H,no arms,2,2.0,3
group021,4,38,4,E,"facing right, sitting rabbit ears",5,3.0,3
group021,4,39,4,K,facing right standing bottom left corner is a square,9,1.0,3
group021,4,39,4,K,arms are out,3,1.0,3
group021,4,39,4,K,short,1,1.0,3
group021,4,40,4,B,kneeling facing right.,3,2.0,3
group021,4,40,4,B,triangle touches head,3,2.0,3
group021,4,41,4,D,facing left standing,3,3.0,3
group021,4,41,4,D,looks like he is reading,5,3.0,3
group021,4,42,4,F,sitting facing left and feet showing,6,3.0,3
group021,4,42,4,F,no arms,2,3.0,3
group021,4,42,4,F,resting against wall,3,3.0,3
group021,4,43,4,J,like a square,3,3.0,3
group021,4,44,4,L,facing right legs bent no square in bottom left,9,3.0,3
group021,4,45,4,C,arms raised,2,3.0,3
group021,4,45,4,C,left leaning,2,3.0,3
group021,4,46,4,G,looks like horse rearing up,5,2.0,3
group021,4,47,4,A,standing facing left on one foot head falling off,9,2.0,3
group022,4,0,1,C,Looks like a man raising both hands into the air.,10,3.0,3
group022,4,0,1,C,It looks a bit like they are shrugging.,8,3.0,3
group022,4,1,1,A,"This one is a bit odd, so listen carefully.",9,3.0,3
group022,4,1,1,A,It looks like a person kicking one foot in front of them. Their head looks like it has a beak!,20,3.0,3
group022,4,1,1,A,The have a box over their right shoulder.,8,3.0,3
group022,4,1,1,A,It could also in theory looking like a person carrying another person over their shoulder.,15,3.0,3
group022,4,2,1,E,This one is also odd.,5,3.0,3
group022,4,2,1,E,"It looks a bit like a rabbit that is sitting on the ground, looking to its right ->",18,3.0,3
group022,4,2,1,E,"unless images are rotated , but i don't think they are",11,3.0,3
group022,4,2,1,E,it is the only one with obvious rabbit ears,9,3.0,3
group022,4,2,1,E,a bit like a rabbit head on a right-angled triangle,10,3.0,3
group022,4,2,1,E,and another triangle overlapping represents its feet,7,3.0,3
group022,4,3,1,B,Another odd one. Does not look much like a human.,10,1.0,3
group022,4,3,1,B,I can sorta see a mouse though!,7,1.0,3
group022,4,3,1,B,"two big ears, pointing nose. Facing left.",7,1.0,3
group022,4,3,1,B,A small triangle on the left side could be its foot or tail.,13,1.0,3
group022,4,3,1,B,Its ears are a diamond and a triangle,8,1.0,3
group022,4,4,1,J,this one looks like a single diamond on a jagged column.,11,3.0,3
group022,4,4,1,J,no clear human or animal shape.,6,3.0,3
group022,4,4,1,J,the left side of the platform is completely flat,9,3.0,3
group022,4,4,1,J,the right side has 2 sharp points.,7,3.0,3
group022,4,4,1,J,"One sharp point on the top right, one on the bottom right.",12,3.0,3
group022,4,5,1,G,In my mind this looks like a boot with a piece missing.,12,3.0,3
group022,4,5,1,G,The tip of the boot where the toes go is on the left side.,14,3.0,3
group022,4,5,1,G,The boot is standing upright.,5,3.0,3
group022,4,5,1,G,"On the right side you can see the heel of the boot, but it's partially missing the area above it.",20,3.0,3
group022,4,6,1,K,This one looks similar to the column/platform with a diamond on top that we had before!,16,1.0,3
group022,4,6,1,K,But this time it is a diamond on top of something even more sharp and jagged.,16,1.0,3
group022,4,6,1,K,The right side has a white triangle stabbing into it that is quite big.,14,1.0,3
group022,4,6,1,K,The left side has a white parallelogram stabbing into it.,10,1.0,3
group022,4,7,1,F,This one resembles a man sitting relaxed on the ground.,10,3.0,3
group022,4,7,1,F,He is looking to the left.,6,3.0,3
group022,4,7,1,F,The entire image is quite clearly a man sitting on the ground.,12,3.0,3
group022,4,8,1,H,This is perhaps the least sharp or jagged image on the screen.,12,3.0,3
group022,4,8,1,H,It looks like a pawn from chess.,7,3.0,3
group022,4,8,1,H,Maybe a clergyman with a robe that hangs just a little extra to the bottom right.,16,3.0,3
group022,4,8,1,H,There are NO visible hands,5,3.0,3
group022,4,8,1,H,"All you can see is a diamond shaped head and a long torso with a slight tail at the end,",20,3.0,3
group022,4,8,1,H,like the end of a cape or robe,8,3.0,3
group022,4,9,1,L,"looks like a man in a robe again, but this time he looks like he is dancing or beginning to crouch/kneel",21,3.0,3
group022,4,9,1,L,you can clearly see his head. He is looking to the right. His black triangle arm(s) are pointing to the right,21,3.0,3
group022,4,9,1,L,the bent knees are also pointing right.,7,3.0,3
group022,4,10,1,D,This one again clearly looks like a human.,8,3.0,3
group022,4,10,1,D,It looks like a man in robes once again.,9,3.0,3
group022,4,10,1,D,This time is appears to be facing to the left.,10,3.0,3
group022,4,10,1,D,And also appears to have his arms outstretched to the left,11,3.0,3
group022,4,10,1,D,as if he were a priest holding a bible out for a reading,13,3.0,3
group022,4,10,1,D,He has the typical diamond head,6,3.0,3
group022,4,10,1,D,and triangle feet that point left,6,3.0,3
group022,4,11,1,I,This one resembles a person ice-skating,6,3.0,3
group022,4,11,1,I,"And from some perspective, one could say the two spikes point left on their chest are breasts (sorry)",18,3.0,3
group022,4,11,1,I,the are facing to the left,6,3.0,3
group022,4,11,1,I,one leg is vertical on the ground,7,3.0,3
group022,4,11,1,I,the other one is pointing backwards to the right.,9,3.0,3
group022,4,13,2,B,the one previously described as a pointy nosed mouse,9,2.0,3
group022,4,14,2,K,"somebody kneeling, facing right, almost like they're cradling a baby",10,3.0,3
group022,4,14,2,K,"not about to kneel, but fully knelt",7,3.0,3
group022,4,15,2,A,michael jackson thriller dance,4,3.0,3
group022,4,15,2,A,facing left,2,3.0,3
group022,4,15,2,A,one leg foot on the ground,6,3.0,3
group022,4,15,2,A,the other lifting up,4,3.0,3
group022,4,15,2,A,lifting forward,2,3.0,3
group022,4,16,2,G,"a rabbit facing left, reclining with its arms supporting from behind",11,3.0,3
group022,4,17,2,J,"the one last described as a diamond on a jagged column, completely straight on the left side, two sharp points at the right",23,3.0,3
group022,4,18,2,C,i believe the very first one we had. someone with their arms up in a kind of shrug,18,3.0,3
group022,4,19,2,L,"the person about to kneel, ut not",7,3.0,3
group022,4,20,2,D,the one last described as a priest reading from a bible with short legs,14,3.0,3
group022,4,21,2,F,"the man facing left, sitting down, no arms",8,3.0,3
group022,4,22,2,E,"rabbit facing right, sitting with its back against the wall",10,3.0,3
group022,4,23,2,H,the one last described as a chess pawn,8,2.0,3
group022,4,23,2,H,a triangular point sticking out to the right at the bottom,11,2.0,3
group022,4,24,3,K,Man kneeling to the right with point sticking out on left,11,3.0,3
group022,4,24,3,K,point sticking up,3,3.0,3
group022,4,25,3,E,rabbit facing right sitting down,5,2.0,3
group022,4,26,3,L,man kneeling to the right out not all the way,10,3.0,3
group022,4,26,3,L,outstretched hands,2,3.0,3
group022,4,27,3,I,ice skating man facing left with breasts\,7,3.0,3
group022,4,28,3,A,man facing left kicking with diamond on right side head,10,3.0,3
group022,4,29,3,C,man shrugging two hands up leaning to the left,9,3.0,3
group022,4,30,3,G,funky rabbit sitting down with a hand on the ground right side,12,3.0,3
group022,4,31,3,D,"man facing left with robes little bit protruding on left side, looks like he is holding a book",18,3.0,3
group022,4,32,3,J,"Same like last except facing right, left side totally straight",10,3.0,3
group022,4,33,3,B,wacky guy two hands up with a little lagging triangle on left side,13,3.0,3
group022,4,33,3,B,"diamond head, one hand is almost off, other is connected",10,3.0,3
group022,4,34,3,F,Man sitting facing left looking down,6,3.0,3
group022,4,34,3,F,down,1,3.0,3
group022,4,35,3,H,"Chess piece, looking right",4,2.0,3
group022,4,36,4,L,NOT fully kneeling,3,3.0,3
group022,4,36,4,L,but on his/her way,4,3.0,3
group022,4,36,4,L,looking right,2,3.0,3
group022,4,36,4,L,"maybe reading book, arms out",5,3.0,3
group022,4,37,4,K,"FULLY kneeling, looking right, arms out",6,3.0,3
group022,4,37,4,K,"triangle on the left, pointing upwards",6,3.0,3
group022,4,38,4,H,"chess pawn, or monk sitting/kneeling",5,3.0,3
group022,4,38,4,H,no arms,2,3.0,3
group022,4,38,4,H,looking right,2,3.0,3
group022,4,39,4,B,"mouse with pointy nose, looking left",6,3.0,3
group022,4,40,4,E,"rabbit sitting with back to wall, facing right, looking down",10,3.0,3
group022,4,41,4,A,thriller,1,3.0,3
group022,4,41,4,A,"one leg planted, other up",5,3.0,3
group022,4,42,4,D,"short person, facing left, holding book",6,3.0,3
group022,4,43,4,C,��\_(���)_/��,1,3.0,3
group022,4,43,4,C,shrug emoji,2,3.0,3
group022,4,44,4,J,diamond on plateau,3,3.0,3
group022,4,44,4,J,"left side completely vertical, straight",5,3.0,3
group022,4,45,4,F,"person sitting, facing left, back against wall",7,3.0,3
group022,4,45,4,F,knees bent,2,3.0,3
group022,4,46,4,G,incomplete boot,2,3.0,3
group022,4,46,4,G,"rabbit facing left, arms/legs behind him, supporting",7,3.0,3
group022,4,47,4,I,breasted skater,2,3.0,3
group022,4,48,5,G,incomplete boot,2,3.0,3
group022,4,48,5,G,bunny lying down facing left with arms behind it,9,3.0,3
group022,4,49,5,B,pointy nose mouse,3,2.0,3
group022,4,49,5,B,facing left,2,2.0,3
group022,4,50,5,K,"that annoying jagged/sharp image,",4,3.0,3
group022,4,50,5,K,with upward facing triangle on left side,7,3.0,3
group022,4,50,5,K,"some say looks like a man kneeling, facing right, with arms out",12,3.0,3
group022,4,50,5,K,fully on the ground,4,3.0,3
group022,4,51,5,I,breasted ice skater,3,3.0,3
group022,4,52,5,E,rabbit. facing right. lying down. left side is perfectly straight,10,3.0,3
group022,4,53,5,H,the one that looks like a basic pawn from chess.,10,2.0,3
group022,4,55,5,D,man in robes facing left reading boot. pointy feet facing left.,11,3.0,3
group022,4,55,5,D,reading BOOK,2,3.0,3
group022,4,56,5,F,man sitting on ground facing left.,6,3.0,3
group022,4,57,5,L,man facing right. in the process of kneeling. Arms outwards. Looks a bit like dancing.,15,3.0,3
group022,4,58,5,J,the platform with the diamond on it. The left side is completely vertical and flat.,15,3.0,3
group022,4,58,5,J,the right side is a bit jagged.,7,3.0,3
group022,4,59,5,A,cuz this thrillaaaah,3,3.0,3
group022,4,59,5,A,thrill of night,3,3.0,3
group022,4,60,6,D,left facing short priest with book,6,3.0,3
group022,4,61,6,B,left facing pointy nosed mouse,5,3.0,3
group022,4,62,6,J,"diamond on plateau, vertical left side",6,3.0,3
group022,4,63,6,G,incomplete boot/left facing rabbit,4,3.0,3
group022,4,64,6,L,"about to kneel, but not fully knelt",7,3.0,3
group022,4,65,6,I,skater breasts,2,3.0,3
group022,4,66,6,H,chess pawn,2,3.0,3
group022,4,67,6,K,"fully knelt, triangle sticking up from left",7,3.0,3
group022,4,68,6,F,"left facing man, sitting down",5,3.0,3
group022,4,69,6,E,right facing rabbit,3,2.0,3
group022,4,70,6,C,shrug,1,2.0,3
group022,4,71,6,A,thriller,1,2.0,3
group023,4,0,1,J,The person has his/her foot pointing to the RIGHT. His hand is also pointed to the RIGHT. The left side of his body is completely straight from top to bottom.,30,3.0,3
group023,4,0,1,J,"Yep, and the head is a DIAMOND shape.",8,3.0,3
group023,4,1,1,A,The person's head is off his NECK. It is hanging from the neck and pointed to the RIGHT of his body..,21,2.0,3
group023,4,1,1,A,Both his feet are positioned to the LEFT of his body. One foot is pointed mid-air and the other foot is set firmly against the ground.,26,2.0,3
group023,4,2,1,G,The knees are pointed to the LEFT side. Or they look like knees anyhow.,14,0.0,3
group023,4,2,1,G,The square head is also on the left side of the body.,12,0.0,3
group023,4,2,1,G,One arm is to the RIGHT of the body (behind the head).,12,0.0,3
group023,4,2,1,G,He looks like he is actually KNEELING.,7,0.0,3
group023,4,2,1,G,On his KNEES.,3,0.0,3
group023,4,2,1,G,Not on his butt.,4,0.0,3
group023,4,2,1,G,Both arms are behind his head.,6,0.0,3
group023,4,2,1,G,One arm is raised towards the top behind his head. The other is aimed behind his back.,17,0.0,3
group023,4,3,1,F,"In this one, he is clearly sitting on his BUTT.",10,3.0,3
group023,4,3,1,F,His head is a perfect cube.,6,3.0,3
group023,4,3,1,F,With nothing flanking his head.,5,3.0,3
group023,4,3,1,F,His knees are raised and his foot is propped up on the floor at an angle.,16,3.0,3
group023,4,3,1,F,He looks like he is staring UP.,7,3.0,3
group023,4,3,1,F,There are LEGS!,3,3.0,3
group023,4,3,1,F,"Yes, knees are pointy and his head is a perfect square.",11,3.0,3
group023,4,3,1,F,Nothing flanking his head.,4,3.0,3
group023,4,4,1,E,This one also has the guy sitting on his BUTT.,10,3.0,3
group023,4,4,1,E,He is clearly looking DOWNWARD.,5,3.0,3
group023,4,4,1,E,"Now, he has two triangles coming out of the TOP of his cubed head.",14,3.0,3
group023,4,4,1,E,"Oh, yes. Are they ears? LOL.",6,3.0,3
group023,4,5,1,D,This guy looks like he is soliciting money for donation. He has one hand somewhat out.,16,2.0,3
group023,4,5,1,D,His head is in a classic diamond shape.,8,2.0,3
group023,4,5,1,D,Like a baseball diamond.,4,2.0,3
group023,4,5,1,D,His one foot that is visible is pointing to the LEFT.,11,2.0,3
group023,4,5,1,D,He looks like he is completely standing to me.,9,2.0,3
group023,4,6,1,C,This guy looks like he is falling BACKWARDS.,8,3.0,3
group023,4,6,1,C,His two arms are obviously flanking BOTH sides of his flailing body.,12,3.0,3
group023,4,6,1,C,His body looks like a parallelogram here.,7,3.0,3
group023,4,6,1,C,YUP. No legs are visible in this pic.,8,3.0,3
group023,4,7,1,H,He is sitting down. Only one side of his knee is visible.,12,3.0,3
group023,4,7,1,H,His one knee is pointing to the RIGHT in the pic.,11,3.0,3
group023,4,7,1,H,His head is a classic diamond shape.,7,3.0,3
group023,4,7,1,H,No arms visible.,3,3.0,3
group023,4,7,1,H,No feet visible.,3,3.0,3
group023,4,8,1,K,One knee is pointing to the RIGHT.,7,2.0,3
group023,4,8,1,K,One leg/foot is pointing upward on the LEFT.,8,2.0,3
group023,4,8,1,K,He has his hands out in front of his body pointing to the RIGHT in a kind of supplicating/begging manner.,20,2.0,3
group023,4,8,1,K,His head is a classic diamond shape.,7,2.0,3
group023,4,8,1,K,That looks like it might be an elbow to me.,10,2.0,3
group023,4,9,1,L,The guy has his arms pointed far out on the RIGHT.,11,2.0,3
group023,4,9,1,L,His knees are also pointed to the RIGHT.,8,2.0,3
group023,4,9,1,L,His legs are below him pointing to the left in the pic.,12,2.0,3
group023,4,9,1,L,His head is an upright position here.,7,2.0,3
group023,4,9,1,L,Look for the cone shape pointing to the right.,9,2.0,3
group023,4,10,1,B,He has his head tilted,5,0.0,3
group023,4,10,1,B,One arms is behind his head on the RIGHT.,9,0.0,3
group023,4,10,1,B,The other arm is in front of him on the LEFT.,11,0.0,3
group023,4,10,1,B,He is pretty much sitting on his rear.,8,0.0,3
group023,4,10,1,B,One foot is kind of sitting out in front of his below the ARM that is on the LEFT.,19,0.0,3
group023,4,10,1,B,No legs on the right.,5,0.0,3
group023,4,10,1,B,Just a small foot looking thing on the left.,9,0.0,3
group023,4,10,1,B,And a giant hand on the left side.,8,0.0,3
group023,4,11,1,I,"He is doing a one legged pose here (haha, yoga reference).",11,2.0,3
group023,4,11,1,I,He has one foot kicked out behind him  ON THE RIGHT in the pic.,14,2.0,3
group023,4,11,1,I,His two hands/arms are out in front of him on the LEFT.,12,2.0,3
group023,4,12,2,I,"Same picture as before, both hands on the left and leg on the left.",14,3.0,3
group023,4,12,2,I,Yoga type,2,3.0,3
group023,4,12,2,I,"Yup, same picture as before when hera described it",9,3.0,3
group023,4,12,2,I,Both hands on the right side of he is with one leg in the air,15,3.0,3
group023,4,13,2,H,"Ok, so he looks like he is meditating I can see only his one knee pointed to the right",19,1.0,3
group023,4,13,2,H,yup no arms,3,1.0,3
group023,4,14,2,A,Ok so his one foot is on the ground and the other on the in the air pointed to the left,21,1.0,3
group023,4,14,2,A,he has his head pointed backwards,6,1.0,3
group023,4,15,2,B,"Ok so in this one he looks like he is yelling on the ground, one hand to the right and one to the left",24,2.0,3
group023,4,15,2,B,both knees on the ground,5,2.0,3
group023,4,15,2,B,You can only see his foot pointed to the left,10,2.0,3
group023,4,15,2,B,There is a gap under his head,7,2.0,3
group023,4,15,2,B,for one arm,3,2.0,3
group023,4,15,2,B,No he looks to the right.,6,2.0,3
group023,4,15,2,B,"He is on his knees, arms on the both sides",10,2.0,3
group023,4,16,2,K,"Ok, he looks like someone who needs money and is waiting for a donation",14,3.0,3
group023,4,16,2,K,also both knees on the ground,6,3.0,3
group023,4,16,2,K,his one leg is pointed to the left,8,3.0,3
group023,4,16,2,K,right behind him,3,3.0,3
group023,4,16,2,K,his one knee is pointed to the right,8,3.0,3
group023,4,17,2,J,"Ok he is looking like he is a fat, only one hand pointed to the right",16,2.0,3
group023,4,17,2,J,one his foot pointed to the right also,8,2.0,3
group023,4,17,2,J,straight back,2,2.0,3
group023,4,18,2,G,Ok so his head is pointed backwards to the left,10,2.0,3
group023,4,18,2,G,both legs on the ground,5,2.0,3
group023,4,18,2,G,Ok both his legs are on the ground,8,2.0,3
group023,4,18,2,G,he is not standing,4,2.0,3
group023,4,18,2,G,he has both arms pointed to the right,8,2.0,3
group023,4,19,2,E,Ok in this one he looks like a bunny,9,3.0,3
group023,4,19,2,E,"Yes, like ears",3,3.0,3
group023,4,20,2,F,"He is standing on his butt, legs on the left side, head downwards",13,3.0,3
group023,4,20,2,F,yes he is sitting,4,3.0,3
group023,4,20,2,F,no arms visible,3,3.0,3
group023,4,20,2,F,both legs pointed to the left,6,3.0,3
group023,4,21,2,D,Ok he is standing with his one hands on the left like he is waiting for money,17,2.0,3
group023,4,21,2,D,straight,1,2.0,3
group023,4,21,2,D,"Yes, and feet are pointed to the left",8,2.0,3
group023,4,22,2,L,This is the one the Repi selected before,8,1.0,3
group023,4,22,2,L,in the last target round,5,1.0,3
group023,4,22,2,L,This one who looks like he is holding a box,10,1.0,3
group023,4,22,2,L,knees are pointed to the right,6,1.0,3
group023,4,23,2,C,In this one he looks like he is falling,9,3.0,3
group023,4,23,2,C,one hand right behinds his head,6,3.0,3
group023,4,24,3,F,"sitting, knees upwards, leg on left no arms visible",9,3.0,3
group023,4,24,3,F,facing left I would say,5,3.0,3
group023,4,25,3,J,"straight left, standing, arms on right",6,3.0,3
group023,4,25,3,J,nothing on left,3,3.0,3
group023,4,26,3,A,"heads on right side, hands on the left, both legs on left one leg floating on the air",18,3.0,3
group023,4,26,3,A,nothing but the head is on right side,8,3.0,3
group023,4,27,3,D,"straight 90 degree on the right, asking for money head, leg, hands on the left",15,3.0,3
group023,4,27,3,D,nothing on the right,4,3.0,3
group023,4,27,3,D,hands looks like holding something,5,3.0,3
group023,4,28,3,L,the beggar with his legs straight on the floor,9,2.0,3
group023,4,28,3,L,the one I missed,4,2.0,3
group023,4,28,3,L,knees and hands on right,5,2.0,3
group023,4,28,3,L,no legs upward,3,2.0,3
group023,4,28,3,L,the one that doesn't have a small leg on the left,11,2.0,3
group023,4,28,3,L,straight on the floor,4,2.0,3
group023,4,28,3,L,>>,1,2.0,3
group023,4,28,3,L,knees position,2,2.0,3
group023,4,28,3,L,knees and legs position is > >,7,2.0,3
group023,4,29,3,C,falling backwards,2,3.0,3
group023,4,29,3,C,hands in the air,4,3.0,3
group023,4,30,3,G,"The toughest dancer, Fat big leg on the left, small leg on the right",14,2.0,3
group023,4,30,3,G,head facing left,3,2.0,3
group023,4,30,3,G,arms are on the right,5,2.0,3
group023,4,30,3,G,arms are bent from halfways at the elbow,8,2.0,3
group023,4,30,3,G,I find this one the most complicated,7,2.0,3
group023,4,30,3,G,has a very tiny shoulder on the left,8,2.0,3
group023,4,31,3,B,the angry guy from laju,5,2.0,3
group023,4,31,3,B,"sitting , yelling, legs on the left, arms are both ways, head is somewhat on the right, has a gap between both hands right under the head",27,2.0,3
group023,4,31,3,B,"maybe, look for a 90 degree angle on the right bottom",11,2.0,3
group023,4,32,3,I,"one leg on the floor, Head and both hands on the left, one leg on the right floating",18,3.0,3
group023,4,33,3,H,the quiet sitting guy with no arms,7,2.0,3
group023,4,33,3,H,he looks very innocent to me,6,2.0,3
group023,4,33,3,H,doing nothing but sitting,4,2.0,3
group023,4,34,3,E,the bunnyman,2,3.0,3
group023,4,34,3,E,with ears,2,3.0,3
group023,4,34,3,E,triangle ears,2,3.0,3
group023,4,34,3,E,straight 90 degree angle on the left,7,3.0,3
group023,4,35,3,K,the beggar with one foot coming out from his back in the left side,14,3.0,3
group023,4,35,3,K,knees on the right,4,3.0,3
group023,4,35,3,K,yes the hands,3,3.0,3
group023,4,36,4,L,"Okay, so the guy is half standing with his hands out to the left",14,1.0,3
group023,4,36,4,L,"half standing/half kneeling, knees pointed to the right",8,1.0,3
group023,4,36,4,L,nothing but the square for a head,7,1.0,3
group023,4,36,4,L,perfect straight back on the left,6,1.0,3
group023,4,37,4,D,guy holding the box,4,2.0,3
group023,4,37,4,D,straight back on the right,5,2.0,3
group023,4,38,4,B,"complicated one. box head, looks like it has a loudspeaker coming out of head",14,2.0,3
group023,4,38,4,B,kneeling. feet pointed to the left,6,2.0,3
group023,4,38,4,B,I don't really see arms.,5,2.0,3
group023,4,38,4,B,"kneeling towards the right, yes shoulder is very pointed on the left",12,2.0,3
group023,4,38,4,B,triangle things coming out of the box on top,9,2.0,3
group023,4,38,4,B,one triangle sorry,3,2.0,3
group023,4,38,4,B,feet on the left,4,2.0,3
group023,4,38,4,B,pointy shoulders on the left,5,2.0,3
group023,4,38,4,B,"no, not bunnyman. only one triangle",6,2.0,3
group023,4,39,4,F,guy is sitting with head (box) hanging down towards the left,11,2.0,3
group023,4,39,4,F,knees pointed on the left,5,2.0,3
group023,4,39,4,F,"hunched over. Yes, knees in the air",7,2.0,3
group023,4,40,4,H,"simple one. no arms, just a box for the head. No legs",12,3.0,3
group023,4,40,4,H,semi-straight back on the left,5,3.0,3
group023,4,41,4,E,bunny ears! straight back on the left,7,3.0,3
group023,4,42,4,J,"right angle, big guy",4,1.0,3
group023,4,42,4,J,one arm pointing to the right,6,1.0,3
group023,4,42,4,J,small foot on the right,5,1.0,3
group023,4,42,4,J,wide body,2,1.0,3
group023,4,43,4,I,guy with foot kicking up in the air,8,3.0,3
group023,4,43,4,I,kicking backwards,2,3.0,3
group023,4,43,4,I,with hands out to the left,6,3.0,3
group023,4,43,4,I,one foot on the ground,5,3.0,3
group023,4,43,4,I,"head is square, diamond on top, not really leaning either way",11,3.0,3
group023,4,43,4,I,looks like he's falling a little to the left,9,3.0,3
group023,4,44,4,C,falling guy!,2,1.0,3
group023,4,45,4,K,Begging guy,2,2.0,3
group023,4,45,4,K,arms on the right,4,2.0,3
group023,4,45,4,K,only square for the head,5,2.0,3
group023,4,45,4,K,kneeling,1,2.0,3
group023,4,45,4,K,looks like feet are facing straight upwards on the left,10,2.0,3
group023,4,45,4,K,he's facing right,3,2.0,3
group023,4,45,4,K,it's just a box head,5,2.0,3
group023,4,45,4,K,but yes a little point under the box on the left side,12,2.0,3
group023,4,46,4,G,complicated one. bunny ears,4,1.0,3
group023,4,46,4,G,"looks like he's lounging, laying down",6,1.0,3
group023,4,46,4,G,one triangle dangling off to the right,7,1.0,3
group023,4,46,4,G,"no, not standing",3,1.0,3
group023,4,46,4,G,looks like he's laying down with one giant leg on the left,12,1.0,3
group023,4,46,4,G,head is crazy. Has all the shapes,7,1.0,3
group023,4,46,4,G,i think i get this one wrong every time.,9,1.0,3
group023,4,46,4,G,long neck?,2,1.0,3
group023,4,46,4,G,looks like a puppy to me,6,1.0,3
group023,4,47,4,A,guy with head hanging down. Foot kicking up.,8,2.0,3
group023,4,48,5,I,Both hands pointing on left.,5,3.0,3
group023,4,48,5,I,One foot kicking out behind him on the right.,9,3.0,3
group023,4,49,5,C,Falling guy,2,3.0,3
group023,4,50,5,H,Sitting down. No arms or legs visible.,7,3.0,3
group023,4,50,5,H,Simplest position.,2,3.0,3
group023,4,51,5,A,Head is falling off the body.,6,3.0,3
group023,4,51,5,A,Leg kicking up in air on the left.,8,3.0,3
group023,4,52,5,K,Supplicating position.,2,1.0,3
group023,4,52,5,K,He has hands out on right side.,7,1.0,3
group023,4,52,5,K,He is kneeling.,3,1.0,3
group023,4,52,5,K,Knee is pointing to right.,5,1.0,3
group023,4,52,5,K,Leg is behind on the left.,6,1.0,3
group023,4,52,5,K,"No, I don't think he's angry.",6,1.0,3
group023,4,52,5,K,More like begging.,3,1.0,3
group023,4,52,5,K,Hands and top of leg form a < shape.,9,1.0,3
group023,4,52,5,K,No 90 degree angle.,4,1.0,3
group023,4,52,5,K,His shoulder is pointing out on the left as well.,10,1.0,3
group023,4,52,5,K,Head is a perfect diamond shape.,6,1.0,3
group023,4,52,5,K,Look for bottom left that forms a perfect 90 degree angle.,11,1.0,3
group023,4,52,5,K,Hands/arms on the RIGHT in front of his body.,9,1.0,3
group023,4,53,5,F,Sitting on his rear end.,5,3.0,3
group023,4,53,5,F,His knee is pulled up in front of him and is pointing on the left side in the pic.,19,3.0,3
group023,4,53,5,F,He looks like he is looking at angle at something.,10,3.0,3
group023,4,54,5,J,Back is completely straight.,4,3.0,3
group023,4,54,5,J,Forms a 90-degree angle with his feet.,7,3.0,3
group023,4,54,5,J,He is pointing to the right,6,3.0,3
group023,4,54,5,J,Head is a perfect diamond shape.,6,3.0,3
group023,4,55,5,G,Kneeling,1,2.0,3
group023,4,55,5,G,Both arms behind him,4,2.0,3
group023,4,55,5,G,One is up in the air,6,2.0,3
group023,4,55,5,G,The other is behind his butt.,6,2.0,3
group023,4,55,5,G,Knee(s) is/are on the left side in the pic.,9,2.0,3
group023,4,55,5,G,Head is boxy looking.,4,2.0,3
group023,4,55,5,G,Slight shoulder jut on the left.,6,2.0,3
group023,4,55,5,G,"It's a weird dance, but I think so.",8,2.0,3
group023,4,55,5,G,They look tucked beneath him.,5,2.0,3
group023,4,55,5,G,I consider the knees to be pointing to the left.,10,2.0,3
group023,4,55,5,G,Both arms are on the right side in the picture.,10,2.0,3
group023,4,55,5,G,Behind him/his body.,3,2.0,3
group023,4,55,5,G,No triangle connected to the box head.,7,2.0,3
group023,4,55,5,G,The hands look like those Grand Opening rainbow flags that businesses put up.,13,2.0,3
group023,4,56,5,D,Diamond head,2,3.0,3
group023,4,56,5,D,Straight back on the right side.,6,3.0,3
group023,4,56,5,D,Beneath his hand looks like a solid colored black box.,10,3.0,3
group023,4,56,5,D,Foot pointing to the left.,5,3.0,3
group023,4,56,5,D,"No, he is standing.",4,3.0,3
group023,4,56,5,D,The back is straight.,4,3.0,3
group023,4,56,5,D,He looks like he is looking to the left side.,10,3.0,3
group023,4,57,5,L,Waiting for a handing out in a half-crouching position.,9,3.0,3
group023,4,57,5,L,Hands pointing to the right.,5,3.0,3
group023,4,57,5,L,Knee pointing to the right.,5,3.0,3
group023,4,58,5,B,ONE triangle behind his head.,5,3.0,3
group023,4,58,5,B,Arms pointing to the left.,5,3.0,3
group023,4,58,5,B,He looks like he is staring up at the sky or ceiling.,12,3.0,3
group023,4,58,5,B,Bottom right is a perfect 90 degree angle.,8,3.0,3
group023,4,59,5,E,Bunny ears,2,3.0,3
group023,4,60,6,A,"Ok, his head is falling off his body",8,2.0,3
group023,4,61,6,D,The man with a box,5,2.0,3
group023,4,62,6,I,"Arms pointed to the left, one foot on the left like he is kicking",14,2.0,3
group023,4,62,6,I,one foot on the ground,5,2.0,3
group023,4,62,6,I,right,1,2.0,3
group023,4,62,6,I,i meant foot on the right not left,8,2.0,3
group023,4,62,6,I,just behind him,3,2.0,3
group023,4,62,6,I,one foot is in the air,6,2.0,3
group023,4,63,6,G,The strange dancer,3,3.0,3
group023,4,64,6,E,the bunny man,3,2.0,3
group023,4,65,6,F,"His knees pointed upwards, he is sitting",7,3.0,3
group023,4,66,6,B,The angry yelling man,4,3.0,3
group023,4,66,6,B,One triangle is coming from his head,7,3.0,3
group023,4,66,6,B,his is kneeling,3,3.0,3
group023,4,66,6,B,Arms are on the left,5,3.0,3
group023,4,67,6,C,falling man,2,2.0,3
group023,4,68,6,J,the fat guy,3,3.0,3
group023,4,69,6,L,hands and knees pointed to the right,7,2.0,3
group023,4,69,6,L,perfect > angle,3,2.0,3
group023,4,69,6,L,perfect diamond shape of his head,6,2.0,3
group023,4,69,6,L,crouching,1,2.0,3
group023,4,70,6,H,the innocent one,3,3.0,3
group023,4,71,6,K,kneeling man,2,3.0,3
group023,4,71,6,K,perfect diamond shape of his head,6,3.0,3
group023,4,71,6,K,arms pointed to the right,5,3.0,3
group023,4,71,6,K,knees also,2,3.0,3
group023,4,71,6,K,pointed upwards,2,3.0,3
group024,4,0,1,H,Someone sitting down crossed legs with a square hat,9,2.0,3
group024,4,0,1,H,"yes it is, they are sitting crossed legs or maybe kneeling",11,2.0,3
group024,4,1,1,A,he has his hands up almost doing the thriller dance with his head almost falling off behind him,18,3.0,3
group024,4,1,1,A,he looks like he could be falling backwards,8,3.0,3
group024,4,1,1,A,one foot planted with the other in the air,9,3.0,3
group024,4,2,1,G,he looks like superman flying away with his cape behind him touching the floor,14,1.0,3
group024,4,2,1,G,his hands are the same shape as his one foot that is on show,14,1.0,3
group024,4,2,1,G,if you rotated the picture it would look a bit like a fox,13,1.0,3
group024,4,2,1,G,with a big bushy tail,5,1.0,3
group024,4,3,1,J,it looks like a fat man sticking his arm out for a bus,13,3.0,3
group024,4,4,1,B,the head is on a flat surface,7,3.0,3
group024,4,4,1,B,with a triangle stuck to the side of the head,10,3.0,3
group024,4,4,1,B,the head and neck looks a bit like a pacman mouth,11,3.0,3
group024,4,5,1,I,a man leaning forward with his leg behind him,9,3.0,3
group024,4,5,1,I,two triangle arms facing forward,5,3.0,3
group024,4,5,1,I,sanding on 1 leg,4,3.0,3
group024,4,6,1,D,"it looks like someone holding a pot, he has only has one foot on show and it's on the left side",21,3.0,3
group024,4,6,1,D,as is the pot he's holding,6,3.0,3
group024,4,6,1,D,the right side of his body is flat,8,3.0,3
group024,4,7,1,E,it looks like a graph with a head and two triangles sticking out of it,15,3.0,3
group024,4,7,1,E,it could be with the two ears on top,9,3.0,3
group024,4,8,1,C,rectangle body with two arms and a head,8,3.0,3
group024,4,8,1,C,arms out wide,3,3.0,3
group024,4,8,1,C,"straight body lines, one arm has a triangle for a hand and the other is a square",17,3.0,3
group024,4,8,1,C,no legs,2,3.0,3
group024,4,9,1,L,someone kneeling down with his arms pointing right with his knees pointing right too,14,3.0,3
group024,4,9,1,L,his legs are combined into a square,7,3.0,3
group024,4,10,1,F,"someone sitting down, body like a sack of potatoes and the knees raised",13,1.0,3
group024,4,11,1,K,"someone sitting down, no legs visible but the skirt flicks up on the left side",15,2.0,3
group024,4,11,1,K,arm pointing out at the right side,7,2.0,3
group024,4,11,1,K,under the head on the left side she has a triangle,11,2.0,3
group024,4,12,2,F,"looks like a man sitting down, legs extended on the left side",12,3.0,3
group024,4,12,2,F,shoulders hunched on the right,5,3.0,3
group024,4,12,2,F,knees and feet sticking out on the left,8,3.0,3
group024,4,13,2,L,"man kneeling, arms form a triangle on the right side",10,3.0,3
group024,4,13,2,L,knees bent and form a triangles pointing right,8,3.0,3
group024,4,13,2,L,diamond head,2,3.0,3
group024,4,13,2,L,knees and legs form a rectangle,6,3.0,3
group024,4,14,2,I,"man standing on one leg, both hands pointing left",9,3.0,3
group024,4,14,2,I,hands form two triangles on the left,7,3.0,3
group024,4,14,2,I,second leg is up in the air on the right,10,3.0,3
group024,4,15,2,B,man kneeling with hands together on left forming a triangle,10,3.0,3
group024,4,15,2,B,head looking up facing left,5,3.0,3
group024,4,15,2,B,triangle hat on back of head near neck area,9,3.0,3
group024,4,15,2,B,feet extend out on left side,6,3.0,3
group024,4,15,2,B,no bunny ears,3,3.0,3
group024,4,15,2,B,just one triangle hat on right side of head,9,3.0,3
group024,4,16,2,H,"man sitting or kneeling, no hands or feet visible",9,3.0,3
group024,4,16,2,H,looks like a potato body,5,3.0,3
group024,4,16,2,H,no hat,2,3.0,3
group024,4,16,2,H,knees pointing right,3,3.0,3
group024,4,16,2,H,diamond head,2,3.0,3
group024,4,16,2,H,yes slanted shoulders,3,3.0,3
group024,4,17,2,D,man holding a pot facing left,6,3.0,3
group024,4,17,2,D,feet pointing left,3,3.0,3
group024,4,17,2,D,diamond head,2,3.0,3
group024,4,18,2,A,man doing a zombie dance,5,3.0,3
group024,4,18,2,A,"hands facing left, head on right side behind hands",9,3.0,3
group024,4,19,2,E,man sitting down cross legged,5,3.0,3
group024,4,19,2,E,head facing downward right side,5,3.0,3
group024,4,19,2,E,bunny ears,2,3.0,3
group024,4,19,2,E,his body forms a triangle,5,3.0,3
group024,4,20,2,K,"man facing right, kneeling with hands extended on right",9,3.0,3
group024,4,20,2,K,knees pointing right,3,3.0,3
group024,4,20,2,K,diamond head,2,3.0,3
group024,4,20,2,K,triangle extending on left side,5,3.0,3
group024,4,20,2,K,and tail on left yeah,5,3.0,3
group024,4,21,2,G,man doing a ninja pose,5,3.0,3
group024,4,21,2,G,"both hands on right side, far apart, one up one down",11,3.0,3
group024,4,21,2,G,legs pointing left,3,3.0,3
group024,4,21,2,G,legs together form a rectangle,5,3.0,3
group024,4,21,2,G,head facing left as well,5,3.0,3
group024,4,21,2,G,possibly cape on left side yeah,6,3.0,3
group024,4,21,2,G,flat on bottom,3,3.0,3
group024,4,21,2,G,"no, left side has rectangle extending on the bottom",9,3.0,3
group024,4,22,2,J,man standing with arms extended on right,7,3.0,3
group024,4,22,2,J,left and bottom sides flat,5,3.0,3
group024,4,22,2,J,feet sticking out on right side,6,3.0,3
group024,4,23,2,C,looks like a flying ghost,5,3.0,3
group024,4,23,2,C,arms extended on either side of head facing up,9,3.0,3
group024,4,23,2,C,no legs,2,3.0,3
group024,4,24,3,J,"Flat side and bottom guy, one foot and one hand point right",12,2.0,3
group024,4,24,3,J,Diamond head,2,2.0,3
group024,4,24,3,J,One foot points right no left foot showing,8,2.0,3
group024,4,24,3,J,Flat shoulders,2,2.0,3
group024,4,24,3,J,Looks like a fat guy calling a bus,8,2.0,3
group024,4,25,3,K,"Kneeling person, diamond head on sloping shoulders, kneeling pointing right",10,2.0,3
group024,4,25,3,K,Yes one triangular arm pointing right,6,2.0,3
group024,4,25,3,K,Trainglenbit / feet points left at the bottom,8,2.0,3
group024,4,26,3,B,"Looks like a mouse's head with two ears, one square one triangle",12,2.0,3
group024,4,27,3,G,Women in ad,3,1.0,3
group024,4,27,3,G,A dress,2,1.0,3
group024,4,27,3,G,"Head points right, one arm points right",7,1.0,3
group024,4,28,3,I,"Man standing on one leg, other points right, arms point left, diamond head",13,3.0,3
group024,4,28,3,I,"Two visible, look like triangles",5,3.0,3
group024,4,28,3,I,Looks like he's leaning forward to the left,8,3.0,3
group024,4,29,3,A,Zombie thriller dance man,4,3.0,3
group024,4,29,3,A,"Two legs showing,",3,3.0,3
group024,4,29,3,A,He's walking left,3,3.0,3
group024,4,30,3,H,"Person kneeling, diamond head, sloping shoulders, no legs or arms visible,",11,3.0,3
group024,4,31,3,D,"Man holding pot, foot points left, right side flat",9,3.0,3
group024,4,31,3,D,#holding,1,3.0,3
group024,4,32,3,C,"Ghost guy, no legs, two arms raised as if to say wtf",12,3.0,3
group024,4,32,3,C,"One hand square, one hand looks triangular",7,3.0,3
group024,4,33,3,F,"Man sitting against wall, he looks and points left, diamond head, neck,shoulders slope, you can see one leg, knee etc",20,2.0,3
group024,4,33,3,F,"Leg, foot etc points left",5,2.0,3
group024,4,33,3,F,No arms visible,3,2.0,3
group024,4,34,3,E,"Graph guy, flat bottom and left side",7,3.0,3
group024,4,34,3,E,Looks like a man with bunny ears,7,3.0,3
group024,4,35,3,L,"Women kneeling, bent at knee, diamond head, sloped shoulders, one arm visible pointing right, she looks right",17,2.0,3
group024,4,35,3,L,Zigzag leg lady,3,2.0,3
group024,4,35,3,L,Looks like shes holding antray,5,2.0,3
group024,4,35,3,L,Holding a tray,3,2.0,3
group024,4,35,3,L,"Arm, knee points right",4,2.0,3
group024,4,36,4,K,person kneeling with a triangle arm all pointing right,9,2.0,3
group024,4,36,4,K,tail sticking out left,4,2.0,3
group024,4,36,4,K,looks like a mermaid kneeling,5,2.0,3
group024,4,37,4,G,"person running to the right, looks like they are dragging a big swollen leg behind them",16,3.0,3
group024,4,38,4,A,guy doing the thriller dance,5,3.0,3
group024,4,38,4,A,"one leg in the air, facing left",7,3.0,3
group024,4,39,4,F,sad guy sitting down,4,1.0,3
group024,4,39,4,F,"facing left, no arms visible",5,1.0,3
group024,4,40,4,B,looks like a mouse with one square ear and one triangle one,12,2.0,3
group024,4,40,4,B,nose looking to the upper left,6,2.0,3
group024,4,41,4,C,man with no legs shrugging,5,3.0,3
group024,4,41,4,C,doing the Y from YMCA,5,3.0,3
group024,4,42,4,L,zigzag lady,2,3.0,3
group024,4,42,4,L,"kneeling to the right, holding a bowl",7,3.0,3
group024,4,42,4,L,knees pointing out but not touching the ground,8,3.0,3
group024,4,43,4,D,"man holding a pot, facing left",6,3.0,3
group024,4,43,4,D,one foot pointing left,4,3.0,3
group024,4,43,4,D,right side is entirely flat,5,3.0,3
group024,4,44,4,I,guy on one leg,4,3.0,3
group024,4,44,4,I,doing ballet pose,3,3.0,3
group024,4,44,4,I,"two arms pointing left, looks like stacked triangles",8,3.0,3
group024,4,45,4,J,fat man hailing a taxi,5,3.0,3
group024,4,45,4,J,flat on the left side,5,3.0,3
group024,4,45,4,J,one foot,2,3.0,3
group024,4,46,4,H,man kneeling with no arms or feet visible,8,3.0,3
group024,4,46,4,H,facing right,2,3.0,3
group024,4,46,4,H,one knee pointing right,4,3.0,3
group024,4,46,4,H,looks like a potato with a head,7,3.0,3
group024,4,47,4,E,sitting guy with rabbit ears,5,3.0,3
group024,4,47,4,E,graph guy,2,3.0,3
group024,4,47,4,E,bunny mountain,2,3.0,3
group024,4,48,5,F,"sitting against the wall, turtle body",6,3.0,3
group024,4,49,5,L,zig zag lady with arms pointing right,7,3.0,3
group024,4,49,5,L,flat back,2,3.0,3
group024,4,49,5,L,no tail,2,3.0,3
group024,4,50,5,I,"man falling forward, 1 leg pointing right and the only planted on the floor",14,3.0,3
group024,4,50,5,I,falling left,2,3.0,3
group024,4,50,5,I,two arms out on the left,6,3.0,3
group024,4,51,5,C,wacky inflatable guy,3,2.0,3
group024,4,51,5,C,rectangle body no feet,4,2.0,3
group024,4,51,5,C,square hand and a triangle hand,6,2.0,3
group024,4,52,5,E,bunny ears sat on a graph,6,3.0,3
group024,4,53,5,J,fat guy waiting for a bus,6,3.0,3
group024,4,54,5,H,potato body with only a knee sticking out on the right,11,3.0,3
group024,4,55,5,G,someone going right with a cape behind them,8,3.0,3
group024,4,55,5,G,triangle hand and foot going right,6,3.0,3
group024,4,55,5,G,little triangle under the head,5,3.0,3
group024,4,56,5,A,thriller dance,2,3.0,3
group024,4,56,5,A,going left,2,3.0,3
group024,4,56,5,A,one foot planted and the other raised,7,3.0,3
group024,4,57,5,B,square head with a triangle hanging off it,8,3.0,3
group024,4,57,5,B,triangle hanging to the right,5,3.0,3
group024,4,57,5,B,head is on a flat surface,6,3.0,3
group024,4,58,5,K,woman facing right with a tail on the left,9,3.0,3
group024,4,58,5,K,arm and knees facing right,5,3.0,3
group024,4,59,5,D,man stood with a pot facing left,7,2.0,3
group024,4,60,6,E,bunny ears,2,3.0,3
group024,4,60,6,E,left and bottom flat,4,3.0,3
group024,4,61,6,H,"potato body, diamond head, knee on left side",8,3.0,3
group024,4,62,6,F,man sitting with turtle body,5,3.0,3
group024,4,63,6,G,flying man with cape on right,6,3.0,3
group024,4,63,6,G,up and down on right arms,6,3.0,3
group024,4,64,6,I,man standing on one foot,5,3.0,3
group024,4,64,6,I,hands in two triangles on left,6,3.0,3
group024,4,65,6,K,woman with tail on left,5,3.0,3
group024,4,65,6,K,hands and knees facing right,5,3.0,3
group024,4,66,6,B,mouse head,2,3.0,3
group024,4,67,6,D,man holding pot facing left,5,3.0,3
group024,4,68,6,L,man facing right,3,2.0,3
group024,4,68,6,L,hands in triangle knees together facing right,7,2.0,3
group024,4,68,6,L,zigzag,1,2.0,3
group024,4,69,6,C,ghost man with arms up,5,3.0,3
group024,4,69,6,C,no legs,2,3.0,3
group024,4,70,6,A,thriller zombie guy,3,2.0,3
group024,4,71,6,J,fat man hailing cab,4,3.0,3
group025,4,0,1,G,arms raised pointing right gap between legs,7,1.0,3
group025,4,0,1,G,arm and leg to the right,6,1.0,3
group025,4,0,1,G,other larger leg more horizontal,5,1.0,3
group025,4,1,1,L,s shape body,3,3.0,3
group025,4,1,1,L,squatting position,2,3.0,3
group025,4,1,1,L,no feet,2,3.0,3
group025,4,1,1,L,yes diamond,2,3.0,3
group025,4,1,1,L,arms to the right,4,3.0,3
group025,4,1,1,L,bent knees,2,3.0,3
group025,4,1,1,L,gap behind knees,3,3.0,3
group025,4,2,1,A,2 deet,2,3.0,3
group025,4,2,1,A,1 leg standing,3,3.0,3
group025,4,2,1,A,oteh out,2,3.0,3
group025,4,2,1,A,facing the left,3,3.0,3
group025,4,2,1,A,arms raised weirdly,3,3.0,3
group025,4,2,1,A,to the left,3,3.0,3
group025,4,2,1,A,face is slanted square,4,3.0,3
group025,4,2,1,A,more of an arrow shape arm,6,3.0,3
group025,4,2,1,A,attached to the body,4,3.0,3
group025,4,2,1,A,raised leg to the left,5,3.0,3
group025,4,2,1,A,you can see it s but,6,3.0,3
group025,4,3,1,E,bunny ears,2,3.0,3
group025,4,3,1,E,face leaning forward to the right,6,3.0,3
group025,4,3,1,E,bodo is 2 joined triangles,5,3.0,3
group025,4,3,1,E,yes sitting with straight back,5,3.0,3
group025,4,3,1,E,facing right,2,3.0,3
group025,4,3,1,E,yes a tilt,3,3.0,3
group025,4,3,1,E,triangle bunny like ears,4,3.0,3
group025,4,3,1,E,no gap between legs,4,3.0,3
group025,4,4,1,K,diamond head,2,3.0,3
group025,4,4,1,K,kneeling position,2,3.0,3
group025,4,4,1,K,arms in front facing right,5,3.0,3
group025,4,4,1,K,with feet going up its back,6,3.0,3
group025,4,4,1,K,lyes,1,3.0,3
group025,4,5,1,I,1 leg pose,3,3.0,3
group025,4,5,1,I,diamond face,2,3.0,3
group025,4,5,1,I,1 leg on ground,4,3.0,3
group025,4,5,1,I,other leg  to the right,5,3.0,3
group025,4,5,1,I,2 arms with a gap,5,3.0,3
group025,4,5,1,I,yes facing left,3,3.0,3
group025,4,6,1,F,sitting,1,3.0,3
group025,4,6,1,F,diamond leaning face to the left,6,3.0,3
group025,4,6,1,F,1 clear food with shoe,5,3.0,3
group025,4,6,1,F,gap between leg and body,5,3.0,3
group025,4,6,1,F,part of the back is straight,6,3.0,3
group025,4,7,1,J,straight line left side,4,3.0,3
group025,4,7,1,J,solid block looking figure,4,3.0,3
group025,4,7,1,J,diamond face,2,3.0,3
group025,4,7,1,J,can t tell what the position is like,8,3.0,3
group025,4,8,1,C,looks like falling over,4,3.0,3
group025,4,8,1,C,diamond face,2,3.0,3
group025,4,8,1,C,arms raised,2,3.0,3
group025,4,8,1,C,falling to the left,4,3.0,3
group025,4,8,1,C,no feet,2,3.0,3
group025,4,8,1,C,larger gap between face and arm on the right side compared to the left side,15,3.0,3
group025,4,8,1,C,block body,2,3.0,3
group025,4,8,1,C,yes a Y,3,3.0,3
group025,4,8,1,C,slanted,1,3.0,3
group025,4,9,1,H,diamond head,2,3.0,3
group025,4,9,1,H,block body,2,3.0,3
group025,4,9,1,H,no arms,2,3.0,3
group025,4,9,1,H,bottom part of block body more towards the right,9,3.0,3
group025,4,10,1,D,arms with sleeves,3,2.0,3
group025,4,10,1,D,facing left,2,2.0,3
group025,4,10,1,D,diamond face,2,2.0,3
group025,4,10,1,D,feet facing left,3,2.0,3
group025,4,10,1,D,straight back and legs,4,2.0,3
group025,4,10,1,D,no gaps,2,2.0,3
group025,4,10,1,D,arms in front facing left,5,2.0,3
group025,4,11,1,B,kneeling with arms raised,4,3.0,3
group025,4,11,1,B,one foot with triangle shoe  on the left,8,3.0,3
group025,4,11,1,B,white sliver to define right arm from body,8,3.0,3
group025,4,11,1,B,2 triangle arms,3,3.0,3
group025,4,11,1,B,bent knee,2,3.0,3
group025,4,11,1,B,diamond face,2,3.0,3
group025,4,11,1,B,small white line,3,3.0,3
group025,4,11,1,B,to define right arm from body,6,3.0,3
group025,4,12,2,E,rabbit ears,2,3.0,3
group025,4,12,2,E,leaning against wall,3,3.0,3
group025,4,12,2,E,facing right,2,3.0,3
group025,4,12,2,E,"sitting, no gap",3,3.0,3
group025,4,13,2,C,"slanted ""Y"" shaped torso and arms, raised arms, looks like falling to the left",14,3.0,3
group025,4,14,2,J,"body, legs and arms form a perfect square apart from the right hand side which is jagged",17,3.0,3
group025,4,15,2,B,"kneeling down, facing right. one arm to right with gap. one arm to left, no gap. head tilted forward right.",20,2.0,3
group025,4,15,2,B,knees form a right angle,5,2.0,3
group025,4,16,2,K,"upright diamond for head, facing right, small diamond on upper back, straight back, arm facing right, kneeling, feet up back",20,3.0,3
group025,4,16,2,K,knees pointed,2,3.0,3
group025,4,17,2,H,"upright diamond for head, hard to tell which way it's facing. body, legs and arms all one piece but looks like knees face right",24,3.0,3
group025,4,17,2,H,legs could be tucked under,5,3.0,3
group025,4,18,2,D,"upright diamond head, facing left. looks like a standing wizard with sleeves on arms which face left.",17,3.0,3
group025,4,18,2,D,square with small point,4,3.0,3
group025,4,18,2,D,at top,2,3.0,3
group025,4,18,2,D,"yes, arms out",3,3.0,3
group025,4,19,2,I,"upright diamond head, facing left. one foot on ground, one foot at right angle in the air facing right. looks like ice skater",23,3.0,3
group025,4,19,2,I,two arms face left,4,3.0,3
group025,4,20,2,L,"upright diamond head, facing right. knees bent, can't see feet, looks like just one arm facing right. body is ""S"" shaped",21,3.0,3
group025,4,21,2,F,"facing left, sitting against a wall, head tilted down. knees bent. no arms visible",14,3.0,3
group025,4,22,2,A,"facing left but looks like head is falling off the back on the right. one leg on floor, one leg raised",21,3.0,3
group025,4,22,2,A,arms weird shape,3,3.0,3
group025,4,22,2,A,doesn't look like a person,5,3.0,3
group025,4,23,2,G,facing right. head tilted back to the left. looks like a dancer with a long dress on. one arm and one leg face right.,24,3.0,3
group025,4,23,2,G,prancing pose,2,3.0,3
group025,4,24,3,K,"facing right, kneeling in prayer position, straight back, small triangle upper back",12,3.0,3
group025,4,24,3,K,feet up back,3,3.0,3
group025,4,24,3,K,yes knees pointed,3,3.0,3
group025,4,25,3,I,"ice skater', facing left, arms left, balancing on one foot, other leg raised facing right",15,3.0,3
group025,4,26,3,E,"bunny ears, sitting, facing right",5,3.0,3
group025,4,27,3,L,"facing right, bending knees, 's' shaped arms, body and legs",10,2.0,3
group025,4,28,3,B,"diamond head, kneeling, facing right, arms like triangles, slither of white between right triangle and body",16,3.0,3
group025,4,29,3,A,"facing left, looks like head is falling off the back on the right, one leg on floor, one leg raised",20,3.0,3
group025,4,30,3,G,"square head top left, two triangles to the right, on high and one low",14,2.0,3
group025,4,30,3,G,yes wearing long dress,4,2.0,3
group025,4,31,3,C,"slanted 'y' shaped arms and body, outstretched arms raised",9,3.0,3
group025,4,31,3,C,yes falling to left,4,3.0,3
group025,4,32,3,H,"diamond head, slanting down shoulders, no arms, block body",9,2.0,3
group025,4,33,3,D,"standing like wizard, facing left, arms with baggy sleeve facing left",11,2.0,3
group025,4,34,3,J,"straight left side, square block like with jagged right side",10,3.0,3
group025,4,35,3,F,"sitting down like against wall, facing left, legs and feet to the left",13,3.0,3
group025,4,35,3,F,"yes, head tilted down",4,3.0,3
group025,4,36,4,I,"facing left standing on one leg, right leg out to right hand side",13,3.0,3
group025,4,36,4,I,triangle arms pointed left,4,3.0,3
group025,4,37,4,E,bunny ears,2,3.0,3
group025,4,37,4,E,sat down facing right,4,3.0,3
group025,4,38,4,F,"sat down, facing left, held tilted slightly down, knees slightly bent to left triangle shoe",15,3.0,3
group025,4,39,4,B,"kneeling position, one triangle arm left, no gaps between body and arm for left, right arm pointed right with small gap",21,3.0,3
group025,4,39,4,B,yes between right arm and body,6,3.0,3
group025,4,40,4,L,s shape,2,3.0,3
group025,4,40,4,L,facing right,2,3.0,3
group025,4,41,4,C,looks like it falling to left,6,2.0,3
group025,4,41,4,C,arms in air like a y,6,2.0,3
group025,4,42,4,D,facing left,2,2.0,3
group025,4,42,4,D,sleeves,1,2.0,3
group025,4,43,4,A,"facing left, one left in air, held tilted towards right handside",11,3.0,3
group025,4,43,4,A,arms a weird shape,4,3.0,3
group025,4,44,4,J,like a square left hand side,6,3.0,3
group025,4,44,4,J,right hand side rigid,4,3.0,3
group025,4,44,4,J,head in middle,3,3.0,3
group025,4,45,4,K,"facing right, kneeling position",4,3.0,3
group025,4,45,4,K,arm out,2,3.0,3
group025,4,45,4,K,feet looks like they're raised a little,7,3.0,3
group025,4,45,4,K,like a monk praying,4,3.0,3
group025,4,45,4,K,held straight up,3,3.0,3
group025,4,46,4,G,"looks like wearing dress, head tilted to left, arm at top facing right",13,3.0,3
group025,4,47,4,H,head straight up. slanted shoulders,5,3.0,3
group025,4,47,4,H,small triangle bottom right,4,3.0,3
group025,4,48,5,F,sitting straight back,3,3.0,3
group025,4,48,5,F,1 leg in front to left,6,3.0,3
group025,4,48,5,F,head leaning forward,3,3.0,3
group025,4,49,5,G,arm and leg to the right,6,2.0,3
group025,4,49,5,G,kneeling dancing position,3,2.0,3
group025,4,49,5,G,1 thick leg,3,2.0,3
group025,4,50,5,E,bunny ears,2,3.0,3
group025,4,51,5,C,y shape,2,3.0,3
group025,4,51,5,C,falling,1,3.0,3
group025,4,52,5,A,standing on 1 leg,4,3.0,3
group025,4,52,5,A,weird thick arms,3,3.0,3
group025,4,52,5,A,other leg is in the air,6,3.0,3
group025,4,53,5,L,Not the praying position,4,3.0,3
group025,4,53,5,L,squatting with no feet visible,5,3.0,3
group025,4,53,5,L,S shape,2,3.0,3
group025,4,54,5,D,wizard guy,2,3.0,3
group025,4,54,5,D,square sleeves with hands,4,3.0,3
group025,4,55,5,B,arms in the air,4,3.0,3
group025,4,55,5,B,slither of white separating arm and body,7,3.0,3
group025,4,55,5,B,1 foot on the left,5,3.0,3
group025,4,56,5,J,square left side,3,2.0,3
group025,4,56,5,J,jagged right side,3,2.0,3
group025,4,57,5,H,body is a kind of weird block,7,3.0,3
group025,4,57,5,H,with right triangle on the right,6,3.0,3
group025,4,57,5,H,no feet,2,3.0,3
group025,4,58,5,I,ice skater pose,3,2.0,3
group025,4,59,5,K,kneeling praying,2,3.0,3
group025,4,59,5,K,feet behind back,3,3.0,3
group025,4,60,6,F,"facing left, head tilted forward, sitting down against wall, knees bent",11,3.0,3
group025,4,60,6,F,pointed toes,2,3.0,3
group025,4,61,6,H,"blob shaped body, knees face right, calves tucked under thighs",10,3.0,3
group025,4,61,6,H,no arms,2,3.0,3
group025,4,62,6,G,"dancer wearing dress, facing right",5,2.0,3
group025,4,63,6,L,"""S"" shaped guy",3,3.0,3
group025,4,64,6,D,wizard guy,2,3.0,3
group025,4,65,6,E,bunny ears,2,3.0,3
group025,4,66,6,I,ice skater,2,1.0,3
group025,4,67,6,C,"""Y"" shaped guy",3,3.0,3
group025,4,68,6,K,"facing right, praying position, feet pointed up back, small triangle top of back",13,2.0,3
group025,4,69,6,A,"Guy with weird arms, head falling off back to left, one foot on floor, one foot raised",17,2.0,3
group025,4,70,6,B,"kneeling facing right, small white slither between arm and body",10,2.0,3
group025,4,71,6,J,square body apart from right hand side. faces right,9,3.0,3
group026,3,0,1,H,"a person sitting with their head up, no limbs showing",10,2.0,2
group026,3,1,1,I,an ice skater with their back foot in the air,10,2.0,2
group026,3,2,1,J,a person standing with arms outstretched; one arm is holding a cloth going down to the floor,17,1.0,2
group026,3,2,1,J,"standing straight, but one side you can see their outline, the other is covered",14,1.0,2
group026,3,2,1,J,"one side is the shape of a person, the other is a vertical line",14,1.0,2
group026,3,3,1,D,the other person standing!,4,2.0,2
group026,3,3,1,D,the incorrect one from the last go,7,2.0,2
group026,3,4,1,C,"a person with both arms stretched upwards, leaning to the left",11,2.0,2
group026,3,5,1,K,"side view of a person kneeling, hands held up at chest height",12,1.0,2
group026,3,6,1,B,"a person sitting or kneeling with arms out to the sides, possibly fee visible behind and left. arms have sleeves hanging down towards body",24,2.0,2
group026,3,6,1,B,front view,2,2.0,2
group026,3,6,1,B,arms are held horizontally,4,2.0,2
group026,3,6,1,B,gap between right arm and body,6,2.0,2
group026,3,7,1,L,side view of person kneeling with hands at chest height. not the one described earlier - legs form a lightning shape,21,2.0,2
group026,3,8,1,E,a rabbit sitting down against a corner??,7,2.0,2
group026,3,8,1,E,looks like ears coming out of the square head,9,2.0,2
group026,3,9,1,G,a person sitting with arms behind them; one held down and one held up,14,2.0,2
group026,3,9,1,G,head is to the left,5,2.0,2
group026,3,9,1,G,legs to the left,4,2.0,2
group026,3,10,1,A,stomping feet,2,2.0,2
group026,3,10,1,A,head is not the highest point of the picture - maybe a shoulder is at the same height,18,2.0,2
group026,3,10,1,A,both feet point left,4,2.0,2
group026,3,11,1,F,"person sitting, feet to the left, knees up",8,2.0,2
group026,3,11,1,F,large body,2,2.0,2
group026,3,12,2,J,"diamond head on top, left side is completely vertical line; right side has what would be the arm sticking out",20,2.0,2
group026,3,13,2,L,"diamond head on top, arms up to chest height, legs make a zigzag lightning shape",15,2.0,2
group026,3,14,2,B,"diamond head on top, two triangular arms outstretched underneath. person looks to be kneeling",14,2.0,2
group026,3,14,2,B,no gap between arms,4,2.0,2
group026,3,14,2,B,the arms are horizontally outstretched,5,2.0,2
group026,3,14,2,B,not vertically,2,2.0,2
group026,3,14,2,B,you can see a foot sticking out on the left side,11,2.0,2
group026,3,14,2,B,"yes, feet on bottom left",5,2.0,2
group026,3,15,2,F,diamond head on top leaning a little to the left; person is sitting and legs are bent and to the left; very large body,24,2.0,2
group026,3,16,2,E,this is the one that looks like a rabbit; the diamond head is topped with two triangles. and the diamond head is atop a very large triangle,27,2.0,2
group026,3,17,2,I,the one that looks like an ice skater with his leg up and behind him,15,1.0,2
group026,3,18,2,H,diamond head on top; no limbs can be seen; person looks to be kneeling,14,2.0,2
group026,3,19,2,D,diamond head on top; right side is completely vertical line; left side has arm slightly outstretched,16,2.0,2
group026,3,20,2,C,diamond head on top; arms are outstretched and entire figure is leaning to the left,15,2.0,2
group026,3,20,2,C,"yes, upward",2,2.0,2
group026,3,21,2,A,diamond head is almost on back and on right side of body; both feet are pointing left,17,2.0,2
group026,3,22,2,K,the other figure with the arms at chest level; not the one with the lightning shaped feet,17,2.0,2
group026,3,23,2,G,the one with the diamond head on the left side; arms are outstretched vertically on the right side of the body,21,2.0,2
group026,3,24,3,I,the ice skater,3,2.0,2
group026,3,24,3,I,"arms to the left, one foot down, one foot to the right",12,2.0,2
group026,3,25,3,E,bunny in a tent,4,2.0,2
group026,3,26,3,A,sad guy with square backpack,5,2.0,2
group026,3,26,3,A,feet to the left,4,2.0,2
group026,3,27,3,F,large body guy sitting on floor,6,2.0,2
group026,3,27,3,F,feet to the left,4,2.0,2
group026,3,27,3,F,no limbs,2,2.0,2
group026,3,28,3,D,standing at counter; right side is vertical line,8,2.0,2
group026,3,28,3,D,left side has protrusions,4,2.0,2
group026,3,29,3,B,ponytail girl sitting. diamond head on what blocky body,9,2.0,2
group026,3,29,3,B,feet to the left,4,2.0,2
group026,3,29,3,B,triangle attached at base of diamond head to the right,10,2.0,2
group026,3,29,3,B,arm on left is fully attached to body,8,2.0,2
group026,3,30,3,K,kneeling body,2,2.0,2
group026,3,30,3,K,"fully kneeling, not the lightning one",6,2.0,2
group026,3,30,3,K,arms to the right,4,2.0,2
group026,3,31,3,H,"kneeling body, no visible arms or feet",7,2.0,2
group026,3,31,3,H,just head and body,4,2.0,2
group026,3,32,3,L,squatting body; lightning legs,4,1.0,2
group026,3,33,3,G,man sitting in the k-chair,5,2.0,2
group026,3,33,3,G,k shaped protrusions on the right side,7,2.0,2
group026,3,34,3,J,waving for a taxi; left side is vertical line; arm to the right,13,2.0,2
group026,3,35,3,C,"celebrating man; leaning to the left, arms pointing up",9,2.0,2
group026,3,36,4,H,sitting with no limbs visible,5,2.0,2
group026,3,36,4,H,triangle at the bottom pointing right could be feet,9,2.0,2
group026,3,36,4,H,no arms,2,2.0,2
group026,3,37,4,C,celebrating with arms held up; leaning left,7,2.0,2
group026,3,38,4,L,kneeling down with zigzag lightning legs; hands out to the right,11,2.0,2
group026,3,39,4,A,stomping feet pointing left; square backpack on right; nose pointing down on left,13,2.0,2
group026,3,40,4,D,standing at counter with hands held at chest height to oleft; right side is a vertical line,17,2.0,2
group026,3,41,4,E,rabbit sitting in the corner,5,2.0,2
group026,3,42,4,J,"standing, arms outstretched; left side is vertical line",8,2.0,2
group026,3,43,4,B,sitting or kneeling; head has point up; gap between triangle on right and body,14,2.0,2
group026,3,43,4,B,ponytail?,1,2.0,2
group026,3,43,4,B,small triangle foot on bottom left,6,2.0,2
group026,3,44,4,F,"large body sitting facing left, knees pointing up",8,2.0,2
group026,3,44,4,F,large body,2,2.0,2
group026,3,45,4,K,kneeling with hands to right but not zigzag legs,9,2.0,2
group026,3,46,4,G,"sitting with head and legs to left, arms to right in K shape",13,2.0,2
group026,3,47,4,I,ice skater,2,2.0,2
group026,3,48,5,H,"kneeling, no limbs",3,2.0,2
group026,3,48,5,H,large body and head only,5,2.0,2
group026,3,49,5,F,large body sitting with legs to the left,8,2.0,2
group026,3,50,5,G,k shaped arms on right,5,2.0,2
group026,3,51,5,K,kneeling with arms at chest height but NO zigzag legs,10,2.0,2
group026,3,52,5,A,"sad guy with backpack, legs to the left",8,2.0,2
group026,3,53,5,B,kneeling with head tilted to right; arms outstretched horizontally,9,2.0,2
group026,3,53,5,B,small triangle on left,4,2.0,2
group026,3,53,5,B,looks like a foot,4,2.0,2
group026,3,54,5,L,kneeling with arms chest height and zigzag legs,8,2.0,2
group026,3,55,5,E,rabbit in corner,3,2.0,2
group026,3,56,5,D,guy at podium; completely vertical line on right side,9,2.0,2
group026,3,57,5,J,completely vertical line on left side,6,2.0,2
group026,3,58,5,C,guy celebrating with arms upward and leaning to left,9,2.0,2
group026,3,59,5,I,ice skater,2,2.0,2
group026,3,59,5,I,one leg down and one leg up,7,2.0,2
group026,3,60,6,A,sad guy with square backpack,5,2.0,2
group026,3,61,6,C,"celebrating guy, leaning to the left, arms pointing up",9,2.0,2
group026,3,62,6,D,"guy at podium, right side vertical line",7,2.0,2
group026,3,63,6,K,"kneeling guy, arms at chest height, no zigzag legs",9,2.0,2
group026,3,64,6,L,"squatting guy, zigzag legs",4,2.0,2
group026,3,65,6,I,ice skater,2,2.0,2
group026,3,66,6,B,"ponytail girl; fully attached arm on left side, feet on bottom left; triangle attached only to diamond head on right side",21,2.0,2
group026,3,67,6,F,large body sitting guy,4,2.0,2
group026,3,67,6,F,"knees up, feet to left",5,2.0,2
group026,3,68,6,H,"kneeling guy; no limbs, only head and body, small triangular protrusion on bottom right",14,2.0,2
group026,3,69,6,J,"standing guy, left side vertical line, arm on right",9,2.0,2
group026,3,70,6,E,rabbit in corner,3,2.0,2
group026,3,71,6,G,guy sitting in the k-chair,5,2.0,2
group026,3,71,6,G,k shaped arms on right side,6,2.0,2
group027,3,0,1,C,looks like a person with open arms leaning,8,2.0,2
group027,3,0,1,C,either side of the head,5,2.0,2
group027,3,0,1,C,leaning to the left of screen,6,2.0,2
group027,3,1,1,L,looks like someone on their knees with hand out,9,1.0,2
group027,3,1,1,L,facing the right,3,1.0,2
group027,3,1,1,L,bent knees,2,1.0,2
group027,3,1,1,L,umm id say two like they are begging,8,1.0,2
group027,3,1,1,L,no legs are kind of a squint square,8,1.0,2
group027,3,1,1,L,no maybe also looks like praying/,6,1.0,2
group027,3,1,1,L,arms are in a triangular shape pointing right,8,1.0,2
group027,3,1,1,L,pointing,1,1.0,2
group027,3,1,1,L,yes bent knees,3,1.0,2
group027,3,2,1,J,short body,2,2.0,2
group027,3,2,1,J,one solid body shape with point to right where hands are,11,2.0,2
group027,3,2,1,J,also pointed feet towards right,5,2.0,2
group027,3,2,1,J,yes right,2,2.0,2
group027,3,3,1,B,this ones difficult shapes don't match up corectly,8,0.0,2
group027,3,3,1,B,points at top facing both ways and then a point at bottom facing left,14,0.0,2
group027,3,4,1,G,one of you chose this last time,7,2.0,2
group027,3,4,1,G,looks like a j,4,2.0,2
group027,3,4,1,G,but with a lil extra on the bottom left side,10,2.0,2
group027,3,5,1,A,looks like a person with a beak kicking one leg up and facing left there is a square on back,20,2.0,2
group027,3,6,1,K,diamond for head half diamond for shoulders,7,2.0,2
group027,3,6,1,K,hand out to point to the right,7,2.0,2
group027,3,6,1,K,on knees with feet behind,5,2.0,2
group027,3,7,1,I,looks like the got a foot sticking out to the right at a 90 degree angle,16,2.0,2
group027,3,7,1,I,hands are both pointing to the left,7,2.0,2
group027,3,8,1,H,this one looks like a person with no limbs,9,2.0,2
group027,3,8,1,H,ye looks that way,4,2.0,2
group027,3,9,1,D,looks like a priest or monk with big sleeves with hand out,12,2.0,2
group027,3,9,1,D,facing left,2,2.0,2
group027,3,9,1,D,no id say standing,4,2.0,2
group027,3,10,1,F,looks like someone sitting doing  with knees bent up facing left,11,2.0,2
group027,3,10,1,F,head looks like its pointed down a bit,8,2.0,2
group027,3,11,1,E,looks like a rabbit with big  ears facing right and a very flat back,14,2.0,2
group027,3,12,2,L,"facing right, knees bent",4,2.0,2
group027,3,12,2,L,hands out as if serving food,6,2.0,2
group027,3,13,2,D,"monk, facing left",3,2.0,2
group027,3,14,2,B,usain bolt dab-type pose,4,1.0,2
group027,3,14,2,B,facing right,2,1.0,2
group027,3,14,2,B,"no, to the right. on knees",6,1.0,2
group027,3,14,2,B,"no, arms too",3,1.0,2
group027,3,14,2,B,separate triangle for one arm,5,1.0,2
group027,3,14,2,B,can see foot,3,1.0,2
group027,3,14,2,B,"foot on left, on floor is a triangle",8,1.0,2
group027,3,15,2,F,"sitting down, facing left, straight back",6,1.0,2
group027,3,16,2,C,2 hands out either side,5,2.0,2
group027,3,16,2,C,leaning back,2,2.0,2
group027,3,17,2,G,The J that one of you said earlier,8,2.0,2
group027,3,17,2,G,facing right,2,2.0,2
group027,3,17,2,G,head up,2,2.0,2
group027,3,18,2,H,no limbs,2,2.0,2
group027,3,18,2,H,facing right,2,2.0,2
group027,3,19,2,I,ice skating pose,3,2.0,2
group027,3,19,2,I,facing left,2,2.0,2
group027,3,19,2,I,2 mountain peaks,3,2.0,2
group027,3,20,2,K,"kneeling down, facing right",4,2.0,2
group027,3,20,2,K,"like praying, with left foot facing up",7,2.0,2
group027,3,21,2,A,looks like a horse with a head on the back,10,2.0,2
group027,3,21,2,A,facing right,2,2.0,2
group027,3,21,2,A,most monster-looking one,3,2.0,2
group027,3,21,2,A,facing left,2,2.0,2
group027,3,21,2,A,"yes, birdman",2,2.0,2
group027,3,22,2,E,"sitting down, facing right",4,2.0,2
group027,3,22,2,E,bunny ears,2,2.0,2
group027,3,23,2,J,straight on left,3,1.0,2
group027,3,23,2,J,facing right,2,1.0,2
group028,3,0,1,J,main rectangular body,3,2.0,2
group028,3,0,1,J,with point to the right,5,2.0,2
group028,3,0,1,J,and point toe,3,2.0,2
group028,3,0,1,J,with diamond head,3,2.0,2
group028,3,1,1,I,balancing on one leg,4,2.0,2
group028,3,1,1,I,triangular tail,2,2.0,2
group028,3,1,1,I,looks like a birds beak,5,2.0,2
group028,3,1,1,I,tail to the right,4,2.0,2
group028,3,2,1,A,looks like a bear balancing on one leg,8,2.0,2
group028,3,2,1,A,head pointing down,3,2.0,2
group028,3,2,1,A,diamond on back,3,2.0,2
group028,3,2,1,A,i would say left leg down right leg up,9,2.0,2
group028,3,2,1,A,leg down is right side of screen,7,2.0,2
group028,3,3,1,D,looks like man holding a book to his left of screen,11,2.0,2
group028,3,3,1,D,pointy foot to left of screen,6,2.0,2
group028,3,3,1,D,rectangle body,2,2.0,2
group028,3,4,1,L,same a s before,4,1.0,2
group028,3,4,1,L,lightning bolt,2,1.0,2
group028,3,4,1,L,lightning bolt body though,4,1.0,2
group028,3,4,1,L,body,1,1.0,2
group028,3,4,1,L,holding book to right of screen,6,1.0,2
group028,3,5,1,H,diamond on top,3,2.0,2
group028,3,5,1,H,no arms or legs,4,2.0,2
group028,3,5,1,H,point to right of screen,5,2.0,2
group028,3,5,1,H,to the right yes,4,2.0,2
group028,3,6,1,G,diamond to left of head,5,0.0,2
group028,3,6,1,G,sitting up,2,0.0,2
group028,3,6,1,G,slightly leaning to right of screen,6,0.0,2
group028,3,6,1,G,sitting down,2,0.0,2
group028,3,6,1,G,tall neck,2,0.0,2
group028,3,6,1,G,tall neck with triangle to right,6,0.0,2
group028,3,6,1,G,yes like sitting down,4,0.0,2
group028,3,6,1,G,no legs,2,0.0,2
group028,3,6,1,G,triangle at top and and side,6,0.0,2
group028,3,7,1,E,mountain shape body,3,2.0,2
group028,3,7,1,E,two different triangles on head,5,2.0,2
group028,3,7,1,E,yes like bunny ears,4,2.0,2
group028,3,7,1,E,mountain body,2,2.0,2
group028,3,8,1,B,two ears,2,1.0,2
group028,3,8,1,B,one diamond,2,1.0,2
group028,3,8,1,B,one triangle,2,1.0,2
group028,3,8,1,B,pointy head to left of screen,6,1.0,2
group028,3,8,1,B,it looks like dog with big ears,7,1.0,2
group028,3,8,1,B,one diamond shape and one triangle,6,1.0,2
group028,3,8,1,B,dog or fox,3,1.0,2
group028,3,8,1,B,sat down,2,1.0,2
group028,3,8,1,B,"diamond on top, triangle underneath like ears to right of screen",11,1.0,2
group028,3,8,1,B,small triangle to left of screen,6,1.0,2
group028,3,8,1,B,could look like legs,4,1.0,2
group028,3,9,1,F,man sitting down,3,2.0,2
group028,3,9,1,F,knees bent,2,2.0,2
group028,3,9,1,F,diamond head,2,2.0,2
group028,3,9,1,F,no arms,2,2.0,2
group028,3,10,1,K,right,1,2.0,2
group028,3,10,1,K,diamond head,2,2.0,2
group028,3,10,1,K,diamond neck,2,2.0,2
group028,3,10,1,K,point to right of screen and then point up from the bottom,12,2.0,2
group028,3,11,1,C,dude with two arms up,5,2.0,2
group028,3,11,1,C,could look like flying,4,2.0,2
group028,3,12,2,K,Triangle head and neck,4,2.0,2
group028,3,12,2,K,Pointing right,2,2.0,2
group028,3,12,2,K,Bottom left is a right angle,6,2.0,2
group028,3,12,2,K,We had it 2 rounds ago,6,2.0,2
group028,3,12,2,K,Only one with a diamond neck,6,2.0,2
group028,3,12,2,K,Point to the right below the neck,7,2.0,2
group028,3,12,2,K,and another point to the right near the bottom,9,2.0,2
group028,3,12,2,K,and the bottom left is a a right-angle,8,2.0,2
group028,3,12,2,K,Diamond head,2,2.0,2
group028,3,12,2,K,On top of another diamond exactly the same size,9,2.0,2
group028,3,13,2,L,"Diamond head, 2 points to the right",7,2.0,2
group028,3,13,2,L,Kinda looks like a man kneeling,6,2.0,2
group028,3,13,2,L,Just the one arm pointing right,6,2.0,2
group028,3,13,2,L,And then another point which is like knees,8,2.0,2
group028,3,14,2,F,Man sitting down,3,2.0,2
group028,3,14,2,F,"Foot is bottom left, butt is bottom right",8,2.0,2
group028,3,15,2,I,Standing on 1 leg,4,2.0,2
group028,3,15,2,I,"1 point to the right, 2 points to the left",10,2.0,2
group028,3,15,2,I,"diamond head, on the left above the 2 points",9,2.0,2
group028,3,15,2,I,Diamond head with 2 triangles (arms) underneath it,8,2.0,2
group028,3,16,2,D,"Diamond head, 1 arm to the left",7,2.0,2
group028,3,16,2,D,nothing to the right,4,2.0,2
group028,3,16,2,D,Body is a full block,5,2.0,2
group028,3,16,2,D,"Small point on bottom left, like a toe",8,2.0,2
group028,3,17,2,H,Diamond head on a full body,6,2.0,2
group028,3,17,2,H,Point to the bottom right,5,2.0,2
group028,3,18,2,C,Man with arms in the air,6,2.0,2
group028,3,19,2,G,One of the more obscure ones,6,1.0,2
group028,3,19,2,G,Diamond head in the middle but it's oriented like a square,11,1.0,2
group028,3,19,2,G,arm top right pointing up,5,1.0,2
group028,3,19,2,G,foot bottom right,3,1.0,2
group028,3,19,2,G,block bottom left,3,1.0,2
group028,3,20,2,A,Bear looking down at it's foot,6,1.0,2
group028,3,20,2,A,With a diamond on its back,6,1.0,2
group028,3,21,2,E,Mountain with square and 2 diamonds at the top,9,2.0,2
group028,3,22,2,J,"Diamond head, big blocky body, left edge is a straight line",11,2.0,2
group028,3,22,2,J,"Small point on the right toe, slightly bigger point as the right arm",13,2.0,2
group028,3,23,2,B,Man kneeling with 2 arms in the air,8,1.0,2
group028,3,23,2,B,Bottom left is his feet,5,1.0,2
group028,3,23,2,B,Diamond head with 2 triangle arms underneath pointing out,9,1.0,2
group028,3,23,2,B,"Bottom right is a full block, like his knees",9,1.0,2
group028,3,23,2,B,Bottom left is a triangle,5,1.0,2
group028,3,23,2,B,Might be the one you're seeing as a dog but doesn't look like a dog to me,17,1.0,2
group028,3,23,2,B,"Triangle head, diamond arm pointing left and diamond arm pointing right underneath it",13,1.0,2
group028,3,23,2,B,then a body which covers all of the bottom right,10,1.0,2
group028,3,23,2,B,and a diamond foot on the left,7,1.0,2
group028,3,23,2,B,lol at how we keep calling the triangles diamonds but more or less same thing,15,1.0,2
group028,3,24,3,K,diamond head,2,2.0,2
group028,3,24,3,K,diamond underneath head,3,2.0,2
group028,3,24,3,K,underneath,1,2.0,2
group028,3,24,3,K,triangle on bottom left pointing up,6,2.0,2
group028,3,25,3,E,bunny ears,2,2.0,2
group028,3,25,3,E,mountain body,2,2.0,2
group028,3,26,3,B,"the dog one, triangle like a head in phineas and ferb looking to the left",15,2.0,2
group028,3,26,3,B,diamond above the triangle head,5,2.0,2
group028,3,26,3,B,triangle to the left underneath the diamond,7,2.0,2
group028,3,26,3,B,tiny triangle on bottom left,5,2.0,2
group028,3,27,3,J,diamond head and straight edge on left side,8,2.0,2
group028,3,28,3,H,"diamond head, neck is narrow then expands into rectangle body",10,1.0,2
group028,3,28,3,H,bottom right triangle,3,1.0,2
group028,3,28,3,H,no arms,2,1.0,2
group028,3,29,3,F,"man sitting down, leg to the left",7,2.0,2
group028,3,30,3,I,"man on one leg, two triangle arms on the left, on triangle leg sticking out on the right",18,2.0,2
group028,3,30,3,I,diamond head,2,2.0,2
group028,3,31,3,L,lightning bolt body,3,2.0,2
group028,3,31,3,L,diamond head,2,2.0,2
group028,3,31,3,L,triangle as arm on the right,6,2.0,2
group028,3,32,3,G,slightly slanted square on the top left,7,2.0,2
group028,3,32,3,G,beside it is a triangle hanging on on the right,10,2.0,2
group028,3,32,3,G,tiny triangle right under the square,6,2.0,2
group028,3,32,3,G,leg is laying on the left and is the majority if the body,13,2.0,2
group028,3,33,3,C,man with arms in air,5,2.0,2
group028,3,34,3,D,"the statue one i think, diamond head, holding book on left, toe pointing to left",15,2.0,2
group028,3,35,3,A,bear looking at foot,4,2.0,2
group028,3,36,4,E,mountain body,2,2.0,2
group028,3,37,4,B,dog,1,2.0,2
group028,3,38,4,I,man one one leg,4,2.0,2
group028,3,39,4,C,man with two arms up,5,2.0,2
group028,3,40,4,J,diamond head,2,2.0,2
group028,3,40,4,J,straight edge to left,4,2.0,2
group028,3,41,4,H,ghost,1,1.0,2
group028,3,42,4,L,lightning bolt,2,1.0,2
group028,3,43,4,G,hard one to explain,4,2.0,2
group028,3,44,4,A,bear looking at foot,4,2.0,2
group028,3,45,4,D,man holding book,3,2.0,2
group028,3,46,4,F,man with knees up,4,2.0,2
group028,3,47,4,K,diamond head and neck,4,2.0,2
group028,3,48,5,H,Ghost,1,1.0,2
group028,3,49,5,C,Man with arms in air,5,2.0,2
group028,3,50,5,I,"Man on 1 leg, 2 diamonds to the left",9,2.0,2
group028,3,51,5,G,Obscure one,2,2.0,2
group028,3,52,5,B,Dog on,2,1.0,2
group028,3,53,5,E,Mountain,1,2.0,2
group028,3,54,5,F,"Man sitting, knee up",4,1.0,2
group028,3,55,5,A,Bear looking at foot,4,2.0,2
group028,3,56,5,J,"Diamond head, straight edge body down the left side",9,2.0,2
group028,3,56,5,J,pointing right,2,2.0,2
group028,3,57,5,L,Lightning body,2,2.0,2
group028,3,58,5,D,"Holding book, straight edge body on the right",8,2.0,2
group028,3,59,5,K,Diamond neck,2,2.0,2
group028,3,60,6,B,dog,1,1.0,2
group028,3,61,6,H,ghost,1,2.0,2
group028,3,62,6,L,lightning bolt,2,2.0,2
group028,3,63,6,K,diamond neck,2,2.0,2
group028,3,64,6,G,obscure,1,2.0,2
group028,3,65,6,D,holding book,2,2.0,2
group028,3,66,6,A,bear looking at foot,4,2.0,2
group028,3,67,6,F,man sitting down. leg to the left,7,2.0,2
group028,3,68,6,J,"straight edge on LEFT, point to the right as arm and point to the right as toe",17,2.0,2
group028,3,69,6,C,man with arms up,4,1.0,2
group028,3,70,6,E,"bunny ears, mountain body",4,2.0,2
group028,3,71,6,I,"standing on one leg, arms to left",7,2.0,2
group029,3,0,1,G,the pic looks a bit like a boot!,8,2.0,2
group029,3,0,1,G,or maybe a high heeled shoe,6,2.0,2
group029,3,0,1,G,pointing left,2,2.0,2
group029,3,0,1,G,there is also a square at the top,8,2.0,2
group029,3,1,1,D,this looks like an upright person,6,2.0,2
group029,3,1,1,D,looks like a teacher maybe with a book in front of them,12,2.0,2
group029,3,1,1,D,facing left,2,2.0,2
group029,3,2,1,H,diamond head again,3,2.0,2
group029,3,2,1,H,curves to the right at the bottom,7,2.0,2
group029,3,2,1,H,below the diamond head it comes to an apex,9,2.0,2
group029,3,2,1,H,it could almost look like a fish,7,2.0,2
group029,3,2,1,H,looking straight up,3,2.0,2
group029,3,3,1,C,this looks like a person with outstretched arms,8,2.0,2
group029,3,3,1,C,diamond head again,3,2.0,2
group029,3,4,1,F,looks like a person sat down,6,2.0,2
group029,3,4,1,F,facing left,2,2.0,2
group029,3,4,1,F,quite slumped over,3,2.0,2
group029,3,4,1,F,yes knees bent,3,2.0,2
group029,3,5,1,L,person facing right,3,1.0,2
group029,3,5,1,L,almost looks like they could be praying,7,1.0,2
group029,3,5,1,L,diamond head again,3,1.0,2
group029,3,5,1,L,looks like they are kneeling,5,1.0,2
group029,3,6,1,E,this looks a bit like a women's shoe,8,2.0,2
group029,3,6,1,E,pointing right,2,2.0,2
group029,3,6,1,E,at the very top it has two triangular shapes,9,2.0,2
group029,3,6,1,E,a diamond just beneath,4,2.0,2
group029,3,6,1,E,yeah rabbit ears sounds better!,5,2.0,2
group029,3,7,1,A,this is upright,3,2.0,2
group029,3,7,1,A,looks like maybe an animal kicking,6,2.0,2
group029,3,7,1,A,legs kicking left,3,2.0,2
group029,3,8,1,J,looks like a fat person,5,2.0,2
group029,3,8,1,J,possibly pointing right,3,2.0,2
group029,3,8,1,J,diamond head,2,2.0,2
group029,3,9,1,K,this could be someone praying too,6,1.0,2
group029,3,9,1,K,looking skyward,2,1.0,2
group029,3,9,1,K,pointing right,2,1.0,2
group029,3,9,1,K,diamond head,2,1.0,2
group029,3,9,1,K,arms together in a triangle,5,1.0,2
group029,3,9,1,K,under the diamond head is partly another diamond,8,1.0,2
group029,3,9,1,K,but praying hands get in the way,7,1.0,2
group029,3,10,1,B,kneeling down figure pointing left,5,1.0,2
group029,3,10,1,B,diamond head,2,1.0,2
group029,3,10,1,B,triangle on the back of the head,7,1.0,2
group029,3,10,1,B,another small triangle could be a foot,7,1.0,2
group029,3,10,1,B,the body comes to a right angle in the bottom right of the pic,14,1.0,2
group029,3,10,1,B,diamond head has a triangle attached to,7,1.0,2
group029,3,10,1,B,yes gun,2,1.0,2
group029,3,11,1,I,this could be someone dancing,5,2.0,2
group029,3,11,1,I,pointing left,2,2.0,2
group029,3,12,2,F,sitting down facing left,4,2.0,2
group029,3,12,2,F,knee up,2,2.0,2
group029,3,13,2,A,"facing left, head down with tilted box on back of neck - one leg raised",15,2.0,2
group029,3,13,2,A,a longish pointy nose,4,2.0,2
group029,3,14,2,G,weird shaped one which looks like nothing easy to describe,10,0.0,2
group029,3,14,2,G,tilted box as head maybe,5,0.0,2
group029,3,14,2,G,no - triangle bottom right,5,0.0,2
group029,3,14,2,G,triangle only attached by left edge,6,0.0,2
group029,3,14,2,G,to rest of shape,4,0.0,2
group029,3,15,2,C,upper torso only - arms raised + leaning left,9,2.0,2
group029,3,16,2,L,facing right - bent at the knees,7,2.0,2
group029,3,16,2,L,could be pointing a gun,5,2.0,2
group029,3,16,2,L,head is straight,3,2.0,2
group029,3,16,2,L,focus on bent knees,4,2.0,2
group029,3,17,2,I,ballet dancer standing on 1 leg - other leg back and to right,13,2.0,2
group029,3,18,2,J,big body - vertical line down left and on bottom,10,2.0,2
group029,3,18,2,J,yes - stubby pointing,4,2.0,2
group029,3,19,2,K,kneeling facing right,3,2.0,2
group029,3,19,2,K,NOT rabbit ears one,4,2.0,2
group029,3,20,2,B,"head is diamond, below and to right is a triangle at 45 degree angle",14,1.0,2
group029,3,20,2,B,facing right maybe,3,1.0,2
group029,3,20,2,B,bottom  and right bottom side are straight lines,8,1.0,2
group029,3,20,2,B,left bottom has small triangle jutting out,7,1.0,2
group029,3,21,2,E,rabbit ears,2,2.0,2
group029,3,21,2,E,head is tilted down below ears,6,2.0,2
group029,3,22,2,H,"most basic shape - upper torso only, facing right. looks like arms are in the pockets",16,1.0,2
group029,3,22,2,H,bottom of torso tilted to right,6,1.0,2
group029,3,23,2,D,whole figure - facing left small foot sticking out to left,11,2.0,2
group029,3,23,2,D,could be holding a gun or pointing,7,2.0,2
group029,3,24,3,J,"Fat body, facing right",4,2.0,2
group029,3,25,3,C,"both arms raised, tilted left",5,2.0,2
group029,3,26,3,G,Looks like a high heeled shoe,6,2.0,2
group029,3,27,3,A,looks like a zombie walking towards the left,8,2.0,2
group029,3,28,3,D,"whole body, facing left, could be holding a gun",9,2.0,2
group029,3,29,3,F,"seated, and knees up",4,2.0,2
group029,3,29,3,F,facing left,2,2.0,2
group029,3,30,3,I,dancer with leg kicking out to the right,8,2.0,2
group029,3,31,3,E,rabbit ears,2,2.0,2
group029,3,32,3,B,weird one with the small triangle on the bottom left,10,2.0,2
group029,3,32,3,B,Yes triangle on the right side,6,2.0,2
group029,3,33,3,K,Kneeling down to pray and facing right,7,2.0,2
group029,3,33,3,K,with a little flick on the left,7,2.0,2
group029,3,34,3,H,person in a sleeping bag with the feet curved to the right,12,2.0,2
group029,3,34,3,H,diamond head,2,2.0,2
group029,3,34,3,H,"no hands, just body",4,2.0,2
group029,3,34,3,H,basic shape,2,2.0,2
group029,3,35,3,L,facing right kneeling to pray,5,2.0,2
group029,3,35,3,L,no flick up on the left,6,2.0,2
group029,3,35,3,L,"Yes, bent knees",3,2.0,2
group029,3,36,4,J,fat person,2,2.0,2
group029,3,37,4,H,the sleeping bag one!,4,2.0,2
group029,3,38,4,K,praying facing right leg flicked up,6,2.0,2
group029,3,39,4,C,goalkeeper both arms in the air,6,2.0,2
group029,3,40,4,L,"praying, facing right no leg flick",6,2.0,2
group029,3,40,4,L,bent knees,2,2.0,2
group029,3,41,4,F,slouched down person,3,2.0,2
group029,3,41,4,F,facing left,2,2.0,2
group029,3,42,4,I,ballet dancer right leg flicked out,6,2.0,2
group029,3,43,4,B,another prayer! facing left weird little small triangle bottom left,10,2.0,2
group029,3,43,4,B,big triangle at base of head,6,2.0,2
group029,3,44,4,E,rabbit ears,2,1.0,2
group029,3,45,4,A,zombie walking left,3,1.0,2
group029,3,46,4,D,upright person facing left maybe pointing gun,7,1.0,2
group029,3,47,4,G,the high heeled shoe one,5,2.0,2
group029,3,48,5,A,zombie,1,2.0,2
group029,3,49,5,I,ballet dancer,2,2.0,2
group029,3,50,5,L,bent knees pointing right,4,2.0,2
group029,3,50,5,L,no flick,2,2.0,2
group029,3,51,5,D,whole body -facing left with gun,6,2.0,2
group029,3,52,5,F,slouched facing left knee up,5,2.0,2
group029,3,53,5,J,fat body,2,2.0,2
group029,3,54,5,H,sleeping bag,2,2.0,2
group029,3,55,5,G,stiletto,1,2.0,2
group029,3,56,5,C,goalkeeper,1,2.0,2
group029,3,57,5,E,bugs bunny!,2,2.0,2
group029,3,58,5,K,praying to right - flick up,6,2.0,2
group029,3,59,5,B,small triangle bottom left,4,2.0,2
group029,3,60,6,I,ballet dancer,2,2.0,2
group029,3,61,6,F,slouched to the left and knees up,7,1.0,2
group029,3,62,6,J,fat one,2,2.0,2
group029,3,63,6,D,one with a gun,4,2.0,2
group029,3,63,6,D,facing left,2,2.0,2
group029,3,64,6,H,sleeping bag one,3,2.0,2
group029,3,65,6,K,"kneeling down to pray, flick up",6,2.0,2
group029,3,66,6,E,bunny ears :),3,2.0,2
group029,3,67,6,L,"kneeling down, no flick",4,1.0,2
group029,3,68,6,C,goalkeeper,1,2.0,2
group029,3,69,6,A,the zombie,2,2.0,2
group029,3,70,6,G,high heels,2,2.0,2
group029,3,71,6,B,small triangle on the left,5,2.0,2
group030,3,0,1,F,doing sit ups,3,2.0,2
group030,3,1,1,A,dinosaur,1,1.0,2
group030,3,1,1,A,one leg lifted,3,1.0,2
group030,3,1,1,A,head backwards,2,1.0,2
group030,3,2,1,D,beggar asking for money in a bowl,7,2.0,2
group030,3,2,1,D,standing straight,2,2.0,2
group030,3,3,1,E,looks like a rabbit,4,2.0,2
group030,3,3,1,E,2 ears,2,2.0,2
group030,3,3,1,E,sitting,1,2.0,2
group030,3,3,1,E,triangle body,2,2.0,2
group030,3,3,1,E,2 ears up,3,2.0,2
group030,3,3,1,E,triangle ears,2,2.0,2
group030,3,4,1,K,beggar asking for money but a small portion of triangle sticking out,12,2.0,2
group030,3,4,1,K,at the back,3,2.0,2
group030,3,4,1,K,not the one with bent knees,6,2.0,2
group030,3,5,1,C,flying man,2,2.0,2
group030,3,5,1,C,like superman,2,2.0,2
group030,3,5,1,C,hands in the air,4,2.0,2
group030,3,5,1,C,like skydiving,2,2.0,2
group030,3,6,1,H,"no hands, just body and head",6,2.0,2
group030,3,6,1,H,"hands probably to the side, close to the body",9,2.0,2
group030,3,7,1,J,"hands and body but elbow sticking out, not the one last round",12,2.0,2
group030,3,7,1,J,head and body,3,2.0,2
group030,3,7,1,J,not hands,2,2.0,2
group030,3,7,1,J,small elbow sticking out,4,2.0,2
group030,3,7,1,J,left side of the body flat,6,2.0,2
group030,3,7,1,J,vertical left side,3,2.0,2
group030,3,8,1,L,"bent knees, 45 degrees, no feet, bowl in hand",9,1.0,2
group030,3,8,1,L,not the one with,4,1.0,2
group030,3,8,1,L,triangle sticking out,3,1.0,2
group030,3,9,1,I,one of the legs is lifted towards the back horizontally,10,2.0,2
group030,3,9,1,I,two hands in the front,5,2.0,2
group030,3,10,1,B,one hand forward,3,1.0,2
group030,3,10,1,B,one backward,2,1.0,2
group030,3,10,1,B,about to fight,3,1.0,2
group030,3,10,1,B,head not tilted backwards,4,1.0,2
group030,3,10,1,B,head is in the centre not tilted backwards,8,1.0,2
group030,3,10,1,B,one foot back,3,1.0,2
group030,3,11,1,G,"head tilted backwards, fighting stance",5,2.0,2
group030,3,11,1,G,kung fu,2,2.0,2
group030,3,12,2,A,"head tilted backward, one leg raised little",7,2.0,2
group030,3,12,2,A,standing position,2,2.0,2
group030,3,13,2,B,"kneeling down, with legs",4,0.0,2
group030,3,13,2,B,head in a straight position,5,0.0,2
group030,3,13,2,B,no ears,2,0.0,2
group030,3,13,2,B,not the kung fu,4,0.0,2
group030,3,13,2,B,just head and body kneeling,5,0.0,2
group030,3,13,2,B,left vertical kneeling position,4,0.0,2
group030,3,13,2,B,like a praying kneeling position,5,0.0,2
group030,3,13,2,B,no bowl,2,0.0,2
group030,3,14,2,E,rabbit look alike,3,2.0,2
group030,3,14,2,E,sitting position with 2 ears,5,2.0,2
group030,3,15,2,K,standing position with a little triangle at the back,9,1.0,2
group030,3,15,2,K,straight head with no ear,5,1.0,2
group030,3,15,2,K,no bowl just hands towards the right,7,1.0,2
group030,3,15,2,K,facing the right,3,1.0,2
group030,3,15,2,K,kneeling,1,1.0,2
group030,3,15,2,K,triangle back,2,1.0,2
group030,3,16,2,H,"no hand, no legs just straight head",7,2.0,2
group030,3,16,2,H,in a sitting position,4,2.0,2
group030,3,17,2,I,the superman with a leg raised to backward,8,2.0,2
group030,3,17,2,I,yeah horizontally,2,2.0,2
group030,3,18,2,C,the diver with no legs,5,2.0,2
group030,3,19,2,D,the beggar with a bow,5,2.0,2
group030,3,19,2,D,standing position,2,2.0,2
group030,3,19,2,D,square bow,2,2.0,2
group030,3,19,2,D,facing left,2,2.0,2
group030,3,20,2,G,the kungfu master with the fighting hands,7,2.0,2
group030,3,20,2,G,"head backward, facing right",4,2.0,2
group030,3,20,2,G,kneeling and also the head backward position like facing the ceiling,11,2.0,2
group030,3,21,2,J,"head straight, facing the right position",6,0.0,2
group030,3,21,2,J,hands like holding a triangle bow,6,0.0,2
group030,3,21,2,J,legs looks like a triangle shape too,7,0.0,2
group030,3,21,2,J,triangle shaped in the person while the back looks like a rectangle,12,0.0,2
group030,3,21,2,J,head is straight,3,0.0,2
group030,3,22,2,F,sitting position like someone lost in thought,7,2.0,2
group030,3,22,2,F,facing left,2,2.0,2
group030,3,22,2,F,situp yeah,2,2.0,2
group030,3,23,2,L,straight head like a fighter,5,0.0,2
group030,3,23,2,L,facing the right side with a triangle hand,8,0.0,2
group030,3,24,3,D,"Standing straight, holding a bowl, with a straight right side",10,2.0,2
group030,3,24,3,D,"Yes, has a square there",5,2.0,2
group030,3,25,3,L,"Facing right, kneeling, holding bowl, no triangle sticking up",9,2.0,2
group030,3,25,3,L,"With the upright diamond head, and zigzag legs",8,2.0,2
group030,3,26,3,C,"This one looks like a ghost to me, but you called it superman or skydiver",15,2.0,2
group030,3,27,3,A,"Looks like a stomping penguin to me, you called it a dinosaur",12,2.0,2
group030,3,27,3,A,Square on upper right side,5,2.0,2
group030,3,28,3,E,Rabbit with triangle ears and large triangle body,8,2.0,2
group030,3,28,3,E,"Head is on the left, facing right",7,2.0,2
group030,3,29,3,J,"Looks like a vampire to me, with a cloak.  Straight vertical left side",13,2.0,2
group030,3,29,3,J,"Very squared left side, and foot peeking out on the right bottom",12,2.0,2
group030,3,29,3,J,Just the one triangle.  Entire left side is square,9,2.0,2
group030,3,30,3,I,Looks like a figure skater,5,2.0,2
group030,3,30,3,I,"two arm triangles pointing left, and one leg horizontally right",10,2.0,2
group030,3,30,3,I,"Yes, head straight, one leg up",6,2.0,2
group030,3,30,3,I,"Yes, facing left",3,2.0,2
group030,3,31,3,G,"Kung fu with head tilting back left, and one leg extended to the right",14,1.0,2
group030,3,31,3,G,"Looks like a large lazy rabbit with one square ear to me, leaning back",14,1.0,2
group030,3,31,3,G,"It looks like ears to me, but it's one of the kung fu ones",14,1.0,2
group030,3,31,3,G,"Triangle leg is extending right, barely connected to body",9,1.0,2
group030,3,32,3,F,(sorry about that) Situps,4,2.0,2
group030,3,32,3,F,"Head tilted slightly left, but in situp position",8,2.0,2
group030,3,32,3,F,The legs and feet are pointing left,7,2.0,2
group030,3,32,3,F,"Looks like someone sitting and facing left, with legs bent slightly upward",12,2.0,2
group030,3,32,3,F,"Knees pointing up, toes pointing up and out",8,2.0,2
group030,3,33,3,B,"Kung fu with leg pointed back and to the right, and one triangle arm pointing up and right",18,2.0,2
group030,3,33,3,B,(Looks like a mouse with one square ear to me),10,2.0,2
group030,3,33,3,B,"Head upright and fairly center, slightly right",7,2.0,2
group030,3,33,3,B,"Triangle foot is in the lower left, with top part of foot on the ground",15,2.0,2
group030,3,34,3,K,"Kneeling with bowl, head upright, triangle part pointing up in the lower left",13,2.0,2
group030,3,35,3,H,"No arms or legs, looks like a lumpy letter i",10,2.0,2
group030,3,35,3,H,"Kind of sitting, but no legs visible",7,2.0,2
group030,3,36,4,B,"kung fu, triangle hand on the right, head centered",9,2.0,2
group030,3,36,4,B,kneeling,1,2.0,2
group030,3,36,4,B,not the one with long leg on the floor,9,2.0,2
group030,3,37,4,C,"ghost, superman, skydiver",3,2.0,2
group030,3,38,4,D,"standing straight, square bowl facing left",6,2.0,2
group030,3,39,4,A,"penguin stomping feet, dinosaur, square head on the right",9,2.0,2
group030,3,40,4,L,"zigzag legs, bowl in hand facing right",7,2.0,2
group030,3,41,4,G,"kung fu, long leg on the floor, head tilted",9,2.0,2
group030,3,41,4,G,facing the ceiling,3,2.0,2
group030,3,42,4,J,"vampire, vertical straight left side",5,2.0,2
group030,3,42,4,J,small triangle bottom right,4,2.0,2
group030,3,42,4,J,straight vertical left side body standing,6,2.0,2
group030,3,43,4,F,"deep in thought, situp position",5,2.0,2
group030,3,43,4,F,no ears,2,2.0,2
group030,3,44,4,E,"rabbit, 2 ears",3,2.0,2
group030,3,45,4,K,"bowl in hand kneeling, triangle sticking out facing left upwards",10,2.0,2
group030,3,45,4,K,leg facing upward,3,2.0,2
group030,3,45,4,K,not the body,3,2.0,2
group030,3,45,4,K,body facing right,3,2.0,2
group030,3,45,4,K,not zigzag,2,2.0,2
group030,3,46,4,H,big letter i,3,2.0,2
group030,3,46,4,H,no legs,2,2.0,2
group030,3,46,4,H,just head and body,4,2.0,2
group030,3,47,4,I,"two hands facing left, one leg horizontal on the right",10,2.0,2
group030,3,47,4,I,figure skating,2,2.0,2
group030,3,48,5,G,"square head tilted toward back, kneeling position with a leg towards right",12,2.0,2
group030,3,48,5,G,big leg backward,3,2.0,2
group030,3,48,5,G,the kungfu,2,2.0,2
group030,3,48,5,G,"yeah, square head",3,2.0,2
group030,3,49,5,F,"deep in thought, sitting position",5,2.0,2
group030,3,49,5,F,just head no ear,4,2.0,2
group030,3,50,5,D,triangle head with square bow,5,2.0,2
group030,3,50,5,D,"head like a diamond, standing holding a bowl",8,2.0,2
group030,3,50,5,D,facing right,2,2.0,2
group030,3,50,5,D,the beggar,2,2.0,2
group030,3,50,5,D,with square bow,3,2.0,2
group030,3,50,5,D,facing left standing,3,2.0,2
group030,3,51,5,C,"sky diver, ghost",3,2.0,2
group030,3,52,5,I,"skater, superman",2,2.0,2
group030,3,52,5,I,"yeah, one leg is up backward position",7,2.0,2
group030,3,53,5,A,"dinosaur, head tilted backward right",5,2.0,2
group030,3,54,5,J,"vertical straight back with a standing head,",7,2.0,2
group030,3,55,5,L,zig zag,2,2.0,2
group030,3,56,5,B,the second kung fu,4,2.0,2
group030,3,56,5,B,no long leg,3,2.0,2
group030,3,56,5,B,head straight,2,2.0,2
group030,3,57,5,K,the triangle shaped leg in a backward position,8,2.0,2
group030,3,57,5,K,holding a bow with a triangle shape,7,2.0,2
group030,3,58,5,H,"the I, no arm no leg",6,2.0,2
group030,3,59,5,E,rabbit with ears,3,2.0,2
group030,3,60,6,K,Beggar with triangle sticking out,5,2.0,2
group030,3,61,6,F,"Situps, deep in thought",4,2.0,2
group030,3,62,6,C,Skydiving ghost superman,3,2.0,2
group030,3,63,6,A,Stomping penguin dinosaur,3,2.0,2
group030,3,64,6,B,Kung fu with head centered,5,2.0,2
group030,3,64,6,B,upright head,2,2.0,2
group030,3,65,6,G,"Kung fu fighter facing ceiling, long leg on left",9,2.0,2
group030,3,66,6,J,Vampire with large square left side,6,2.0,2
group031,4,0,1,L,triangle is pointing out like a traffic cone on your chest,11,3.0,3
group031,4,0,1,L,facing right,2,3.0,3
group031,4,0,1,L,looks like the person is squatting,6,3.0,3
group031,4,0,1,L,knees bent,2,3.0,3
group031,4,1,1,C,person has arms raised up in the air,8,3.0,3
group031,4,1,1,C,"like the ""y"" in the ymca song",7,3.0,3
group031,4,2,1,I,has two triangles sticking out from chest,7,2.0,3
group031,4,2,1,I,pointing left,2,2.0,3
group031,4,3,1,E,has a hat that has two triangles. square head. body facing right,12,3.0,3
group031,4,3,1,E,looks like it's sitting down,5,3.0,3
group031,4,4,1,J,has a squarish body with a square head. the left side of the body looks like a square,18,3.0,3
group031,4,4,1,J,the pic that most looks like a complete square/rectangle body,10,3.0,3
group031,4,4,1,J,cut out on the right side,6,3.0,3
group031,4,5,1,A,has a trapezoid? as a head. two feet with one in the air,13,3.0,3
group031,4,5,1,A,facing left,2,3.0,3
group031,4,5,1,A,square sticking out of neck,5,3.0,3
group031,4,6,1,D,looks like a priest wearing a robe. facing left. arms stretched out holding something,14,3.0,3
group031,4,6,1,D,standing straight up,3,3.0,3
group031,4,7,1,B,the top is a square and right underneath are two triangle shapes.,12,2.0,3
group031,4,7,1,B,looks more like a blob and less like a person,10,2.0,3
group031,4,8,1,H,ok the top is a square and the bottom is one big shape connected to it. kind of potato shaped,20,2.0,3
group031,4,8,1,H,ok kind of looks like a baby. and the feet would be pointing right.,14,2.0,3
group031,4,8,1,H,like a swaddled baby,4,2.0,3
group031,4,9,1,G,ok the bottom is a trapezoid connected to a square shape. it's got two triangles sticking out and square on top for the head.,24,1.0,3
group031,4,9,1,G,the bottom points left,4,1.0,3
group031,4,9,1,G,the triangles stick out on the right,7,1.0,3
group031,4,9,1,G,no not that one,4,1.0,3
group031,4,9,1,G,this one kind of looks like someone is sitting/laying back,10,1.0,3
group031,4,9,1,G,"with the ""feet"" pointed to the left",7,1.0,3
group031,4,9,1,G,and the arms stuck backwards,5,1.0,3
group031,4,10,1,F,ok looks like someone sitting with knees bent. facing left.,10,2.0,3
group031,4,10,1,F,the legs/feet are really obvious on this one,8,2.0,3
group031,4,11,1,K,cone sticking out from chest facing right,7,2.0,3
group031,4,11,1,K,triangle point sticking up in the back,7,2.0,3
group031,4,11,1,K,it's the one that looks like its kneeling rather than squatting,11,2.0,3
group031,4,11,1,K,facing right,2,2.0,3
group031,4,12,2,G,okay so it's got a parallelogram at the bottom with the triangles sticking out on the right side,18,2.0,3
group031,4,12,2,G,a square for the head,5,2.0,3
group031,4,13,2,E,"so it has a hat with 2 triangles, and it's like a person leaning against a wall. points to the right",21,3.0,3
group031,4,14,2,L,"it's got a square for a head, and it looks like its kneeling",13,0.0,3
group031,4,14,2,L,a triangle points to the right out of its chest,10,0.0,3
group031,4,15,2,D,It looks like a pastor,5,2.0,3
group031,4,16,2,B,it has a square for a head and is just a bunch of shapes mashed together,16,3.0,3
group031,4,16,2,B,has a triangle points in both directions and a another triangle at the bottom left,15,3.0,3
group031,4,17,2,J,"so it has a square for a head, and the rest looks like you took a bite out of a rectangle",21,3.0,3
group031,4,17,2,J,faces to the right,4,3.0,3
group031,4,18,2,I,It's looks like someone is balancing on one leg. two triangle points facing the left,15,3.0,3
group031,4,19,2,C,the Y in YMCA,4,3.0,3
group031,4,20,2,K,it kinda looks like a dog balancing a diamond on its nose,12,1.0,3
group031,4,20,2,K,triangle pointing to the right,5,1.0,3
group031,4,20,2,K,lol sorry if you look at the right side of the shape it creates a < shape,17,1.0,3
group031,4,20,2,K,and it has a right triangle pointing up on the left side,12,1.0,3
group031,4,21,2,A,head is a trapezoid and has a square on its neck,11,3.0,3
group031,4,22,2,F,"head is a square, looks like it's sitting down, facing left",11,3.0,3
group031,4,23,2,H,it's just a blob with a square on top,9,3.0,3
group031,4,23,2,H,kinda looks like a backwards semicolon,6,3.0,3
group031,4,24,3,D,looks like the priest holding something facing left,8,3.0,3
group031,4,25,3,K,"there's a diamond on top, there is a triangle pointing to the right and below it is bent knees with a small point on the left",26,2.0,3
group031,4,25,3,K,makes a < on the right side,7,2.0,3
group031,4,26,3,A,"trapezoid head with a square sticking out of the neck, two feet facing left",14,3.0,3
group031,4,27,3,B,"the head is a diamond, there are two triangles pointing left and right, with a smaller triangle on the bottom left",21,2.0,3
group031,4,28,3,C,y in ymca,3,3.0,3
group031,4,29,3,F,"square head, looks like someone sitting down facing left with the legs sticking out",14,3.0,3
group031,4,30,3,I,looks like someone standing on one leg with two triangles pointing out of the left and a small triangle on the butt,22,2.0,3
group031,4,31,3,J,"diamond head, the body is a rectangle with a chunk missing from the right side",15,2.0,3
group031,4,32,3,E,"a hat with two triangles, square head looking down and they are sitting against a wall facing right",18,3.0,3
group031,4,33,3,H,"looks like a swaddled baby, facing right",7,3.0,3
group031,4,34,3,L,looks like someone squatting with one triangle pointing to the right,11,3.0,3
group031,4,35,3,G,"square head, two triangles pointing to the right with one pointing up and one pointing down, and then a trapezoid on the bottom on the left",26,3.0,3
group031,4,36,4,K,looks like someone kneeling down with their feet up behind them,11,2.0,3
group031,4,36,4,K,diamond head,2,2.0,3
group031,4,36,4,K,right i think,3,2.0,3
group031,4,37,4,E,leaning on wall with 2 triangles on head,8,3.0,3
group031,4,37,4,E,looking down,2,3.0,3
group031,4,38,4,I,standing on one leg looking left,6,2.0,3
group031,4,38,4,I,2 triangles facing left,4,2.0,3
group031,4,38,4,I,and 1 facing right,4,2.0,3
group031,4,39,4,J,rectangle with a bite taken out,6,3.0,3
group031,4,39,4,J,diamond head,2,3.0,3
group031,4,40,4,H,baby one,2,3.0,3
group031,4,41,4,C,Y in ymca,3,2.0,3
group031,4,42,4,B,looking left with diamond head,5,0.0,3
group031,4,42,4,B,sitting down,2,0.0,3
group031,4,43,4,F,same one as last time what u voted,8,2.0,3
group031,4,43,4,F,man looking left with the legs up,7,2.0,3
group031,4,43,4,F,sitting down,2,2.0,3
group031,4,43,4,F,like not flat but bent more than up,8,2.0,3
group031,4,43,4,F,leaning on the wall,4,2.0,3
group031,4,43,4,F,yes the one you voted for last time,8,2.0,3
group031,4,44,4,G,looks kinda like an inverted c with 2 triangles on back,11,3.0,3
group031,4,45,4,A,looking left with 1 foot like its about to stomp on the floor,13,3.0,3
group031,4,46,4,L,looking right with knees kinda bent with hand out in front,11,3.0,3
group031,4,46,4,L,diamond head,2,3.0,3
group031,4,46,4,L,yes looks like its about to kneel,7,3.0,3
group031,4,47,4,D,priest,1,3.0,3
group031,4,48,5,K,person kneeling facing right. triangle sticking out from chest,9,2.0,3
group031,4,48,5,K,the person on their knees rather than squatting,8,2.0,3
group031,4,49,5,B,diamond on top. two triangles right below facing each direction. big blob on bottom,14,2.0,3
group031,4,50,5,J,rectangle with bite taken out,5,3.0,3
group031,4,51,5,G,trapezoid on bottom. two triangles to the right. square head,10,3.0,3
group031,4,52,5,F,facing left. sitting against wall with knees bent,8,3.0,3
group031,4,53,5,E,facing right sitting against wall. triangles on the hat,9,3.0,3
group031,4,54,5,D,priest,1,3.0,3
group031,4,55,5,L,person squatting with cone sticking out of chest,8,3.0,3
group031,4,55,5,L,facing right,2,3.0,3
group031,4,55,5,L,knees bent,2,3.0,3
group031,4,56,5,C,y in ymca,3,3.0,3
group031,4,57,5,H,baby,1,3.0,3
group031,4,58,5,I,person facing left. balancing on one leg. triangle on the butt,11,3.0,3
group031,4,59,5,A,person facing left. balancing on one leg. square sticking out of neck,12,3.0,3
group031,4,60,6,L,person squatting facing the right with knees bent,8,3.0,3
group031,4,61,6,G,the inverted c with the two triangles on the right side,11,2.0,3
group031,4,61,6,G,one facing up and facing down,6,2.0,3
group031,4,62,6,A,trapezoid head with square on the neck,7,3.0,3
group031,4,63,6,K,person kneeling facing to the right,6,3.0,3
group031,4,63,6,K,on their knees with a triangle pointing to the right,10,3.0,3
group031,4,64,6,D,priest,1,3.0,3
group031,4,65,6,E,hat with 2 triangles,4,3.0,3
group031,4,66,6,F,"square head, facing left, sitting down against a wall",9,3.0,3
group031,4,66,6,F,legs are bent and facing left,6,3.0,3
group031,4,67,6,B,"diamond  on top, two triangles on both sides with another smaller triangle on the bottom left side",17,3.0,3
group031,4,68,6,C,y in ymca,3,2.0,3
group031,4,69,6,H,swaddled baby,2,3.0,3
group031,4,70,6,I,"balancing on one leg, with two triangles in chest facing left",11,3.0,3
group031,4,71,6,J,rectangle with bite taken out,5,3.0,3
group031,4,71,6,J,diamond for a head,4,3.0,3
group032,4,0,1,J,"I think they all look like people. So the shape is a person standing up, facing to the right, with arms out at shoulder height",25,0.0,3
group032,4,0,1,J,so square angled on the top,6,0.0,3
group032,4,0,1,J,flat down the left side,5,0.0,3
group032,4,0,1,J,right side has a triangle pointing out at the top,10,0.0,3
group032,4,0,1,J,then angled down the right side,6,0.0,3
group032,4,0,1,J,one arm straight out on the right side,8,0.0,3
group032,4,0,1,J,one square as head,4,0.0,3
group032,4,0,1,J,look for a 1 square at the top balancing on a corner,12,0.0,3
group032,4,0,1,J,then the shape under the square has a flat top and a flat left side,15,0.0,3
group032,4,0,1,J,maybe the person analogy wasn't great,6,0.0,3
group032,4,1,1,C,square head balancing on a corner,6,3.0,3
group032,4,1,1,C,body is a rectangle on a lean,7,3.0,3
group032,4,1,1,C,rectangle,1,3.0,3
group032,4,1,1,C,then two arms reaching up above the head,8,3.0,3
group032,4,2,1,K,square at the top balancing on a corner,8,2.0,3
group032,4,2,1,K,then under that is the same square shape but with a triangle jutting out to the right,17,2.0,3
group032,4,2,1,K,there is another triangle pointing out to the right at the bottom and also one pointing out to the left at the bottom,23,2.0,3
group032,4,2,1,K,this is a hard one sorry,6,2.0,3
group032,4,2,1,K,"there are two that I can see that that description could fit, the dog and it is one of them",20,2.0,3
group032,4,3,1,F,looks like a person sitting facing the left with their knees bend and feet sticking out,16,3.0,3
group032,4,3,1,F,head tilted down slightly,4,3.0,3
group032,4,4,1,A,"ok this one looks like it has 2 legs, balancing on one foot",13,3.0,3
group032,4,4,1,A,looks like a head with a beak is looking down to the raised foot,14,3.0,3
group032,4,4,1,A,facing the left,3,3.0,3
group032,4,4,1,A,then a square jutting out of the right shoulder,9,3.0,3
group032,4,4,1,A,"not not the ice skating one, i think i know what you mean",13,3.0,3
group032,4,5,1,I,ice skating one!,3,3.0,3
group032,4,5,1,I,square head balancin,3,3.0,3
group032,4,5,1,I,two triangle arms pointing to the left,7,3.0,3
group032,4,6,1,B,ok square balancing on the point of two triangles which are touching,12,3.0,3
group032,4,6,1,B,looks like a kneeling figure,5,3.0,3
group032,4,6,1,B,under the square is a smaller triangle on the right and a larger one on the left,17,3.0,3
group032,4,6,1,B,yeah could look like arms out,6,3.0,3
group032,4,6,1,B,there is a small triangle on the bottom left of the figure,12,3.0,3
group032,4,7,1,G,square head balancing on corner on the left of the hape,11,3.0,3
group032,4,7,1,G,shape,1,3.0,3
group032,4,7,1,G,the bottom left is a rectangle on an angle leaning to the right,13,3.0,3
group032,4,7,1,G,triangle lower right with the top point facing down and to the left,13,3.0,3
group032,4,7,1,G,yes triangle upper right with the top point facing up and left,12,3.0,3
group032,4,7,1,G,ah yes that is probably it,6,3.0,3
group032,4,8,1,L,looks like person facing to the right with knees bent and arms to the right like they are making an offering to someone,23,3.0,3
group032,4,8,1,L,the arms have a flat top and then angled underneath,10,3.0,3
group032,4,9,1,H,ok square balancing on top,5,3.0,3
group032,4,9,1,H,body is fairly straight with no arms,7,3.0,3
group032,4,9,1,H,triangle pointing out at the bottom to the right,9,3.0,3
group032,4,10,1,E,looks like rabbit ears on the top,7,3.0,3
group032,4,10,1,E,two triangles balancing on a square head,7,3.0,3
group032,4,11,1,D,standing figure,2,3.0,3
group032,4,11,1,D,square head on the top facing left,7,3.0,3
group032,4,11,1,D,flat down the right side of the body,8,3.0,3
group032,4,11,1,D,"arms out to the left, like the offering one but standing straight",12,3.0,3
group032,4,12,2,D,it's the same one as the last one of the first round,12,3.0,3
group032,4,12,2,D,body's standing to the left,5,3.0,3
group032,4,13,2,J,"similar to the prev one, but this one is facing to the right and has a shorter stature",18,3.0,3
group032,4,13,2,J,not the offering one,4,3.0,3
group032,4,13,2,J,"its left side is completely ""flat"" or straight",8,3.0,3
group032,4,13,2,J,yes to to the square,5,3.0,3
group032,4,14,2,E,the bunny ear one with the two triangles on top,10,3.0,3
group032,4,15,2,F,this one's facing to the left,6,3.0,3
group032,4,15,2,F,legs are out,3,3.0,3
group032,4,15,2,F,square is slightly tilted forward to their legs,8,3.0,3
group032,4,16,2,B,the square's balancing on top of 2 triangles,8,3.0,3
group032,4,16,2,B,"one triangle is bigger, the other (on the right) is smaller",11,3.0,3
group032,4,17,2,K,this one is facing to the right,7,2.0,3
group032,4,17,2,K,"seems to be on its knees but with its ""feet"" facing up",12,2.0,3
group032,4,17,2,K,arms out,2,2.0,3
group032,4,17,2,K,"triangles on the bottom - the left triangle seems to be more upwards, right triangle is more downwards",18,2.0,3
group032,4,17,2,K,"yes, the figure is facing completely to the right",9,2.0,3
group032,4,18,2,I,the ice skating one,4,3.0,3
group032,4,18,2,I,figure facing to the left,5,3.0,3
group032,4,18,2,I,with one leg sticking back out,6,3.0,3
group032,4,19,2,G,square seems to be tilted backward,6,3.0,3
group032,4,19,2,G,there are two triangles on the right,7,3.0,3
group032,4,19,2,G,these two triangles seem to be of the same size,10,3.0,3
group032,4,19,2,G,a bit small in shape,5,3.0,3
group032,4,19,2,G,"and to the left, on the bottom, is a slanted rectangle",11,3.0,3
group032,4,19,2,G,hmmm the rectangle on the bottom is not like the others,11,3.0,3
group032,4,19,2,G,and it's more positioned on the left,7,3.0,3
group032,4,19,2,G,"to the right has two triangles, one is a hand? and the other is a foot",16,3.0,3
group032,4,19,2,G,facing the right,3,3.0,3
group032,4,20,2,C,"arms are separated, one on the left and one on the right",12,3.0,3
group032,4,20,2,C,person seems to be leaning more towards the left,9,3.0,3
group032,4,21,2,H,no arms,2,3.0,3
group032,4,21,2,H,facing the right,3,3.0,3
group032,4,22,2,L,offering position,2,3.0,3
group032,4,22,2,L,facing the right,3,3.0,3
group032,4,22,2,L,knees bent,2,3.0,3
group032,4,23,2,A,looks like a walking zombie,5,3.0,3
group032,4,23,2,A,"square tilted back, figure facing the left",7,3.0,3
group032,4,23,2,A,"one leg is down, one leg is up",8,3.0,3
group032,4,24,3,K,offering on knees,3,2.0,3
group032,4,24,3,K,facing right,2,2.0,3
group032,4,24,3,K,triangle on bottom left facing up,6,2.0,3
group032,4,24,3,K,arms out right in offering position,6,2.0,3
group032,4,25,3,G,figure that is laying down,5,2.0,3
group032,4,25,3,G,"square tilted out left, triangle at bottom right",8,2.0,3
group032,4,25,3,G,trapezoid bottom left,3,2.0,3
group032,4,26,3,J,"square balancing on flat top, facing right",7,3.0,3
group032,4,26,3,J,"left side is flat, arm facing right",7,3.0,3
group032,4,27,3,L,"offering in knees bent position, not the one on knees, just knees slightly bent",14,3.0,3
group032,4,27,3,L,facing right,2,3.0,3
group032,4,28,3,H,"facing right, square balancing on top, flat on either side",10,3.0,3
group032,4,28,3,H,no arms,2,3.0,3
group032,4,28,3,H,triangle for feet bottom right,5,3.0,3
group032,4,28,3,H,looks like a blob with a square head,8,3.0,3
group032,4,28,3,H,no triangles,2,3.0,3
group032,4,29,3,D,"standing, facing left with arms out and square balanced head",10,3.0,3
group032,4,29,3,D,flat right side,3,3.0,3
group032,4,29,3,D,almost looks like clothing is draping from the arm,9,3.0,3
group032,4,30,3,A,dancing birdman,2,2.0,3
group032,4,30,3,A,facing left,2,2.0,3
group032,4,30,3,A,big triangle for a head,5,2.0,3
group032,4,30,3,A,square balanced over right shoulder with one leg up,9,2.0,3
group032,4,31,3,E,rabbit,1,3.0,3
group032,4,32,3,B,"on knees, square is balancing on two triangles",8,2.0,3
group032,4,32,3,B,there's a third triangle bottom left,6,2.0,3
group032,4,32,3,B,the one triangle on the right is tilted,8,2.0,3
group032,4,32,3,B,right kinda,2,2.0,3
group032,4,32,3,B,like the triangle at the bottom left would be the feet,11,2.0,3
group032,4,33,3,I,figure skater,2,3.0,3
group032,4,34,3,F,fetal position,2,2.0,3
group032,4,35,3,C,arms facing up with slanted rectangle,6,3.0,3
group032,4,35,3,C,leaning to left,3,3.0,3
group032,4,36,4,A,Bird man,2,3.0,3
group032,4,36,4,A,Square on right balancing on corner,6,3.0,3
group032,4,36,4,A,"Left foot off the ground, right foot on",8,3.0,3
group032,4,37,4,F,Fetal position,2,2.0,3
group032,4,38,4,H,"Facing right, no arms, but like the offering one",9,3.0,3
group032,4,38,4,H,Flat left side,3,3.0,3
group032,4,39,4,J,"Square balancing on flat surface with arms out straight to the right, just below the level of the square",19,3.0,3
group032,4,39,4,J,Flat left side,3,3.0,3
group032,4,40,4,B,"Looks like a dog begging for food, facing left with a square balancing on the corner and the triangle right below it on the right (looks like ears)",28,2.0,3
group032,4,40,4,B,Arms are a triangle facing left at the bottom  left of the image,13,2.0,3
group032,4,40,4,B,Just one triangle on bottom left,6,2.0,3
group032,4,41,4,D,Like the offer one but facing left and looks like clothes hanging from arms,14,3.0,3
group032,4,42,4,C,Italian talking with their hand up,6,3.0,3
group032,4,43,4,I,Figure skater,2,3.0,3
group032,4,44,4,K,"Dog balancing square on nose, facing left",7,2.0,3
group032,4,44,4,K,Paws are a triangle on the left side of the image and is facing up,15,2.0,3
group032,4,44,4,K,Two triangles on the right side of the image (ears) and back),12,2.0,3
group032,4,45,4,G,"Person sitting down with legs out, facing left, with square balancing on the left of the head and triangle balancing on the right of the head.",26,3.0,3
group032,4,45,4,G,Triangle on bottom right looks like hands out,8,3.0,3
group032,4,45,4,G,behind them,2,3.0,3
group032,4,46,4,E,Bunny ears,2,3.0,3
group032,4,47,4,L,"Offer with arms facing straight and to the right, knees bent",11,3.0,3
group032,4,48,5,J,standing offering arms to the right flat down the left,10,3.0,3
group032,4,48,5,J,"no, the arms come right out of the top of the body",12,3.0,3
group032,4,49,5,L,kneeling offering facing right,4,2.0,3
group032,4,50,5,A,bird man dancing,3,3.0,3
group032,4,51,5,E,rabbit,1,2.0,3
group032,4,52,5,F,fetal position,2,3.0,3
group032,4,53,5,K,dog balancing square on nose (that's how it was described last time),12,2.0,3
group032,4,54,5,G,trapezoid at the bottom leaning right,6,3.0,3
group032,4,55,5,I,figure skater,2,3.0,3
group032,4,56,5,D,standing offering to the left draping clothes on ar,9,3.0,3
group032,4,56,5,D,aarm,1,3.0,3
group032,4,57,5,C,italian,1,2.0,3
group032,4,58,5,B,square balanced on two triangles,5,3.0,3
group032,4,58,5,B,looks like a begging dog,5,3.0,3
group032,4,59,5,H,standing no arms,3,3.0,3
group032,4,60,6,E,rabbit,1,2.0,3
group032,4,61,6,K,"facing to the right, offering, knees bent, feet up",9,2.0,3
group032,4,61,6,K,arms out,2,2.0,3
group032,4,61,6,K,two triangles,2,2.0,3
group032,4,62,6,C,italian,1,3.0,3
group032,4,63,6,F,fetal position,2,3.0,3
group032,4,64,6,J,"standing to the right, arms out, flat left side",9,3.0,3
group032,4,64,6,J,"yes, on the very top",5,3.0,3
group032,4,65,6,B,square balancing on two triangles,5,3.0,3
group032,4,66,6,D,draped clothing,2,3.0,3
group032,4,67,6,A,bird man,2,2.0,3
group032,4,68,6,I,figure skater,2,3.0,3
group032,4,69,6,H,no arms!,2,2.0,3
group032,4,70,6,L,offering to the right,4,3.0,3
group032,4,70,6,L,bent knees this time,4,3.0,3
group032,4,71,6,G,trapezoid on the bottom,4,3.0,3
group032,4,71,6,G,with two triangles on the right,6,3.0,3
group033,4,0,1,G,It looks like a person looking up and to the right,11,1.0,3
group033,4,0,1,G,With one leg on the ground,6,1.0,3
group033,4,0,1,G,"One leg is on the bottom right, the one on the left is flat on the ground",17,1.0,3
group033,4,0,1,G,"Only one hand is visible, pointing to the top right",10,1.0,3
group033,4,0,1,G,No hair or ears,4,1.0,3
group033,4,0,1,G,Square/head is on the left side,6,1.0,3
group033,4,0,1,G,Not standing,2,1.0,3
group033,4,0,1,G,"Kind of like kneeling, the left side of the leg is on the ground",14,1.0,3
group033,4,0,1,G,Hand is on the top right,6,1.0,3
group033,4,0,1,G,Only 1 hand visible,4,1.0,3
group033,4,0,1,G,Bottom right leg is a triangle,6,1.0,3
group033,4,0,1,G,Triangle with the right angle on the bottom left,9,1.0,3
group033,4,1,1,J,The head is diamond shaped,5,3.0,3
group033,4,1,1,J,Perfectly oriented vertically,3,3.0,3
group033,4,1,1,J,Body is square-ish,3,3.0,3
group033,4,1,1,J,Left side of body is completely flat,7,3.0,3
group033,4,1,1,J,"yes chonky,",2,3.0,3
group033,4,2,1,D,"Reminds me of a monk wearing a loose robe, facing the left",12,3.0,3
group033,4,2,1,D,Standing straight up,3,3.0,3
group033,4,2,1,D,Arm extended to the left,5,3.0,3
group033,4,2,1,D,Feet are completely flat,4,3.0,3
group033,4,2,1,D,Right side of body is completely straight,7,3.0,3
group033,4,2,1,D,yes diamond head,3,3.0,3
group033,4,3,1,A,Square head is to the top right,7,3.0,3
group033,4,3,1,A,"Two legs on the left, one is lifted up",9,3.0,3
group033,4,4,1,L,"Diamond head, facing to the right",6,3.0,3
group033,4,4,1,L,"Standing, but knees are bent",5,3.0,3
group033,4,4,1,L,"One arm visible, extending to the right",7,3.0,3
group033,4,4,1,L,No hands on the left,5,3.0,3
group033,4,4,1,L,"yes, the legs are like a zig zag",8,3.0,3
group033,4,4,1,L,There are no legs upwards,5,3.0,3
group033,4,5,1,I,"It looks like a dancer, standing upright on one leg",10,3.0,3
group033,4,5,1,I,The other leg pointing to the right,7,3.0,3
group033,4,5,1,I,Two arms to the left,5,3.0,3
group033,4,5,1,I,Like a ballerina kind of,5,3.0,3
group033,4,5,1,I,"Yes, body is mostly in the left half",8,3.0,3
group033,4,5,1,I,And the legs are on the right half,8,3.0,3
group033,4,5,1,I,Ballerina,1,3.0,3
group033,4,6,1,C,It looks like a person is falling backwards with his arms outstretched,12,3.0,3
group033,4,6,1,C,Body is slanted to the left,6,3.0,3
group033,4,6,1,C,"One arm facing up and to the right, the other to the left",13,3.0,3
group033,4,6,1,C,No legs visible,3,3.0,3
group033,4,7,1,F,"Person sitting down, facing the left",6,3.0,3
group033,4,7,1,F,Kind of like he's looking down,6,3.0,3
group033,4,7,1,F,Foot is facing left,4,3.0,3
group033,4,7,1,F,Knees kind of make a triangle shape,7,3.0,3
group033,4,7,1,F,sad boy lol,3,3.0,3
group033,4,7,1,F,yeah he does look sad,5,3.0,3
group033,4,8,1,E,This is the only one with a headpiece,8,3.0,3
group033,4,8,1,E,Looks like a ribbon or ears,6,3.0,3
group033,4,8,1,E,Sitting and facing to the right,6,3.0,3
group033,4,8,1,E,It reminds me of someone wearing a headband with bunny ears,11,3.0,3
group033,4,9,1,K,Kind of like Two diamonds at the top,8,2.0,3
group033,4,9,1,K,But the lower one is partially covered,7,2.0,3
group033,4,9,1,K,It looks like there's one triangle/arm extended to the right,10,2.0,3
group033,4,9,1,K,There are no hands up,5,2.0,3
group033,4,9,1,K,"No, not like a bean",5,2.0,3
group033,4,9,1,K,"The bottom left is triangular shaped, completely black",8,2.0,3
group033,4,9,1,K,Right side is jagged,4,2.0,3
group033,4,9,1,K,Bottom left is 90 degrees,5,2.0,3
group033,4,10,1,B,There's a diamond shaped head with a triangle hanging off of it,12,2.0,3
group033,4,10,1,B,Triangle is to the right,5,2.0,3
group033,4,10,1,B,The bottom left is a small triangle,7,2.0,3
group033,4,10,1,B,And the bottom right is a right angle,8,2.0,3
group033,4,10,1,B,The triangle next to the head is surrounded by empty space,11,2.0,3
group033,4,10,1,B,To the right of the head,6,2.0,3
group033,4,11,1,H,Looks like a bean,4,2.0,3
group033,4,11,1,H,or a dude wrapped up in a blanked,8,2.0,3
group033,4,11,1,H,blanket,1,2.0,3
group033,4,11,1,H,a baby yeah,3,2.0,3
group033,4,11,1,H,like a baby wrapped up,5,2.0,3
group033,4,11,1,H,Not in any of the corners,6,2.0,3
group033,4,11,1,H,"Yes, the bottom right sticks out a little",8,2.0,3
group033,4,11,1,H,To the right,3,2.0,3
group033,4,12,2,B,okay so it's the one with the fat leg,9,3.0,3
group033,4,12,2,B,the square with the triangle,5,3.0,3
group033,4,12,2,B,and a mini triangle on the left,7,3.0,3
group033,4,13,2,K,okay so it's the beggar guy with his foot up,10,3.0,3
group033,4,13,2,K,with the two diamonds,4,3.0,3
group033,4,13,2,K,hands to the right,4,3.0,3
group033,4,13,2,K,on his knees,3,3.0,3
group033,4,13,2,K,foot pointing up],3,3.0,3
group033,4,14,2,E,it's the bunny ears,4,3.0,3
group033,4,15,2,L,okay so similar to beggar guy but no foot pointing up,11,3.0,3
group033,4,15,2,L,it's like a zigzag,4,3.0,3
group033,4,15,2,L,standing,1,3.0,3
group033,4,16,2,D,i think we called this one monk,7,3.0,3
group033,4,16,2,D,he's like holding something to the left,7,3.0,3
group033,4,16,2,D,diamond head,2,3.0,3
group033,4,16,2,D,right side is straight,4,3.0,3
group033,4,17,2,F,sad boi,2,3.0,3
group033,4,17,2,F,yeah with his knee out,5,3.0,3
group033,4,18,2,A,uh so both legs are on the left,8,3.0,3
group033,4,18,2,A,square head looks like it's falling off,7,3.0,3
group033,4,19,2,C,guy falling,2,3.0,3
group033,4,19,2,C,both arms outstretched,3,3.0,3
group033,4,20,2,H,baby wrapped up,3,2.0,3
group033,4,21,2,J,so left side is fully straight,6,3.0,3
group033,4,21,2,J,right side is jagged,4,3.0,3
group033,4,21,2,J,diamond head,2,3.0,3
group033,4,21,2,J,chonk,1,3.0,3
group033,4,22,2,G,uhhh this one has two triangles dangling on the right side,11,2.0,3
group033,4,22,2,G,and a square head,4,2.0,3
group033,4,23,2,I,ballerina,1,3.0,3
group033,4,24,3,D,monk,1,2.0,3
group033,4,25,3,E,BUNNY,1,3.0,3
group033,4,26,3,F,sad boy,2,3.0,3
group033,4,27,3,C,guy falling,2,3.0,3
group033,4,28,3,B,"head on the middle, leg on left, bottom right has a 90 degree angle.. what were we calling it?",19,1.0,3
group033,4,28,3,B,"both arms are looking like stretched, has a gap between both arms right under the head",16,1.0,3
group033,4,28,3,B,no not the monk,4,1.0,3
group033,4,28,3,B,the other one,3,1.0,3
group033,4,28,3,B,"not the monnk the other one, whats the code name?",10,1.0,3
group033,4,29,3,L,The beggar with no foot coming out from the left,10,3.0,3
group033,4,29,3,L,zigzag it is,3,3.0,3
group033,4,30,3,J,fat guy,2,3.0,3
group033,4,31,3,G,a fat long leg on the left,7,3.0,3
group033,4,31,3,G,tiny triangular leg on right,5,3.0,3
group033,4,31,3,G,facing left,2,3.0,3
group033,4,32,3,H,baby wrapped,2,3.0,3
group033,4,33,3,K,begger with foot coming out,5,2.0,3
group033,4,33,3,K,the other one as zigzag,5,2.0,3
group033,4,33,3,K,"ummmm, remember the zigzag? it looks exactly like it",9,2.0,3
group033,4,33,3,K,just has a leg upwards at left side,8,2.0,3
group033,4,34,3,I,ballerina,1,3.0,3
group033,4,35,3,A,falling head,2,3.0,3
group033,4,36,4,D,monk,1,3.0,3
group033,4,36,4,D,facing left,2,3.0,3
group033,4,37,4,E,bunny,1,3.0,3
group033,4,38,4,A,falling guy,2,1.0,3
group033,4,38,4,A,"walking left, head on right",5,1.0,3
group033,4,39,4,J,chonker here,2,3.0,3
group033,4,40,4,K,"beggar facing right, on knees.  right angle on bottom left",10,3.0,3
group033,4,41,4,B,other beggar/ prayer.  on knees facing right.  has hands close to face,12,2.0,3
group033,4,41,4,B,right angle in bottom right,5,2.0,3
group033,4,41,4,B,small foot on left,4,2.0,3
group033,4,41,4,B,(triangle),1,2.0,3
group033,4,41,4,B,mini triangle for his foot on the left yeah,9,2.0,3
group033,4,41,4,B,not zigzag,2,2.0,3
group033,4,41,4,B,he is fully kneeling,4,2.0,3
group033,4,42,4,L,zigzag,1,3.0,3
group033,4,43,4,I,ballerina,1,3.0,3
group033,4,44,4,C,falling guy,2,3.0,3
group033,4,45,4,G,the dancer kinda person that has the fat leg to the left,12,3.0,3
group033,4,45,4,G,looking skyward to right,4,3.0,3
group033,4,45,4,G,small foot on right,4,3.0,3
group033,4,45,4,G,yes one for hand and one for foot,8,3.0,3
group033,4,46,4,F,sad boy,2,2.0,3
group033,4,47,4,H,baby / bean,3,2.0,3
group033,4,48,5,C,guy falling backwards with arms outstretched,6,3.0,3
group033,4,49,5,D,monk,1,3.0,3
group033,4,50,5,F,sad boy,2,3.0,3
group033,4,51,5,K,beggar facing right with two diamonds at top,8,3.0,3
group033,4,51,5,K,bottom left is a right angle,6,3.0,3
group033,4,51,5,K,yes foot on the left,5,3.0,3
group033,4,52,5,H,baby bean,2,3.0,3
group033,4,53,5,I,ballerina,1,3.0,3
group033,4,54,5,E,bunny,1,3.0,3
group033,4,55,5,G,"fat leg, facing skywards and to the right",8,3.0,3
group033,4,55,5,G,right arm and right leg are small triangles,8,3.0,3
group033,4,56,5,B,the one with the mini triangle on bottom left,9,3.0,3
group033,4,56,5,B,right angle on bottom right,5,3.0,3
group033,4,57,5,A,two feet pointing to the left,6,2.0,3
group033,4,57,5,A,one is lifted up,4,2.0,3
group033,4,57,5,A,falling head on the right yeah,6,2.0,3
group033,4,58,5,L,zigzag,1,3.0,3
group033,4,59,5,J,chonky,1,3.0,3
group033,4,60,6,A,"both legs to the left, falling head",7,3.0,3
group033,4,61,6,J,chonk,1,2.0,3
group033,4,62,6,K,"beggar on his knees, foot on the left",8,2.0,3
group033,4,62,6,K,right angle on the left,5,2.0,3
group033,4,63,6,D,monk,1,1.0,3
group033,4,64,6,L,beggar guy,2,2.0,3
group033,4,64,6,L,zigzag,1,2.0,3
group033,4,65,6,E,bunny,1,2.0,3
group033,4,66,6,C,"falling guy, arms outstretched",4,2.0,3
group033,4,67,6,B,mini triangle bottom left,4,3.0,3
group033,4,67,6,B,right angle on the bottom right,6,3.0,3
group033,4,68,6,F,sad guy :(,3,2.0,3
group033,4,69,6,H,baby bean,2,2.0,3
group033,4,70,6,G,two mini triangles on the right,6,2.0,3
group033,4,70,6,G,fat leg,2,2.0,3
group033,4,71,6,I,ballerina,1,3.0,3
group034,4,0,1,C,arms open,2,2.0,3
group034,4,1,1,E,a person sit down,4,1.0,3
group034,4,1,1,E,facing to the right,4,1.0,3
group034,4,2,1,L,person that looks that is asking,6,3.0,3
group034,4,2,1,L,like a homeless person,4,3.0,3
group034,4,2,1,L,facing to the right,4,3.0,3
group034,4,2,1,L,knees bended,2,3.0,3
group034,4,3,1,G,a person is dancing,4,0.0,3
group034,4,3,1,G,kinda with a leg up,5,0.0,3
group034,4,3,1,G,and the other on the ground,6,0.0,3
group034,4,4,1,B,both arms up,3,3.0,3
group034,4,4,1,B,on his knees,3,3.0,3
group034,4,4,1,B,arms open,2,3.0,3
group034,4,5,1,J,the torso is kinda a rectangle,6,1.0,3
group034,4,5,1,J,arms open,2,1.0,3
group034,4,6,1,F,person sit down,3,2.0,3
group034,4,6,1,F,facing to the left,4,2.0,3
group034,4,6,1,F,with legs bended or crossed,5,2.0,3
group034,4,6,1,F,looking down,2,2.0,3
group034,4,7,1,K,person facing to the right,5,2.0,3
group034,4,7,1,K,like asking as a homeless,5,2.0,3
group034,4,7,1,K,but different from the other picture,6,2.0,3
group034,4,7,1,K,like a proposal,3,2.0,3
group034,4,7,1,K,one knee front,3,2.0,3
group034,4,8,1,I,a person doing like a plane yoga pose,8,3.0,3
group034,4,8,1,I,facing to the right,4,3.0,3
group034,4,8,1,I,both arms in front,4,3.0,3
group034,4,8,1,I,one leg up,3,3.0,3
group034,4,8,1,I,one leg straight,3,3.0,3
group034,4,9,1,A,a person with body facing left,6,3.0,3
group034,4,9,1,A,head facing right,3,3.0,3
group034,4,9,1,A,looks like a zombie,4,3.0,3
group034,4,9,1,A,one leg up,3,3.0,3
group034,4,9,1,A,and arms up like a zombie i would say,9,3.0,3
group034,4,10,1,H,a person kinda sitted,4,3.0,3
group034,4,10,1,H,torso like a rectangle,4,3.0,3
group034,4,10,1,H,but not the other picture,5,3.0,3
group034,4,10,1,H,facing right,2,3.0,3
group034,4,11,1,D,person with arms up like asking for something,8,3.0,3
group034,4,11,1,D,facing left,2,3.0,3
group034,4,11,1,D,standing straight,2,3.0,3
group035,4,0,1,F,It looks like someone sitting on the ground with their knees up. And hello!,14,3.0,3
group035,4,0,1,F,"Just a square head, It looks like he is hanging his head downwards",13,3.0,3
group035,4,1,1,H,"Umm, it looks like a fried shrimp if that makes sense? Sort of a tube with a square on the end",21,2.0,3
group035,4,1,1,H,It doesn't really look like a person,7,2.0,3
group035,4,1,1,H,Just sort of a bag like shape,7,2.0,3
group035,4,1,1,H,A square turned like a diamond on top,8,2.0,3
group035,4,1,1,H,just at the bottom it flips to the right a bit,11,2.0,3
group035,4,2,1,I,It looks like a person ice skating,7,3.0,3
group035,4,2,1,I,kicking their leg back to the right,7,3.0,3
group036,4,0,1,H,The picture is of a gentleman kneeling down with hands on lap,12,2.0,3
group036,4,1,1,E,"This is an odd picture, the gentleman is lunging forward throwing hands in the air, it is difficult to make out",21,1.0,3
group036,4,1,1,E,Also looks like a rabbit with head down and big ears,11,1.0,3
group036,4,2,1,G,This is a pic of a guy lunging forward head high arms high one foot forward one trailing behind like he is in a dance,25,3.0,3
group036,4,3,1,L,"Guy stood with arms forward as though asking for something, he has his feet on the ground and not flicking up at the back",24,2.0,3
group036,4,4,1,F,Guy sat on floor knees up feet on ground head down,11,3.0,3
group036,4,5,1,I,Guy one foot on floor balancing with arms out head forward and one foot held out behind him,18,3.0,3
group036,4,6,1,J,Looks like a guy stood straight with a matador cape one side of him,14,3.0,3
group036,4,7,1,A,Looks like a strange guy lunged forward like walking drunk and a golf flag stuck in his back,18,0.0,3
group036,4,7,1,A,bit like a t rex,5,0.0,3
group036,4,8,1,K,looks like a lady kneeling holding out hands and dress flicked up at the back of her,17,3.0,3
group036,4,8,1,K,Like she's asking for food,5,3.0,3
group036,4,9,1,D,Looks like a guy stood at a church lectern reading a bible passage,13,3.0,3
group036,4,9,1,D,stood straight up no flick,5,3.0,3
group036,4,10,1,C,Guy swaying celebrating as though he just scored a goal arms waving out and head to left hand side,19,3.0,3
group036,4,11,1,B,Guy moving forward one foot on ground the other his knee with arms spread out each side,17,1.0,3
group036,4,12,2,L,man squatting with book in his hands facing right side,10,3.0,3
group036,4,12,2,L,no flick,2,3.0,3
group036,4,13,2,I,"hands out, ice skating on left foot facing left side",10,3.0,3
group036,4,14,2,D,"Man stood up straight, looks like he is reading a book, facing left",13,3.0,3
group036,4,15,2,J,"man stood up straight, he looks like a big blob. One hand out to the right",16,3.0,3
group036,4,16,2,K,"praying facing right with hands stretched out to the right, flicked tail",12,3.0,3
group036,4,17,2,A,walking zombie,2,3.0,3
group036,4,17,2,A,really bad thriller dance,4,3.0,3
group036,4,17,2,A,facing left,2,3.0,3
group036,4,18,2,E,man sat on floor facing right. His back is straight. Has rabbit ears,13,2.0,3
group036,4,19,2,F,"Man passed out on floor, Facing left.",7,3.0,3
group036,4,19,2,F,you can see his legs and feet,7,3.0,3
group036,4,19,2,F,legs up,2,3.0,3
group036,4,20,2,G,man trying to dance,4,2.0,3
group036,4,20,2,G,one leg forward,3,2.0,3
group036,4,20,2,G,huge leg behind,3,2.0,3
group036,4,20,2,G,head back,2,2.0,3
group036,4,20,2,G,facing right,2,2.0,3
group036,4,21,2,H,man in a cradle position,5,3.0,3
group036,4,21,2,H,doesn't look like he has legs,6,3.0,3
group036,4,21,2,H,he is mostly a big blob,6,3.0,3
group036,4,22,2,C,distorted perspective of a man with his arms out,9,2.0,3
group036,4,22,2,C,no legs,2,2.0,3
group036,4,22,2,C,his form almost looks like the letter T,8,2.0,3
group036,4,23,2,B,"man on his knees, both arms stretched out both sides. Facing right",12,3.0,3
group036,4,23,2,B,you can see part of his leg,7,3.0,3
group036,4,23,2,B,and his feet,3,3.0,3
group036,4,24,3,L,"Man facing the right, arms out like he's asking for food, slightly bent knees no flick",16,3.0,3
group036,4,25,3,F,"Sitting down facing the left, looks passed out. You can see his feet.",13,3.0,3
group036,4,26,3,B,"Facing the right side, both arms stretched out like triangles, you can see his feet",15,3.0,3
group036,4,26,3,B,Arms are stretched out on both sides,7,3.0,3
group036,4,27,3,K,"Lady asking for food, facing the right, dress flicked up",10,3.0,3
group036,4,28,3,J,"Blob man, body is shaped almost like a T with one triangle arm on the right side",17,2.0,3
group036,4,28,3,J,No feet,2,2.0,3
group036,4,28,3,J,Head facing straight,3,2.0,3
group036,4,29,3,A,"Bad dancing man, left arm is up, head is tilted downwards on the right side, one foot is slightly raised",20,3.0,3
group036,4,30,3,C,"Looks like he is falling back, both arms raised up like he scored a goal, falling to the left side,",20,3.0,3
group036,4,31,3,G,"Dancing person with right arm raised, head is tilted down to the left, big blob leg on the left side",20,3.0,3
group036,4,32,3,I,"Balancing on one leg and facing the left, two triangle arms on the left side, head is facing straight forward",20,2.0,3
group036,4,33,3,D,"Looks like a man wearing a robe and reading a bible, facing the left side, no legs or feet, hands out on the left side",25,3.0,3
group036,4,34,3,E,"Bunny ears on the head, kneeling down facing the right",10,2.0,3
group036,4,35,3,H,"Man with no arms or legs, facing straight forward like a blob almost! Great job you guys thank you!",19,2.0,3
group036,4,36,4,E,"Bunny ears man, facing right, seated",6,3.0,3
group036,4,37,4,F,"Passed out man facing left, knees up, feet down",9,3.0,3
group036,4,38,4,H,"Kneeling man, facing forward, no arms, foot poked out to the right",12,3.0,3
group036,4,39,4,I,"Ice skater, head and arms to the left, foot poked out to the right",14,3.0,3
group036,4,40,4,D,"standing man, facing left, looks like he's reading a book",10,2.0,3
group036,4,41,4,A,"Zombie dancer, arms left, head bowed to the right standing on one foot",13,3.0,3
group036,4,42,4,B,"Kneeling man, one hand out to each side, one foot poked out to the left",15,3.0,3
group036,4,43,4,J,"Blob man, standing straight up, one hand to the right slightly",11,3.0,3
group036,4,44,4,L,"kneeling man facing right, hands out to the right, no flick",11,3.0,3
group036,4,45,4,G,"Dancer facing right, arms to the right, one huge leg out to the left",14,2.0,3
group036,4,46,4,C,"man falling over to the left, arms out on both sides, no feet",13,3.0,3
group036,4,47,4,K,"lady kneeling to the right, hands out, dress flicked up in the back",13,3.0,3
group036,4,47,4,K,facing right,2,3.0,3
group036,4,48,5,B,Man lunging to the right arms out each side one foot on floor the other his knee,17,2.0,3
group036,4,49,5,K,Lady kneeling arms out face right with flick,8,3.0,3
group036,4,50,5,I,Ice Skater facing left,4,2.0,3
group036,4,51,5,C,Football scorer top half no legs,6,3.0,3
group036,4,52,5,J,guy with cape/matador cape left side stood straight,8,3.0,3
group036,4,53,5,D,Guy at lectern reading facing left,6,3.0,3
group036,4,54,5,H,guy blob knelt no arms or legs showing,8,3.0,3
group036,4,55,5,E,Yaaaaay BUNNY EARS!,3,3.0,3
group036,4,56,5,F,Man sat on floor sleeping knee up foot on ground,10,2.0,3
group036,4,57,5,G,dancer moving toward the right head and hands up small foot forward big leg behind,15,3.0,3
group036,4,58,5,A,"Looks like a drunk dancer or t rex with a golf flag in his back, one leg lifted",18,3.0,3
group036,4,59,5,L,Man with knees bent arms out begging no flick,9,2.0,3
group036,4,60,6,J,man with cape,3,2.0,3
group036,4,61,6,D,man stood up straight,4,3.0,3
group036,4,61,6,D,reading book,2,3.0,3
group036,4,61,6,D,facing left,2,3.0,3
group036,4,62,6,K,"man bend down, flick on left side",7,3.0,3
group036,4,62,6,K,arms out to the right,5,3.0,3
group036,4,63,6,H,"man with no feet or legs, looks like a blob",10,3.0,3
group036,4,64,6,C,"man scored a goal, falling over to the left",9,2.0,3
group036,4,65,6,A,zombie man,2,1.0,3
group036,4,65,6,A,1 leg up,3,1.0,3
group036,4,66,6,F,"man on floor, knees up, feet down",7,3.0,3
group036,4,67,6,E,bunny ears,2,3.0,3
group036,4,68,6,L,"man with knees bend down, no flick, facing right",9,3.0,3
group036,4,69,6,G,big leg blob,3,3.0,3
group036,4,69,6,G,small leg,2,3.0,3
group036,4,69,6,G,facing right,2,3.0,3
group036,4,70,6,B,"man on his knees, both arms stretched out both sides",10,3.0,3
group036,4,70,6,B,part of his leg is shown,6,3.0,3
group036,4,70,6,B,with his feet,3,3.0,3
group036,4,71,6,I,man balancing on 1 leg,5,3.0,3
group036,4,71,6,I,both arms facing left,4,3.0,3
group037,4,0,1,B,"Gymnast on one knee, arms straight out, head slightly tilted down",11,2.0,3
group037,4,1,1,A,Frankenstein's monster.,2,2.0,3
group037,4,1,1,A,"walking toward the left, arms up, head back",8,2.0,3
group037,4,1,1,A,"one leg raised, foot at 45 degrees",7,2.0,3
group037,4,2,1,E,"person leaning against a wall or tree facing to the right, knees slightly bent and body shaped like two triangle",20,1.0,3
group037,4,2,1,E,head slightly tilted down and wearing bunny ears,8,1.0,3
group037,4,3,1,I,Figure skater on leg,4,3.0,3
group037,4,3,1,I,"arms in front for balance, one leg straight back",9,3.0,3
group037,4,4,1,C,athlete raising arms in victory after a goal,8,1.0,3
group037,4,4,1,C,or someone praying with arms facing up to the heavens,10,1.0,3
group037,4,5,1,H,oval shaped rock with small protuberance on the bottom of one side and small square block on top,18,3.0,3
group037,4,6,1,G,backless high heel with square strap on front,8,3.0,3
group037,4,6,1,G,toe side left,3,3.0,3
group037,4,7,1,F,person sitting quietly next to a lake or in a sunny park,12,3.0,3
group037,4,7,1,F,"legs bent, arms to the side so you can't see here, head slightly tilted back to catch sun",18,3.0,3
group037,4,7,1,F,relaxing,1,3.0,3
group037,4,7,1,F,"feet on left side, 45 degrees",6,3.0,3
group037,4,8,1,L,"person crouching down, holding something in arms",7,2.0,3
group037,4,8,1,L,like they are bending down to give it to a child or moving to kneel,15,2.0,3
group037,4,8,1,L,"half way down to kneel, facing right",7,2.0,3
group037,4,8,1,L,six sided oval,3,2.0,3
group037,4,9,1,K,person kneeling arms in same position as last,8,3.0,3
group037,4,9,1,K,would be a thin body facing right,7,3.0,3
group037,4,10,1,J,"person with arms out to side, but one side is opening a coat, like someone selling watches from an overcoat",20,2.0,3
group037,4,10,1,J,"head centered on top, in diamond shape",7,2.0,3
group037,4,11,1,D,"waiter carrying a tray, facing left, slightly down",8,3.0,3
group037,4,11,1,D,"or an altar boy or priest in a robe, with cloth hanging from arm",14,3.0,3
group037,4,11,1,D,facing our left,3,3.0,3
group037,4,12,2,E,person meditating on knees,4,0.0,3
group037,4,12,2,E,facing the right,3,0.0,3
group037,4,12,2,E,no feet or arms visible,5,0.0,3
group037,4,13,2,B,nun kneeling at church,4,0.0,3
group037,4,13,2,B,one arm stretched out front,5,0.0,3
group037,4,13,2,B,the other arm behind her,5,0.0,3
group037,4,13,2,B,head slightly down,3,0.0,3
group037,4,13,2,B,knees facing right,3,0.0,3
group037,4,14,2,A,dinosaur walking to the left,5,3.0,3
group037,4,14,2,A,head tilted back,3,3.0,3
group037,4,14,2,A,one leg lifted 45 degrees,5,3.0,3
group037,4,15,2,L,man  half kneeling holding a tray facing right,8,3.0,3
group037,4,15,2,L,legs half bent,3,3.0,3
group037,4,15,2,L,arms holding a tray,4,3.0,3
group037,4,15,2,L,head upright,2,3.0,3
group037,4,16,2,J,toddler holding blanket facing right,5,3.0,3
group037,4,16,2,J,left side of blanket lifted 90 degrees,7,3.0,3
group037,4,16,2,J,the right side stretched out in front of him too,10,3.0,3
group037,4,17,2,H,kneeling warrior facing right. no arms or left visible,9,2.0,3
group037,4,17,2,H,kneeling or meditating,3,2.0,3
group037,4,17,2,H,head upright,2,2.0,3
group037,4,17,2,H,body upright too,3,2.0,3
group037,4,18,2,G,ballroom dancer,2,1.0,3
group037,4,18,2,G,facing right,2,1.0,3
group037,4,18,2,G,back leg bent,3,1.0,3
group037,4,18,2,G,front leg stretched at an angle,6,1.0,3
group037,4,18,2,G,head slight bent backwards,4,1.0,3
group037,4,18,2,G,arms at eye-level,3,1.0,3
group037,4,19,2,F,man sitting resting against a structure,6,3.0,3
group037,4,19,2,F,facing left,2,3.0,3
group037,4,19,2,F,knees bent,2,3.0,3
group037,4,20,2,K,woman kneeling with arms raised in front,7,3.0,3
group037,4,20,2,K,holding a tray,3,3.0,3
group037,4,20,2,K,head upright,2,3.0,3
group037,4,20,2,K,protruding shape on her back,5,3.0,3
group037,4,20,2,K,facing right,2,3.0,3
group037,4,21,2,I,ice skater facing left,4,3.0,3
group037,4,22,2,D,boy holding magic hat,4,2.0,3
group037,4,22,2,D,facing left,2,2.0,3
group037,4,22,2,D,rectangular body shape,3,2.0,3
group037,4,22,2,D,no legs visible,3,2.0,3
group037,4,23,2,C,"careful, wet floor",3,3.0,3
group037,4,23,2,C,sign,1,3.0,3
group037,4,23,2,C,facing right,2,3.0,3
group037,4,23,2,C,no legs visible,3,3.0,3
group037,4,24,3,E,"figure in a sitting position, facing right, has bunny shaped ears",11,1.0,3
group037,4,24,3,E,head tilted downwards,3,1.0,3
group037,4,25,3,C,"figure facing right, arms raised, no legs visible",8,2.0,3
group037,4,25,3,C,looks like the figure is about to fall over,9,2.0,3
group037,4,26,3,I,"figure looks like an ice skater, figure is facing left",10,3.0,3
group037,4,27,3,L,"figure facing right, knees bent, appears to be holding something in his arms",13,3.0,3
group037,4,28,3,H,"figure facing right, head upright, no arms or legs are visible",11,3.0,3
group037,4,29,3,K,"figure facing right, in a kneeling position, arms in front of her, appears to be holding something",17,3.0,3
group037,4,29,3,K,looks like a female figure,5,3.0,3
group037,4,30,3,B,"figure is facing right, in a kneeling position, both arms outstretched, similar to a soccer player celebrating a goal",19,3.0,3
group037,4,30,3,B,head is tilted slightly downwards,5,3.0,3
group037,4,31,3,F,"figure facing left, in a sitting position, kneels are raised, head is tilted forwards, looks relaxed",16,3.0,3
group037,4,32,3,J,"figure facing right, head is upright, back is dead straight, arm is stretched out in front of him",18,3.0,3
group037,4,33,3,D,"figure facing left, looks like a vicar or priest reading a sermon",12,3.0,3
group037,4,34,3,A,"figure facing left , in a standing position, one leg is raised, appears to be carrying something on his back",20,3.0,3
group037,4,34,3,A,looks similar to a workman,5,3.0,3
group037,4,35,3,G,"figure is facing left, looks similar to a high heel shoe",11,1.0,3
group037,4,35,3,G,looks like it has an ankle strap,7,1.0,3
group037,4,35,3,G,like a high heel sandal,5,1.0,3
group037,4,35,3,G,"no, doesn't looks like it has arms",7,1.0,3
group037,4,36,4,K,Kneeling down. FAcing Right. Arms out in front. Legs against the wall.,12,3.0,3
group037,4,36,4,K,"it's diamond, right side up",5,3.0,3
group037,4,37,4,L,Facing right. Arms in front. Feet cut off the bottom. Knees bent slightly. Head right side up,17,2.0,3
group037,4,38,4,J,"Diamond head, right side up. Body is like a rectangle with a chunk bitten out of it on the right side",21,3.0,3
group037,4,39,4,A,"Bottom half of an elephant, standing on the back two legs. One leg is raised at an angle",18,3.0,3
group037,4,39,4,A,Head is slightly tilted and handing off the top part,10,3.0,3
group037,4,39,4,A,facing left =. head is at the top right,9,3.0,3
group037,4,40,4,C,A shadow on the floor. Both arms slightly raised.,9,2.0,3
group037,4,40,4,C,No legs. Cuts off mid-body,5,2.0,3
group037,4,41,4,H,Diamond head upright. No arms and no legs. Oval shaped body.,11,3.0,3
group037,4,41,4,H,Where the legs would be there is a slight angle which part of it cuts off the screen.,18,3.0,3
group037,4,41,4,H,facing right,2,3.0,3
group037,4,42,4,B,Victory celebration after scoring a goal. FAcing right. Imagine being in a Lunge position for exercising,16,3.0,3
group037,4,43,4,G,A dancer. Head tilted backwards on the left. Facing right with the arms on the right side up near the head,21,2.0,3
group037,4,44,4,F,"Sitting down facing left. Knees bent, head facing down.",9,3.0,3
group037,4,44,4,F,Leaning against a wall on the right,7,3.0,3
group037,4,45,4,D,Facing left. No legs. Arms out to the left and maybe some kind of cloth hanging from the arms,19,3.0,3
group037,4,45,4,D,head is upright,3,3.0,3
group037,4,46,4,I,"Standing on one leg facing left, both arms out in front on the left.",14,3.0,3
group037,4,47,4,E,"Sad bunny leaning against a wall in the seating position,",10,3.0,3
group037,4,47,4,E,facing to the right,4,3.0,3
group037,4,48,5,B,"umpire on one knee, other leg stretched out behind",9,2.0,3
group037,4,48,5,B,calling someone safe,3,2.0,3
group037,4,48,5,B,looking down,2,2.0,3
group037,4,48,5,B,our right,2,2.0,3
group037,4,49,5,L,crouching down into a kneel,5,2.0,3
group037,4,49,5,L,facing right holding something,4,2.0,3
group037,4,49,5,L,"back upright, head level",4,2.0,3
group037,4,50,5,D,butler or servant facing left,5,2.0,3
group037,4,50,5,D,towel draped off of arm,5,2.0,3
group037,4,50,5,D,or priest or vicar,4,2.0,3
group037,4,51,5,K,thinner body kneeling right,4,3.0,3
group037,4,51,5,K,arms  in front,3,3.0,3
group037,4,51,5,K,hunch back,2,3.0,3
group037,4,51,5,K,or hump on back,4,3.0,3
group037,4,52,5,G,shoe shape with heel not quite touching,7,2.0,3
group037,4,53,5,I,"figure skater on one leg, other stretched behind",8,3.0,3
group037,4,53,5,I,facing left,2,3.0,3
group037,4,54,5,A,"monster walking left head tilted back, one leg raised",9,3.0,3
group037,4,55,5,E,sleeping bunny person leaning on a wall,7,3.0,3
group037,4,55,5,E,facing right,2,3.0,3
group037,4,56,5,C,"someone praying, arms raised to heaven, body cut off at waist",11,2.0,3
group037,4,56,5,C,leaning way to left,4,2.0,3
group037,4,57,5,H,"oval body, no arms or legs, facing right",8,3.0,3
group037,4,58,5,J,square body with chunk taken out of right side,9,3.0,3
group037,4,58,5,J,head centered and level,4,3.0,3
group037,4,59,5,F,"person relaxing, knees bent, arms maybe under thighs at side",10,2.0,3
group037,4,59,5,F,facing left,2,2.0,3
group037,4,60,6,D,usher facing left,3,3.0,3
group037,4,60,6,D,holding hat,2,3.0,3
group037,4,60,6,D,head upright,2,3.0,3
group037,4,61,6,F,person sitting with knees up,5,3.0,3
group037,4,61,6,F,facing left,2,3.0,3
group037,4,62,6,K,woman kneeling facing right,4,3.0,3
group037,4,62,6,K,arms held out,3,3.0,3
group037,4,63,6,E,bunny facing right,3,3.0,3
group037,4,64,6,H,facing left,2,3.0,3
group037,4,64,6,H,kneeling,1,3.0,3
group037,4,64,6,H,no arms or legs,4,3.0,3
group037,4,64,6,H,facing right,2,3.0,3
group037,4,64,6,H,not left,2,3.0,3
group037,4,65,6,G,dancer facing right,3,2.0,3
group037,4,65,6,G,one leg bent back,4,2.0,3
group037,4,65,6,G,one leg stretched,3,2.0,3
group037,4,65,6,G,head slightly toward the left,5,2.0,3
group037,4,66,6,A,monster facing left with one leg raised,7,2.0,3
group037,4,67,6,L,kneeling position facing right,4,1.0,3
group037,4,67,6,L,arms outstretched,2,1.0,3
group037,4,67,6,L,half kneeling,2,1.0,3
group037,4,68,6,I,ice skater facing left with one leg raised,8,3.0,3
group037,4,69,6,C,falling back with arms flying in the air,8,3.0,3
group037,4,69,6,C,no legs,2,3.0,3
group037,4,70,6,J,infant in costume facing right,5,2.0,3
group037,4,70,6,J,with one arm in front and the other one straight behind,11,2.0,3
group037,4,71,6,B,kneeling woman with big sleeves,5,2.0,3
group037,4,71,6,B,facing right,2,2.0,3
group037,4,71,6,B,one arm in front another one behind,7,2.0,3
group038,3,0,1,C,It looks like a guy flying to the left with outstretched wings,12,2.0,2
group038,3,1,1,H,"A guy bundled up with no arms or legs sticking out, with his knees facing the right so top to bottom is diamond triangle square and a trapezoid looking shape",30,2.0,2
group038,3,2,1,B,So it looks like a mouse with a pointed triangle head facing the left. Top shape is a diamond attached to the triangle hea with another triangle ear. The figure is bundled up with a small triangle leg on the left,41,2.0,2
group038,3,2,1,B,"The leg is just an upward triangle, not a downward one",11,2.0,2
group038,3,2,1,B,"one ear is a square the other is a triangle shape, square one on left",15,2.0,2
group038,3,3,1,D,"Looks like a waiter holding a dish and towel facing the left. So dimond triangle rectangle and triangle for the body, upside down triangle and square for the arm",29,2.0,2
group038,3,4,1,L,"A person in a squat position praying to the right, top down is diamond triangle square (with triangle arms) then two parallelograms for the legs",25,2.0,2
group038,3,4,1,L,almost looks like the guy is skiing with his knees bent,11,2.0,2
group038,3,5,1,G,"Relaxing bunny looking to the left, with a parallelogram leg and a triangle arm sticking out behind him on the right",21,1.0,2
group038,3,5,1,G,got a long rectangle neck and a small triangle head,10,1.0,2
group038,3,6,1,A,Horse head figure with wings doing a kung fu kick,10,1.0,2
group038,3,6,1,A,"head faces the left and foot is raised up, long rectangle body",12,1.0,2
group038,3,6,1,A,yea so to the right of the head is a square,11,1.0,2
group038,3,6,1,A,Head looks down and to the left. Legs are rectangles with triangles on the bottom,15,1.0,2
group038,3,6,1,A,The one with one straight leg and one raised to the left,12,1.0,2
group038,3,7,1,I,The ice skating figure that was the wrong answer last time,11,2.0,2
group038,3,7,1,I,"so diamond head, two triangle arms and a straight leg",10,2.0,2
group038,3,8,1,K,"praying lady kneeling down looking to the right, diamond triangle unsidwon triangle parallelogram and right triangle foot bent back",19,2.0,2
group038,3,9,1,E,"The sitting bunny against a wall, two triangle ears and a square face",13,2.0,2
group038,3,9,1,E,triangle body and legs,4,2.0,2
group038,3,10,1,J,"Looks like a candle or bundled up person dimond, upside down triangle with a thick square body and a tiny triangle base",22,2.0,2
group038,3,10,1,J,So like under the dimond is a long flat bit that looks like a shelf or something,17,2.0,2
group038,3,11,1,F,Resting man sitting down with legs outstretched,7,2.0,2
group038,3,11,1,F,"head is a diamond, then a triangle thick body, legs are a triangle rectangle triangle",15,2.0,2
group038,3,11,1,F,facing left yes,3,2.0,2
group038,3,11,1,F,head looks a bit like a square but at a slight angle,12,2.0,2
group038,3,12,2,H,Diamond head with thick body and little triangle pointing left for feet,12,0.0,2
group038,3,12,2,H,thick,1,0.0,2
group038,3,12,2,H,yeah sitting down with no arms,6,0.0,2
group038,3,13,2,B,the mouse description from earlier,5,2.0,2
group038,3,14,2,G,the horse,2,0.0,2
group038,3,14,2,G,yeah looks like a horse with a square on its head,11,0.0,2
group038,3,15,2,J,Diamond on the shelf,4,2.0,2
group038,3,16,2,F,man sitting against a wall with legs stretched facing left,10,2.0,2
group038,3,17,2,I,Figure skater doing a move with leg behind them,9,2.0,2
group038,3,18,2,A,stomping zombie,2,1.0,2
group038,3,19,2,C,flying superman with diamond head,5,2.0,2
group038,3,20,2,L,the skier,2,2.0,2
group038,3,20,2,L,looks like legs are bent and skiing,7,2.0,2
group038,3,21,2,E,easter bunny sitting against a wall facing right,8,2.0,2
group038,3,22,2,D,waiter holding a plate and a towel facing left,9,2.0,2
group038,3,23,2,K,person praying on knees facing right,6,1.0,2
group038,3,24,3,G,"Left ear is square, right ear is a triangle. Small triangular face facing left.",14,2.0,2
group038,3,24,3,G,Sitting down.,2,2.0,2
group038,3,24,3,G,Long neck.,2,2.0,2
group038,3,25,3,I,"Square head. Has two legs. Is standing up, facing left, as if they are ice skating (NOT the skiing one)",20,2.0,2
group038,3,25,3,I,Square/diamond head.,2,2.0,2
group038,3,26,3,E,"Bunny ears and looks like they are sitting against a wall. Facing right, square head slightly downwards.",17,2.0,2
group038,3,26,3,E,Big triangle for a body.,5,2.0,2
group038,3,27,3,K,Square/diamond head. The 'woman' from earlier. Triangle sticking out on the right.,12,2.0,2
group038,3,27,3,K,"Yes it looks a pair of arms in prayer, but it's not the ski one. Left side is a triangle pointing up.",22,2.0,2
group038,3,28,3,D,Like a waiter in a  restaurant travelling to his left. Towel over his arm and a square head.,18,2.0,2
group038,3,29,3,C,"A silly man who obviously thinks he can fly. Squad head and outstretched arms, like a bird.",17,2.0,2
group038,3,30,3,A,The image has a square top right. Head is facing downwards to the left with one leg slightly raised in the air.,22,2.0,2
group038,3,30,3,A,slightly raised I meant,4,2.0,2
group038,3,30,3,A,The feet are facing left.,5,2.0,2
group038,3,31,3,J,The one with the fattest body and an arm outstretched to the right. Diamond head. Earlier descriptions was of a candle or a diamond on a shelf.,27,2.0,2
group038,3,32,3,L,"Square / diamond head, with a triangle sticking out in the middle to the right. Reminds us of a person skiing.",21,2.0,2
group038,3,33,3,H,"This one has no arms and no real legs. Square top, triangle neck, square body.",15,2.0,2
group038,3,33,3,H,Bottom part is sticking out on the right.,8,2.0,2
group038,3,34,3,B,A dog / mouse with a square left ear.  Other ear is a triangle. Facing left.,16,2.0,2
group038,3,35,3,F,Square headed guy sitting down. Big body. Legs are slightly bent. And he's looking to the left.,17,2.0,2
group038,3,36,4,C,flying guy with outstretched arms,5,2.0,2
group038,3,37,4,L,skiing guy with bent knees to the right,8,2.0,2
group038,3,38,4,F,sitting square head guy with big body and long legs to the left,13,2.0,2
group038,3,39,4,A,stomping zombie,2,2.0,2
group038,3,40,4,D,waiter with a towel over his arm,7,2.0,2
group038,3,41,4,B,mouse with big head square left ear facing left,9,2.0,2
group038,3,41,4,B,"big triangle head, one ear is square one is triangle, no neck",12,2.0,2
group038,3,42,4,K,"praying woman kneeling down, looking right",6,2.0,2
group038,3,43,4,E,"sitting bunny, triangle ears facing right",6,2.0,2
group038,3,44,4,I,ice skater with outstretched back leg moving left,8,2.0,2
group038,3,45,4,G,"long neck figure with square and triangle ear, and thin body sitting down",13,2.0,2
group038,3,45,4,G,small triangle face looking left,5,2.0,2
group038,3,46,4,H,no arms or legs guy,5,2.0,2
group038,3,47,4,J,diamond on a shelf/candle,4,2.0,2
group038,3,48,5,H,no arms or legs guy,5,1.0,2
group038,3,49,5,E,sitting easter bunny,3,2.0,2
group038,3,50,5,F,man sitting with long legs stretching to the left,9,2.0,2
group038,3,51,5,D,waiter with plate and towel,5,2.0,2
group038,3,52,5,G,the crazy mess of shapes none of us have come up with a good description for,16,2.0,2
group038,3,52,5,G,"yeah, long neck",3,2.0,2
group038,3,53,5,C,flying man,2,1.0,2
group038,3,54,5,I,ice skater,2,1.0,2
group038,3,55,5,L,skiing person,2,2.0,2
group038,3,56,5,B,pointy mouse ears,3,2.0,2
group038,3,57,5,K,person on knees praying,4,2.0,2
group038,3,58,5,A,stomping zombie,2,2.0,2
group038,3,59,5,J,diamond on a shelf / candle,6,2.0,2
group038,3,60,6,C,A fool who thinks he can fly.,7,2.0,2
group038,3,61,6,F,Sitting down. Facing left. Legs slightly bent.,7,2.0,2
group038,3,61,6,F,And a square head.,4,2.0,2
group038,3,62,6,B,"A mouse with a square ear on the left, triangular one on the right.",14,2.0,2
group038,3,63,6,L,Someone skiing.,2,2.0,2
group038,3,64,6,D,The waiter and his towel.,5,2.0,2
group038,3,65,6,G,"Square ear on the left. Sitting down facing left, with a LONG NECK and small pointy triangle face.",18,2.0,2
group038,3,66,6,I,A person with triangles for his body ice skating.,9,2.0,2
group038,3,67,6,E,"Two triangular bunny ears. Sitting back to a wall, facing right.",11,2.0,2
group038,3,68,6,J,A candle doing a salute. Or a diamond on a shelf.,11,2.0,2
group038,3,69,6,A,"Square on the top right. I know him as horse head, but you two call him stomping zombie.",18,2.0,2
group038,3,70,6,H,No arms. No legs. Square head.,6,1.0,2
group038,3,71,6,K,"A woman who appears to be praying. Triangle sticking out on the right, Good work all.",16,2.0,2
group039,3,0,1,C,"man leaning back to the left. he has no legs, his hand are up",14,2.0,2
group039,3,1,1,F,"man sat down, kind of slouching. legs facing left",9,2.0,2
group039,3,1,1,F,has no arms,3,2.0,2
group039,3,1,1,F,he is sat on the floor knees bent,8,2.0,2
group039,3,2,1,E,bunny ears haha,3,2.0,2
group039,3,2,1,E,sat down,2,2.0,2
group039,3,2,1,E,legs facing right,3,2.0,2
group039,3,3,1,L,this one's a bit harder,5,2.0,2
group039,3,3,1,L,man looks like he has his knees bent and is praying,11,2.0,2
group039,3,3,1,L,NOT kneeling though,3,2.0,2
group039,3,3,1,L,"bottom half zig zags a bit, not pointing up",9,2.0,2
group039,3,3,1,L,other one no feet,4,2.0,2
group039,3,4,1,G,another hard one,3,2.0,2
group039,3,4,1,G,"doesn't really look like a man, has two triangles coming of the right hand side",15,2.0,2
group039,3,4,1,G,one low and one high,5,2.0,2
group039,3,4,1,G,then square head going left,5,2.0,2
group039,3,4,1,G,the bottom extends low and long to the left,9,2.0,2
group039,3,5,1,J,ok this one is probably the most overall squared one,10,2.0,2
group039,3,5,1,J,but it's missing the right lower side,7,2.0,2
group039,3,5,1,J,then only has a head on top,7,2.0,2
group039,3,6,1,B,right kind of similar two the two kneeling ones we was talking about earlier,14,2.0,2
group039,3,6,1,B,head is diamond slightly tilted down to the left,9,2.0,2
group039,3,6,1,B,with a triangle sticking out of it,7,2.0,2
group039,3,6,1,B,has a point almost a triangle coming out the back to the left,13,2.0,2
group039,3,6,1,B,the look like feet sticking out to the left,9,2.0,2
group039,3,7,1,A,"looks like a man lifting one foot up, both feet face left",12,2.0,2
group039,3,7,1,A,but the diamond head faces right,6,2.0,2
group039,3,7,1,A,almost like it coming out the back,7,2.0,2
group039,3,8,1,H,a man kneeling. no legs or arms,7,2.0,2
group039,3,8,1,H,"the body is almost straight, the bottoms comes out to the right",12,2.0,2
group039,3,9,1,D,"looks like a small man standing, arms extended t the left",11,1.0,2
group039,3,9,1,D,not a leg,3,1.0,2
group039,3,9,1,D,just a small foot,4,1.0,2
group039,3,9,1,D,the arms are quiet wide,5,1.0,2
group039,3,9,1,D,diamond head,2,1.0,2
group039,3,10,1,K,right kneeling and praying one,5,2.0,2
group039,3,10,1,K,but with feet pointing up,5,2.0,2
group039,3,10,1,K,on the left,3,2.0,2
group039,3,10,1,K,arms out to the right,5,2.0,2
group039,3,11,1,I,two arms facing left,4,2.0,2
group039,3,11,1,I,one above the other,4,2.0,2
group039,3,11,1,I,one leg straight down,4,2.0,2
group039,3,11,1,I,another stretch out behind him on the right,8,2.0,2
group039,3,12,2,H,"no arms or legs, just a seated blob",8,2.0,2
group039,3,12,2,H,"not really, has sloping shoulders coming to a point below the head",12,2.0,2
group039,3,13,2,L,"kneeling to the right, knees hovering, arm out in front",10,2.0,2
group039,3,13,2,L,straight back,2,2.0,2
group039,3,14,2,C,flying/superman,1,2.0,2
group039,3,14,2,C,"lean to left - arms up/bent at elbow , no legs",11,2.0,2
group039,3,15,2,A,"hunched over to the right - long nose, one foot up like kicking",13,2.0,2
group039,3,15,2,A,tilted square out back to the right (up top),9,2.0,2
group039,3,16,2,J,"long square line below the diamond head, long straight side on left",12,2.0,2
group039,3,16,2,J,bendy line on right. No arms,6,2.0,2
group039,3,17,2,G,kneeling/lunging - head is back on left side,8,2.0,2
group039,3,17,2,G,"one triangle out in front low down, head tilted way back at left",13,2.0,2
group039,3,18,2,B,"sitting facing left - long pointed triangle shape on left, feet face left",13,2.0,2
group039,3,18,2,B,big triangle coming of right side,6,2.0,2
group039,3,18,2,B,head slightly tilted back to the right,7,2.0,2
group039,3,18,2,B,this one looks like a woman to me,8,2.0,2
group039,3,19,2,K,"monk kneeling - feet up,",5,2.0,2
group039,3,19,2,K,"kneeling right, feet tucked up on left",7,2.0,2
group039,3,20,2,I,"standing on one leg facing left, 2 triangles/arms out to the left. One foot straight back to the right - raised in air",23,2.0,2
group039,3,21,2,E,sitting to the right - no arms. head down. Two triangles/feathers from top of head,15,2.0,2
group039,3,21,2,E,straight back,2,2.0,2
group039,3,22,2,D,"standing to the left - armes out in front like big folded sleeves. Small feet on left, back straight all the way down",23,2.0,2
group039,3,23,2,F,seated/slouching to the left. Feet bent up 45 degrees.,9,2.0,2
group039,3,23,2,F,looks like arms  could be clasping the thighs,8,2.0,2
group039,3,23,2,F,toes pointed up,3,2.0,2
group039,3,24,3,B,"Diamond head, triangle connected to bottom right of diamond",9,2.0,2
group039,3,24,3,B,small triangle on bottom left,5,2.0,2
group039,3,25,3,C,superman,1,2.0,2
group039,3,25,3,C,two arms up no lefts,5,2.0,2
group039,3,26,3,L,man kneeling to the right,5,2.0,2
group039,3,26,3,L,knees in air,3,2.0,2
group039,3,26,3,L,flat back,2,2.0,2
group039,3,27,3,J,left side is straight,4,2.0,2
group039,3,27,3,J,diamond head,2,2.0,2
group039,3,27,3,J,"most square like, bottom right missing",6,2.0,2
group039,3,28,3,I,"yoga post, 2 arms to the left",7,2.0,2
group039,3,28,3,I,"1 leg down, 1 in the air",7,2.0,2
group039,3,29,3,H,"diamond head, no arms no legs",6,2.0,2
group039,3,29,3,H,blob guy,2,2.0,2
group039,3,30,3,K,man kneeling and praying to the right,7,1.0,2
group039,3,30,3,K,kinda looks like feet come up in the back,9,1.0,2
group039,3,31,3,E,bunny ears,2,2.0,2
group039,3,32,3,D,diamond head,2,2.0,2
group039,3,32,3,D,Man facing the left with arms that look like they are holding an upside down top hat,17,2.0,2
group039,3,32,3,D,or has long sleeves,4,2.0,2
group039,3,32,3,D,no feet,2,2.0,2
group039,3,32,3,D,flat back on the right side,6,2.0,2
group039,3,33,3,G,square looks like it's gonna fall off to the left,10,2.0,2
group039,3,33,3,G,"2 triangles on the right side, 1 on top, 1 at the bottom",13,2.0,2
group039,3,33,3,G,Doesn't look like a human,5,2.0,2
group039,3,34,3,F,man sitting down looking to his left,7,2.0,2
group039,3,34,3,F,can clearly see his leg and foot,7,2.0,2
group039,3,35,3,A,square about to fall off the back right,8,2.0,2
group039,3,35,3,A,two feet,2,2.0,2
group039,3,35,3,A,"one on ground, one in the air",7,2.0,2
group039,3,35,3,A,feet facing left,3,2.0,2
group039,3,36,4,J,most square one,3,2.0,2
group039,3,36,4,J,right side is a flat line,6,2.0,2
group039,3,36,4,J,head is on a flat line,6,2.0,2
group039,3,37,4,E,bunny ears,2,2.0,2
group039,3,38,4,D,baggy sleeves pointing out left,5,2.0,2
group039,3,39,4,A,kicking man,2,2.0,2
group039,3,40,4,K,kneeling praying man facing right,5,2.0,2
group039,3,40,4,K,feet up,2,2.0,2
group039,3,41,4,G,the one that doesn't look like man,7,2.0,2
group039,3,41,4,G,two triangles facing right,4,2.0,2
group039,3,41,4,G,head falling off to the left,6,2.0,2
group039,3,42,4,B,kneeling one that looks like a woman,7,2.0,2
group039,3,42,4,B,triangle coming off the head facing right,7,2.0,2
group039,3,43,4,C,super man,2,2.0,2
group039,3,44,4,I,yoga man,2,2.0,2
group039,3,44,4,I,leg up facing right,4,2.0,2
group039,3,45,4,F,man sat facing left,4,2.0,2
group039,3,45,4,F,knees bent,2,2.0,2
group039,3,46,4,H,"kneading, no arms",3,2.0,2
group039,3,46,4,H,more of a slouch,4,2.0,2
group039,3,46,4,H,no legs,2,2.0,2
group039,3,47,4,L,"praying man facing right, bent knees",6,2.0,2
group039,3,47,4,L,NOT kneeling,2,2.0,2
group039,3,48,5,K,"man kneeling, feet tucked up on left side",8,2.0,2
group039,3,49,5,G,"doesn't look like a person - head tilted way back to the left, like it will fall off",18,2.0,2
group039,3,50,5,E,bunny ears,2,2.0,2
group039,3,51,5,L,"kneeling right, knees hovering",4,2.0,2
group039,3,52,5,I,yoga - stands on one leg - other out to the right,12,2.0,2
group039,3,53,5,D,holding top hat/baggy sleeves,4,2.0,2
group039,3,54,5,H,blobby man,2,2.0,2
group039,3,54,5,H,no limbs,2,2.0,2
group039,3,55,5,F,"slouching man, facing left, knees bent up",7,2.0,2
group039,3,56,5,J,"the square, with cutout on right side",7,1.0,2
group039,3,57,5,A,kicking man,2,1.0,2
group039,3,58,5,B,"the woman, with triangle out the back of her neck",10,2.0,2
group039,3,59,5,C,superman,1,1.0,2
group039,3,60,6,A,kicking man,2,2.0,2
group039,3,61,6,C,superman,1,2.0,2
group039,3,62,6,L,man praying to the right,5,1.0,2
group039,3,62,6,L,knees in air,3,1.0,2
group039,3,62,6,L,flat back,2,1.0,2
group039,3,63,6,F,man sitting facing the left,5,2.0,2
group039,3,63,6,F,knees bent and toes in air,6,2.0,2
group039,3,64,6,E,bunny ears,2,2.0,2
group039,3,65,6,B,woman kneeling,2,2.0,2
group039,3,65,6,B,triangle sticking out to the right,6,2.0,2
group039,3,66,6,I,yoga pose,2,2.0,2
group039,3,67,6,J,"most square, right side missing",5,2.0,2
group039,3,68,6,K,"man praying to the right, feet behind him",8,2.0,2
group039,3,69,6,G,doesn't look like a person,5,1.0,2
group039,3,70,6,H,blob man,2,1.0,2
group039,3,70,6,H,no arms,2,1.0,2
group039,3,71,6,D,"man facing left, long sleeves",5,2.0,2
group040,3,0,1,D,facing to the left in prayer pose,7,1.0,2
group040,3,1,1,B,"on knees, facing to right with foot behind body",9,0.0,2
group040,3,2,1,G,"Facing to the right, square on head is to left of character",12,2.0,2
group040,3,3,1,F,"Facing to the right, in sitting position",7,1.0,2
group040,3,3,1,F,"can see foot extended to the left, sorry character facing LEFT",11,1.0,2
group040,3,4,1,K,Facing to the right on knees with hands extended to the right and feet upturned,15,2.0,2
group040,3,5,1,I,"Like an ice skater, facing to the right",8,2.0,2
group040,3,5,1,I,on one foot,3,2.0,2
group040,3,6,1,C,Looks like a ghost,4,2.0,2
group040,3,6,1,C,two arms in air,4,2.0,2
group040,3,6,1,C,no feet visible,3,2.0,2
group040,3,6,1,C,leaning left,2,2.0,2
group040,3,7,1,H,sitting down,2,2.0,2
group040,3,7,1,H,facing right,2,2.0,2
group040,3,7,1,H,no arms or legs visible,5,2.0,2
group040,3,8,1,A,facing left,2,1.0,2
group040,3,8,1,A,on one leg,3,1.0,2
group040,3,8,1,A,standing,1,1.0,2
group040,3,9,1,L,facing right,2,2.0,2
group040,3,9,1,L,in prayer pose,3,2.0,2
group040,3,9,1,L,arms to right,3,2.0,2
group040,3,9,1,L,no feet visible,3,2.0,2
group040,3,10,1,J,facing right,2,1.0,2
group040,3,10,1,J,sitting or crouching,3,1.0,2
group040,3,10,1,J,arms to right,3,1.0,2
group040,3,10,1,J,feet just visible under body,5,1.0,2
group040,3,11,1,E,like a bunny,3,2.0,2
group040,3,11,1,E,sitting down,2,2.0,2
group040,3,12,2,F,"Sitting down, facing left, head looking down. Looks sad",9,2.0,2
group040,3,12,2,F,no arms visible,3,2.0,2
group040,3,13,2,I,"Ice skater, facing left, foot in the air to the back",11,2.0,2
group040,3,14,2,B,"Kneeling down, facing right",4,2.0,2
group040,3,14,2,B,Arms out to each side,5,2.0,2
group040,3,14,2,B,can see a foot,4,2.0,2
group040,3,15,2,E,"Bunny, sitting facing right",4,2.0,2
group040,3,16,2,J,"Facing right, body looks weird like a big block",9,2.0,2
group040,3,16,2,J,Can see one hand and one foot out to the right,11,2.0,2
group040,3,17,2,A,"Facing left, standing on 1 foot (not the ice skater)",10,2.0,2
group040,3,17,2,A,Kind of looks like a bird or something,8,2.0,2
group040,3,18,2,L,"Facing right, kind of prayer pose",6,2.0,2
group040,3,18,2,L,"Not quite kneeling, not quite standing. Knees bent",8,2.0,2
group040,3,18,2,L,"no feet, big triangle for hand",6,2.0,2
group040,3,19,2,H,Kneeling facing right,3,1.0,2
group040,3,19,2,H,Can't see any hands or feet,6,1.0,2
group040,3,19,2,H,Could be sitting down,4,1.0,2
group040,3,20,2,G,Sitting facing left,3,1.0,2
group040,3,20,2,G,"Both arms are behind them, kind of like wings",9,1.0,2
group040,3,20,2,G,No clear feet,3,1.0,2
group040,3,21,2,C,Like a ghost ;),4,2.0,2
group040,3,21,2,C,"Arms reaching up, leaning left",5,2.0,2
group040,3,22,2,K,"Kneeling, praying, facing right",4,2.0,2
group040,3,22,2,K,Foot upturned at the back,5,2.0,2
group040,3,23,2,D,"Praying/Reading a book. Facing left, standing",6,2.0,2
group040,3,24,3,B,"square head, triangle to the right",6,1.0,2
group040,3,24,3,B,kneeling,1,1.0,2
group040,3,24,3,B,triangle for one foot on left,6,1.0,2
group040,3,25,3,F,"sat down, legs/foot to left",5,1.0,2
group040,3,26,3,C,ghost,1,1.0,2
group040,3,27,3,L,"kneeling/praying, but no feet visible",5,2.0,2
group040,3,28,3,E,bunny ears with legs/feet to right,6,1.0,2
group040,3,29,3,H,"diamond like head, body with like stumpy leg",8,0.0,2
group040,3,29,3,H,leg facing right,3,0.0,2
group040,3,31,3,I,ice skater to the left,5,2.0,2
group040,3,32,3,K,kneel/praying to the right with foot up to the left,10,2.0,2
group040,3,33,3,A,"monster like, square head with arms facing to the left and a walking like pose moving to the left",19,2.0,2
group040,3,34,3,G,"karate like pose, square head, with triangles to the right, but a long bottom going to the left",18,2.0,2
group040,3,35,3,D,praying but to the left,5,1.0,2
group040,3,35,3,D,maybe reading a book,4,1.0,2
group040,3,35,3,D,foot to left,3,1.0,2
group040,3,36,4,G,karate like pose,3,2.0,2
group040,3,37,4,J,facing right like a block,5,1.0,2
group040,3,37,4,J,foot facing right,3,1.0,2
group040,3,38,4,A,like a monster,3,2.0,2
group040,3,39,4,F,sitting leg outstretched,3,2.0,2
group040,3,39,4,F,facing left,2,2.0,2
group040,3,39,4,F,looks sad,2,2.0,2
group040,3,40,4,L,not standing or sitting,4,2.0,2
group040,3,40,4,L,facing right,2,2.0,2
group040,3,40,4,L,maybe reading book,3,2.0,2
group040,3,41,4,B,kneeling facing right foot behind body,6,1.0,2
group040,3,41,4,B,arms to right,3,1.0,2
group040,3,41,4,B,foot to left,3,1.0,2
group040,3,41,4,B,head looking down,3,1.0,2
group040,3,42,4,H,"sitting facing right, no arms or feet visible",8,2.0,2
group040,3,43,4,E,bunny,1,2.0,2
group040,3,44,4,C,ghost,1,2.0,2
group040,3,45,4,D,"facing right, arms outstretched",4,1.0,2
group040,3,45,4,D,pointing to left,3,1.0,2
group040,3,46,4,K,"kneeling, facing right, feet sticking upwards behind body",8,2.0,2
group040,3,47,4,I,ice skater,2,2.0,2
group040,3,48,5,E,bunny,1,2.0,2
group040,3,49,5,C,ghost,1,2.0,2
group040,3,50,5,K,"Facing right, praying, foot upturned to the left",8,2.0,2
group040,3,51,5,L,Not kneeling or standing,4,2.0,2
group040,3,51,5,L,"Crouching, facing right",3,2.0,2
group040,3,51,5,L,Praying,1,2.0,2
group040,3,52,5,A,monster,1,2.0,2
group040,3,53,5,F,Sitting facing left,3,1.0,2
group040,3,53,5,F,Looks sad,2,1.0,2
group040,3,54,5,J,Block body,2,2.0,2
group040,3,54,5,J,Foot and hand to the right,6,2.0,2
group040,3,55,5,D,"Reading a book, standing, facing left",6,2.0,2
group040,3,56,5,I,Ice skating,2,1.0,2
group040,3,57,5,G,Karate,1,2.0,2
group040,3,58,5,H,"Kneeling, facing right",3,2.0,2
group040,3,58,5,H,no arms or legs or feet,6,2.0,2
group040,3,59,5,B,Kneeling facing right,3,1.0,2
group040,3,59,5,B,Arms outstretched,2,1.0,2
group040,3,59,5,B,foot to the left,4,1.0,2
group040,3,60,6,B,"kneeling facing right, but square head and arm triangle is detached from body",13,2.0,2
group040,3,61,6,H,"diamond head, body, no visible feet, but bottom goes to right",11,2.0,2
group040,3,61,6,H,no arms,2,2.0,2
group040,3,62,6,G,karate,1,2.0,2
group040,3,63,6,F,sad,1,2.0,2
group040,3,64,6,I,ice,1,2.0,2
group040,3,65,6,J,"square body, feet and arm facing right, diamond head",9,2.0,2
group040,3,66,6,L,"kneeling to right, arm to right. No feet",8,1.0,2
group040,3,66,6,L,diamond head,2,1.0,2
group040,3,67,6,E,bunny,1,1.0,2
group040,3,68,6,A,monster,1,1.0,2
group040,3,69,6,C,ghost,1,2.0,2
group040,3,70,6,D,"praying/reading book to left, diamond head, feet to left",9,2.0,2
group040,3,71,6,K,"Praying/kneeling diamond head, feet to left",6,2.0,2
group041,3,0,1,C,it looks like a person is slipping and falling with both their hands in the air,16,2.0,2
group041,3,0,1,C,both hands on either side,5,2.0,2
group041,3,1,1,E,"it looks like a person sitting against a wall, facing to the right",13,1.0,2
group041,3,2,1,J,this one has a mostly block-y body and a sole diamond shaped head,13,1.0,2
group041,3,3,1,A,"looks like a zombie walking toward the left of the computer screen. hands up and to the left, head tilted back",21,1.0,2
group041,3,3,1,A,one foot lifted,3,1.0,2
group041,3,4,1,K,this looks like a person kneeling but facing to the right. knees down on the floor and feet up,19,2.0,2
group041,3,5,1,F,this looks like a person sitting on the floor facing the left with their knees up and feet on the floor to the left,24,1.0,2
group041,3,5,1,F,kept in with knees up,5,1.0,2
group041,3,6,1,G,this shape has the square at the top left. the square is NOT tilted into a diamond shape like most others,21,2.0,2
group041,3,6,1,G,the triangle is attached at the bottom right,8,2.0,2
group041,3,7,1,I,"this one looks like a person standing facing to the left, kicking out their back foot facing to the right",20,2.0,2
group041,3,8,1,D,"this is a more basic shape with a diamond at the top, a point coming out to the left and another point coming out at the base to the left",30,1.0,2
group041,3,9,1,B,this one has a small triangle at the bottom left and another bigger triangle coming off at the top right right behind the diamond,24,1.0,2
group041,3,10,1,H,"another very basic shape. diamond at the top and the ""body"" shape doesn't really have any points extending from it other than a small triangle extending pointing to the bottom right",31,2.0,2
group041,3,11,1,L,"this one looks a little like a person facing toward the right, with knees slightly bent to the right, with maybe hands made of a triangle that point to the right",31,2.0,2
group041,3,11,1,L,feet flat on the floor,5,2.0,2
group041,3,12,2,D,"person facing left, block sticking out the middle",8,2.0,2
group041,3,12,2,D,both feet on floor slightly pointing left,7,2.0,2
group041,3,13,2,I,looks like someone ice skating or something,7,2.0,2
group041,3,14,2,J,"square block, one slight point out top right",8,2.0,2
group041,3,15,2,G,someone sat both arms outstretched behind them,7,2.0,2
group041,3,15,2,G,like two small triangles,4,2.0,2
group041,3,16,2,H,"squarish block, different to the other one",7,2.0,2
group041,3,17,2,A,"stood on one leg, square head on the top right",10,2.0,2
group041,3,18,2,K,"looks like someone kneeling down, there's a pointy up bit at the back",13,2.0,2
group041,3,19,2,F,"person facing left, leaning back knees up",7,2.0,2
group041,3,20,2,L,"person kneeling, flat footed",4,1.0,2
group041,3,22,2,B,looks like an angel this one,6,2.0,2
group041,3,22,2,B,one arm out either side and kneeling,7,2.0,2
group041,3,22,2,B,two triangle wings,3,2.0,2
group041,3,22,2,B,"sorta , kneeling right",4,2.0,2
group041,3,23,2,C,falling person arms either side,5,2.0,2
group041,3,24,3,F,"facing left, sitting against wall, kneef off the ground",9,2.0,2
group041,3,25,3,H,"diamond head, square body with 3 corners cut off, bottom right corner is extended",14,2.0,2
group041,3,26,3,K,"person kneeling, facing right, extra triangle on back",8,2.0,2
group041,3,27,3,B,"angle from a  couple rounds ago, wide base , with central body and a triangle either side of head",19,2.0,2
group041,3,27,3,B,"triangle on bottom left, is skewed up a bit",9,2.0,2
group041,3,28,3,G,"body like a Y that fell to the right, head on the left (flat-ish head not a diamond)",18,2.0,2
group041,3,29,3,E,the one with bunny ears,5,2.0,2
group041,3,30,3,A,"person facing left, with both arms up, and one leg up",11,2.0,2
group041,3,30,3,A,(zombie from round 1),4,2.0,2
group041,3,31,3,I,"person facing left, with both arms out (but separate) and one leg sticking out to the right",17,2.0,2
group041,3,32,3,L,"person facing right, knees bent",5,2.0,2
group041,3,33,3,D,"person facing left straight body, arms out to the left",10,2.0,2
group041,3,33,3,D,little foot sticking out to the left as well,9,2.0,2
group041,3,34,3,J,"diamond head, block body notch taken out of bottom right and added to top right of body",17,2.0,2
group041,3,35,3,C,person with both arms up above either side of head,10,2.0,2
group041,3,36,4,J,block body with notch taken out of lower right,9,2.0,2
group041,3,37,4,K,person kneeling facing right with feet sticking up,8,2.0,2
group041,3,38,4,G,"person with the fallen ""Y"" body, arms out behind their body",11,1.0,2
group041,3,39,4,B,the angel,2,2.0,2
group041,3,40,4,H,basic body with tiny triangle at bottom right,8,2.0,2
group041,3,41,4,E,bunny ears! (genius),3,2.0,2
group041,3,42,4,C,falling man with arms up,5,2.0,2
group041,3,43,4,F,sitting facing left with knees up,6,2.0,2
group041,3,44,4,A,zombie,1,2.0,2
group041,3,45,4,D,this is the basic body facing left with arms left and tiny feet facing left,15,2.0,2
group041,3,46,4,I,ice skater,2,2.0,2
group041,3,47,4,L,kneeling facing right with knees right,6,2.0,2
group041,3,48,5,H,block with pointy bottom right,5,2.0,2
group041,3,49,5,L,"person kneeling to right, flat footed",6,1.0,2
group041,3,50,5,E,now it's bunny ears,4,2.0,2
group041,3,52,5,C,"person falling, arms either side",5,2.0,2
group041,3,53,5,G,Y,1,2.0,2
group041,3,54,5,K,"person kneeling, pointy up back feet",6,2.0,2
group041,3,55,5,B,weird angel,2,1.0,2
group041,3,56,5,D,"person facing left, block middle, pointy foot towards left",9,2.0,2
group041,3,57,5,F,"sat facing left, knees up",5,2.0,2
group041,3,58,5,I,"wooo, ice skater",3,2.0,2
group041,3,59,5,A,zombie,1,2.0,2
group041,3,60,6,J,"normal, block missing bit at bottom right extra bit top right",11,2.0,2
group041,3,61,6,A,zombie,1,2.0,2
group041,3,62,6,D,"monk facing left, arms out together",6,1.0,2
group041,3,63,6,E,"bunny, so I have an exam tomorrow can you two wish me luck?",13,2.0,2
group041,3,64,6,F,"sat, facing left knees up",5,2.0,2
group041,3,65,6,L,facing right knees bent,4,2.0,2
group041,3,66,6,H,normal body with extra bit at bottom right (3 corners cut off),12,2.0,2
group041,3,67,6,K,"kneeling facing right, with foot up at back",8,2.0,2
group041,3,68,6,I,ice skater (not zombie),4,2.0,2
group041,3,69,6,G,Y that feel to the right,6,2.0,2
group041,3,70,6,C,other y shape,3,2.0,2
group042,3,0,1,K,right angle triangle in the bottom left corner,8,0.0,2
group042,3,0,1,K,triangled shaped cutout on the right,6,0.0,2
group042,3,0,1,K,like a man sat on a chair,7,0.0,2
group042,3,1,1,G,the head is to the left,6,2.0,2
group042,3,1,1,G,quite wide,2,2.0,2
group042,3,1,1,G,a small triangle sticking out on the bottom right,9,2.0,2
group042,3,1,1,G,like a person doing a lunge,6,2.0,2
group042,3,2,1,L,looks like a person bending their knees,7,2.0,2
group042,3,2,1,L,stood with knees bent,4,2.0,2
group042,3,2,1,L,centre,1,2.0,2
group042,3,2,1,L,right,1,2.0,2
group042,3,2,1,L,knees bent to the right,5,2.0,2
group042,3,2,1,L,no back legs not up,5,2.0,2
group042,3,3,1,J,body is completely square on the left,7,2.0,2
group042,3,3,1,J,head in the centre,4,2.0,2
group042,3,3,1,J,top are left of body are straight lines,8,2.0,2
group042,3,3,1,J,make a right angle,4,2.0,2
group042,3,3,1,J,then right side is zig zag,6,2.0,2
group042,3,4,1,H,feet pointing right,3,2.0,2
group042,3,4,1,H,can't see arms,3,2.0,2
group042,3,4,1,H,"just head, body and feet",5,2.0,2
group042,3,4,1,H,like a house shape,4,2.0,2
group042,3,4,1,H,and then a shape on the bottom for feet,9,2.0,2
group042,3,4,1,H,and diamond head,3,2.0,2
group042,3,5,1,D,like a person facing left holding a book,8,2.0,2
group042,3,6,1,E,two triangles on the head,5,2.0,2
group042,3,6,1,E,right angled triangle for a body,6,2.0,2
group042,3,7,1,B,like somebody kneeling on the floor,6,1.0,2
group042,3,7,1,B,with a triangle coming from their mouth maybe,8,1.0,2
group042,3,7,1,B,or with both arms outs to the sides,8,1.0,2
group042,3,8,1,A,like someone dancing,3,1.0,2
group042,3,8,1,A,with one foot on the ground and one up a little,11,1.0,2
group042,3,8,1,A,facing left,2,1.0,2
group042,3,8,1,A,like a head yes,4,1.0,2
group042,3,8,1,A,like they are kind of leaning back,7,1.0,2
group042,3,8,1,A,foot sticking out a little to the left,8,1.0,2
group042,3,9,1,F,someone sat on the floor,5,2.0,2
group042,3,9,1,F,facing left with head down,5,2.0,2
group042,3,9,1,F,knees in front of them,5,2.0,2
group042,3,10,1,I,like someone ice skating with one leg up,8,2.0,2
group042,3,10,1,I,facing left,2,2.0,2
group042,3,10,1,I,both arms pointing left,4,2.0,2
group042,3,11,1,C,both arms up in the arm,6,2.0,2
group042,3,11,1,C,no legs,2,2.0,2
group042,3,11,1,C,head between arms,3,2.0,2
group042,3,12,2,E,Like an Indian taking a nap. Two feathers on his head,11,1.0,2
group042,3,13,2,I,Like an ice skater,4,2.0,2
group042,3,14,2,A,Like a man facing left marching with a flag over his shoulder,12,2.0,2
group042,3,14,2,A,Face is pointy looking down,5,2.0,2
group042,3,15,2,C,The one that looked like a ghost,7,2.0,2
group042,3,16,2,H,Man sitting on knees facing right.,6,2.0,2
group042,3,16,2,H,No arms,2,2.0,2
group042,3,17,2,G,Women in long dress facing right dancing the tango,9,2.0,2
group042,3,18,2,D,Man facing left,3,2.0,2
group042,3,18,2,D,Could be holding a book,5,2.0,2
group042,3,19,2,B,Angel kneeling facing left,4,0.0,2
group042,3,19,2,B,triangle on right back is angel wings,7,0.0,2
group042,3,19,2,B,looking up,2,0.0,2
group042,3,19,2,B,Arms look praying to the left,6,0.0,2
group042,3,20,2,L,Man sitting on chair facing right,6,2.0,2
group042,3,20,2,L,chair is a parallelogram,4,2.0,2
group042,3,20,2,L,arms facing right,3,2.0,2
group042,3,21,2,J,the candle,2,2.0,2
group042,3,22,2,F,Person sitting down facing left,5,2.0,2
group042,3,22,2,F,you can see his knee,5,2.0,2
group042,3,23,2,K,Person facing right sitting on triangle,6,2.0,2
group042,3,23,2,K,Looks like a choir boy singing to me.,8,2.0,2
group042,3,24,3,F,sitting to the left knees up,6,2.0,2
group042,3,25,3,C,ghost,1,2.0,2
group042,3,26,3,K,sitting on a triangle facing right,6,2.0,2
group042,3,27,3,G,long dress tango,3,2.0,2
group042,3,28,3,I,ice skater,2,1.0,2
group042,3,29,3,D,reading a book facing left,5,1.0,2
group042,3,30,3,L,choir boy sat on parallelogram,5,2.0,2
group042,3,31,3,B,kneeling down both arms out,5,2.0,2
group042,3,31,3,B,like an ninger,3,2.0,2
group042,3,31,3,B,right,1,2.0,2
group042,3,31,3,B,could have angel wings,4,2.0,2
group042,3,32,3,J,candle,1,1.0,2
group042,3,33,3,A,looking to the left one leg up pointy face,9,2.0,2
group042,3,34,3,E,indian,1,1.0,2
group042,3,35,3,H,grave stone,2,2.0,2
group042,3,36,4,I,ice skater,2,2.0,2
group042,3,37,4,A,man marching with flag over shoulder,6,2.0,2
group042,3,38,4,K,choir boy sat on a right angled triangle,8,2.0,2
group042,3,39,4,J,candle,1,2.0,2
group042,3,40,4,C,ghost,1,2.0,2
group042,3,41,4,F,man sat on floor with knees up,7,2.0,2
group042,3,41,4,F,facing left,2,2.0,2
group042,3,42,4,E,indian,1,2.0,2
group042,3,43,4,G,tango,1,1.0,2
group042,3,44,4,H,grave stone,2,2.0,2
group042,3,45,4,D,man reading book,3,2.0,2
group042,3,45,4,D,facing left,2,2.0,2
group042,3,46,4,B,person kneeling with arms out,5,2.0,2
group042,3,46,4,B,angle,1,2.0,2
group042,3,46,4,B,angel,1,2.0,2
group042,3,47,4,L,choir boy sat on parallelogram,5,2.0,2
group042,3,48,5,K,Man facing right sitting on triangle,6,2.0,2
group042,3,49,5,D,Man reading book standing facing left,6,2.0,2
group042,3,50,5,F,Man with knee up facing left,6,2.0,2
group042,3,51,5,C,ghost,1,2.0,2
group042,3,52,5,J,candle,1,2.0,2
group042,3,53,5,I,ice skater,2,2.0,2
group042,3,54,5,A,marching man with flag over shoulder,6,2.0,2
group042,3,55,5,H,grave stone,2,2.0,2
group042,3,56,5,B,angel,1,2.0,2
group042,3,57,5,L,man on parallelogram,3,1.0,2
group042,3,58,5,G,tango dancer,2,2.0,2
group042,3,59,5,E,indian,1,2.0,2
group042,3,60,6,I,ice skater,2,1.0,2
group042,3,61,6,L,on parallelogram,2,2.0,2
group042,3,62,6,D,book reader facing left,4,2.0,2
group042,3,63,6,B,angel,1,2.0,2
group042,3,64,6,J,candle,1,2.0,2
group042,3,65,6,K,on triangle,2,1.0,2
group042,3,66,6,E,indian,1,2.0,2
group042,3,67,6,C,ghost,1,2.0,2
group042,3,68,6,A,flag bearer,2,1.0,2
group042,3,69,6,H,grave stone,2,1.0,2
group042,3,70,6,G,tango dancer,2,2.0,2
group042,3,71,6,F,sitting knees up,3,2.0,2
group043,3,0,1,K,The picture has an upright diamond head and looks a bit like pacman eating to the right,17,2.0,2
group043,3,0,1,K,To the left is also a small slope,8,2.0,2
group043,3,0,1,K,"A bit, but with a larger base, not the one with the smaller",13,2.0,2
group043,3,0,1,K,It looks like they are kneeling,6,2.0,2
group043,3,0,1,K,The diamond head is sticking upright,6,2.0,2
group043,3,1,1,B,The picture looks as if a box and a triangle are falling off a cliff,15,2.0,2
group043,3,1,1,B,The box is to the right and the tip of the triangle is touching it,15,2.0,2
group043,3,1,1,B,It can also look like a dog with a snout facing left and wearing a bowtie,16,2.0,2
group043,3,1,1,B,"Yes, there is a small triangle on the bottom left that is attached to the base",16,2.0,2
group043,3,2,1,J,This is the thickest picture among the others. There is an upright diamond head atop a large base,18,2.0,2
group043,3,2,1,J,There is a point out near the top,8,2.0,2
group043,3,2,1,J,It almost looks like someone with a raised arm under a cape or cloak,14,2.0,2
group043,3,2,1,J,It is thicker at the top,6,2.0,2
group043,3,2,1,J,and kind of juts in at the bottom,8,2.0,2
group043,3,2,1,J,To the right,3,2.0,2
group043,3,3,1,E,This looks like a bunny sitting down with chin tucked into the chest,13,2.0,2
group043,3,3,1,E,Looking to the right,4,2.0,2
group043,3,3,1,E,The 'body' is basically a triangle,6,2.0,2
group043,3,4,1,D,This looks like a priest looking left with an upright diamond head,12,2.0,2
group043,3,4,1,D,The mid torso part looks like a slightly raised arm to the left,13,2.0,2
group043,3,4,1,D,and it forms a box like shape,7,2.0,2
group043,3,4,1,D,The 'back' that is on the right is perfectly straight,10,2.0,2
group043,3,5,1,H,This has an upright diamond head and the body is all in one piece (ie no sticking out arms or legs),21,2.0,2
group043,3,5,1,H,The lower part twists a bit to the right,9,2.0,2
group043,3,5,1,H,Almost like a floating ghost,5,2.0,2
group043,3,5,1,H,Yes a bit but stretched out,6,2.0,2
group043,3,6,1,A,This has two 'legs' on the bottom that look just like shoes. One leg is kicking out to the left,20,2.0,2
group043,3,6,1,A,There is a diamond or falling box on the back,10,2.0,2
group043,3,7,1,I,This looks like a figure skater with one leg on the ground and the other raised up and pointing to the right,22,2.0,2
group043,3,7,1,I,The diamond head is atop what looks like 2 wings (or a jaw),13,2.0,2
group043,3,7,1,I,Yes 2 peaks or points,5,2.0,2
group043,3,7,1,I,to the left,3,2.0,2
group043,3,8,1,G,This looks like someone dragging themselves on the ground. The diamond head is on the left,16,2.0,2
group043,3,8,1,G,and the right has 2 diamond hands,7,2.0,2
group043,3,8,1,G,The diamond is to the left on the top,9,2.0,2
group043,3,9,1,F,This looks like a sad person sitting with diamond head looking down to the left,15,2.0,2
group043,3,9,1,F,It does not look like there are any hands,9,2.0,2
group043,3,9,1,F,"Yes, knees bent and looking left",6,2.0,2
group043,3,10,1,C,This looks like someone raising their hands with the diamond head between them,13,2.0,2
group043,3,10,1,C,There is just the torso (a square) and no legs,10,2.0,2
group043,3,10,1,C,The diamond head is to the left,7,2.0,2
group043,3,11,1,L,This looks like someone with a skirt kneeling down and holding a flat tray,14,0.0,2
group043,3,11,1,L,Looking to the right,4,0.0,2
group043,3,11,1,L,Diamond head straight up,4,0.0,2
group043,3,11,1,L,The bottom half looks like a zig zag with knees slightly bent,12,0.0,2
group043,3,12,2,D,this looks like a person standing up with upright diamond head and arms and feet out to the left,19,1.0,2
group043,3,12,2,D,right side is almost completely straight,6,1.0,2
group043,3,12,2,D,looks like hands poking out of a robe sleeve,9,1.0,2
group043,3,13,2,A,"this looks like a person with one leg kicked up to the left and one leg on the ground, and a diamond head leaning back to the right",28,1.0,2
group043,3,14,2,E,this looks like a bunny rabbit sitting down and looking to the right,13,2.0,2
group043,3,14,2,E,there are two triangles on top of a diamond head,10,2.0,2
group043,3,15,2,F,this looks like a person sitting with knees bent and looking to the left,14,2.0,2
group043,3,16,2,C,this looks like someone with their arms raised and leaning to the left,13,2.0,2
group043,3,16,2,C,no legs or feet,4,2.0,2
group043,3,17,2,L,"this looks like someone looking to the right, crouching down a bit. the diamond head is straight up",18,2.0,2
group043,3,17,2,L,there are two points to the right,7,2.0,2
group043,3,17,2,L,they are crouching not kneeling,5,2.0,2
group043,3,17,2,L,looks kind of like the pacman,6,2.0,2
group043,3,17,2,L,back is straight,3,2.0,2
group043,3,18,2,H,this looks like the most compact shape with a diamond head straight up,13,1.0,2
group043,3,18,2,H,there's a small triangle on the bottom right,8,1.0,2
group043,3,18,2,H,main shape looks like hexagon,5,1.0,2
group043,3,18,2,H,"no arms, there something sticking out on bottom right",9,1.0,2
group043,3,19,2,G,this looks like the person dragging themselves with two triangle hands off to the right and the diamond head leaning back to the left,24,1.0,2
group043,3,20,2,J,"this looks like someone standing straight up with one arm out to the right, diamond head straight up",18,2.0,2
group043,3,20,2,J,straight edge on the left,5,2.0,2
group043,3,20,2,J,small triangle jutting out at the bottom right,8,2.0,2
group043,3,20,2,J,"yes kind of, looks like feet pointing to the right",10,2.0,2
group043,3,21,2,K,"looks like someone kneeling and looking to the right, diamond head straight up",13,2.0,2
group043,3,21,2,K,and holding arms out in front of them,8,2.0,2
group043,3,21,2,K,"has the pacman shape facing right, person kneeling not crouching",10,2.0,2
group043,3,21,2,K,it looks like there's legs coming out the bottom left,10,2.0,2
group043,3,22,2,B,this has a diamond and a triangle touching each other on the top right,14,2.0,2
group043,3,22,2,B,they are connected to the main shape by a small point,11,2.0,2
group043,3,22,2,B,there's a small triangle on the bottom left,8,2.0,2
group043,3,23,2,I,this looks like the figure skater with one leg sticking out behind them,13,2.0,2
group043,3,23,2,I,two arms in front,4,2.0,2
group043,3,24,3,F,sitting down facing left with legs bent and diamond head tilted to the left,14,2.0,2
group043,3,25,3,A,diamond head on slope to the right and one leg standing straight and the other lifted up to the left,20,2.0,2
group043,3,26,3,B,"diamond and triangle touching each other, triangle falling down c",10,2.0,2
group043,3,27,3,L,"crouching to the right not kneeling, with arms out and diamond head straight up",14,2.0,2
group043,3,28,3,H,"diamond head straight up, no arms, looks like hexagon with triangle at bottom right",14,2.0,2
group043,3,29,3,K,"diamond head straight, kneeling down with arms out and pointed triangle to left below neck",15,1.0,2
group043,3,29,3,K,arms out to right,4,1.0,2
group043,3,30,3,G,"diamond falling down slope on the left, and slanted rectangle on bottom",12,2.0,2
group043,3,30,3,G,lower triangle facing down on right,6,2.0,2
group043,3,31,3,E,looks light bunny sitting with head to the right,9,2.0,2
group043,3,31,3,E,right,1,2.0,2
group043,3,32,3,C,arms up in air leaning to left,7,1.0,2
group043,3,33,3,J,diamond straight up in middle of platform,7,2.0,2
group043,3,33,3,J,base thinner than top,4,2.0,2
group043,3,34,3,I,figure skater facing to the left,6,2.0,2
group043,3,35,3,D,pope with arms out in one block facing to the left and straight back,14,2.0,2
group043,3,35,3,D,standing,1,2.0,2
group043,3,36,4,G,Person dragging themselves with 2 triangle hands to the right. Diamond head falling to the left,16,2.0,2
group043,3,37,4,D,"Pope looking left, straight back",5,2.0,2
group043,3,38,4,E,Bunny sitting looking to right,5,2.0,2
group043,3,39,4,B,Like a mouse or dog with bow of diamond and triangle touching together. Looking to the left,17,2.0,2
group043,3,40,4,L,Crouching (not kneeling on floor) looking to the right with hand out. Mid back is straight.,16,2.0,2
group043,3,41,4,J,"Straight back to the left, up diamond head, pointing to the right. Top is wider than the bottom base",19,2.0,2
group043,3,42,4,A,"Person kicking with one leg up to the left, the other on the ground. Diamond falling to the right",19,2.0,2
group043,3,43,4,H,No arms or legs. Hexagon body veers to the right. Diamond head. looks like floating ghost,16,2.0,2
group043,3,44,4,I,"The figure skater with leg out to the right, the other on the ground/ice. 2 arms to the left",19,2.0,2
group043,3,45,4,C,"Arms raised, diamond head, no legs, leaning left",8,2.0,2
group043,3,46,4,K,"Kneeling on ground (not crouching), looking to the right. Looks like feet go up. Not a straight line on the back",21,2.0,2
group043,3,47,4,F,Sad person sitting and looking down to the left. Knees are up,12,2.0,2
group043,3,48,5,G,"person dragging themselves, two triangle hands to the right",9,2.0,2
group043,3,49,5,A,"person with one leg kicking up to the left, head tilted back to the right",15,2.0,2
group043,3,50,5,H,"hexagon body, diamond head straight up, small triangle on bottom right",11,2.0,2
group043,3,51,5,I,the figure skater with leg behind them to the right,10,2.0,2
group043,3,52,5,E,"bunny sitting, facing right",4,2.0,2
group043,3,53,5,C,"both arms up, leaning to the left, no legs",9,2.0,2
group043,3,54,5,K,person kneeling (not crouching) and facing right,7,2.0,2
group043,3,55,5,J,person standing straight up (left side has straight edge) and an arm out to the right,16,2.0,2
group043,3,56,5,L,person crouching (not kneeling) and facing right,7,2.0,2
group043,3,57,5,F,"sad person sitting with legs bent, facing left",8,1.0,2
group043,3,58,5,B,dog facing left (diamond and triangle on upper right),9,2.0,2
group043,3,59,5,D,pope facing left with arms out in front (straight edge on the right),13,2.0,2
group043,3,60,6,B,"dog facing left, triangle falling",5,2.0,2
group043,3,61,6,A,"one leg straight, other lifted up to right. diamond falling to right",12,2.0,2
group043,3,62,6,D,"pope facing left, straight back",5,2.0,2
group043,3,63,6,L,crouching not kneeling facing right,5,2.0,2
group043,3,64,6,I,figure skater facing left,4,2.0,2
group043,3,65,6,C,arms up leaning to left,5,2.0,2
group043,3,66,6,J,"straight diamond in middle of platform, wider at top than base",11,2.0,2
group043,3,67,6,F,person sitting facing left with legs bent,7,2.0,2
group043,3,67,6,F,bent,1,2.0,2
group043,3,68,6,E,bunny facing right,3,2.0,2
group043,3,69,6,K,kneeling not crouching arms out to right,7,2.0,2
group043,3,70,6,H,hexagon no arms triangle on bottom right,7,2.0,2
group043,3,71,6,G,"diamond falling off slope to left, slanted rectangle on bottom left",11,2.0,2
group044,3,0,1,D,"It looks like a man with a straight back, facing left if that makes sense",15,2.0,2
group044,3,0,1,D,"His back, which is on the right hand side, is completely straight",12,2.0,2
group044,3,0,1,D,"He is holding a square box, with a tiny bit jutting off the top",14,2.0,2
group044,3,1,1,F,"It looks like the man sitting down, slumped against a wall, facing left",13,2.0,2
group044,3,2,1,G,It looks like the man is facing right,8,0.0,2
group044,3,2,1,G,"His back lean is leaned way back, and his arms are pushed forward",13,0.0,2
group044,3,2,1,G,He's sort of offering his arms upward,7,0.0,2
group044,3,2,1,G,"Yeah, almost like he's on his back knee on the ground",11,0.0,2
group044,3,2,1,G,His front (right) leg is forwards,6,0.0,2
group044,3,3,1,E,"He's sitting on the ground, facing right",7,2.0,2
group044,3,3,1,E,He's got two things sticking out of his head like bunny ears,12,2.0,2
group044,3,4,1,H,Bit of a harder one... he's just standing straight,9,2.0,2
group044,3,4,1,H,No visible legs,3,2.0,2
group044,3,4,1,H,His head seems to be facing forwards,7,2.0,2
group044,3,4,1,H,No just a diamond head,5,2.0,2
group044,3,4,1,H,No arms or legs,4,2.0,2
group044,3,4,1,H,Just a robe that's sort of blowing in the window at the bottom,13,2.0,2
group044,3,4,1,H,To the right hand side,5,2.0,2
group044,3,5,1,I,Ok he's doing a back leg kick,7,2.0,2
group044,3,5,1,I,Both arms are pushed forward,5,2.0,2
group044,3,5,1,I,Yep. He's facing left,4,2.0,2
group044,3,6,1,J,He's the widest dude,4,2.0,2
group044,3,6,1,J,"One visible arm, one visible leg",6,2.0,2
group044,3,6,1,J,Looks like he's a hitchhiker thumbing a ride,8,2.0,2
group044,3,6,1,J,Facing right,2,2.0,2
group044,3,6,1,J,Does that make sense?,4,2.0,2
group044,3,6,1,J,Both arm and leg to the right,7,2.0,2
group044,3,6,1,J,"Not even really a leg, just his foot sticking out of his body",13,2.0,2
group044,3,6,1,J,His head? It's just a regular diamond,7,2.0,2
group044,3,6,1,J,His body has a completely straight back,7,2.0,2
group044,3,6,1,J,On the left hand side,5,2.0,2
group044,3,7,1,A,"Ok he looks sort of like a man with a duck bill on his face, because it's pointy",18,2.0,2
group044,3,7,1,A,He's facing left,3,2.0,2
group044,3,7,1,A,"He has two legs, one of which is kicking forward",10,2.0,2
group044,3,7,1,A,He has a square on his back,7,2.0,2
group044,3,8,1,K,Looks like a guy praying or offering something in supplication,10,1.0,2
group044,3,8,1,K,Facing right,2,1.0,2
group044,3,8,1,K,Yep. Normal diamond head,4,1.0,2
group044,3,8,1,K,On his knees,3,1.0,2
group044,3,9,1,C,This is the ghost looking one that looks like it's falling,11,2.0,2
group044,3,9,1,C,Facing left,2,2.0,2
group044,3,9,1,C,Both arms raised in a spooky way,7,2.0,2
group044,3,9,1,C,No visible legs,3,2.0,2
group044,3,9,1,C,Two arms,2,2.0,2
group044,3,9,1,C,Left one more square,4,2.0,2
group044,3,9,1,C,Right one pointier,3,2.0,2
group044,3,10,1,L,It's the other praying one,5,2.0,2
group044,3,10,1,L,Facing right,2,2.0,2
group044,3,10,1,L,On his feet but knees bent,6,2.0,2
group044,3,11,1,B,Bit of a tricky one,5,1.0,2
group044,3,11,1,B,On the ground. Head normal diamond but has a triangle sticking out the back,14,1.0,2
group044,3,11,1,B,Looks like one arm and one foot visible,8,1.0,2
group044,3,11,1,B,The arm is sort of raised,6,1.0,2
group044,3,11,1,B,Sort of. I can't really tell what this one is doing,11,1.0,2
group044,3,12,2,F,Sitting facing left with legs out,6,2.0,2
group044,3,13,2,E,the bunny,2,2.0,2
group044,3,14,2,H,"facing us with no arms, angles to right at bottom",10,2.0,2
group044,3,15,2,K,the prayer,2,2.0,2
group044,3,15,2,K,feet sticking up on left,5,2.0,2
group044,3,15,2,K,on knees,2,2.0,2
group044,3,16,2,C,the faller,2,1.0,2
group044,3,16,2,C,"one arm right, one arm left",6,1.0,2
group044,3,17,2,J,straight back guy with point on top right,8,2.0,2
group044,3,17,2,J,no...left side is straight all the way,7,2.0,2
group044,3,18,2,G,the other faller...both arms on right,6,1.0,2
group044,3,18,2,G,"the other ""ghost"" looking one",5,1.0,2
group044,3,18,2,G,looks like he is falling and has both arms on right,11,1.0,2
group044,3,18,2,G,square,1,1.0,2
group044,3,18,2,G,legs are on ground,4,1.0,2
group044,3,19,2,D,the standing prayer,3,1.0,2
group044,3,19,2,D,or guy reading a book,5,1.0,2
group044,3,19,2,D,standing,1,1.0,2
group044,3,20,2,A,the guy looks like holding a flag,7,2.0,2
group044,3,20,2,A,duckman?,1,2.0,2
group044,3,21,2,L,the other prayer crouching facing right,6,2.0,2
group044,3,21,2,L,one picked it 2 times ago incorrectly,7,2.0,2
group044,3,21,2,L,legs bent,2,2.0,2
group044,3,21,2,L,no feet,2,2.0,2
group044,3,22,2,I,the dancer,2,2.0,2
group044,3,23,2,B,both arms out like triangles facing right,7,1.0,2
group044,3,23,2,B,kneeling,1,1.0,2
group044,3,23,2,B,call him the god,4,1.0,2
group044,3,23,2,B,facing right,2,1.0,2
group044,3,23,2,B,one foot sticking out to the left,7,1.0,2
group044,3,23,2,B,looks like someone with arms outstretched,6,1.0,2
group044,3,23,2,B,little sliver of light coming thru between arms,8,1.0,2
group044,3,23,2,B,the god,2,1.0,2
group044,3,23,2,B,white strip between arms,4,1.0,2
group044,3,24,3,F,ON ground facing left.,4,2.0,2
group044,3,24,3,F,legs to the left,4,2.0,2
group044,3,24,3,F,one yeah,2,2.0,2
group044,3,25,3,K,On knees praying,3,2.0,2
group044,3,25,3,K,legs back to the left,5,2.0,2
group044,3,26,3,G,on ground two arms to the right,7,1.0,2
group044,3,26,3,G,kind of looks like one arm on the ground to the right,12,1.0,2
group044,3,27,3,D,The one facing left with a box,7,2.0,2
group044,3,28,3,A,Duckman with flag,3,2.0,2
group044,3,29,3,B,The one that is getting confused with the other faller,10,2.0,2
group044,3,29,3,B,almost dog like to me,5,2.0,2
group044,3,29,3,B,yeah. with small triangle to the bottom left,8,2.0,2
group044,3,30,3,H,Almost straight no arms. Bottom sweeps to the right,9,2.0,2
group044,3,31,3,E,Bunny ears facing right,4,2.0,2
group044,3,32,3,I,dancer kicking to the right. Arms to the left,9,2.0,2
group044,3,33,3,L,Standing but bent prayer. arms to the right,8,2.0,2
group044,3,34,3,J,Straight back on the left side. one foot and arm to the right,13,2.0,2
group044,3,35,3,C,Falling ghost one. One arm going each way,8,2.0,2
group044,3,36,4,D,holding a box,3,2.0,2
group044,3,36,4,D,facing left,2,2.0,2
group044,3,37,4,C,falling ghost!,2,1.0,2
group044,3,37,4,C,facing left,2,1.0,2
group044,3,38,4,J,the hitchhiker,2,1.0,2
group044,3,39,4,I,the dancer,2,1.0,2
group044,3,40,4,H,ho chi minh. no arms or legs visible,8,2.0,2
group044,3,41,4,B,the weird god one,4,2.0,2
group044,3,41,4,B,triangle arms,2,2.0,2
group044,3,42,4,E,bunny man,2,2.0,2
group044,3,43,4,K,the kneeling prayer,3,2.0,2
group044,3,43,4,K,facing right,2,2.0,2
group044,3,44,4,A,duckman with flag,3,1.0,2
group044,3,45,4,G,i think this is the other faller,7,2.0,2
group044,3,45,4,G,to me it looks like they're on their back knee,10,2.0,2
group044,3,46,4,F,slumped man,2,2.0,2
group044,3,46,4,F,"one leg visible, facing left",5,2.0,2
group044,3,46,4,F,"yep, sloucher",2,2.0,2
group044,3,47,4,L,the standing prayer. bent knees,5,2.0,2
group044,3,47,4,L,facing right,2,2.0,2
group044,3,48,5,J,the hitchhiker,2,2.0,2
group044,3,48,5,J,straight on left,3,2.0,2
group044,3,49,5,B,the god,2,2.0,2
group044,3,50,5,L,the crouching prayer,3,2.0,2
group044,3,51,5,G,the left faller,3,1.0,2
group044,3,51,5,G,arms to the right,4,1.0,2
group044,3,52,5,E,the bunny...i blew the last one,6,2.0,2
group044,3,53,5,F,the sloucher,2,2.0,2
group044,3,54,5,K,the kneeling prayer,3,2.0,2
group044,3,55,5,H,ho chi minh,3,2.0,2
group044,3,56,5,I,the dancer,2,2.0,2
group044,3,57,5,A,duckman,1,1.0,2
group044,3,58,5,C,"the man falling to the left, one arm left, one arm right",12,2.0,2
group044,3,59,5,D,the standing prayer (bookman),4,2.0,2
group044,3,59,5,D,facing left,2,2.0,2
group044,3,59,5,D,boxman,1,2.0,2
group044,3,60,6,H,Ho chi minh,3,2.0,2
group044,3,61,6,I,The dancer,2,2.0,2
group044,3,62,6,E,Bunny ears,2,2.0,2
group044,3,63,6,D,Boxman,1,2.0,2
group044,3,64,6,C,Falling to the left. Arms on each side,8,2.0,2
group044,3,65,6,K,Praying knees on ground,4,2.0,2
group044,3,66,6,F,Sloucher,1,2.0,2
group044,3,67,6,G,The other falling one. Both arms to the right,9,2.0,2
group044,3,68,6,A,Duckman with flag,3,1.0,2
group044,3,69,6,J,Straight backed arm to the right. I believe hitchhiker.,9,2.0,2
group044,3,70,6,B,The strange God one,4,2.0,2
group044,3,71,6,L,Crouching praying one? arm to the right,7,1.0,2
group045,3,0,1,H,No arms or legs showing,5,0.0,2
group045,3,0,1,H,Looks like its sat down,5,0.0,2
group045,3,1,1,J,Has a straight back which looks like a cloak draped. standing up,12,0.0,2
group045,3,2,1,D,"facing the left , looks like reading a book",9,2.0,2
group045,3,2,1,D,standing up,2,2.0,2
group045,3,3,1,C,looks like a ghost flying to the left,8,2.0,2
group045,3,3,1,C,flapping arms,2,2.0,2
group045,3,4,1,B,"Arms outstretched, facing the right - arms looks more triangular. Kneeling",11,0.0,2
group045,3,5,1,G,almost laying on the ground with one hand touching floor?,10,1.0,2
group045,3,5,1,G,looks like rabbit ears,4,1.0,2
group045,3,6,1,I,"balanced on one foot , other raised and pointing backwards. Leaning forward",12,2.0,2
group045,3,7,1,A,Standing on one foot. Other foot raised off ground. Back is straight . looks like a small square on back.,20,2.0,2
group045,3,8,1,F,Sat on floor (not kneeling). Legs bent. NOT rabbit ears,10,2.0,2
group045,3,8,1,F,Legs bent at knees whilst sat,6,2.0,2
group045,3,9,1,K,On knees. Feet stick up at back. Facing right. looks like holding out hands,14,2.0,2
group045,3,10,1,L,Bent knees but not kneeling. Facing right. Holding out hands again.,11,2.0,2
group045,3,11,1,E,"Rabbit ears, straight back",4,2.0,2
group045,3,12,2,B,kneeling down 1 foot to the left both arms out,10,1.0,2
group045,3,12,2,B,head straight,2,1.0,2
group045,3,13,2,L,kneeling 1 arm to the right back straight,8,1.0,2
group045,3,13,2,L,kneeling half way,3,1.0,2
group045,3,14,2,A,1 foot down 1 foot up to the left triangle on back,12,1.0,2
group045,3,14,2,A,no hands,2,1.0,2
group045,3,14,2,A,the only one with a square by its head,9,1.0,2
group045,3,15,2,C,looks like a ghost flying to the left arms out,10,2.0,2
group045,3,16,2,K,kneeling leg back to the left arm out to the right,11,2.0,2
group045,3,17,2,G,kneeling both arms out to the right head tilted to the left,12,1.0,2
group045,3,17,2,G,1 arm by his head 1 arm by his knees,10,1.0,2
group045,3,18,2,I,1 foot 2 arms to the left looks like he has a tail on the right,16,2.0,2
group045,3,19,2,E,looks sitting with 2 ears off the square head,9,2.0,2
group045,3,20,2,D,looks like he's reading a book on the left side standing straight back,13,2.0,2
group045,3,21,2,H,no hands no legs half standing triangle head,8,2.0,2
group045,3,21,2,H,straight back straight front,4,2.0,2
group045,3,22,2,J,1 foot pointed right 1 arm pointed right long flat top triangle head,13,2.0,2
group045,3,22,2,J,straight back,2,2.0,2
group045,3,23,2,F,sitting in a chair knees bent left head bent left,10,2.0,2
group045,3,24,3,E,"Facing right, sitting , bunny ears. looks like they're looking down",11,2.0,2
group045,3,25,3,J,"very box shaped, almost like they're squatting. facing right",9,1.0,2
group045,3,26,3,F,"looks like a person sitting in a chair close to the floor,  facing left, knees bent looking down.",18,1.0,2
group045,3,27,3,D,"looks like someone in a robe, facing left. Hands outstretched",10,1.0,2
group045,3,28,3,B,this one almost looks like a child begging for something.  facing left and looking up. there is a triangle on the back of the head,25,0.0,2
group045,3,29,3,H,Looks like a person in a bag with their head sticking out  or a candle,15,2.0,2
group045,3,30,3,L,"this one looks like a person facing right, still standing but legs bent   holding out their arms",17,2.0,2
group045,3,31,3,I,"this looks like a person dancing, or a ballerina. Facing left. one foot on the ground, the other raised to the right",22,2.0,2
group045,3,32,3,C,this looks like a ghost flying to the left,9,2.0,2
group045,3,33,3,K,"this one is a person kneeling with their feet sticking out in the back, facing right and arms outstretched",19,1.0,2
group045,3,34,3,A,"this one is facing left, one foot on the ground  one in the air also on the left.  Arms reaching up for something",23,2.0,2
group045,3,34,3,A,"the back is straight, then angles down to the foot that's on the ground,  head is angled",17,2.0,2
group045,3,35,3,G,this looks like someone laying on the ground with one arm behind them supporting them.  kind of bunny ears,19,1.0,2
group045,3,36,4,J,"straight back, facing right, cloaked, pointing right",7,1.0,2
group045,3,37,4,G,"Almost laying down, arms to right , spread apart, head tilted back",12,2.0,2
group045,3,38,4,A,Looks like it has a birds beak,7,2.0,2
group045,3,38,4,A,Hard to decide which way it's facing,7,2.0,2
group045,3,38,4,A,one leg on ground other raised,6,2.0,2
group045,3,39,4,C,a ghost,2,2.0,2
group045,3,40,4,H,no arms or legs showing,5,2.0,2
group045,3,40,4,H,like a candle,3,2.0,2
group045,3,41,4,B,"kneeled, facing right, arms out to sides and distinct triangles",10,2.0,2
group045,3,41,4,B,bowed head to right,4,2.0,2
group045,3,41,4,B,Triangular foot sticking out to left,6,2.0,2
group045,3,42,4,K,"Kneeled, to right, holding something, foot sticks up behind",9,2.0,2
group045,3,43,4,E,"Rabbit ears, straight back, straight bottom",6,2.0,2
group045,3,44,4,F,"Reading, facing left",3,1.0,2
group045,3,44,4,F,legs bent at knees,4,1.0,2
group045,3,45,4,D,"standing facing left, reading",4,2.0,2
group045,3,45,4,D,straight back,2,2.0,2
group045,3,46,4,I,ballerina,1,2.0,2
group045,3,47,4,L,crouching but not kneeling facing right,6,1.0,2
group045,3,47,4,L,reading,1,1.0,2
group045,3,48,5,K,leg left facing right reading,5,2.0,2
group045,3,48,5,K,kneeling,1,2.0,2
group045,3,49,5,A,1 foot down 1 foot up facing left looks like a bird head facing down,15,2.0,2
group045,3,49,5,A,triangle on back,3,2.0,2
group045,3,50,5,I,ballerina,1,2.0,2
group045,3,51,5,E,rabbit ears,2,2.0,2
group045,3,51,5,E,sitting down,2,2.0,2
group045,3,51,5,E,looking down to the right,5,2.0,2
group045,3,52,5,L,knees bent arm out to the right,7,2.0,2
group045,3,53,5,G,arms out to the right head tilted back to the left,11,2.0,2
group045,3,53,5,G,kneeling,1,2.0,2
group045,3,54,5,H,looks like a candle,4,2.0,2
group045,3,55,5,C,looks like a ghost,4,2.0,2
group045,3,56,5,F,sitting in a chair knees bent left head down to the left,12,2.0,2
group045,3,57,5,J,straight back 1 foot to the right 1 arm to the right long top triangle head,16,2.0,2
group045,3,58,5,B,kneeling 1 arm to the right 1 arm to the left,11,2.0,2
group045,3,58,5,B,1 foot to the left,5,2.0,2
group045,3,59,5,D,straight back looks like reading to the right,8,2.0,2
group045,3,59,5,D,reading to the left,4,2.0,2
group045,3,60,6,H,Looks like a candle,4,2.0,2
group045,3,61,6,D,"strait back, reading or holding something facing left",8,2.0,2
group045,3,62,6,C,looks like a ghost,4,1.0,2
group045,3,63,6,B,"both arms stretched out, looks like a foot sticking out at the bottom on the left side",17,1.0,2
group045,3,63,6,B,this ones a weird shape lol,6,1.0,2
group045,3,63,6,B,the head is tilted,4,1.0,2
group045,3,63,6,B,more kneeling i would say,5,1.0,2
group045,3,64,6,G,"legs spread,  almost laying down-ish",5,2.0,2
group045,3,64,6,G,head is tilted to the left,6,2.0,2
group045,3,65,6,E,"bunny ears,  strait back and bottom",6,2.0,2
group045,3,66,6,J,"strait back and top, looks like an arm pointing to the right,  very box shaped body",16,2.0,2
group045,3,67,6,L,"Legs bent but still standing, facing right with arms out",10,2.0,2
group045,3,68,6,F,looks like a person sitting in a chair reading,9,2.0,2
group045,3,69,6,A,"one leg on the ground, one in the air on the left side  head tilted",15,1.0,2
group045,3,70,6,K,"person kneeling, facing right with their arms out",8,1.0,2
group045,3,70,6,K,foot sticks out in the back,6,1.0,2
group045,3,71,6,I,ballerina,1,2.0,2
group046,3,0,1,I,this guy looks like he is falling forward.,8,2.0,2
group046,3,0,1,I,"hands out, one foot back",5,2.0,2
group046,3,1,1,J,this looks like a blocky shape more than a person.  with a diamond on top.  not the one that looks like a bean.,23,2.0,2
group046,3,2,1,G,"assuming the diamond is the head, this figure looks like they are falling backwards.  wearing a long wedding dress train.",20,2.0,2
group046,3,2,1,G,with one foot forward,4,2.0,2
group046,3,2,1,G,the head is tilted back,5,2.0,2
group046,3,2,1,G,could be both arms up,5,2.0,2
group046,3,2,1,G,there is like a triangle for the arm and a triangle for the foot,14,2.0,2
group046,3,3,1,F,this guy looks like he is sitting down.  against a wall.  head leaning forward like he's sad.,17,2.0,2
group046,3,3,1,F,back against the wall,4,2.0,2
group046,3,3,1,F,yes just a little.  looks like he is sitting on his hands.,12,2.0,2
group046,3,4,1,L,this guys is kind of crouching.  about to fall to his knees.  with arms out like he's receiving something.,19,2.0,2
group046,3,4,1,L,"both knees are bent, his hands are out, his back is flat",12,2.0,2
group046,3,5,1,B,"on his knees, head tilted down, back has a spike",10,2.0,2
group046,3,5,1,B,looks like he could be puking into a bowl that is a triangle,13,2.0,2
group046,3,6,1,K,"looks like he is begging for forgiveness.  on his knees.  hands out, head tilted up.  small triangle on the back .",21,1.0,2
group046,3,7,1,A,looks like the head is falling off.  backwards.  while he is walking and about to trip.,16,2.0,2
group046,3,7,1,A,"one foot is up, the other straight",7,2.0,2
group046,3,8,1,H,this one looks like a baby.  bean shape with a diamond on top for the head.,16,2.0,2
group046,3,9,1,E,"long dress train in the back, could be standing, there are two triangles for the head, square for torso",19,2.0,2
group046,3,9,1,E,"left.  almost looks like a wrench shape if you look at the black outlining the white. YES, bunny ears are better",21,2.0,2
group046,3,10,1,C,"this picture says ""meh, I don't care.""  the guy has his hands up, leaning to the left.  no legs or feet showing.",22,2.0,2
group046,3,11,1,D,this looks like a graduate receiving his diploma.  standing.  hands are out.  figure is facing left.,16,2.0,2
group046,3,11,1,D,"yes, his whole body is facing left.  could look like he is holding a bowl with a towel draped from his arm too.",23,2.0,2
group046,3,12,2,L,"It's the guy about to fall on his knees, kind of crouching. Back is flat.",15,2.0,2
group046,3,12,2,L,"Facing right, arm held out to receive something",8,2.0,2
group046,3,13,2,J,"Blocky guy, not bean, facing right with arm held out.",10,2.0,2
group046,3,13,2,J,Top and back are straight lines,6,2.0,2
group046,3,14,2,I,"Falling forward, or maybe a figure skater? Facing left, two arms held out, one foot pointing back",17,2.0,2
group046,3,15,2,F,"Well done!  It's the guy leaning against a wall, facing left, head tilted down, knees up",16,2.0,2
group046,3,16,2,E,"Bunny-eared guy leaning against wall, facing right, head slightly down.",10,2.0,2
group046,3,17,2,K,"Looks to me like a woman in a kimono, sitting on her knees, with her arms held out offering/receiving something.  She's facing right.",23,2.0,2
group046,3,17,2,K,Similar to the crouching guy,5,2.0,2
group046,3,18,2,H,"Bean baby, curving right!",4,2.0,2
group046,3,19,2,B,"Guy puking into triangle (lol).  On knees, spike on back? Head tilted to the right",15,2.0,2
group046,3,20,2,G,Woman in wedding dress with train falling backward. Arms and legs to the right,14,2.0,2
group046,3,21,2,D,"Receiving diploma, or maybe a monk holding out hands for offering. He's facing the left",15,2.0,2
group046,3,21,2,D,Straight body,2,2.0,2
group046,3,22,2,A,"Looks to me like he's winding up for a baseball pitch or something. Legs pointing left, one foot up, head racing right",22,2.0,2
group046,3,23,2,C,"""Meh, whatever"" - leaning to the left, arms up, no legs visible.",12,2.0,2
group046,3,24,3,L,"facing right crouching, arms out",5,2.0,2
group046,3,24,3,L,maybe on knees..,3,2.0,2
group046,3,25,3,E,bunny ears!,2,1.0,2
group046,3,26,3,F,"sitting, straight back, facing left,",5,2.0,2
group046,3,26,3,F,foot slightly lower,3,2.0,2
group046,3,27,3,B,eww the 'puke' one,4,2.0,2
group046,3,28,3,G,"wedding dress, falling back, arms out to right",8,2.0,2
group046,3,28,3,G,feet poking left,3,2.0,2
group046,3,29,3,D,"I think we described as monk, diploma, facing left with arms/hands out",12,2.0,2
group046,3,29,3,D,like a block,3,2.0,2
group046,3,30,3,A,baseball pitcher-like,2,2.0,2
group046,3,30,3,A,without a bat,3,2.0,2
group046,3,30,3,A,"feet left, one up",4,2.0,2
group046,3,31,3,I,ice skater,2,2.0,2
group046,3,31,3,I,left facing,2,2.0,2
group046,3,32,3,J,"erm, flat back, arm and leg right facing, can't remember how we described",13,2.0,2
group046,3,32,3,J,totally flat back to the floor,6,2.0,2
group046,3,33,3,C,meh dude,2,2.0,2
group046,3,34,3,H,bean baby!,2,2.0,2
group046,3,35,3,K,"kneeling, facing right arms to the right out",8,2.0,2
group046,3,35,3,K,almost like shoulder to the left,6,2.0,2
group046,3,36,4,D,"diploma guy, facing left",4,2.0,2
group046,3,37,4,E,bunny ears,2,2.0,2
group046,3,38,4,I,ice skater,2,2.0,2
group046,3,39,4,C,"""meh"" guy",2,2.0,2
group046,3,40,4,L,"crouching guy, hands out, facing right, flat back.  let's call him flat back guy.",14,2.0,2
group046,3,40,4,L,"n/m, there are more than one flat backs.",8,2.0,2
group046,3,41,4,K,"Kimono lady.  on knees, facing right, slight shoulder facing left.",10,2.0,2
group046,3,42,4,H,bean baby,2,2.0,2
group046,3,43,4,G,"wedding train, head back, body facing right, arms up, leg out",11,2.0,2
group046,3,44,4,B,puking into triangle,3,2.0,2
group046,3,45,4,A,pitcher.  facing left.  one foot up.,6,2.0,2
group046,3,46,4,F,"sad guy.  on floor, back against wall, head down, knees bent.",11,2.0,2
group046,3,47,4,J,blocky guy,2,2.0,2
group046,3,48,5,G,"Wedding dress, falling back",4,2.0,2
group046,3,49,5,D,Diploma guy/monk,2,2.0,2
group046,3,50,5,B,triangle puker lol,3,2.0,2
group046,3,51,5,A,Baseball pitcher,2,2.0,2
group046,3,52,5,C,"""Meh"" guy",2,1.0,2
group046,3,53,5,I,Figure skater,2,2.0,2
group046,3,54,5,J,Blocky guy,2,2.0,2
group046,3,55,5,K,"Kimono lady (on knees, facing right)",6,2.0,2
group046,3,56,5,L,"Crouching guy, flat back",4,2.0,2
group046,3,57,5,H,bean baby,2,2.0,2
group046,3,58,5,E,Bunny guy sitting against wall,5,2.0,2
group046,3,59,5,F,"Sad guy sitting against wall, facing left",7,2.0,2
group046,3,60,6,J,block guy,2,2.0,2
group046,3,61,6,I,ice skater,2,2.0,2
group046,3,62,6,H,bean baby!,2,2.0,2
group046,3,63,6,K,"komono (?) facing right, hand out",6,2.0,2
group046,3,64,6,D,"diploma guy, facing left, monk ..",6,2.0,2
group046,3,65,6,B,"yeah, puke dude",3,2.0,2
group046,3,66,6,F,"sad, sitting, flat back , left facing, knees bent",9,2.0,2
group046,3,67,6,L,crouching to the right,4,1.0,2
group046,3,68,6,C,meh guy,2,2.0,2
group046,3,69,6,A,baseball pitcher,2,2.0,2
group046,3,70,6,G,"wedding dress, falling,",3,2.0,2
group046,3,70,6,G,train to the left,4,2.0,2
group046,3,71,6,E,bunny ears!,2,1.0,2
group047,3,0,1,B,on their knees,3,2.0,2
group047,3,0,1,B,seems like a she and wearing a dress,8,2.0,2
group047,3,0,1,B,two directions,2,2.0,2
group047,3,0,1,B,like hands in two directions,5,2.0,2
group047,3,1,1,I,looks like standing on one leg,6,1.0,2
group047,3,1,1,I,hands pointing the same direction,5,1.0,2
group047,3,1,1,I,leaning forward,2,1.0,2
group047,3,2,1,A,standing on one leg,4,2.0,2
group047,3,2,1,A,head bending backwards,3,2.0,2
group047,3,2,1,A,yes one leg up,4,2.0,2
group047,3,2,1,A,one hand can be seen,5,2.0,2
group047,3,2,1,A,if that's a hand,4,2.0,2
group047,3,2,1,A,Repi  Forward,2,2.0,2
group047,3,3,1,F,looks like sitting position,4,0.0,2
group047,3,3,1,F,with both legs bend,4,0.0,2
group047,3,3,1,F,diamond,1,0.0,2
group047,3,3,1,F,do they look like a little person to you?,9,0.0,2
group047,3,3,1,F,diamond look a bit forward,5,0.0,2
group047,3,3,1,F,like bending forward,3,0.0,2
group047,3,4,1,H,diamond on top,3,1.0,2
group047,3,4,1,H,pointing up,2,1.0,2
group047,3,4,1,H,straight,1,1.0,2
group047,3,4,1,H,base looks like a square,5,1.0,2
group047,3,4,1,H,no hands or feet can be identify,7,1.0,2
group047,3,5,1,L,look like  legs are kneeling,5,1.0,2
group047,3,5,1,L,the diamond and figure straight,5,1.0,2
group047,3,5,1,L,looks like both hands pointing in the same direction,9,1.0,2
group047,3,5,1,L,knees are not on the ground,6,1.0,2
group047,3,5,1,L,right,1,1.0,2
group047,3,6,1,G,one leg on the ground like a triangle,8,0.0,2
group047,3,6,1,G,head leaning backwards,3,0.0,2
group047,3,6,1,G,no square on the back,5,0.0,2
group047,3,6,1,G,looks like an emoji dancing,5,0.0,2
group047,3,6,1,G,very slim torso,3,0.0,2
group047,3,6,1,G,head diamond and hands and leg opposite,7,0.0,2
group047,3,6,1,G,pointing opposite direction,3,0.0,2
group047,3,6,1,G,to the right,3,0.0,2
group047,3,7,1,K,looks like kneeling with knees on the ground,8,1.0,2
group047,3,7,1,K,diamond on top,3,1.0,2
group047,3,7,1,K,body straight,2,1.0,2
group047,3,7,1,K,hands to the right,4,1.0,2
group047,3,8,1,J,diamond on top,3,1.0,2
group047,3,8,1,J,looks like a big square with two little triangles pointing same direction,12,1.0,2
group047,3,8,1,J,like a little triangle for hands and a little triangle for legs,12,1.0,2
group047,3,8,1,J,pointing in the same direction,5,1.0,2
group047,3,9,1,C,looks like a figure flying,5,2.0,2
group047,3,9,1,C,or ready to fly,4,2.0,2
group047,3,9,1,C,diamond on top and two hands can be identify,9,2.0,2
group047,3,9,1,C,no legs,2,2.0,2
group047,3,9,1,C,diamond on top square,4,2.0,2
group047,3,9,1,C,and something like two hands,5,2.0,2
group047,3,9,1,C,hands raised and pointing in opposite direction,7,2.0,2
group047,3,10,1,E,no diamond on top,4,2.0,2
group047,3,10,1,E,looks like two triangles on top,6,2.0,2
group047,3,10,1,E,and then there is a diamond down,7,2.0,2
group047,3,10,1,E,a big triangle with a 90 angle to the left,10,2.0,2
group047,3,10,1,E,is on the ground or looks like the base of the figure,12,2.0,2
group047,3,11,1,D,diamond on top,3,2.0,2
group047,3,11,1,D,looks like a graduation figure,5,2.0,2
group047,3,11,1,D,like it is holding something,5,2.0,2
group047,3,11,1,D,yes pointing to the left,5,2.0,2
group047,3,11,1,D,a little triangle on the base,6,2.0,2
group047,3,11,1,D,yes straight,2,2.0,2
group047,3,12,2,A,square on back,3,2.0,2
group047,3,12,2,A,looking left,2,2.0,2
group047,3,13,2,H,diamond on top of a potato,6,2.0,2
group047,3,13,2,H,no arms or legs visible,5,2.0,2
group047,3,13,2,H,base is pointing to right,5,2.0,2
group047,3,14,2,I,balanced on one foot leaning to left,7,2.0,2
group047,3,14,2,I,diamond head,2,2.0,2
group047,3,14,2,I,"Yes, two hands  pointing to left",6,2.0,2
group047,3,15,2,G,Falling backwards to right both arms behind him,8,0.0,2
group047,3,15,2,G,head is square,3,0.0,2
group047,3,15,2,G,square on left,3,0.0,2
group047,3,15,2,G,triangle bottom right,3,0.0,2
group047,3,16,2,E,rabbit ears,2,2.0,2
group047,3,16,2,E,triangle for body,3,2.0,2
group047,3,16,2,E,looking right,2,2.0,2
group047,3,17,2,L,knees bent,2,2.0,2
group047,3,17,2,L,pointing right,2,2.0,2
group047,3,17,2,L,diamond head,2,2.0,2
group047,3,17,2,L,pointing right.,2,2.0,2
group047,3,17,2,L,No. bending knees,3,2.0,2
group047,3,18,2,K,diamond head,2,2.0,2
group047,3,18,2,K,pointing right,2,2.0,2
group047,3,18,2,K,on knees,2,2.0,2
group047,3,18,2,K,looks like wearing skirt,4,2.0,2
group047,3,18,2,K,top of back has triangle pointing left,7,2.0,2
group047,3,19,2,J,diamond head,2,0.0,2
group047,3,19,2,J,square figure,2,0.0,2
group047,3,19,2,J,pointing right,2,0.0,2
group047,3,19,2,J,hand and foot pointing right,5,0.0,2
group047,3,19,2,J,standing,1,0.0,2
group047,3,20,2,C,both hands raised,3,2.0,2
group047,3,20,2,C,falling to left,3,2.0,2
group047,3,20,2,C,no legs,2,2.0,2
group047,3,20,2,C,torso only,2,2.0,2
group047,3,20,2,C,diamond head,2,2.0,2
group047,3,20,2,C,yes. leaning to left,4,2.0,2
group047,3,21,2,F,on ground,2,2.0,2
group047,3,21,2,F,knees raised,2,2.0,2
group047,3,21,2,F,looking left,2,2.0,2
group047,3,21,2,F,square head,2,2.0,2
group047,3,22,2,B,on knees,2,1.0,2
group047,3,22,2,B,square head,2,1.0,2
group047,3,22,2,B,talking into loudspeaker,3,1.0,2
group047,3,22,2,B,pointing left,2,1.0,2
group047,3,22,2,B,facing right,2,1.0,2
group047,3,22,2,B,bulky figure,2,1.0,2
group047,3,22,2,B,square head leaning forward,4,1.0,2
group047,3,22,2,B,foot visible pointing left,4,1.0,2
group047,3,23,2,D,looks like a graduate,4,2.0,2
group047,3,23,2,D,standing,1,2.0,2
group047,3,23,2,D,pointing left,2,2.0,2
group047,3,23,2,D,straight,1,2.0,2
group047,3,24,3,H,diamond on head,3,2.0,2
group047,3,24,3,H,body straight,2,2.0,2
group047,3,24,3,H,no hands,2,2.0,2
group047,3,24,3,H,no leg,2,2.0,2
group047,3,25,3,C,both hands raised,3,2.0,2
group047,3,25,3,C,diamond head,2,2.0,2
group047,3,25,3,C,leaning backward,2,2.0,2
group047,3,25,3,C,no legs,2,2.0,2
group047,3,25,3,C,only torso,2,2.0,2
group047,3,26,3,A,one leg up,3,1.0,2
group047,3,26,3,A,square on back,3,1.0,2
group047,3,26,3,A,standing,1,1.0,2
group047,3,26,3,A,no hands,2,1.0,2
group047,3,26,3,A,one leg on ground,4,1.0,2
group047,3,26,3,A,head looking forward,3,1.0,2
group047,3,26,3,A,straight body,2,1.0,2
group047,3,26,3,A,one leg to raised to right side,7,1.0,2
group047,3,27,3,J,diamond on top,3,2.0,2
group047,3,27,3,J,straight bulky figure,3,2.0,2
group047,3,27,3,J,one hand towards right,4,2.0,2
group047,3,27,3,J,no legs. base pointing right side,6,2.0,2
group047,3,27,3,J,like triangle,2,2.0,2
group047,3,28,3,G,on floor,2,0.0,2
group047,3,28,3,G,two hands on right,4,0.0,2
group047,3,28,3,G,square towards left,3,0.0,2
group047,3,28,3,G,base straight. sitting position,4,0.0,2
group047,3,28,3,G,like L shape,3,0.0,2
group047,3,28,3,G,square on head,3,0.0,2
group047,3,28,3,G,left side,2,0.0,2
group047,3,28,3,G,2 triangle on right,4,0.0,2
group047,3,29,3,K,on right side,3,0.0,2
group047,3,29,3,K,straight figure,2,0.0,2
group047,3,29,3,K,base straight,2,0.0,2
group047,3,29,3,K,tone leg towards right,4,0.0,2
group047,3,29,3,K,standing,1,0.0,2
group047,3,29,3,K,one knee bent,3,0.0,2
group047,3,30,3,D,straight body,2,2.0,2
group047,3,30,3,D,figure like graduate,3,2.0,2
group047,3,30,3,D,to left,2,2.0,2
group047,3,31,3,E,sitting position,2,2.0,2
group047,3,31,3,E,head leaning right side,4,2.0,2
group047,3,31,3,E,on top 2 triangles,4,2.0,2
group047,3,32,3,I,figure like dancing,3,1.0,2
group047,3,32,3,I,left,1,1.0,2
group047,3,32,3,I,dancing or skating,3,1.0,2
group047,3,33,3,F,like old man sitting,4,2.0,2
group047,3,33,3,F,facing towards left,3,2.0,2
group047,3,33,3,F,no hands,2,2.0,2
group047,3,33,3,F,left,1,2.0,2
group047,3,34,3,L,diamond on top,3,1.0,2
group047,3,34,3,L,one knee bent,3,1.0,2
group047,3,34,3,L,right side,2,1.0,2
group047,3,34,3,L,hand towards right,3,1.0,2
group047,3,34,3,L,body straight,2,1.0,2
group047,3,35,3,B,bulky figure,2,1.0,2
group047,3,35,3,B,square on top,3,1.0,2
group047,3,35,3,B,no hands,2,1.0,2
group047,3,35,3,B,triangle on right,3,1.0,2
group047,3,35,3,B,no legs,2,1.0,2
group047,3,36,4,L,kneeling or standing?,3,1.0,2
group047,3,36,4,L,kneeling,1,1.0,2
group047,3,36,4,L,but not on ground,4,1.0,2
group047,3,36,4,L,hands to the right,4,1.0,2
group047,3,36,4,L,knees pointing right,3,1.0,2
group047,3,36,4,L,knees and hands pointing right,5,1.0,2
group047,3,36,4,L,diamond triangle,2,1.0,2
group047,3,36,4,L,diamond head,2,1.0,2
group047,3,37,4,I,dancing or skating figure,4,2.0,2
group047,3,37,4,I,one leg up,3,2.0,2
group047,3,38,4,H,no hands,2,1.0,2
group047,3,38,4,H,bulky figure,2,1.0,2
group047,3,38,4,H,square torso,2,1.0,2
group047,3,38,4,H,diamond head,2,1.0,2
group047,3,39,4,J,bulky figure,2,1.0,2
group047,3,39,4,J,with a tiny hand and foot pointing right,8,1.0,2
group047,3,39,4,J,like little triangles for hand and foot,7,1.0,2
group047,3,39,4,J,yes straight like rectangle back or left side,8,1.0,2
group047,3,40,4,D,graduate figure,2,2.0,2
group047,3,41,4,C,flying figure,2,1.0,2
group047,3,41,4,C,no legs,2,1.0,2
group047,3,42,4,B,diamond head,2,0.0,2
group047,3,42,4,B,two triangles for hands,4,0.0,2
group047,3,42,4,B,kneeling,1,0.0,2
group047,3,42,4,B,on ground,2,0.0,2
group047,3,42,4,B,looks like a woman,4,0.0,2
group047,3,42,4,B,looking right,2,0.0,2
group047,3,43,4,G,diamond head towards left,4,2.0,2
group047,3,43,4,G,one leg to the right and the other  looks like kneeling,11,2.0,2
group047,3,43,4,G,head back but looks like the body  is going to the right,12,2.0,2
group047,3,43,4,G,torso is a little rectangle,5,2.0,2
group047,3,43,4,G,looks like a big leg,5,2.0,2
group047,3,43,4,G,head leaning left,3,2.0,2
group047,3,44,4,A,standing figure,2,1.0,2
group047,3,44,4,A,one leg up pointing to the left,7,1.0,2
group047,3,44,4,A,hands to the left,4,1.0,2
group047,3,44,4,A,one leg up pointing left,5,1.0,2
group047,3,44,4,A,head  bending right,3,1.0,2
group047,3,44,4,A,hands look like just one bulky hand,7,1.0,2
group047,3,44,4,A,hand and legs pointing left,5,1.0,2
group047,3,44,4,A,head bending right,3,1.0,2
group047,3,45,4,F,figure like an old man in a sitting position,9,2.0,2
group047,3,46,4,K,hands look like just one pointing right,7,1.0,2
group047,3,46,4,K,kneeling on ground looks like a woman,7,1.0,2
group047,3,46,4,K,a little triangle for feet on the left,8,1.0,2
group047,3,46,4,K,kneeling on ground straight,4,1.0,2
group047,3,46,4,K,just one hand can be identify pointing right,8,1.0,2
group047,3,47,4,E,rabbit head,2,2.0,2
group047,3,47,4,E,big triangle as body,4,2.0,2
group047,3,48,5,I,skater,1,2.0,2
group047,3,48,5,I,dancer,1,2.0,2
group047,3,49,5,J,bulky,1,2.0,2
group047,3,49,5,J,straight on left,3,2.0,2
group047,3,49,5,J,looking right,2,2.0,2
group047,3,49,5,J,diamond head,2,2.0,2
group047,3,50,5,B,woman on knees head bent,5,2.0,2
group047,3,50,5,B,facing right,2,2.0,2
group047,3,50,5,B,speaking into loudspeaker,3,2.0,2
group047,3,50,5,B,square leaning forward,3,2.0,2
group047,3,50,5,B,triangle at top of back pointing left,7,2.0,2
group047,3,51,5,C,torso hands raised,3,2.0,2
group047,3,51,5,C,no legs,2,2.0,2
group047,3,52,5,E,rabbit ears,2,2.0,2
group047,3,52,5,E,triangle body,2,2.0,2
group047,3,52,5,E,facing right,2,2.0,2
group047,3,53,5,F,old man,2,2.0,2
group047,3,53,5,F,facing left,2,2.0,2
group047,3,54,5,L,diamond head,2,1.0,2
group047,3,54,5,L,knees bent,2,1.0,2
group047,3,54,5,L,looks like firing gun,4,1.0,2
group047,3,54,5,L,facing right,2,1.0,2
group047,3,54,5,L,pointing right,2,1.0,2
group047,3,55,5,D,graduate,1,2.0,2
group047,3,56,5,H,no arms or legs,4,2.0,2
group047,3,56,5,H,diamond head,2,2.0,2
group047,3,57,5,K,woman kneeling to right,4,2.0,2
group047,3,57,5,K,straight,1,2.0,2
group047,3,57,5,K,pointing right,2,2.0,2
group047,3,58,5,G,falling backwards to right,4,1.0,2
group047,3,58,5,G,straight base,2,1.0,2
group047,3,58,5,G,just a slanted rectangle leaning right,6,1.0,2
group047,3,58,5,G,has hand behind body trying to break fall,8,1.0,2
group047,3,58,5,G,"hands, that should be",4,1.0,2
group047,3,59,5,A,square on back,3,1.0,2
group047,3,59,5,A,looking right,2,1.0,2
group047,3,59,5,A,one leg raised,3,1.0,2
group047,3,60,6,G,square on left,3,0.0,2
group047,3,60,6,G,figure facing right,3,0.0,2
group047,3,60,6,G,straight base,2,0.0,2
group047,3,60,6,G,leg raised right side,4,0.0,2
group047,3,61,6,L,straight body,2,0.0,2
group047,3,61,6,L,diamond on head,3,0.0,2
group047,3,61,6,L,one hand right,3,0.0,2
group047,3,61,6,L,knee bent,2,0.0,2
group047,3,62,6,E,rabbit ears,2,2.0,2
group047,3,63,6,B,square and triangle on head,5,0.0,2
group047,3,63,6,B,facing left,2,0.0,2
group047,3,63,6,B,bulky,1,0.0,2
group047,3,63,6,B,facing left,2,0.0,2
group047,3,64,6,J,straight figure,2,0.0,2
group047,3,64,6,J,diamond on top,3,0.0,2
group047,3,64,6,J,facing right,2,0.0,2
group047,3,64,6,J,straight,1,0.0,2
group047,3,65,6,F,old man,2,2.0,2
group047,3,65,6,F,sitting,1,2.0,2
group047,3,66,6,C,both hands raised,3,2.0,2
group047,3,66,6,C,dancing. flying,2,2.0,2
group047,3,66,6,C,diamond head,2,2.0,2
group047,3,66,6,C,only torso,2,2.0,2
group047,3,67,6,D,graduate,1,2.0,2
group047,3,68,6,A,one leg raised to left,5,2.0,2
group047,3,68,6,A,one leg on ground,4,2.0,2
group047,3,68,6,A,square on back,3,2.0,2
group047,3,69,6,K,diamond on top,3,0.0,2
group047,3,69,6,K,straight figure,2,0.0,2
group047,3,69,6,K,hands on right,3,0.0,2
group047,3,69,6,K,base straight,2,0.0,2
group047,3,70,6,I,one leg up,3,2.0,2
group047,3,70,6,I,bending left side,3,2.0,2
group047,3,71,6,H,no hands no legs,4,2.0,2
group048,3,0,1,H,Meditation,1,2.0,2
group048,3,0,1,H,Without Movement Meditation,3,2.0,2
group048,3,0,1,H,No Hands,2,2.0,2
group048,3,1,1,F,No Hands,2,2.0,2
group048,3,1,1,F,"Exercise, legs down and head moving to legs",8,2.0,2
group048,3,1,1,F,Opposite of push up,4,2.0,2
group048,3,2,1,B,Happily Jumping,2,0.0,2
group048,3,2,1,B,Jumping in the air,4,0.0,2
group048,3,2,1,B,Jumping with hands out,4,0.0,2
group048,3,3,1,L,Begging with knees bent,4,2.0,2
group048,3,3,1,L,Hands showing begging with knees bent,6,2.0,2
group048,3,3,1,L,Knees bent,2,2.0,2
group048,3,3,1,L,Medium,1,2.0,2
group048,3,4,1,A,Goofing around,2,2.0,2
group048,3,4,1,A,Hands look joined together and are big,7,2.0,2
group048,3,4,1,A,One Leg up with hands in the air,8,2.0,2
group048,3,4,1,A,Hands are joined together,4,2.0,2
group048,3,4,1,A,Front,1,2.0,2
group048,3,4,1,A,Head bent back,3,2.0,2
group048,3,5,1,E,Bunny Ears,2,2.0,2
group048,3,5,1,E,Looks like a Rock Figure,5,2.0,2
group048,3,5,1,E,Bunny Ears with mountain body facing the right,8,2.0,2
group048,3,6,1,J,One hand is showing,4,1.0,2
group048,3,6,1,J,Right Hand,2,1.0,2
group048,3,6,1,J,Gown Like Body with Right arm out,7,1.0,2
group048,3,6,1,J,Big Size Gown with right hand out,7,1.0,2
group048,3,6,1,J,Standing,1,1.0,2
group048,3,6,1,J,No Head is normal,4,1.0,2
group048,3,6,1,J,Diamond Shaped Head,3,1.0,2
group048,3,7,1,G,Second Figure with bunny ears,5,2.0,2
group048,3,7,1,G,Bunny Ears figure with one arm out,7,2.0,2
group048,3,7,1,G,Bunny Ears figure with one arm out looks like he is sitting,12,2.0,2
group048,3,7,1,G,Placing his arm on a surface,6,2.0,2
group048,3,7,1,G,Second Bunny Figure in the SET,6,2.0,2
group048,3,7,1,G,Bunny Ears with arm sticking out to the right,9,2.0,2
group048,3,7,1,G,Legs up,2,2.0,2
group048,3,8,1,C,Two hands in the ari,5,2.0,2
group048,3,8,1,C,Looks like he is partying,5,2.0,2
group048,3,8,1,C,Shadow like placement,3,2.0,2
group048,3,8,1,C,Shadow of a man partying,5,2.0,2
group048,3,8,1,C,Silhouette figure,2,2.0,2
group048,3,8,1,C,Silhouette figure of a man with two hands in the air,11,2.0,2
group048,3,9,1,K,Awkward looking figure,3,0.0,2
group048,3,9,1,K,Diamond Head,2,0.0,2
group048,3,9,1,K,Diamond Head,2,0.0,2
group048,3,9,1,K,Cactus like body,3,0.0,2
group048,3,9,1,K,Disfigured Shapes attached to body,5,0.0,2
group048,3,9,1,K,One right arm sticking to the right and a left hand on the bottom,14,0.0,2
group048,3,9,1,K,Left hand on the left at the bottom,8,0.0,2
group048,3,9,1,K,Long,1,0.0,2
group048,3,9,1,K,Possible Two Diamond head,4,0.0,2
group048,3,10,1,D,Begging with both hands while standing,6,1.0,2
group048,3,10,1,D,Hands Joined together,3,1.0,2
group048,3,10,1,D,Hands are on the left,5,1.0,2
group048,3,10,1,D,Your left,2,1.0,2
group048,3,10,1,D,Standing with hands out,4,1.0,2
group048,3,10,1,D,Small Sized Gown,3,1.0,2
group048,3,11,1,I,Separate Hands on the left,5,2.0,2
group048,3,11,1,I,"One leg in the air, leg is behind him",9,2.0,2
group048,3,12,2,K,sitting in knees,3,1.0,2
group048,3,12,2,K,hands out begging like,4,1.0,2
group048,3,12,2,K,legs behind figure,3,1.0,2
group048,3,13,2,G,like a galloping horse,4,0.0,2
group048,3,13,2,G,bent diamond head angling backwards,5,0.0,2
group048,3,14,2,D,standing up,2,2.0,2
group048,3,14,2,D,hand out,2,2.0,2
group048,3,14,2,D,straight line at back,4,2.0,2
group048,3,14,2,D,feet and hand facing same way,6,2.0,2
group048,3,14,2,D,left,1,2.0,2
group048,3,14,2,D,one hand begging like,4,2.0,2
group048,3,15,2,C,having fun,2,2.0,2
group048,3,15,2,C,dancing,1,2.0,2
group048,3,15,2,C,party like,2,2.0,2
group048,3,15,2,C,no legs,2,2.0,2
group048,3,15,2,C,hands in the air,4,2.0,2
group048,3,15,2,C,just body arms and head,5,2.0,2
group048,3,16,2,A,kung foo like stance,4,1.0,2
group048,3,16,2,A,one foot up one foot on the ground,8,1.0,2
group048,3,16,2,A,head tilted back to the right,6,1.0,2
group048,3,16,2,A,left,1,1.0,2
group048,3,17,2,E,bunny ears,2,2.0,2
group048,3,17,2,E,sitting down,2,2.0,2
group048,3,17,2,E,legs in front,3,2.0,2
group048,3,18,2,I,one leg straight one leg behind,6,2.0,2
group048,3,18,2,I,arms facing the left,4,2.0,2
group048,3,18,2,I,triangle shape arms,3,2.0,2
group048,3,18,2,I,hands are separate,3,2.0,2
group048,3,19,2,H,sitting down,2,1.0,2
group048,3,19,2,H,no arms or feet,4,1.0,2
group048,3,20,2,F,sitting down,2,2.0,2
group048,3,20,2,F,feet on floor,3,2.0,2
group048,3,20,2,F,knees bent,2,2.0,2
group048,3,20,2,F,head down facing left,4,2.0,2
group048,3,20,2,F,no hands,2,2.0,2
group048,3,21,2,J,diamond head on a straight shaped top,7,1.0,2
group048,3,21,2,J,curved centre,2,1.0,2
group048,3,21,2,J,straight base,2,1.0,2
group048,3,21,2,J,no hands or feet,4,1.0,2
group048,3,21,2,J,standing,1,1.0,2
group048,3,21,2,J,straight line at back,4,1.0,2
group048,3,21,2,J,facing right,2,1.0,2
group048,3,21,2,J,more of a shape than body,6,1.0,2
group048,3,21,2,J,no ears,2,1.0,2
group048,3,22,2,B,arms stretched out both sides,5,2.0,2
group048,3,22,2,B,kneeling,1,2.0,2
group048,3,22,2,B,legs behind,2,2.0,2
group048,3,22,2,B,looks like the figure has a tie on,8,2.0,2
group048,3,22,2,B,hands are both sides,4,2.0,2
group048,3,23,2,L,bent knees,2,2.0,2
group048,3,23,2,L,begging hands together,3,2.0,2
group048,3,23,2,L,facing right,2,2.0,2
group048,3,23,2,L,right,1,2.0,2
group048,3,23,2,L,down,1,2.0,2
group048,3,24,3,G,bunny ears with right arm out,6,2.0,2
group048,3,24,3,G,legs together on left arm on right,7,2.0,2
group048,3,24,3,G,diamond head,2,2.0,2
group048,3,24,3,G,but looks like bunny ears,5,2.0,2
group048,3,24,3,G,legs together on left,4,2.0,2
group048,3,24,3,G,right arm out,3,2.0,2
group048,3,25,3,D,facing left,2,2.0,2
group048,3,25,3,D,standing and begging with diamond head,6,2.0,2
group048,3,25,3,D,hands together on left,4,2.0,2
group048,3,26,3,E,bunny ears legs together hands hidden,6,1.0,2
group048,3,27,3,F,"sitting down in profile, facing left",6,2.0,2
group048,3,27,3,F,"legs out, hands hidden",4,2.0,2
group048,3,27,3,F,legs together,2,2.0,2
group048,3,27,3,F,knees bend,2,2.0,2
group048,3,28,3,K,"begging, kneeling, hands together, facing right, legs bent up in back",11,1.0,2
group048,3,29,3,L,"begging, kneeling, hands together facing right, half-standing",7,2.0,2
group048,3,30,3,H,hidden arms hidden legs,4,2.0,2
group048,3,30,3,H,kneeling,1,2.0,2
group048,3,30,3,H,facing right,2,2.0,2
group048,3,31,3,C,shadow party man,3,1.0,2
group048,3,32,3,J,person with body hidden in gown,6,2.0,2
group048,3,32,3,J,hands level with shoulders together,5,2.0,2
group048,3,32,3,J,facing right,2,2.0,2
group048,3,33,3,B,arms out in both directions like triangles,7,2.0,2
group048,3,33,3,B,kneeling,1,2.0,2
group048,3,33,3,B,facing right with feet out on left,7,2.0,2
group048,3,34,3,A,kung fu person,3,2.0,2
group048,3,34,3,A,facing left,2,2.0,2
group048,3,34,3,A,one leg up on left,5,2.0,2
group048,3,34,3,A,standing on other leg,4,2.0,2
group048,3,35,3,I,facing left on one leg,5,2.0,2
group048,3,35,3,I,triangle hands in front left side,6,2.0,2
group048,3,36,4,B,Figure with Tie,3,2.0,2
group048,3,37,4,H,"Diamond Head, no hands or legs",6,2.0,2
group048,3,38,4,G,Bunny Ears Figure with arm on the right,8,1.0,2
group048,3,38,4,G,Bunny Ears figure facing left,5,1.0,2
group048,3,38,4,G,Legs are Joined together,4,1.0,2
group048,3,38,4,G,He is sitting,3,1.0,2
group048,3,38,4,G,Bunny Ears formed by two diamonds,6,1.0,2
group048,3,39,4,I,One leg behind on the right,6,2.0,2
group048,3,39,4,I,Arms spread out on the left,6,2.0,2
group048,3,40,4,C,Party Man,2,2.0,2
group048,3,41,4,L,"Diamond Head, hands Joined together on the right with knees bent",11,1.0,2
group048,3,41,4,L,Knees bent,2,1.0,2
group048,3,42,4,K,Grotesque Figure,2,0.0,2
group048,3,42,4,K,Only weird looking figure there,5,0.0,2
group048,3,42,4,K,Two diamond heads,3,0.0,2
group048,3,42,4,K,Not facing anywhere,3,0.0,2
group048,3,42,4,K,Not a person,3,0.0,2
group048,3,42,4,K,More like a Coat Stand,5,0.0,2
group048,3,43,4,D,Diamond Head facing left with hands Joined together,8,2.0,2
group048,3,43,4,D,Hands on the left joined together,6,2.0,2
group048,3,43,4,D,Figure is also facing left,5,2.0,2
group048,3,44,4,A,Kung Fu Man,3,2.0,2
group048,3,45,4,J,"Big Size Gown Man, with one hand on the right",10,2.0,2
group048,3,45,4,J,Standing,1,2.0,2
group048,3,46,4,F,Diamond Head with no arms,5,1.0,2
group048,3,46,4,F,Leg raised looking bent,4,1.0,2
group048,3,46,4,F,Facing the left side,4,1.0,2
group048,3,46,4,F,Sitting down,2,1.0,2
group048,3,47,4,E,Bunny Ears figure facing the right with no HANDS,9,2.0,2
group048,3,48,5,I,one leg behind to the right,6,2.0,2
group048,3,48,5,I,one leg down,3,2.0,2
group048,3,48,5,I,2 triangle shaped arms,4,2.0,2
group048,3,49,5,K,kneeling down begging hands together facing right,7,1.0,2
group048,3,50,5,F,no arms sitting down knees bent facing left,8,2.0,2
group048,3,51,5,B,wearing a tie,3,2.0,2
group048,3,52,5,J,one side of body is straight,6,2.0,2
group048,3,52,5,J,standing,1,2.0,2
group048,3,52,5,J,diamond head,2,2.0,2
group048,3,52,5,J,right,1,2.0,2
group048,3,53,5,E,sitting down bunny ears facing right no arms,8,2.0,2
group048,3,54,5,C,party man,2,2.0,2
group048,3,55,5,D,begging man standing facing left,5,2.0,2
group048,3,56,5,A,kung fu an,3,2.0,2
group048,3,57,5,H,no arms or legs sitting facing right,7,2.0,2
group048,3,58,5,L,bent knees begging facing right,5,1.0,2
group048,3,59,5,G,galloping horse,2,1.0,2
group048,3,59,5,G,head back,2,1.0,2
group048,3,59,5,G,facing right,2,1.0,2
group048,3,59,5,G,triangle shaped foot,3,1.0,2
group048,3,59,5,G,looks like hoofs,3,1.0,2
group048,3,59,5,G,thick leg,2,1.0,2
group048,3,60,6,A,kung fu,2,1.0,2
group048,3,61,6,B,tie,1,1.0,2
group048,3,62,6,J,facing right flat shoulders,4,1.0,2
group048,3,62,6,J,begging,1,1.0,2
group048,3,62,6,J,like a pedestal,3,1.0,2
group048,3,63,6,K,begging facing right kneeling,4,1.0,2
group048,3,63,6,K,not half standing one,4,1.0,2
group048,3,64,6,H,no arms no legs,4,2.0,2
group048,3,64,6,H,facing right,2,2.0,2
group048,3,65,6,G,galloping horse or bunny ears facing left,7,2.0,2
group048,3,66,6,C,party man,2,2.0,2
group048,3,67,6,F,seated facing left,3,2.0,2
group048,3,67,6,F,arms hidden,2,2.0,2
group048,3,67,6,F,legs together and sticking out to the left,8,2.0,2
group048,3,68,6,E,bunny ears,2,2.0,2
group048,3,68,6,E,facing right,2,2.0,2
group048,3,69,6,D,standing begging facing left,4,2.0,2
group048,3,70,6,L,half standing,2,2.0,2
group048,3,70,6,L,begging,1,2.0,2
group048,3,70,6,L,to the right,3,2.0,2
group048,3,71,6,I,triangle arms to the left,5,2.0,2
group048,3,71,6,I,one leg up to the right,6,2.0,2
group049,2,0,1,E,man sitting down on floor facing right with split above his head,12,1.0,1
group049,2,1,1,J,almost square block with right side missing and diamond on top,11,1.0,1
group049,2,2,1,K,"right angle at bottom left, and wedge shape missing on right",11,0.0,1
group049,2,3,1,B,"diamond head on broad shoulders, appears to be kneeling down with foot sticking out on the left",17,1.0,1
group049,2,4,1,D,man standing holding a box with an open lid in front of him to the left,16,1.0,1
group049,2,5,1,A,"man standing on one leg, with the other leg and foot at 45 degrees to his left, and his head over to the right",24,1.0,1
group049,2,6,1,F,"man sitting looking sad, facing left with his head down and his knees bent",14,1.0,1
group049,2,7,1,C,man leaning left with both arms in the air,9,1.0,1
group049,2,8,1,G,"the one with a small separate triangle at the bottom right, attached by a single corner",16,1.0,1
group049,2,9,1,H,fat guy with a triangular bulge on the bottom right,10,0.0,1
group049,2,10,1,L,man looks like the letter S but more angular,9,1.0,1
group049,2,11,1,I,"man on one leg facing left with two chests sticking out, with a small triangle attached to his butt on the right.",22,1.0,1
group049,2,12,2,C,man swaying to his left with both arms reaching out,10,1.0,1
group049,2,13,2,E,man sitting on floor facing right with rabbit ears on his head,12,1.0,1
group049,2,14,2,D,man facing left holding a box with lid open,9,1.0,1
group049,2,15,2,A,man on one leg with head starting to slide off his shoulder to his right,15,1.0,1
group049,2,16,2,H,man sitting on floor looking up at the sky on his right,12,0.0,1
group049,2,17,2,F,man on floor facing left with knees bent,8,1.0,1
group049,2,18,2,B,"man on floor with both arms held out, but right arm is broken",13,1.0,1
group049,2,19,2,I,mano n one leg facing left with right foot in the air,12,1.0,1
group049,2,20,2,G,man on floor facing left with massive left leg on floor and tiny right leg behind him,17,1.0,1
group049,2,21,2,J,man facing right who is the fattest of the group,10,1.0,1
group049,2,22,2,L,man bending facing right holding out both hands..looks like a sharp s shape,13,1.0,1
group049,2,23,2,K,man on knees facing right with arms outstretched and looks like he has a tail on the left side,19,1.0,1
group049,2,24,3,B,"man kneeling facing right, arms out but right one is broken",11,1.0,1
group049,2,25,3,I,"man leaning left, standing on one upright leg, tiny triangular right leg on the right centre",16,1.0,1
group049,2,26,3,G,"man on floor reclining to the right, thick leg on left, tiny triangular leg on right",16,1.0,1
group049,2,27,3,H,man with down sloping shoulders and triangular bulge on bottom right of body,13,1.0,1
group049,2,27,3,H,quite fat,2,1.0,1
group049,2,28,3,L,angular S shaped guy,4,1.0,1
group049,2,29,3,C,man leaning left both arms up in the air,9,1.0,1
group049,2,30,3,F,man facing left sitting on floor knees bent and head looking down,12,1.0,1
group049,2,31,3,J,fattest guy,2,1.0,1
group049,2,32,3,K,"guy facing right on his knees, arms outstretched with pointy tail on left",13,1.0,1
group049,2,33,3,A,guy with head about to slide off hi shoulders to the right,12,1.0,1
group049,2,34,3,D,guy holding open box with lid,6,1.0,1
group049,2,35,3,E,rabbit ear guy sitting facing right (right angle at bottom left corner),12,1.0,1
group049,2,36,4,B,man facing right with arms outstretched....right arm is broken,9,1.0,1
group049,2,37,4,H,man sitting on floor looking upward to his right with triangle on bottom right corner sticking out,17,0.0,1
group049,2,37,4,H,triangle,1,0.0,1
group049,2,38,4,C,man swaying to his left,5,1.0,1
group049,2,38,4,C,arms out,2,1.0,1
group049,2,39,4,G,man on floor facing left with huge left foot and tiny right foot,13,1.0,1
group049,2,40,4,F,man sitting on bum facing left with knees bent,9,1.0,1
group049,2,41,4,A,man on one foot facing left with head sliding off to his right,13,1.0,1
group049,2,42,4,I,man on one foot facing left with 2 triangle breasts,10,1.0,1
group049,2,43,4,L,man crouched in a sharp s shape,7,1.0,1
group049,2,44,4,D,man facing left looking down at box with lid open,10,1.0,1
group049,2,45,4,E,man with huge rabbit ears sitting on floor,8,1.0,1
group049,2,46,4,K,man kneeling on floor facing right with arms outstretched and a pointy up tail on left side,17,1.0,1
group049,2,47,4,J,fattest man,2,1.0,1
group049,2,48,5,G,"man on floor, thick left leg tiny right leg",9,1.0,1
group049,2,49,5,J,fat guy,2,1.0,1
group049,2,50,5,C,"man swaying eft, arms up",5,1.0,1
group049,2,50,5,C,left,1,1.0,1
group049,2,51,5,A,man on one leg head sliding off,7,1.0,1
group049,2,52,5,L,S shaped guy crouching,4,1.0,1
group049,2,53,5,B,kneeling arms outstretched right arm broken,6,1.0,1
group049,2,54,5,E,huge rabbit ears guy sitting,5,1.0,1
group049,2,55,5,H,"second fattest guy, sloping shoulders, crotch bulge, no legs",9,1.0,1
group049,2,56,5,D,guy with open box,4,1.0,1
group049,2,57,5,K,"guy kneeling facing right arms out, upward pointing tail on left",11,1.0,1
group049,2,58,5,F,"guy on floor facing left, knees bent up",8,1.0,1
group049,2,59,5,I,two triangular breasts,3,1.0,1
group049,2,60,6,I,2 triangle breasts,3,1.0,1
group049,2,61,6,F,"man sitting on floor with knees bent, facing left",9,1.0,1
group049,2,62,6,B,"man with arms outstretched, right arm broken",7,1.0,1
group049,2,63,6,A,"mans head sliding off shoulders, on one leg",8,1.0,1
group049,2,64,6,D,man with open box,4,1.0,1
group049,2,65,6,J,fattest man,2,1.0,1
group049,2,66,6,G,"massive left leg, tiny right leg",6,1.0,1
group049,2,67,6,H,2nd fattest man with an erection,6,1.0,1
group049,2,68,6,E,rabbit ears,2,1.0,1
group049,2,69,6,K,pointy up tail,3,1.0,1
group049,2,70,6,C,swaying to the left,4,1.0,1
group049,2,71,6,L,sharp s shape,3,1.0,1
group050,2,0,1,A,It's the one with the square head that looks like it has one foot lifted up in front,18,1.0,1
group050,2,1,1,L,Kneeling and praying pose,4,0.0,1
group050,2,2,1,K,"Kneeling and praying pose, but the one with an extra triangle on top of their feet and the arms are a bit wavy",23,0.0,1
group050,2,2,1,K,the feet look like an arrow pointed down and left,10,0.0,1
group050,2,2,1,K,head is a diamond,4,0.0,1
group050,2,3,1,F,"Sitting against a wall, diamond head, no bunny ears",9,1.0,1
group050,2,3,1,F,feet and legs visible,4,1.0,1
group050,2,3,1,F,yes with the legs visible not the blob one,9,1.0,1
group050,2,4,1,B,The one that looks like they're kneeling with the arms outstretched,11,0.0,1
group050,2,4,1,B,right hand has a gap between the triangle and the body,11,0.0,1
group050,2,4,1,B,feet look like a small triangle to the left,9,0.0,1
group050,2,5,1,J,square one with the diamond on top,7,1.0,1
group050,2,5,1,J,it's a total square except for the head and right side,11,1.0,1
group050,2,5,1,J,no other angles except right side,6,1.0,1
group050,2,5,1,J,otherwise just a rectangle,4,1.0,1
group050,2,6,1,D,the one with the arms outstretched (not separate) looks like they're cupped together asking for something,16,1.0,1
group050,2,6,1,D,arms point left,3,1.0,1
group050,2,6,1,D,so does the little feet bit,6,1.0,1
group050,2,6,1,D,yes with a right angle bottom right hand,8,1.0,1
group050,2,7,1,C,leaning back with the arms out like they're falling,9,1.0,1
group050,2,7,1,C,no feet,2,1.0,1
group050,2,8,1,E,sitting on the ground (back to the left) with bunny ears,11,1.0,1
group050,2,8,1,E,head angled down a bit,5,1.0,1
group050,2,9,1,H,Blob looking one that kinda goes out to the right at the bottom,13,1.0,1
group050,2,10,1,I,looks like they're leaning forward on one foot with the other in the air,14,1.0,1
group050,2,10,1,I,arms to the left,4,1.0,1
group050,2,10,1,I,one foot to the right,5,1.0,1
group050,2,11,1,G,it's the one that doesn't really look like a human,10,1.0,1
group050,2,11,1,G,"two triangles on the right side, diamond on top leaning left, rest slopes down and left",16,1.0,1
group050,2,12,2,K,back on the left arm out towards the right,9,1.0,1
group050,2,12,2,K,feet flicking upwards,3,1.0,1
group050,2,13,2,F,sitting against a wall back on the right,8,1.0,1
group050,2,14,2,I,one leg up,3,1.0,1
group050,2,14,2,I,to the right,3,1.0,1
group050,2,15,2,H,mainly rectangle left is straight,5,0.0,1
group050,2,15,2,H,flick bottom right,3,0.0,1
group050,2,16,2,D,right hand straight left side arms outstretched like asking for something,11,1.0,1
group050,2,16,2,D,diamond head pointing up,4,1.0,1
group050,2,16,2,D,feet flick left a bit,5,1.0,1
group050,2,17,2,A,looks a bit like a zombie,6,1.0,1
group050,2,17,2,A,right hand is the back,5,1.0,1
group050,2,17,2,A,left side arms flick up,5,1.0,1
group050,2,17,2,A,head on an angle,4,1.0,1
group050,2,17,2,A,one leg up,3,1.0,1
group050,2,18,2,G,weird shape left is a bigger block touching the floor,10,0.0,1
group050,2,18,2,G,arms up to the right,5,0.0,1
group050,2,18,2,G,head funny angle,3,0.0,1
group050,2,19,2,L,back to the left,4,1.0,1
group050,2,19,2,L,diamond head upwards,3,1.0,1
group050,2,19,2,L,arm pointing right,3,1.0,1
group050,2,19,2,L,only one arm is triangle straight top,7,1.0,1
group050,2,19,2,L,legs bent leftwards,3,1.0,1
group050,2,19,2,L,kneeling,1,1.0,1
group050,2,19,2,L,towards the right,3,1.0,1
group050,2,20,2,B,looks like a ninja bottom right is a right angle two funny triangles coming off the head,17,1.0,1
group050,2,20,2,B,one foot flicking left,4,1.0,1
group050,2,20,2,B,back to the left I would say,7,1.0,1
group050,2,20,2,B,head is upward diamond,4,1.0,1
group050,2,20,2,B,I think so to the right the arm triangle is more defined,12,1.0,1
group050,2,21,2,E,left side straight,3,1.0,1
group050,2,21,2,E,windmill ears,2,1.0,1
group050,2,22,2,C,looks like flying,3,1.0,1
group050,2,22,2,C,no legs,2,1.0,1
group050,2,22,2,C,two arms upwards stretching,4,1.0,1
group050,2,22,2,C,diamond head,2,1.0,1
group050,2,22,2,C,body is a rectangle,4,1.0,1
group050,2,22,2,C,flying to the left,4,1.0,1
group050,2,23,2,J,left hand straight you picked it earlier I think,9,1.0,1
group050,2,23,2,J,diamond head,2,1.0,1
group050,2,23,2,J,one arm pointing right,4,1.0,1
group050,2,23,2,J,one foot flicked right,4,1.0,1
group051,2,0,1,I,"Hi, so the target picture looks like someone standing on one leg with the other leg pointed straight behind them",20,1.0,1
group051,2,1,1,L,It looks like someone slightly bending at the knees. And their arms pointed forward but with the elbows close to the body (i.e. their arms are not completely straight forward),30,1.0,1
group051,2,2,1,G,"This one looks weird. I picture someone with the front of their legs laying on the floor, and their back bent backwards, and their face pointing up. One arm is close to the floor and the other arm is in the air",42,1.0,1
group051,2,3,1,D,Someone standing up straight with their hands out. Looks like asking for change. And looks like they are wearing a robe. They are facing to the left,27,1.0,1
group051,2,4,1,H,"I picture someone wrapped in a blanket. You cannot make out their legs or arms. Their upper body is up straight, and it looks like their knees are pointed slightly to the right",33,1.0,1
group051,2,5,1,C,Someone leaning to the left with their arms up high,10,1.0,1
group051,2,6,1,E,A person sitting down with bunny ears. Their head is tilted down and their back is to the left/facing the left,21,1.0,1
group051,2,7,1,K,"I see someone facing the right. They have their hands out with their elbows close to their body, which looks like they are asking for something. Their legs looks similar to when you have one knee on the ground and the other foot on the ground, such as when kneeling before royalty",52,0.0,1
group051,2,8,1,A,"This looks like someone's face is pointing to the right, and their legs/feet are pointing to  the left. And their arms can be seen as wings if on their back, or arms pointed up with long cloth at the end hanging down",42,0.0,1
group051,2,8,1,A,or like a zombie walking,5,0.0,1
group051,2,9,1,J,"This looks like a black rectangle, with part of the right side cracked off (the right end of the main part has angular end that looks like a piece was broken off). And then there is a head at the top, looks like it is facing forward/towards the screen",49,1.0,1
group051,2,10,1,F,"This looks like someone sitting down. Their back is to the right, and they are facing left. Their head is slightly tilted down. Their knees are pointed up as well.",30,1.0,1
group051,2,11,1,B,"This one does not look like a person to me. So at the top there is a square (with a corner on on the top and bottom / it is not on its flat side), and to the bottom right attached to the square is a triangle. And then attached to the bottom left of the square, and this is the biggest area of this picture, is a strange shape. This shape looks like a house shape on the bottom, with a right triangle at the top",87,1.0,1
group051,2,12,2,E,bunny ears on top,4,1.0,1
group051,2,13,2,F,"someone sitting down, knees up, facing to the left",9,1.0,1
group051,2,14,2,K,"someone on their knees feet up on the left, hands out to the right, body facing to the right",19,0.0,1
group051,2,14,2,K,almost like a praying stance,5,0.0,1
group051,2,14,2,K,"diamond head on top, triangle hands on right side, triangle feet on left",13,0.0,1
group051,2,15,2,I,standing on one leg one leg behind them,8,1.0,1
group051,2,16,2,A,standing on one leg leg in front of them head back,11,1.0,1
group051,2,17,2,L,not quite on their knees but kneeling down with hands in front of them,14,1.0,1
group051,2,17,2,L,looks like an arrow on the bottom,7,1.0,1
group051,2,17,2,L,facing to the right,4,1.0,1
group051,2,18,2,J,looks like an incomplete square like it's jagged with a diamond on top,13,1.0,1
group051,2,19,2,D,"facing to the left, hands out looks like holding a bowl, standing straight up",14,1.0,1
group051,2,20,2,B,this one is weird,4,1.0,1
group051,2,21,2,G,half kobra type of stance,5,1.0,1
group051,2,21,2,G,body going back with one foot in front,8,1.0,1
group051,2,21,2,G,facing right,2,1.0,1
group051,2,21,2,G,triangle hand top right triangle foot bottom right,8,1.0,1
group051,2,21,2,G,almost looks like someone leaning backwards with a leg laying back,11,1.0,1
group051,2,21,2,G,yoga stance,2,1.0,1
group051,2,22,2,H,bundled person,2,1.0,1
group051,2,23,2,C,no legs leaning to the left arms out,8,1.0,1
group051,2,24,3,I,"standing on one leg, the other leg pointed straight behind",10,1.0,1
group051,2,25,3,K,someone with one knee on the ground and other foot on the ground. facing right,15,0.0,1
group051,2,25,3,K,body upright,2,0.0,1
group051,2,25,3,K,"pointed right, elbows near body",5,0.0,1
group051,2,26,3,A,someone walking to the left with their head back. Looks like a zombie walking,14,1.0,1
group051,2,27,3,J,"incomplete, jagged square with a diamond on top",8,1.0,1
group051,2,28,3,L,"someone bent at the knees, facing right holding a bowl. The legs look like an arrow",16,0.0,1
group051,2,29,3,F,"someone sitting down, facing left",5,1.0,1
group051,2,30,3,B,doesn't look like a person,5,1.0,1
group051,2,31,3,D,"someone standing up straight, facing left, holding a bowl",9,1.0,1
group051,2,32,3,G,this is the kobra stance one. with the back arched backwards and face pointed up. One arm up and one arm low,22,1.0,1
group051,2,33,3,C,"no legs, arms up, facing left",6,1.0,1
group051,2,34,3,H,bundled up,2,1.0,1
group051,2,35,3,E,bunny ears,2,1.0,1
group051,2,36,4,A,zombie,1,1.0,1
group051,2,37,4,C,no legs,2,1.0,1
group051,2,38,4,I,foot back leaning forward,4,1.0,1
group051,2,39,4,F,"sitting, knees up, facing left",5,1.0,1
group051,2,40,4,H,bundle,1,1.0,1
group051,2,41,4,L,"bent knees but feet on ground, arms out, facing right",10,1.0,1
group051,2,42,4,E,bunny,1,1.0,1
group051,2,43,4,J,jagged square,2,1.0,1
group051,2,44,4,G,kobra,1,1.0,1
group051,2,45,4,B,weird one,2,1.0,1
group051,2,46,4,K,"on knees, feet back behind them on the left, hands holding bowl on right",14,1.0,1
group051,2,47,4,D,"holding bowl on left, standing up",6,1.0,1
group051,2,48,5,J,jagged square,2,1.0,1
group051,2,49,5,F,"sitting, facing left, knees up",5,1.0,1
group051,2,50,5,H,bundled,1,1.0,1
group051,2,51,5,B,weird one,2,1.0,1
group051,2,52,5,I,on one leg,3,1.0,1
group051,2,52,5,I,leg behind,2,1.0,1
group051,2,53,5,A,"on one leg, leg in front",6,1.0,1
group051,2,54,5,L,"bent at the knees but on both feet, facing right with bowl in hands",14,1.0,1
group051,2,55,5,C,"no legs, arms up",4,1.0,1
group051,2,56,5,K,"on knees, legs to the left. facing right holding a bowl on the right.",14,1.0,1
group051,2,57,5,D,"standing straight, hold bowl to the left",7,1.0,1
group051,2,58,5,G,kobra,1,1.0,1
group051,2,59,5,E,bunny,1,1.0,1
group051,2,60,6,A,zombie,1,1.0,1
group051,2,61,6,I,leg back,2,1.0,1
group051,2,62,6,J,jagged square,2,1.0,1
group051,2,63,6,G,kobra,1,1.0,1
group051,2,64,6,C,no legs,2,1.0,1
group051,2,65,6,E,bunny,1,1.0,1
group051,2,66,6,K,"on knees, feet on left, bowl to right",8,1.0,1
group051,2,67,6,F,"sitting, knees bent, facing left",5,1.0,1
group051,2,68,6,H,bundle,1,1.0,1
group051,2,69,6,D,bowl to left,3,1.0,1
group051,2,70,6,B,weird one,2,1.0,1
group051,2,71,6,L,"knee bent, feet on ground, bowl to right",8,1.0,1
group052,2,0,1,L,looks like they are half kneeling,6,1.0,1
group052,2,0,1,L,with their hands out,4,1.0,1
group052,2,1,1,A,looks like their head is tilted back and have their hands out with one foot off the ground,18,1.0,1
group052,2,2,1,F,looks like their head is tilted forwards and down and are sat with their knees up,16,1.0,1
group052,2,3,1,K,looks like they are on their knees hand out protruding from their chest and facing the right,17,1.0,1
group052,2,4,1,G,looks like they are dancing and have their arm out their head tilted back and one foot behind while the other is in front and off the ground a little,30,1.0,1
group052,2,5,1,J,looks like they are crouched very boxy looking head is straight in a diamond shape and their feet and hands facing right,22,0.0,1
group052,2,6,1,H,feet and hands are not visible,6,1.0,1
group052,2,6,1,H,head is straight,3,1.0,1
group052,2,7,1,B,lots of triangles on this one,6,1.0,1
group052,2,8,1,I,one foot on the ground the other at a 90 degree off the ground to the other foot,18,1.0,1
group052,2,9,1,D,looks like a person with their hands out asking or like begging u could say,15,1.0,1
group052,2,9,1,D,they are stood up,4,1.0,1
group052,2,10,1,C,no feet,2,1.0,1
group052,2,10,1,C,hands on either side,4,1.0,1
group052,2,11,1,E,looks like bunny,3,1.0,1
group052,2,12,2,G,looks like a dancer one foot forward one foot back. head is back also,14,1.0,1
group052,2,13,2,F,sat down head tilted forward,5,1.0,1
group052,2,13,2,F,left,1,1.0,1
group052,2,14,2,A,"looks like a zombie with arms up, one foot off ground head tilted back face left",16,1.0,1
group052,2,15,2,D,"looks like either a priest holding a bowl or a waiter, looking straight at you",15,1.0,1
group052,2,15,2,D,one arm to the left,5,1.0,1
group052,2,16,2,L,half kneeling hand to the right,6,1.0,1
group052,2,16,2,L,head straight,2,1.0,1
group052,2,17,2,C,arms toward the sky no feet,6,1.0,1
group052,2,18,2,I,like a figure skater - one foot at right angle,10,1.0,1
group052,2,19,2,H,"standing looking straight at you, no hands visible",8,1.0,1
group052,2,20,2,B,looks like kneeling and arms to the sides pointing out - triangles,12,1.0,1
group052,2,21,2,J,like they are sideways on a couch or have almost a rectangle cover over them,15,1.0,1
group052,2,22,2,E,depressed bunny,2,1.0,1
group052,2,23,2,K,praying on knees,3,1.0,1
group052,2,24,3,K,facing right looks like they are praying on their knees,10,0.0,1
group052,2,25,3,F,looks like a depressed person feet facing left,8,1.0,1
group052,2,26,3,G,looks like they are dancing facing right one foot on the ground the other is off the ground,18,1.0,1
group052,2,26,3,G,head is tilted,3,1.0,1
group052,2,27,3,L,half kneeling,2,1.0,1
group052,2,28,3,D,facing left looks like someone begging or asking for something,10,1.0,1
group052,2,29,3,J,very boxy,2,1.0,1
group052,2,30,3,C,no feet hands pointing to the sky body on a tilt,11,1.0,1
group052,2,31,3,B,kneeling facing right hands very triangular on either side,9,1.0,1
group052,2,32,3,H,feet and hands not visible almost looks like an oval with a diamond on top,15,1.0,1
group052,2,33,3,E,looks like a depressed bunny,5,1.0,1
group052,2,34,3,I,looks like an ice skater,5,1.0,1
group052,2,35,3,A,looks like a zombie,4,1.0,1
group052,2,36,4,J,boxy person with pointy right shoulder,6,1.0,1
group052,2,37,4,G,looks like doing the tango facing right head tilted back,10,1.0,1
group053,2,0,1,B,select the figure sitting with hat to the back,9,1.0,1
group053,2,0,1,B,"yes, sort of kneeling with a triangle out at the front",11,1.0,1
group053,2,0,1,B,but a triangle hanging from the neck at the back,10,1.0,1
group053,2,1,1,G,select the haphazard figure,4,1.0,1
group053,2,1,1,G,with head backwards one arm up,6,1.0,1
group053,2,1,1,G,and the other down,4,1.0,1
group053,2,1,1,G,the figure is on its knees,6,1.0,1
group053,2,2,1,D,select the figure kneeling and like palms out,8,0.0,1
group053,2,2,1,D,like begging,2,0.0,1
group053,2,3,1,K,select the figure kneeling with arms close to body but hands out,12,1.0,1
group053,2,3,1,K,there is a triangle at the base,7,1.0,1
group053,2,3,1,K,back,1,1.0,1
group053,2,3,1,K,right,1,1.0,1
group053,2,3,1,K,no triangle at the back,5,1.0,1
group053,2,4,1,L,select the figure in a chair pose yoga style,9,1.0,1
group053,2,4,1,L,with arms like begging,4,1.0,1
group053,2,4,1,L,facing right,2,1.0,1
group053,2,4,1,L,not hunched,2,1.0,1
group053,2,4,1,L,head is up,3,1.0,1
group053,2,4,1,L,looks like about to kneel but not kneeling,8,1.0,1
group053,2,4,1,L,hands out like palms out for begging,7,1.0,1
group053,2,4,1,L,not too out,3,1.0,1
group053,2,5,1,J,select the figure with a triangle on top,8,0.0,1
group053,2,5,1,J,then one side is straight,5,0.0,1
group053,2,5,1,J,the other side has a jutting out triangle,8,0.0,1
group053,2,5,1,J,left side straight,3,0.0,1
group053,2,5,1,J,but right side has a triangle jutting out then straight line,11,0.0,1
group053,2,6,1,A,select the figure with the polygone on the top.,9,1.0,1
group053,2,6,1,A,the one you selected just before,6,1.0,1
group053,2,7,1,E,select the figure with rabbit ears,6,1.0,1
group053,2,7,1,E,2 triangles on top,4,1.0,1
group053,2,8,1,F,select the figure sitting down,5,1.0,1
group053,2,8,1,F,hunched back,2,1.0,1
group053,2,8,1,F,facing left,2,1.0,1
group053,2,8,1,F,triangle on top,3,1.0,1
group053,2,8,1,F,polygon back,2,1.0,1
group053,2,8,1,F,then legs,2,1.0,1
group053,2,9,1,I,select the figure skating,4,1.0,1
group053,2,10,1,C,figure flying,2,1.0,1
group053,2,10,1,C,like ghost,2,1.0,1
group053,2,10,1,C,triangle,1,1.0,1
group053,2,10,1,C,head,1,1.0,1
group053,2,11,1,H,select the figure just sitting,5,1.0,1
group053,2,11,1,H,triangle head,2,1.0,1
group053,2,11,1,H,clean cut body,3,1.0,1
group053,2,12,2,B,"Person facing left, triangle hand out, back has triangle hanging out...also has a triangle foot.",15,1.0,1
group053,2,12,2,B,Person looks like they're kneeling or sitting,7,1.0,1
group053,2,12,2,B,Looks like they're putting hand out to beg,8,1.0,1
group053,2,12,2,B,Hat hangs to the back like a triangle hood,9,1.0,1
group053,2,13,2,H,"Person with crooked back facing right.  No arms shown, just body.  Sitting down.",13,1.0,1
group053,2,13,2,H,Head is looking up,4,1.0,1
group053,2,13,2,H,Head is looking up to the right.  And they look like they're just sitting.,14,1.0,1
group053,2,14,2,G,Person looks to be kneeling to the right with outstretched arms.,11,1.0,1
group053,2,14,2,G,Head is tilted backward.,4,1.0,1
group053,2,14,2,G,Arms are very wide apart like they're trying to reach hard for something.,13,1.0,1
group053,2,14,2,G,"Yes, one up one down.",5,1.0,1
group053,2,15,2,J,"Figure is very square looking.  The head on top is centered in the middle, like a square tilted on its side.",21,1.0,1
group053,2,15,2,J,The figure is standing.,4,1.0,1
group053,2,15,2,J,The left side of figure is a straight line.,9,1.0,1
group053,2,16,2,F,Person is sitting down facing left.  Looks like leg is jutting out to the left.  Square head is tilted down to the left.,23,1.0,1
group053,2,16,2,F,Crooked back on the right side.,6,1.0,1
group053,2,17,2,I,"Person looks like they have one leg up, like they're figure skating.",12,1.0,1
group053,2,18,2,K,Person is kneeling to the right.  Square head is looking up to the right.  Triangle hand to the right is sticking out like begging.,24,1.0,1
group053,2,18,2,K,On the left side in the back is a triangle tail.,11,1.0,1
group053,2,19,2,L,"Person is half-standing, head is looking up to the right, with triangle hand sticking out to the right.",18,1.0,1
group053,2,20,2,C,"Person looks like they have both hands raised, like in prayer or praising God.",14,1.0,1
group053,2,21,2,A,"Person is standing, with square head falling back to the right.  They have one leg up to the left, and one leg standing down.",24,1.0,1
group053,2,22,2,E,The figure that is sitting down and has two triangle bunny ears on top.,14,1.0,1
group053,2,23,2,D,"The figure that is standing, with hands pointed to the left.  Square head is tilted sideways.",16,1.0,1
group053,2,23,2,D,Hands pointed to left looks like a dish on top of a square box.,14,1.0,1
group053,2,24,3,A,figure dancing facing left,4,1.0,1
group053,2,24,3,A,one leg up and one on floor,7,1.0,1
group053,2,25,3,B,figure facing left,3,1.0,1
group053,2,25,3,B,square head,2,1.0,1
group053,2,25,3,B,triangle hat hanging back,4,1.0,1
group053,2,26,3,K,figure facing right,3,1.0,1
group053,2,26,3,K,kneeling arms out,3,1.0,1
group053,2,26,3,K,triangle at the foot,4,1.0,1
group053,2,27,3,G,"fig facing right, one hand up like reaching out high",10,1.0,1
group053,2,27,3,G,one hand down,3,1.0,1
group053,2,28,3,H,"figure kneeling, facing right.",4,1.0,1
group053,2,28,3,H,no arms shown,3,1.0,1
group053,2,29,3,D,figure facing left. arms like begging. looks like having a dish on a square,14,1.0,1
group053,2,30,3,L,figure half kneeling,3,1.0,1
group053,2,30,3,L,facing right,2,1.0,1
group053,2,30,3,L,arms out like begging,4,1.0,1
group053,2,31,3,F,figure facing left.,3,1.0,1
group053,2,31,3,F,"sitting, legs out facing left",5,1.0,1
group053,2,32,3,I,skating figure,2,1.0,1
group053,2,33,3,E,rabbit ears figure,3,1.0,1
group053,2,34,3,J,triangle head,2,1.0,1
group053,2,34,3,J,facing right,2,1.0,1
group053,2,34,3,J,smooth back,2,1.0,1
group053,2,35,3,C,figure praising GOD,3,1.0,1
group053,2,36,4,C,"Figure praising God, hands up",5,1.0,1
group053,2,37,4,E,"Triangle rabbit ears on top, figure sitting.",7,1.0,1
group053,2,38,4,B,"Person sitting or kneeling to the left, with triangle hood hanging back to the right.",15,1.0,1
group053,2,39,4,F,"Person sitting facing left, with long leg sticking out to the left.",12,1.0,1
group053,2,40,4,K,Person kneeling to the right.   On the left bottom is triangle 'tail'.,12,1.0,1
group053,2,41,4,I,Person who looks like figure skater.,6,1.0,1
group053,2,42,4,L,Person half standing to the right with crooked back.  Triangle hand sticking out.,13,0.0,1
group053,2,43,4,H,"Person sitting down with head facing up, only body showing.  No other hands.",13,1.0,1
group053,2,43,4,H,No arms.,2,1.0,1
group053,2,44,4,G,"Person facing right, kneeling, with long 'train' hanging at the bottom to the left.  One hand up and the other down, like stretching or reaching for something",27,1.0,1
group053,2,45,4,D,"Person facing left, with what looks like a dish on top of box.",13,0.0,1
group053,2,45,4,D,Standing figure,2,0.0,1
group053,2,45,4,D,No smooth back on the left.,6,0.0,1
group053,2,45,4,D,"Head is a point, like a triangle point.",8,0.0,1
group053,2,46,4,A,"Figure standing towards the left.  One leg is up to the left, the other leg is flat on the floor.",20,1.0,1
group053,2,47,4,J,Figure is upright or standing.  The left side of figure is a straight line.  Right side is jagged-looking.,18,1.0,1
group053,2,48,5,K,figure facing right,3,1.0,1
group053,2,48,5,K,triangle at the bottom of the foot. Kneeling,8,1.0,1
group053,2,48,5,K,arms out like begging,4,1.0,1
group053,2,49,5,B,hooded triangle hanging at the back,6,1.0,1
group053,2,50,5,C,praising GOD,2,1.0,1
group053,2,51,5,A,one leg up and other on the floor. facing left,10,1.0,1
group053,2,52,5,F,figure sitting down facing left,5,1.0,1
group053,2,52,5,F,head bowed down to left,5,1.0,1
group053,2,52,5,F,hunched back,2,1.0,1
group053,2,53,5,I,figure skating,2,1.0,1
group053,2,54,5,L,figure facing right,3,1.0,1
group053,2,54,5,L,half kneeling,2,1.0,1
group053,2,54,5,L,arms out like begging,4,1.0,1
group053,2,55,5,D,figure facing left,3,1.0,1
group053,2,55,5,D,hands out like holding a dish,6,1.0,1
group053,2,55,5,D,on a square,3,1.0,1
group053,2,56,5,G,figure trying to reach something up high,7,1.0,1
group053,2,56,5,G,facing right,2,1.0,1
group053,2,56,5,G,other hand down,3,1.0,1
group053,2,57,5,E,rabbit ears,2,1.0,1
group053,2,58,5,H,figure facing right,3,1.0,1
group053,2,58,5,H,kneeling,1,1.0,1
group053,2,58,5,H,no arms or legs shown,5,1.0,1
group053,2,59,5,J,figure one side smooth,4,1.0,1
group053,2,60,6,A,Figure facing left.  One leg is up.  The other is flat on floor.,13,1.0,1
group053,2,61,6,B,Figure kneeling or sitting to left.  Has a triangle hood on right side.,13,1.0,1
group053,2,62,6,G,Figure facing right.  Has a long 'train' hanging on floor on left side.  Arms outstretched.,15,1.0,1
group053,2,62,6,G,"One had is up high to right, other is down low on right.",13,1.0,1
group053,2,63,6,K,Figure kneeling to right.  Has a triangle tail on the bottom left.,12,1.0,1
group053,2,64,6,I,Figure skating person,3,1.0,1
group053,2,65,6,L,Figure half-kneeling to the right.  Has a hunched back on the left side.  Hand outstretched to right.  Head looking up to right.,22,1.0,1
group053,2,66,6,J,Figure has straight line on left side.,7,1.0,1
group053,2,66,6,J,Standing figure.,2,1.0,1
group053,2,67,6,H,Figure sitting down.  Head looking up to right.  No arms or hands showing.,13,1.0,1
group053,2,68,6,D,"Figure standing, facing left.  Head looking up to left.  Has a small pointed triangle foot on bottom left.",18,1.0,1
group053,2,68,6,D,Looks like holding dish on top of a square box,10,1.0,1
group053,2,69,6,C,"Hands up to sky, praising God.",6,1.0,1
group053,2,70,6,E,Rabbit triangle eared figure.,4,1.0,1
group053,2,71,6,F,Person sitting to the left.  Long left sticking out to left.  Head bowed down to the left.,17,1.0,1
group054,2,0,1,G,"this one looks like a letter X, it's like a person that has one leg bent to the back, one arm up and head bent to the left",28,1.0,1
group054,2,0,1,G,it has a really long bottom side faced to the left,11,1.0,1
group054,2,1,1,C,"this one is like a person doing a blessing, with the both arms raised up",15,0.0,1
group054,2,1,1,C,it's also strongly bent to the left,7,0.0,1
group054,2,2,1,J,CHOOSE THE FAT BOY it's the widest body of all the figure,12,1.0,1
group054,2,3,1,E,this one kinda looks like a rabbit,7,1.0,1
group054,2,3,1,E,sitting on the ground,4,1.0,1
group054,2,3,1,E,a long bottom and a head with ears standing out,10,1.0,1
group054,2,3,1,E,it has a triangular body,5,1.0,1
group054,2,4,1,K,"this one looks like a person that is kneeling, of the two similar it's the one with feet standing up",20,0.0,1
group054,2,4,1,K,"well, facing up",3,0.0,1
group054,2,4,1,K,right,1,0.0,1
group054,2,5,1,B,i think it kind of looks like a mouse,9,1.0,1
group054,2,5,1,B,its small and centered,4,1.0,1
group054,2,5,1,B,also has ears,3,1.0,1
group054,2,5,1,B,and quite a long bottom but not as long as that rabbit had,13,1.0,1
group054,2,5,1,B,one triangle and one diamond,5,1.0,1
group054,2,6,1,L,the kneeling person but not with feet facing up,9,1.0,1
group054,2,6,1,L,the other one,3,1.0,1
group054,2,7,1,A,it's like a person stomping on the ground,8,1.0,1
group054,2,7,1,A,also has a weird diamond on the top side,9,1.0,1
group054,2,8,1,I,this one looks like a person leaning to the left with right leg in the air,16,1.0,1
group054,2,8,1,I,on the right there's only a small triangle,8,1.0,1
group054,2,9,1,F,this looks like a sad person sitting on the ground,10,1.0,1
group054,2,9,1,F,diamond shaped head on the top right,7,1.0,1
group054,2,10,1,H,this looks like a person with no limbs,8,1.0,1
group054,2,10,1,H,just center of body and diamond shaped head on the top,11,1.0,1
group054,2,10,1,H,the bottom is slightly faced to the right,8,1.0,1
group054,2,10,1,H,and also the bottom is a bit thicker,8,1.0,1
group054,2,11,1,D,this one is a person standing straight with hands raised to the left side,14,1.0,1
group054,2,11,1,D,a bit of a foot on the bottom,8,1.0,1
group054,2,12,2,L,"Facing right, hands outstretched as triangle, legs bent at knee, diamond head",12,1.0,1
group054,2,13,2,F,"Facing left, diamond head, sitting on ground with bend knees.",10,1.0,1
group054,2,14,2,B,"Diamond head, triangle to right of head, weird shaped body that doesn't really look like a person",17,1.0,1
group054,2,15,2,E,Does not look like person.  Looks like big triangle body (or mountain) with a square at top of mountain with two ears about to go skiing.,26,1.0,1
group054,2,16,2,D,"Diamond head, arms outstretched to left, with the one foot at bottom, looks like doing a blessing on a person, long straight line for body on right",27,1.0,1
group054,2,17,2,H,"Diamond head, 8 sided body, no legs showing",8,1.0,1
group054,2,18,2,K,"Diamond head, facing right, outstretched hands to right, seems to be more ""female"" than another similar figure (perhaps a dress), legs not showing but they are bent in the dress",30,1.0,1
group054,2,19,2,A,"Facing left, diamond on back of the head, one leg raised to left, looks like a sad person with a strange head",22,1.0,1
group054,2,20,2,G,"Not a person, two huge floppy ears on right side of screen, diamond on left of one ear (around middle top of picture)",23,0.0,1
group054,2,21,2,J,"Diamond head, no legs showing, 7 sided body with long left edge and top edge is longer than bottom edge,",20,1.0,1
group054,2,22,2,I,"Looks like a ballerina facing left with outstretched leg on the right, standing on one leg.",16,1.0,1
group054,2,23,2,C,Looks like an angel facing left and flying left at a 30 to 45 degree angle.,16,1.0,1
group054,2,24,3,D,person facing left with arms raised up on the left side like doing a blessing,15,1.0,1
group054,2,25,3,B,"not a person, with a diamond on top and under it on the right there is a triangle",18,1.0,1
group054,2,26,3,J,"person with diamond head on top, wide 7-sided body",9,1.0,1
group054,2,27,3,I,"person leaning with hands to the left, right leg raised up at 90 degrees",14,1.0,1
group054,2,28,3,E,"not a person, more of a mountain shape with two triangles on top",13,1.0,1
group054,2,29,3,L,"a person with knees bent and arms up, facing right",10,1.0,1
group054,2,29,3,L,the man,2,1.0,1
group054,2,30,3,A,the sad person with strange head,6,1.0,1
group054,2,30,3,A,"diamond on the back, left leg in the air",9,1.0,1
group054,2,31,3,K,the woman with knees bent facing right,7,1.0,1
group054,2,32,3,F,the person sitting on the ground facing left,8,1.0,1
group054,2,33,3,G,"not a person, the X-shaped one with two strange triangles on the right",13,1.0,1
group054,2,34,3,C,"both arms up, no legs, diamond head, leaning left",9,0.0,1
group054,2,35,3,H,"no limbs, 8-sided body with diamond head on top",9,1.0,1
group054,2,36,4,B,"Not a person, diamond at top with triangle on right side, weird body shape",14,1.0,1
group054,2,37,4,F,Person sitting on ground facing left with bend legs,9,1.0,1
group054,2,38,4,H,Diamond head with 8 sided body,6,1.0,1
group054,2,39,4,C,Angel flying left at 45 degrees,6,1.0,1
group054,2,40,4,D,"Diamond head, arms out at 90 degrees facing left, one foot showing at bottom facing left",16,1.0,1
group054,2,41,4,I,Ballerina,1,1.0,1
group054,2,42,4,A,Sad person facing left with one leg up and diamond on back of neck,14,1.0,1
group054,2,43,4,K,"Diamond head, facing right outstretched hands to right, the female version of two similar photos",15,1.0,1
group054,2,44,4,J,"diamond head, 7 sided body",5,1.0,1
group054,2,45,4,E,Skier on top of triangle mountain,6,1.0,1
group054,2,46,4,L,Man version of the two similar people facing right,9,1.0,1
group054,2,47,4,G,The weird non-person with two floppy ears and a diamond on the left of one ear,16,1.0,1
group054,2,48,5,J,7-sided,1,1.0,1
group054,2,49,5,K,female kneel,2,1.0,1
group054,2,50,5,A,sad person diamond neck,4,1.0,1
group054,2,51,5,L,male kneel,2,1.0,1
group054,2,52,5,C,angel,1,1.0,1
group054,2,53,5,G,weird shape diamond left ear,5,1.0,1
group054,2,54,5,D,"arms outstretched on the left, foot on the left, diamond head on top",13,1.0,1
group054,2,55,5,H,8-sided,1,1.0,1
group054,2,56,5,E,mountain,1,1.0,1
group054,2,57,5,F,sitting,1,1.0,1
group054,2,58,5,B,"not a person, diamond on top and triangle under it",10,1.0,1
group054,2,59,5,I,ballerina,1,1.0,1
group054,2,60,6,D,"Person with diamond head, facing left, foot facing left, arms to left",12,1.0,1
group054,2,61,6,L,Man version of two icons,5,1.0,1
group054,2,62,6,I,ballerina,1,1.0,1
group054,2,63,6,G,"not a person, two floppy ears, diamond on left of one ear",12,1.0,1
group054,2,64,6,E,mountain,1,1.0,1
group054,2,65,6,B,"other weird non person, diamond and triangle on right of diamond",11,1.0,1
group054,2,66,6,F,person sitting on ground facing left,6,1.0,1
group054,2,67,6,C,angel,1,1.0,1
group054,2,68,6,H,8 sided body,3,1.0,1
group054,2,69,6,K,female version of two people,5,1.0,1
group054,2,70,6,J,7 sided body with diamond head,6,1.0,1
group054,2,71,6,A,sad person facing left on one leg,7,1.0,1
group055,2,0,1,G,The small triangle is on the bottom right of the picture and appears to be free-floating,16,1.0,1
group055,2,0,1,G,Just one corner of each shape,6,1.0,1
group055,2,1,1,F,"This looks like a picture of a person sitting down, with their knees up and their toes facing left.",19,1.0,1
group055,2,2,1,A,This looks like a person imitating a bear standing on one leg with the other about to make a stride.,20,1.0,1
group055,2,2,1,A,It's to the left.,4,1.0,1
group055,2,2,1,A,"The head is on the right, yes.",7,1.0,1
group055,2,3,1,H,This looks like a person wrapped in a snuggie kneeling down.,11,1.0,1
group055,2,3,1,H,"No, the square is the only clear shape.",8,1.0,1
group055,2,4,1,L,This looks like a person who is standing with their knees bent..,12,1.0,1
group055,2,4,1,L,Facing right.,2,1.0,1
group055,2,5,1,E,This looks like a picture of a broken windmill on top of a mountain.,14,1.0,1
group055,2,6,1,K,This is similar to the picture of the person with bent knees facing right.,14,1.0,1
group055,2,7,1,J,"The bottom of this shape has three straight edges and a jagged right edge, with a square on top.",19,1.0,1
group055,2,7,1,J,Which edge?,2,1.0,1
group055,2,7,1,J,On the right.,3,1.0,1
group055,2,7,1,J,There are two right angles on the left,8,1.0,1
group055,2,8,1,I,This picture looks like a skater about to do a spinning pirouette on one leg.,15,1.0,1
group055,2,9,1,C,This picture looks like a person fleeing from something frightening.,10,1.0,1
group055,2,9,1,C,With their arms in the air,6,1.0,1
group055,2,10,1,D,This picture looks like a priest about to give a blessing. They are facing left.,15,1.0,1
group055,2,11,1,B,This looks like a person who has sunk to the floor in grief.,13,1.0,1
group055,2,12,2,J,this picture has a square at the top that's on flat ground and to the right it looks like there's a edge,22,0.0,1
group055,2,12,2,J,also at the very bottom the is a triangle edge pointing to the right,14,0.0,1
group055,2,13,2,G,"this one has what looks like a person hunched over to the left, but they don't have any legs",19,1.0,1
group055,2,13,2,G,and there are two triangles coming off their back,9,1.0,1
group055,2,14,2,A,This one looks like a person is walking like a zombie with one foot in front of the other,19,1.0,1
group055,2,14,2,A,there standing on one foot with the other foot to the left of it,14,1.0,1
group055,2,14,2,A,the square is on the right of the standing foot,10,1.0,1
group055,2,15,2,B,the very top of this one has a square and triangle that look like a toilet bowl,17,0.0,1
group055,2,15,2,B,it also looks like someone is on there knees with their feet behind them on the left,17,0.0,1
group055,2,15,2,B,yea connected to the square,5,0.0,1
group055,2,16,2,E,It looks like a bunny with two triangle ears,9,1.0,1
group055,2,16,2,E,it's facing to the right and looks like it's sitting,10,1.0,1
group055,2,16,2,E,the two triangle ears are connected to the square at the top,12,1.0,1
group055,2,17,2,H,this looks like a person's in a cocoon,8,1.0,1
group055,2,17,2,H,there's one point that goes to the right at the bottom of the picture,14,1.0,1
group055,2,17,2,H,the square is slouched to the right side,8,1.0,1
group055,2,18,2,K,this one has a big pac-man mouth facing to the right with the square at the very top centered,19,1.0,1
group055,2,18,2,K,on the left of the picture its a right angle,10,1.0,1
group055,2,18,2,K,like 90 degree,3,1.0,1
group055,2,18,2,K,bottom left,2,1.0,1
group055,2,19,2,C,this looks like a person is flying with their arms out to the side,14,1.0,1
group055,2,20,2,F,this has a person sitting down with their knees bent facing the left,13,1.0,1
group055,2,20,2,F,their head is slightly slouched to the left also,9,1.0,1
group055,2,20,2,F,it does look like they have a foot,8,1.0,1
group055,2,20,2,F,yea on the left side of the picture,8,1.0,1
group055,2,21,2,L,this one looks likes a person has their knees bent and have a pac-man facing right again,17,1.0,1
group055,2,22,2,I,this person is standing on one foot with their other leg at a right angle to the right,18,1.0,1
group055,2,23,2,D,it looks like a preacher,5,1.0,1
group055,2,23,2,D,and he has a book open,6,1.0,1
group055,2,23,2,D,to the left,3,1.0,1
group055,2,24,3,E,This looks like a broken windmill on top of a mountain.,11,1.0,1
group055,2,25,3,I,This looks like a skater about to do a spinning pirouette on one leg.,14,1.0,1
group055,2,26,3,C,A person fleeing in fright.,5,1.0,1
group055,2,27,3,F,A person slouched with their knees bent facing left.,9,1.0,1
group055,2,28,3,B,A person who has fallen to the ground in in grief.,11,1.0,1
group055,2,29,3,G,This one has two small triangles to the right looking like they're behind the person sitting down.,17,1.0,1
group055,2,30,3,D,The priest giving a blessing.,5,1.0,1
group055,2,31,3,H,The person in a cocoon.,5,1.0,1
group055,2,31,3,H,Slouched. The figure is facing right.,6,1.0,1
group055,2,32,3,K,Person kneeling down with their feet behind them. Looks like there's a pacman on the right,16,1.0,1
group055,2,33,3,L,Similar to the previous picture but this person looks like they're standing with their knees bent.,16,1.0,1
group055,2,34,3,A,Zombie on one leg.,4,1.0,1
group055,2,35,3,J,This picture has a shape on the bottom with two right angles - top left and bottom left.,18,1.0,1
group055,2,36,4,A,this looks like a zombie standing on one leg,9,1.0,1
group055,2,37,4,C,this is a person that's flying/ fleeing,7,1.0,1
group055,2,38,4,J,this has a right angle at the top left and bottom left,12,1.0,1
group055,2,39,4,K,the one has the pac-man facing right and a right angle at the bottom left,15,1.0,1
group055,2,40,4,I,this is a person standing on one foot with the other behind them and a pac-man facing left,18,1.0,1
group055,2,41,4,G,looks like a person slouched to the left with two small triangles on the right,15,1.0,1
group055,2,42,4,B,this looks like a person on their knees facing right grieving,11,1.0,1
group055,2,43,4,E,this looks like a bunny or broken windmill,8,1.0,1
group055,2,44,4,F,this is a person sitting with their knees up and back slouched,12,1.0,1
group055,2,45,4,L,this person has their knees bent and a pac-man facing right,11,1.0,1
group055,2,46,4,H,this person is in a cocoon,6,1.0,1
group055,2,47,4,D,this a priest with a book open,7,1.0,1
group055,2,48,5,D,Priest.,1,1.0,1
group055,2,49,5,B,Fallen in grief.,3,1.0,1
group055,2,50,5,G,Slouched with two triangles to the right.,7,1.0,1
group055,2,51,5,E,Bunny or windmill.,3,1.0,1
group055,2,52,5,A,Zombie.,1,1.0,1
group055,2,53,5,H,Cocoon,1,1.0,1
group055,2,54,5,C,Fleeing in fright.,3,1.0,1
group055,2,55,5,I,On one leg pacman to the left.,7,1.0,1
group055,2,56,5,F,"Slouched on the floor facing left with knees bent,",9,1.0,1
group055,2,57,5,L,Standing with bent knees pac man facing right.,8,1.0,1
group055,2,58,5,J,Bottom shape has right angles top and bottom left.,9,1.0,1
group056,2,0,1,A,a man lifting one foot,5,1.0,1
group056,2,0,1,A,in front of him,4,1.0,1
group056,2,1,1,I,a man with his leg behind him and hand in front,11,1.0,1
group056,2,2,1,C,the upper half of a person's body with arms raised,10,1.0,1
group056,2,3,1,J,a a jagged square stone with a diamond on top,10,0.0,1
group056,2,4,1,K,a person kneeling in prayer,5,1.0,1
group056,2,5,1,F,a person sitting and leaning against something,7,0.0,1
group056,2,6,1,D,a server in a restaurant,5,1.0,1
group056,2,7,1,H,the shadow of a person sitting facing you,8,0.0,1
group056,2,8,1,E,bunny ears square head triangle body,6,1.0,1
group056,2,9,1,B,a person kneeling arms bent to side,7,0.0,1
group056,2,10,1,L,a person squatting with arms in front,7,1.0,1
group056,2,11,1,G,square head but the body is messed up,8,0.0,1
group056,2,11,1,G,triangles and then no shape,5,0.0,1
group056,2,12,2,H,a boulder with feet,4,0.0,1
group056,2,13,2,I,"man on one leg, other leg parallel to floor",9,1.0,1
group056,2,14,2,A,man on one leg foot in front,7,1.0,1
group056,2,15,2,B,man knelt on floor arms pointing slightly upwards almost parallel,10,0.0,1
group056,2,16,2,D,server in restaurant,3,1.0,1
group056,2,17,2,J,the left side of the man is a solid line,10,0.0,1
group056,2,18,2,E,bunny ears,2,1.0,1
group056,2,19,2,C,man scaring someone,3,1.0,1
group056,2,19,2,C,arms up,2,1.0,1
group056,2,20,2,G,man on knees pleading hard for forgiveness,7,0.0,1
group056,2,21,2,F,man sitting feet slightly below butt,6,0.0,1
group056,2,22,2,K,"man on knees, feet pointing to the sky",8,1.0,1
group056,2,23,2,L,squat man,2,1.0,1
group056,2,24,3,F,man sitting on ground  legs bent at knee,8,1.0,1
group056,2,25,3,E,bunny ears,2,1.0,1
group056,2,26,3,G,a dancer? square head one hand and foot behind,9,0.0,1
group056,2,27,3,J,a broken square with a diamond head,7,1.0,1
group056,2,28,3,D,server in a restaurant,4,1.0,1
group056,2,29,3,H,a man sitting you can't make out arms or legs and just see upper torso and head,17,1.0,1
group056,2,30,3,I,standing man one leg behind him parallel,7,1.0,1
group056,2,31,3,A,man on one leg the other in front head back,10,1.0,1
group056,2,32,3,C,a man scaring someone arms up,6,1.0,1
group056,2,33,3,L,squat man,2,1.0,1
group056,2,34,3,K,kneeling in prayer,3,1.0,1
group056,2,35,3,B,kneeling two arms out almost parallel,6,1.0,1
group056,2,36,4,I,man one leg other behind parallel,6,1.0,1
group056,2,37,4,G,man kneeling on floor has baggy sleeves that are pointing downwards,11,0.0,1
group056,2,38,4,B,man on knees arms pointing upwards almost parallel,8,1.0,1
group056,2,39,4,C,man scaring,2,1.0,1
group056,2,40,4,J,messed up broken square man,5,0.0,1
group056,2,41,4,E,bunny ears,2,1.0,1
group056,2,42,4,K,man praying on knees,4,1.0,1
group056,2,43,4,F,man sitting feet visible,4,1.0,1
group056,2,44,4,L,squat!,1,1.0,1
group056,2,45,4,D,server,1,1.0,1
group056,2,46,4,A,one leg other in front head back,7,1.0,1
group056,2,47,4,H,diamond on top of a longer diamond with and extra segment coming out of the bottom right,17,1.0,1
group056,2,48,5,A,standing one leg forward head back,6,1.0,1
group056,2,49,5,D,server,1,1.0,1
group056,2,50,5,H,diamond on top of longer diamond and extra part,9,1.0,1
group056,2,51,5,F,man sitting feet visible,4,1.0,1
group056,2,51,5,F,visible,1,1.0,1
group056,2,52,5,L,squatty squat,2,1.0,1
group056,2,53,5,J,broken square with diamond head,5,1.0,1
group056,2,54,5,B,kneeling with arms out almost parallel,6,1.0,1
group056,2,55,5,K,kneel prayer,2,1.0,1
group056,2,56,5,C,scaring arms up,3,1.0,1
group056,2,57,5,I,standing on one leg other behind arms out in front,10,1.0,1
group056,2,58,5,E,bunny ears,2,1.0,1
group056,2,59,5,G,"dancer, woman, head forward arms and one foot behind",9,1.0,1
group056,2,59,5,G,the foot is just a diamond,6,1.0,1
group056,2,59,5,G,I mean triangle,3,1.0,1
group056,2,59,5,G,the arms are back and then a triangle,8,1.0,1
group056,2,59,5,G,head is a square,4,1.0,1
group056,2,60,6,D,server,1,1.0,1
group056,2,61,6,C,scaring man,2,1.0,1
group056,2,62,6,L,squat!,1,1.0,1
group056,2,63,6,K,kneel in prayer,3,1.0,1
group056,2,64,6,H,diamond on top of diamond with foot,7,1.0,1
group056,2,65,6,B,kneel with arms up almost parallel,6,1.0,1
group056,2,66,6,G,dancing woman arms in front one leg back,8,0.0,1
group056,2,67,6,J,"broken square person, head is a diamond",7,1.0,1
group056,2,68,6,F,man sitting feet visible,4,1.0,1
group056,2,69,6,I,standing on one leg other back and parallel,8,1.0,1
group056,2,70,6,A,on one leg other in front head back,8,1.0,1
group056,2,71,6,E,bunny,1,1.0,1
group057,2,0,1,F,player sitting down facing left,5,1.0,1
group057,2,1,1,J,player vertical pointing right,4,0.0,1
group057,2,2,1,E,player sitting facing right,4,0.0,1
group057,2,3,1,G,antlers on head facing left,5,1.0,1
group057,2,4,1,D,vertical pointing left,3,0.0,1
group057,2,5,1,A,vertical right leg in air,5,0.0,1
group057,2,6,1,I,leaning forward right leg straight back in air,8,1.0,1
group057,2,7,1,B,arms pointing out kneeling position,5,1.0,1
group057,2,8,1,K,kneeling arms pointing to right,5,1.0,1
group057,2,9,1,C,leaning left arms lifted,4,0.0,1
group057,2,10,1,L,kneeling body  bent arm facing right,6,0.0,1
group057,2,11,1,H,sitting slightly bent to right,5,0.0,1
group057,2,12,2,F,Seating down facing left,4,1.0,1
group057,2,13,2,G,kneeling down with one knee and hand on the air,10,0.0,1
group057,2,14,2,H,seating down with no indication of either legs or arms,10,1.0,1
group057,2,15,2,B,both arms spread out and one leg spread out,9,0.0,1
group057,2,16,2,I,both arms spread out and one leg on the air,10,0.0,1
group057,2,17,2,J,one arm and leg not visible while one arm and leg spread out,13,1.0,1
group057,2,18,2,C,leaning to the ;eft with both arms on the air,10,1.0,1
group057,2,18,2,C,left,1,1.0,1
group057,2,19,2,A,facing to left with one leg up and one hand up,11,0.0,1
group057,2,20,2,L,facing to right kneeling with one hand up,8,0.0,1
group057,2,21,2,E,"both hands up above the head, seating down, knees high and facing right",13,0.0,1
group057,2,22,2,K,kneeling down facing right,4,1.0,1
group057,2,23,2,D,facing left with hands forward,5,1.0,1
group057,2,24,3,J,vertical pointing right,3,0.0,1
group057,2,25,3,L,slight bend facing right,4,0.0,1
group057,2,26,3,I,facing left right leg up in air,7,0.0,1
group057,2,27,3,B,facing right arms outstretched,4,0.0,1
group057,2,28,3,K,full kneel facing right,4,1.0,1
group057,2,29,3,C,tilted left arms outstretched,4,1.0,1
group057,2,30,3,A,vertical right leg in air facing left,7,1.0,1
group057,2,31,3,H,sitting no arms or legs,5,1.0,1
group057,2,32,3,F,sitting facing left no arms,5,1.0,1
group057,2,33,3,G,head facing left 2 blocks on head one arm facing down,11,0.0,1
group057,2,34,3,D,vertical facing left arm pointing left,6,1.0,1
group057,2,35,3,E,sitting facing right 2 antlers,5,1.0,1
group057,2,36,4,H,facing right with no visible arms or legs,8,1.0,1
group057,2,37,4,G,facing right with one leg kneeling,6,0.0,1
group057,2,38,4,B,facing right with arms spread out and one leg kneeling,10,1.0,1
group057,2,39,4,F,facing left seating down,4,1.0,1
group057,2,40,4,E,facing right seating down with 2 antlers,7,1.0,1
group057,2,41,4,D,standing facing left with arms forward,6,0.0,1
group057,2,42,4,J,left arm and leg not visible while standing,8,0.0,1
group057,2,43,4,K,kneeling fully with to right arms forward,7,1.0,1
group057,2,44,4,A,"facing left, standing with right leg up",7,0.0,1
group057,2,45,4,I,facing left standing with one leg up and arms spread out,11,1.0,1
group057,2,46,4,L,half kneeling facing right,4,1.0,1
group057,2,47,4,C,tilted to left and arms spreading,6,1.0,1
group057,2,48,5,G,sitting antlers on head antler pointing down,7,0.0,1
group057,2,49,5,K,kneeling pointing to right full kneel,6,1.0,1
group057,2,50,5,A,vertical right leg slightly up,5,1.0,1
group057,2,51,5,L,slight kneel facing right,4,1.0,1
group057,2,52,5,J,vertical right arm pointing to right,6,0.0,1
group057,2,53,5,B,arms outstretched leg kicked to back facing right,8,1.0,1
group057,2,54,5,C,tilted left arms outstretched,4,1.0,1
group057,2,55,5,I,facing left vertical leg high in air,7,1.0,1
group057,2,56,5,F,sitting facing left no arms,5,1.0,1
group057,2,57,5,E,sitting facing right no arms antlers,6,1.0,1
group057,2,58,5,H,sitting no arms or legs,5,1.0,1
group057,2,59,5,D,vertical facing left one arm pointing left,7,1.0,1
group057,2,60,6,L,half kneeling facing right,4,1.0,1
group057,2,61,6,K,full kneeling facing right,4,1.0,1
group057,2,62,6,B,one leg leaned out to left with arms spread out,10,1.0,1
group057,2,63,6,A,"facing right, one leg slightly lifted",6,0.0,1
group057,2,63,6,A,facing left,2,0.0,1
group057,2,64,6,C,tilted to left with arms spread out,7,1.0,1
group057,2,65,6,E,seating facing right and has antlers,6,1.0,1
group057,2,66,6,G,"vertical facing right with one leg kneeling,",7,0.0,1
group057,2,67,6,J,left arm and leg not visible making square,8,0.0,1
group057,2,68,6,H,facing right and no arms and legs visible,8,1.0,1
group057,2,69,6,D,standing facing left with arms forward,6,1.0,1
group057,2,70,6,I,facing left with one leg fully on the air,9,0.0,1
group057,2,71,6,F,seating down facing left with only legs visible,8,1.0,1
group058,4,0,1,A,"Diamond on the top right. Big arm on the left, one leg in the air, other on the ground",19,2.0,3
group058,4,1,1,J,Diamond on top. Body with no real arms or legs. The body is shaped like a boot with the diamond on top.,22,0.0,3
group058,4,1,1,J,Right,1,0.0,3
group058,4,2,1,F,"Looks like a person laying down, facing towards the left. Diamond is slightly tilted on top.",16,1.0,3
group058,4,3,1,D,"Diamond on top, of body, body facing towards left. He is standing up straight, there's one arm pointing left",19,3.0,3
group058,4,4,1,H,"Diamond on top is slightly tilted. The body has no arms or legs, and bends a little in the shape of a hexagon towards the bottom",26,3.0,3
group058,4,4,1,H,Looks like a tombstone of sorts,6,3.0,3
group058,4,4,1,H,with the diamond on top,5,3.0,3
group058,4,5,1,C,Diamond towards the left of the body. Arms are raised to the left and the right separately. The body has a rectangle shape from the bottom on the right side.,30,3.0,3
group058,4,5,1,C,The arms are kite / rhombus shaped.,7,3.0,3
group058,4,6,1,I,Diamond is on top of two triangle shapes. The body has one foot and a triangle shaped tail. It looks like they are bending over 90 degrees.,27,3.0,3
group058,4,6,1,I,To the left,3,3.0,3
group058,4,7,1,K,There is one diamond on top of another diamond that is slightly cut off. The body cuts off the second diamond slightly. Sort of looks like a broken S shape.,30,2.0,3
group058,4,7,1,K,Or a broken 5 shape.,5,2.0,3
group058,4,7,1,K,It is thicker than the other image that also has a 5 shape..,13,2.0,3
group058,4,7,1,K,Standing.,1,2.0,3
group058,4,7,1,K,Facing right.,2,2.0,3
group058,4,8,1,B,A diamond is on top of two isosceles triangles. The triangle on the left has a body with a small triangle on the bottom left.,25,3.0,3
group058,4,9,1,E,Two triangles are on top of a square. The square is on top of a broken right triangle.,18,3.0,3
group058,4,10,1,G,There is a tilted rectangle on the bottom. The body is weird and brokenish. On top there is a square on the left hanging off.,25,3.0,3
group058,4,11,1,L,Diamond on top. Looks like a person is facing right. The body is a 5 / S shape.,18,2.0,3
group058,4,11,1,L,"Kneeling, like they're bending their knees",6,2.0,3
group058,4,12,2,G,"Square on top hanging off to the left, body is broken",11,3.0,3
group058,4,12,2,G,small triangle to the lower right,6,3.0,3
group058,4,13,2,C,"diamond on top, looking like a body of a person raising their arms projected to the left",17,2.0,3
group058,4,14,2,E,"two triangles on top of a diamond/square, like the shadow of a sad rabbit",14,3.0,3
group058,4,15,2,D,"diamond on top, body facing left, looking like a person in a robe with their arm out carrying a tray (to the left)",23,2.0,3
group058,4,16,2,I,"diamond on top of two triangles, looking like a person with wonky thick arms skating to the left with one leg down and one smaller leg out behind them",29,3.0,3
group058,4,17,2,K,"diamond on top of what looks to be another diamond with the bottom right part of it merged with the body. Looking like a person in a robe again, this time kneeling, facing right, and holding out their arm",39,1.0,3
group058,4,17,2,K,"kneeling, but not crouched",4,1.0,3
group058,4,18,2,F,"diamond on top, looking like a person slumped on the floor, facing left, looking dejected",15,3.0,3
group058,4,18,2,F,can't see their arms,4,3.0,3
group058,4,19,2,A,"diamond on the right of the image, looking like a sad angel of a hippo kicking something, facing left",19,3.0,3
group058,4,19,2,A,"no arms, both feet",4,3.0,3
group058,4,20,2,L,"diamond on top, again like a person in a robe, this time facing right, their knees/legs bent but NOT kneeling, holding out an arm to the right",27,3.0,3
group058,4,20,2,L,standing with their knees bent,5,3.0,3
group058,4,21,2,J,"diamond on top, large body beneath it. Left is a straight line all the way down, small variations on the right to the main body",25,2.0,3
group058,4,22,2,H,"diamond on top, large body underneath shaped a bit like a tombstone casting a shadow to the bottom right",19,3.0,3
group058,4,23,2,B,"diamond on top, main body looks like an angel kneeling to the right, with two triangular shapes just under the diamond representing wings",23,3.0,3
group058,4,23,2,B,small triangle bottom left representing feet,6,3.0,3
group058,4,24,3,H,Looks like a tombstone shadowed to the right.,8,2.0,3
group058,4,24,3,H,"Triangle on top, big body.",5,2.0,3
group058,4,24,3,H,Straight up and down,4,2.0,3
group058,4,25,3,A,"Diamond to the right, leg lifted on the left.",9,2.0,3
group058,4,25,3,A,Strange shaped body.,3,2.0,3
group058,4,25,3,A,Diamond is angled.,3,2.0,3
group058,4,25,3,A,Stepping to the left.,4,2.0,3
group058,4,26,3,G,Body looks broken. Diamond to the left side.,8,3.0,3
group058,4,26,3,G,small triangle hanging from right.,5,3.0,3
group058,4,26,3,G,Lower right,2,3.0,3
group058,4,27,3,D,Looks like person standing straight carrying a tray or urn. Facing left.,12,3.0,3
group058,4,28,3,I,looks like a person skating on one leg to the left. Other leg is lifted to the right (small triangle),20,3.0,3
group058,4,28,3,I,Big triangle arms to the left,6,3.0,3
group058,4,29,3,L,looks like a person crouched facing right.,7,2.0,3
group058,4,29,3,L,Looks like knees bent,4,2.0,3
group058,4,30,3,C,Angled to the left with arms outstretched.,7,1.0,3
group058,4,30,3,C,Looks almost ghost-like,3,1.0,3
group058,4,30,3,C,"Neither, angled left. More standing than kneeling though.",8,1.0,3
group058,4,31,3,B,Looks like an angel type figure with triangle hanging to left.,11,3.0,3
group058,4,31,3,B,Correction hanging to right.,4,3.0,3
group058,4,32,3,J,"Diamond in center on top. Left side straight, right side carved out like a vase.",15,3.0,3
group058,4,33,3,E,"Facing right, with two triangles on top of the diamond/square shape.",11,3.0,3
group058,4,33,3,E,Looks like a sitting person.,5,3.0,3
group058,4,34,3,F,"Facing left, looks like a person sitting/slumped with legs bent.",10,3.0,3
group058,4,35,3,K,Diamond straight on top. Appears to face right.,8,1.0,3
group058,4,35,3,K,Looks like kneeling.,3,1.0,3
group058,4,35,3,K,With triangle arm pointed right,5,1.0,3
group058,4,36,4,E,"Looks like sad rabbit, 2 x triangle ears & diamond head, jagged triangle body",14,3.0,3
group058,4,37,4,J,"Diamond head, flat topped body, straight on the left side with two triangles pointing out on the right",18,2.0,3
group058,4,38,4,D,"Looks like someone giving a sermon, standing at a lecturn",10,3.0,3
group058,4,38,4,D,"Diamond head, straight right hand side of body with jutting out on the left",14,3.0,3
group058,4,39,4,L,"Looks like a 5 or S shaped body, figure is crouching with their knees not touching the floor",18,3.0,3
group058,4,39,4,L,Facing to the right,4,3.0,3
group058,4,40,4,F,"Someone sat down, looking dejected, legs out, facing to the left",11,3.0,3
group058,4,41,4,K,"Shape similar to the 5 or S body but knees on the ground this time, facing right",17,3.0,3
group058,4,41,4,K,Almost looks like they have a tail of some sort too,11,3.0,3
group058,4,42,4,G,"Broken body, diamond on the left, small triangle on the lower right",12,3.0,3
group058,4,43,4,I,Looks like someone karate kicking or ice skating,8,3.0,3
group058,4,43,4,I,Leg out to the right,5,3.0,3
group058,4,43,4,I,Two triangles like arms on the left,7,3.0,3
group058,4,44,4,A,"Looks like someone mid walk, one foot mid-raised, facing left, diamond on back",13,3.0,3
group058,4,45,4,H,"Looks like a tombstone, diamond on top and a slight jut out on the right",15,3.0,3
group058,4,46,4,B,"Looks like a dog sat down looking left, pointy nose, ears made up on a diamond and triangle, little triangle bottom left looks like a paw",26,2.0,3
group058,4,46,4,B,diamond and triangle on the right tilted,7,2.0,3
group058,4,47,4,C,Looks like the shadow of someone with their arms in the air,12,3.0,3
group058,4,47,4,C,Falling backwards,2,3.0,3
group058,4,48,5,G,square on top left. Tilted rectangle bottom.,7,1.0,3
group058,4,48,5,G,small triangles on top and bottom right,7,1.0,3
group058,4,49,5,K,S / 5 shaped bottom with tail on bottom left. Two diamonds on top.,14,1.0,3
group058,4,49,5,K,"Not kneeling, down on the floorish.",6,1.0,3
group058,4,50,5,C,"Tilted diamond on top, arms out on left and right. Looks like they're falling.",14,2.0,3
group058,4,51,5,E,The sad bunny,3,2.0,3
group058,4,52,5,H,The tombstone one.,3,2.0,3
group058,4,53,5,L,The 5 / S shaped one but looks like their knees are bent / kneeling. Facing right,17,2.0,3
group058,4,54,5,I,The one that looks like they're skateboarding to the left. Diamond on top of two triangles,16,3.0,3
group058,4,55,5,F,The sad person facing towards the left with their leg out.,11,3.0,3
group058,4,56,5,B,The diamond on top with triangles on left / right. The angel looking one,14,3.0,3
group058,4,57,5,A,"Diamond on the top right with the person facing left with their arms and legs out. One leg is up as they walk, looks like a zombie",27,3.0,3
group058,4,58,5,D,"Diamond on top. Person is facing left, holding a tray",10,3.0,3
group058,4,59,5,J,"Diamond on top. Left side is straight, right side is obstructed, looks like a boot",15,3.0,3
group058,4,59,5,J,"The left side of the body is right, right side has bents in it",14,3.0,3
group058,4,60,6,J,"Diamond on top of a long large body/rectangle. Left side is complete, right side has bits missing",17,3.0,3
group058,4,61,6,F,"sad boy, slumped on the floor facing to the left, legs out",12,2.0,3
group058,4,62,6,G,"diamond on the top left, broken body",7,3.0,3
group058,4,63,6,D,"diamond on top, like a person standing in a robe facing left carrying a tray or an urn",18,3.0,3
group058,4,64,6,B,"diamond on top, like an angel kneeling, wings under the diamond head representing by triangles. facing to the right",19,3.0,3
group058,4,65,6,H,"tombstone. Diamond on top, shadow to the bottom right",9,3.0,3
group058,4,66,6,L,"like a person in a robe facing to the right, knees bent but still standing, holding out an arm to the right",22,2.0,3
group058,4,67,6,E,sad bunny slumped and facing right. diamond head under two triangles.,11,3.0,3
group058,4,68,6,C,shadow of a person with arms out looking like they're falling,11,3.0,3
group058,4,69,6,I,"diamond on top of two triangles, like someone ice skating to the left, arms out to the left with a small leg out to the right",26,3.0,3
group058,4,70,6,K,"like a person in a robe kneeling to the right, with a tail or a foot to the left), arm outstretched to the right as if they were holding a tray",31,2.0,3
group058,4,71,6,A,"Diamond to the top right, like a sad hippo walking to the left, one leg up as if it was mid step",22,3.0,3
group059,4,0,1,L,"Man Kneeling, praying. Not all the way to the ground though",11,2.0,3
group059,4,0,1,L,Also looks like someone doing a squat,7,2.0,3
group059,4,1,1,F,Man looks like he just did a sit up and is in the sitting position,15,3.0,3
group059,4,1,1,F,Knees ^,2,3.0,3
group059,4,1,1,F,Yes round back,3,3.0,3
group059,4,2,1,B,Hard to describe. Sitting facing forward with triangles going <^>,10,3.0,3
group059,4,2,1,B,<^> towards top of image.,5,3.0,3
group059,4,2,1,B,Squared off  a bit on the right,7,3.0,3
group059,4,3,1,C,Man flailing in the wind. Leaning left,7,3.0,3
group059,4,3,1,C,Has no legs,3,3.0,3
group059,4,3,1,C,I guess but no legs,5,3.0,3
group059,4,4,1,D,Man standing to the side with arms out together. Wide sleeves hanging down,13,3.0,3
group059,4,4,1,D,Arms almost look like one,5,3.0,3
group059,4,4,1,D,"No, his legs are together, same with arms",8,3.0,3
group059,4,4,1,D,"No hat, regular head.",4,3.0,3
group059,4,5,1,K,"Man facing right, on knees. Praying.",6,3.0,3
group059,4,5,1,K,Knees all the way on the ground,7,3.0,3
group059,4,6,1,A,"Man looks like he's doing the ""thriller"" dance, his head behind him",12,3.0,3
group059,4,6,1,A,"Zombie pose to the left, his head to the right",10,3.0,3
group059,4,6,1,A,"Legs are apart to step, arms are together",8,3.0,3
group059,4,6,1,A,One leg up,3,3.0,3
group059,4,7,1,J,Square blob with head on top,6,3.0,3
group059,4,7,1,J,Squared off on left and cut outs on right side,10,3.0,3
group059,4,7,1,J,Head is straight on body,5,3.0,3
group059,4,8,1,H,Monk blob?,2,3.0,3
group059,4,8,1,H,No visible arms or legs,5,3.0,3
group059,4,8,1,H,Maybe sitting cross legged with one knee bent outwards,9,3.0,3
group059,4,8,1,H,Knee bend to the right,5,3.0,3
group059,4,8,1,H,Yes looks like looking up,5,3.0,3
group059,4,8,1,H,> on right side,4,3.0,3
group059,4,9,1,I,Man standing on one leg,5,3.0,3
group059,4,9,1,I,The other behind him,4,3.0,3
group059,4,9,1,I,"Two arms out, but apart",5,3.0,3
group059,4,10,1,G,Man on one knee,4,3.0,3
group059,4,10,1,G,Arms up,2,3.0,3
group059,4,10,1,G,Back arched,2,3.0,3
group059,4,10,1,G,Looking up,2,3.0,3
group059,4,10,1,G,Head is a square because of position,7,3.0,3
group059,4,10,1,G,"Body is facing right, arms right",6,3.0,3
group059,4,11,1,E,BUNNY EARS,2,3.0,3
group059,4,12,2,E,Bunny ears,2,3.0,3
group059,4,13,2,A,"Thriller dance, standing on one leg with other one up, both arms out, body facing left head facing right",19,3.0,3
group059,4,14,2,J,Looks like a square with edges on the right and head central,12,3.0,3
group059,4,14,2,J,Chalice cut to the right,5,3.0,3
group059,4,14,2,J,Head is normal diamond,4,3.0,3
group059,4,15,2,I,"Skating one, standing on one leg, arms out to the left, one leg and head facing the right",18,3.0,3
group059,4,16,2,G,"Person on one knee, leg and arms out to the right, head facing left",14,2.0,3
group059,4,16,2,G,Head looking more square,4,2.0,3
group059,4,17,2,F,"Person sitting down, legs and head facing to the left, knees bent",12,2.0,3
group059,4,17,2,F,No arms,2,2.0,3
group059,4,18,2,C,"Looks like a person falling, no legs and arms out on either side",13,3.0,3
group059,4,18,2,C,The snow angel looking one,5,3.0,3
group059,4,19,2,D,Person standing with arms and legs together facing the left,10,3.0,3
group059,4,19,2,D,Arms held out like a beggar,6,3.0,3
group059,4,19,2,D,Long sleeves,2,3.0,3
group059,4,20,2,B,"Tough one, looks like a person kneeling, arms out on either side and head looking to the right",18,3.0,3
group059,4,20,2,B,Small triangle on the bottom left,6,3.0,3
group059,4,20,2,B,Head is a bit to the right and there's a small triangle on the bottom left that looks like a foot,21,3.0,3
group059,4,20,2,B,I would say he's looking to the right,8,3.0,3
group059,4,21,2,K,"Person kneeling looks like prayer, head and arms facing right, legs up behind him",14,3.0,3
group059,4,21,2,K,Yeah back looks like a diamond,6,3.0,3
group059,4,21,2,K,Not the squat one the other one,7,3.0,3
group059,4,22,2,L,The prayer one head and arms to the right and looks like a squat,14,3.0,3
group059,4,22,2,L,Knees bent to the right like >,7,3.0,3
group059,4,23,2,H,Looks like a blob no legs or arms,8,3.0,3
group059,4,24,3,L,Man kneeling/squatting like to pray. Legs are perfectly bent in this position: >,13,3.0,3
group059,4,24,3,L,Facing the right.,3,3.0,3
group059,4,24,3,L,Hands outstretched to the right.,5,3.0,3
group059,4,25,3,I,Ice skating man.,3,3.0,3
group059,4,26,3,H,The Blob. No legs/arms.,4,3.0,3
group059,4,27,3,J,"Left side is entirely straight, with right side having angular/chalice-like cutouts.",11,3.0,3
group059,4,28,3,G,This is one of the wonky ones.,7,3.0,3
group059,4,28,3,G,His normally diamond-shaped head is like a square.,8,3.0,3
group059,4,28,3,G,"Arms on the right, both triangle shaped.",7,3.0,3
group059,4,28,3,G,"Sort of kneeling, I guess? With his legs at the bottom left.",12,3.0,3
group059,4,29,3,K,"The man kneeling with arms stretched out on the right. There's a diamond bit on the left, like his legs are up, and he has a hunchback/diamond-shaped back right below his head.",32,3.0,3
group059,4,29,3,K,I'd say he's facing the right.,6,3.0,3
group059,4,30,3,F,"Sorry I keep forgetting shapes and using diamonds/triangles interchangeably, lol",10,3.0,3
group059,4,30,3,F,"It's the man doing a sit-up, facing the left.",9,3.0,3
group059,4,30,3,F,"Legs together, looks almost like he's holding them.",8,3.0,3
group059,4,31,3,C,"Snow angel, or, man falling/flailing.",5,3.0,3
group059,4,31,3,C,Arms out on either side.,5,3.0,3
group059,4,32,3,D,"It's the pope guy, ahha. Facing left, legs together, arms stretched out.",12,3.0,3
group059,4,32,3,D,"Arms on the left, with robe(?) dangling.",7,3.0,3
group059,4,33,3,B,"It's another weird shape. The one with three triangles <^>, and a small triangle on the bottom left.",18,2.0,3
group059,4,34,3,A,Thriller,1,3.0,3
group059,4,35,3,E,Bunny ears,2,3.0,3
group059,4,36,4,B,kneeling with foot out to the left,7,1.0,3
group059,4,37,4,G,"crawling man, head is to the left",7,3.0,3
group059,4,37,4,G,arms are both to the right,6,3.0,3
group059,4,38,4,A,thriller,1,1.0,3
group059,4,39,4,C,snow angel,2,2.0,3
group059,4,40,4,E,bunny ears,2,2.0,3
group059,4,41,4,H,blob,1,3.0,3
group059,4,42,4,L,squats,1,3.0,3
group059,4,43,4,I,ice skater,2,2.0,3
group059,4,44,4,D,begger or pope,3,3.0,3
group059,4,45,4,F,TV kid,2,2.0,3
group059,4,46,4,K,praying,1,3.0,3
group059,4,47,4,J,chalice,1,2.0,3
group059,4,48,5,L,Squats,1,3.0,3
group059,4,49,5,G,"Harder one, square head",4,3.0,3
group059,4,49,5,G,Facing right,2,3.0,3
group059,4,50,5,K,Praying,1,3.0,3
group059,4,50,5,K,Legs behind,2,3.0,3
group059,4,51,5,I,Ice skating,2,3.0,3
group059,4,52,5,E,Bunny ears,2,3.0,3
group059,4,53,5,H,Blob,1,2.0,3
group059,4,54,5,F,TV kid,2,3.0,3
group059,4,55,5,B,The other hard one with the foot on the left,10,3.0,3
group059,4,55,5,B,< ^ >,3,3.0,3
group059,4,56,5,C,Snow angel falling guy,4,2.0,3
group059,4,57,5,D,Pope,1,3.0,3
group059,4,58,5,J,Chalice square,2,3.0,3
group059,4,59,5,A,Thriller,1,2.0,3
group059,4,60,6,K,Praying,1,3.0,3
group059,4,60,6,K,Legs behind,2,3.0,3
group059,4,61,6,A,Thriller,1,3.0,3
group059,4,62,6,H,Blov,1,3.0,3
group059,4,62,6,H,Blob,1,3.0,3
group059,4,63,6,F,Tv kid,2,2.0,3
group059,4,64,6,G,Crawling one,2,2.0,3
group059,4,65,6,D,Pope,1,3.0,3
group059,4,66,6,E,Bunny ears,2,2.0,3
group059,4,67,6,J,Chalice,1,2.0,3
group059,4,68,6,I,Ice skating,2,2.0,3
group059,4,69,6,B,"Weird kneeling one, small foot on left",7,3.0,3
group059,4,69,6,B,<^> one,2,3.0,3
group059,4,70,6,C,Falling snow angel one,4,2.0,3
group059,4,71,6,L,Squats,1,2.0,3
group060,4,0,1,J,"this one has a diamond on top, with a flat horizontal line directly under it",15,2.0,3
group060,4,1,1,K,this one almost looks like it's kneeling with hands outstretched,10,1.0,3
group060,4,2,1,A,this one has one foot in the air like it's walking,11,3.0,3
group060,4,2,1,A,and one foot planted firmly on the ground,8,3.0,3
group060,4,2,1,A,with a diamond on the right side,7,3.0,3
group060,4,3,1,L,"this one also looks like it's kneeling with hands outstretched to the right, but the knees are up in the air a little, and the back is flat",28,3.0,3
group060,4,4,1,C,almost looks like someone slipped and is falling backward with hands in the air,14,3.0,3
group060,4,5,1,F,"looks like they're sitting down with knees up, facing left",10,3.0,3
group060,4,6,1,H,"this one you can't really see the feet, hard to tell if they're sitting or what",16,3.0,3
group060,4,6,1,H,"right i think, and nothing on top of the head, no hat",12,3.0,3
group060,4,7,1,I,"standing on one leg with the other leg high in the air, facing left, hands outstretched to the left",19,3.0,3
group060,4,7,1,I,the leg in the air is on the right,9,3.0,3
group060,4,8,1,D,"i guess this one is standing, facing left, with hand outstretched to the left",14,3.0,3
group060,4,9,1,E,"sitting down, facing right, with the hat thing on its head",11,3.0,3
group060,4,10,1,B,"i don't know what this one is...foot on the left, and there's a triangle coming off the head on the right side",22,2.0,3
group060,4,10,1,B,i guess one hand on the left,7,2.0,3
group060,4,10,1,B,there's not really a right foot visible,7,2.0,3
group060,4,10,1,B,i'm not sure if that's the arm up by the head,11,2.0,3
group060,4,11,1,G,"this looks like its striking a pose or something, on foot outstretched behind him and the other close in front, facing right, one hand kind of up in the air by the head",33,3.0,3
group060,4,11,1,G,head tilted back to the left,6,3.0,3
group060,4,12,2,F,"Ok, this is the one who's sitting down, facing left, knees up.",12,3.0,3
group060,4,13,2,I,"Left facing, arms high, one leg out behind them. Like they're ice skating.",13,3.0,3
group060,4,14,2,D,Left facing. Arms and hands out as though begging.,9,3.0,3
group060,4,15,2,E,The crazy hat person lol.,5,3.0,3
group060,4,16,2,L,"Right facing, knees bent but not fully kneeling. Arms out in front. Maybe like they're skiing?",16,3.0,3
group060,4,17,2,A,Zombie person.,2,3.0,3
group060,4,18,2,J,"One of the more awkward shapes. Head is in the center top. Looks like a square body on the left, but had a pointy arm thing on the top right.",30,2.0,3
group060,4,18,2,J,and a sort of foot on the bottom right too.,10,2.0,3
group060,4,19,2,K,Right facing. Looking like they're begging with maybe a hoodie on. Knees bent.,13,3.0,3
group060,4,19,2,K,Arms out in front.,4,3.0,3
group060,4,20,2,C,This is the one who's slipping over.,7,2.0,3
group060,4,20,2,C,Falling backwards. Arms in the air.,6,2.0,3
group060,4,21,2,B,Awkward one this. Head is off center slightly...,8,2.0,3
group060,4,21,2,B,Foot/leg sticking out at the left,6,2.0,3
group060,4,21,2,B,two triangles below the head.,5,2.0,3
group060,4,21,2,B,Maybe kneeling,2,2.0,3
group060,4,22,2,G,The one who looks like they're striking a pose. Big thick leg sticking out behind them to the left. Head tilted back,22,3.0,3
group060,4,22,2,G,to the left,3,3.0,3
group060,4,23,2,H,No arms or legs visible. Maybe sitting or leaning up against something,12,3.0,3
group060,4,24,3,F,"facing left, knees up",4,3.0,3
group060,4,25,3,C,the one that's falling backwards,5,3.0,3
group060,4,26,3,G,the one striking a pose,5,2.0,3
group060,4,27,3,E,weird hat one,3,3.0,3
group060,4,28,3,K,"facing right, hands outstretched, looks like its kneeling",8,3.0,3
group060,4,28,3,K,feet kind of in the air on the left,9,3.0,3
group060,4,29,3,D,"facing left, hands out like its begging",7,3.0,3
group060,4,29,3,D,standing up,2,3.0,3
group060,4,29,3,D,can see the feet on the left,7,3.0,3
group060,4,30,3,B,kneeling with arms stretched out,5,1.0,3
group060,4,30,3,B,facing left,2,1.0,3
group060,4,30,3,B,can see the foot on the left,7,1.0,3
group060,4,31,3,L,"this one's kneeling but not completely, arms stretched out, facing right",11,3.0,3
group060,4,31,3,L,kind of looks like its skiing,6,3.0,3
group060,4,32,3,I,"this one is facing left, one foot in the air",10,2.0,3
group060,4,32,3,I,looks like its skating,4,2.0,3
group060,4,33,3,A,zombie one,2,3.0,3
group060,4,34,3,J,horizontal line below the head,5,2.0,3
group060,4,34,3,J,can see a hand a foot on the right side i guess,12,2.0,3
group060,4,34,3,J,left side of body is a straight line,8,2.0,3
group060,4,35,3,H,the one with no arms,5,2.0,3
group060,4,36,4,I,the one skating facing left,5,3.0,3
group060,4,37,4,L,the one pointing right looking like its skiing,8,3.0,3
group060,4,38,4,A,the zombie,2,3.0,3
group060,4,39,4,E,funny hat one,3,3.0,3
group060,4,40,4,J,the diamond on the hill,5,1.0,3
group060,4,41,4,D,"the one facing left, with his arms out",8,3.0,3
group060,4,42,4,B,the arm is on the left with the head on top and the  triangle on the right,17,3.0,3
group060,4,43,4,H,no arms or legs guy,5,3.0,3
group060,4,44,4,C,falling back guy with his hands arms out,8,3.0,3
group060,4,45,4,G,striking a pose,3,3.0,3
group060,4,46,4,F,kind of looks like he's in the middle of crunches,10,3.0,3
group060,4,46,4,F,facing left,2,3.0,3
group060,4,47,4,K,"facing right, feet facing left, looks like begging",8,3.0,3
group060,4,48,5,H,no arms or feet,4,3.0,3
group060,4,49,5,F,sitting down with knees up facing left,7,2.0,3
group060,4,50,5,J,the short guy with horizontal line below head,8,2.0,3
group060,4,50,5,J,left side is a straight line,6,2.0,3
group060,4,51,5,G,striking a pose,3,3.0,3
group060,4,52,5,K,"facing right, arms out like begging",6,3.0,3
group060,4,53,5,E,crazy hat guy!,3,3.0,3
group060,4,54,5,L,the one that's skiing,4,3.0,3
group060,4,54,5,L,"facing right, knees bent",4,3.0,3
group060,4,55,5,A,zombie,1,2.0,3
group060,4,56,5,I,"the skater, facing left, leg up and pointed to the right",11,3.0,3
group060,4,57,5,B,"the awkward one, head off center, leg on the left, arm on the left",14,3.0,3
group060,4,57,5,B,triangle on the right,4,3.0,3
group060,4,58,5,D,"begging, facing left, arms outstretched",5,3.0,3
group060,4,59,5,C,the falling one with no feet,6,3.0,3
group060,4,60,6,H,No arms or legs,4,3.0,3
group060,4,61,6,I,Ice skater. Facing left.,4,3.0,3
group060,4,62,6,A,Zombie!,1,3.0,3
group060,4,63,6,K,Begging facing right.,3,2.0,3
group060,4,64,6,B,Awkward guy. Head off center.,5,2.0,3
group060,4,65,6,J,Horizontal line under head.,4,3.0,3
group060,4,65,6,J,And straight line for left side of body,8,3.0,3
group060,4,66,6,L,Skiing facing right. Knees bent.,5,2.0,3
group060,4,67,6,C,Falling backwards guy!,3,2.0,3
group060,4,68,6,F,"Sitting facing left, knees up.",5,3.0,3
group060,4,69,6,G,Strike a pose.,3,3.0,3
group060,4,70,6,D,Begging facing left.,3,3.0,3
group060,4,71,6,E,Crazy hat person,3,3.0,3
group061,4,0,1,A,The picture looks like it's carrying a flag over its shoulder,11,1.0,3
group061,4,1,1,F,The picture looks like it's sitting on its butt with its feet in front of it,16,3.0,3
group061,4,2,1,D,The picture looks like a monk carrying a tray standing up straight,12,3.0,3
group061,4,3,1,I,"Picture looks like it has 2 hands going forward, standing on one leg and kicking the right leg out back",20,3.0,3
group061,4,4,1,J,This picture looks like a square standing on one of the corners and it looks like it is sitting on a bar,22,0.0,3
group061,4,5,1,L,Picture looks like a person facing right  with their knees bent and looks like they are holding a tray,19,2.0,3
group061,4,5,1,L,squat,1,2.0,3
group061,4,6,1,G,Picture looks like it is facing left. Feet extended in front of it. Maybe one hand resting on floor and one hand in air,24,1.0,3
group061,4,7,1,B,Picture looks like its facing right. Looks like it is kneeling. And there's a triangle attached to the square,19,2.0,3
group061,4,8,1,C,Picture looks like a person falling left. Looks like they are falling and have their arms extended out to the left and right like they are going to use their hands and arms to catch themselves,36,3.0,3
group061,4,9,1,K,Picture looks like a person kneeling on the floor and is holding a tray in front of them. They are facing right,22,3.0,3
group061,4,10,1,H,Picture has a square on top with one corner attached to a triangle. Then the triangle is attached to a square and the square is connected to a pentagon,29,0.0,3
group061,4,11,1,E,This one looks like a rabbit facing right,8,1.0,3
group061,4,12,2,J,diamond point on a long line,6,1.0,3
group061,4,12,2,J,hands point out,3,1.0,3
group061,4,13,2,F,"facing left,sitting down position on floor",6,3.0,3
group061,4,14,2,D,monk position with tray facing left,6,3.0,3
group061,4,15,2,G,"left position, right hand up left hand down",8,1.0,3
group061,4,16,2,B,"facing left, sitting down w hands out left",8,1.0,3
group061,4,16,2,B,and triangle on square,4,1.0,3
group061,4,17,2,I,"figure skater pose, standing on one leg",7,3.0,3
group061,4,18,2,H,"seated, middle body has no attachments",6,2.0,3
group061,4,18,2,H,diamond point head,3,2.0,3
group061,4,18,2,H,right below diamond,3,2.0,3
group061,4,19,2,K,seated at a table,4,1.0,3
group061,4,19,2,K,triangle at the bottom as chair,6,1.0,3
group061,4,20,2,C,leaning left with both arms up,6,3.0,3
group061,4,20,2,C,as if falling,3,3.0,3
group061,4,21,2,L,"squat position, facing right",4,2.0,3
group061,4,22,2,A,"zombie walk, standing on one foot",6,2.0,3
group061,4,23,2,E,2 triangle on top of square,6,3.0,3
group061,4,24,3,G,"facing right, hands up, one leg up. Looks like a dancer",11,3.0,3
group061,4,25,3,F,"seated on ground facing left, legs out",7,2.0,3
group061,4,26,3,I,figure skater on one leg,5,2.0,3
group061,4,27,3,E,two triangles on top attached to a square,8,3.0,3
group061,4,28,3,A,zombie,1,3.0,3
group061,4,29,3,J,diamond head with straight edge left,6,3.0,3
group061,4,29,3,J,"the left side of the body is straight, like a wall",11,3.0,3
group061,4,29,3,J,or like 1 side of a cube,7,3.0,3
group061,4,30,3,B,"diamond on top, triangle attached to diamond on the right",10,3.0,3
group061,4,31,3,D,monk with tray facing left,5,2.0,3
group061,4,32,3,H,"hooded figure, with wind blowing the bottom of the cloak right",11,0.0,3
group061,4,32,3,H,"diamond head, attached to a large 7 sided shape",9,0.0,3
group061,4,32,3,H,no attachments,2,0.0,3
group061,4,33,3,L,seated at table facing right,5,2.0,3
group061,4,34,3,C,falling figure,2,1.0,3
group061,4,34,3,C,"facing right, hands out in a Y",7,1.0,3
group061,4,35,3,K,Monk sitting down on triangle base facing right with tray in hand.,12,1.0,3
group061,4,36,4,I,figure skater,2,3.0,3
group061,4,37,4,E,two triangles at the very top,6,3.0,3
group061,4,38,4,J,facing right straight back,4,3.0,3
group061,4,38,4,J,back is straight line,4,3.0,3
group061,4,39,4,H,"squatting, body is square facing right",6,0.0,3
group061,4,40,4,L,facing right squatting with tray,5,3.0,3
group061,4,41,4,C,falling left hands held up,5,2.0,3
group061,4,42,4,K,"kneeling with tray, facing right with a tail on the left",11,3.0,3
group061,4,43,4,B,"facing right, kneeling throwing up a triangle",7,2.0,3
group061,4,44,4,D,"facing left holding a tray, standing",6,3.0,3
group061,4,45,4,F,"sitting on butt, facing left",5,3.0,3
group061,4,46,4,G,kneeling facing right and falling to the right. one arm up and one down,14,3.0,3
group061,4,47,4,A,"bear with a flag, facing left, marching",7,2.0,3
group061,4,47,4,A,figure then. one leg up,5,2.0,3
group061,4,48,5,C,falling left,2,3.0,3
group061,4,49,5,I,figure skater,2,2.0,3
group061,4,50,5,A,zombie with flag,3,3.0,3
group061,4,51,5,B,"facing right, kneeling and vomiting a triangle",7,3.0,3
group061,4,52,5,G,"facing left, feet in front to left, one hand in air and other on floor",15,2.0,3
group061,4,53,5,L,"facing right, knees bent, holding tray",6,2.0,3
group061,4,54,5,H,"diamond on top sitting on top of a triangle, no extremities,",11,2.0,3
group061,4,55,5,F,facing left sitting on butt,5,3.0,3
group061,4,56,5,K,"Monk kneeling facing right, holding tray",6,2.0,3
group061,4,57,5,J,"Diamond sitting on top of bar, facing right, left side is straight, or Diamond sitting on 7 sided figure",19,2.0,3
group061,4,58,5,E,rabbit facing right,3,2.0,3
group061,4,59,5,D,"Monk facing left, standing straight, holding tray",7,3.0,3
group061,4,60,6,C,leaning left,2,3.0,3
group061,4,61,6,I,figure skater,2,3.0,3
group061,4,62,6,G,one hand up right hand down,6,2.0,3
group061,4,62,6,G,seated facing left,3,2.0,3
group061,4,63,6,J,left whole side is straight,5,3.0,3
group061,4,64,6,E,2 trigangres at very top,5,2.0,3
group061,4,65,6,B,seated facing left with triangle on the head,8,1.0,3
group061,4,66,6,H,seated right with no attachments,5,2.0,3
group061,4,66,6,H,no extremities,2,2.0,3
group061,4,67,6,D,monk facing left,3,3.0,3
group061,4,68,6,A,zombie,1,2.0,3
group061,4,69,6,K,kneeling with tray on right,5,2.0,3
group061,4,70,6,L,squatting with tray on right,5,3.0,3
group061,4,71,6,F,sitting on but,3,2.0,3
group061,4,71,6,F,left,1,2.0,3
group062,5,0,1,L,the person is facing the right,6,3.0,4
group062,5,0,1,L,with their knees bent,4,3.0,4
group062,5,0,1,L,it looks like their hands are out facing the right,10,3.0,4
group062,5,0,1,L,"not feet flicking up, it looks like they have their knees bent",12,3.0,4
group062,5,1,1,I,"This looks like a person balancing on one leg, with one leg sticking up",14,4.0,4
group062,5,1,1,I,They're facing left with two hands out towards the left,10,4.0,4
group062,5,2,1,C,This person looks like a diagonal,6,4.0,4
group062,5,2,1,C,they have both arms out,5,4.0,4
group062,5,2,1,C,in the air yes,4,4.0,4
group062,5,2,1,C,you can't see their legs,5,4.0,4
group062,5,3,1,A,This person's body is straight with their head tilted back,10,4.0,4
group062,5,3,1,A,one leg is down and one leg is up,9,4.0,4
group062,5,3,1,A,their legs and arms are facing left,7,4.0,4
group062,5,4,1,K,This looks like someone kneeling straight,6,4.0,4
group062,5,4,1,K,facing right,2,4.0,4
group062,5,4,1,K,with arms out also facing right,6,4.0,4
group062,5,4,1,K,not the same one,4,4.0,4
group062,5,4,1,K,the feet are flicking up,5,4.0,4
group062,5,5,1,F,a person sitting down slightly slouched,6,3.0,4
group062,5,5,1,F,facing left with their legs bent,6,3.0,4
group062,5,6,1,H,a person sitting straight facing right,6,2.0,4
group062,5,6,1,H,their legs and arms aren't visible,6,2.0,4
group062,5,6,1,H,no triangles on their head,5,2.0,4
group062,5,6,1,H,there isn't really anything pointy coming out of them,9,2.0,4
group062,5,6,1,H,yes it looks a bit blocky,6,2.0,4
group062,5,7,1,J,this one was guessed last round,6,1.0,4
group062,5,7,1,J,they're also sitting straight facing right,6,1.0,4
group062,5,7,1,J,no triangles coming out of their head,7,1.0,4
group062,5,7,1,J,but arms and legs are pointing out towards the right,10,1.0,4
group062,5,8,1,B,this looks like a person kneeling with both arms extended,10,4.0,4
group062,5,8,1,B,they're facing right,3,4.0,4
group062,5,8,1,B,arms out on both sides of the body,8,4.0,4
group062,5,9,1,G,this is a person kneeling with both arms out on the same side,13,4.0,4
group062,5,9,1,G,"both arms are facing right, one is higher and one is lower",12,4.0,4
group062,5,10,1,E,This is the triangle head person,6,4.0,4
group062,5,11,1,D,this is a person standing straight facing left,8,4.0,4
group062,5,11,1,D,with their arms and feet pointing left,7,4.0,4
group062,5,12,2,C,The man has both his hands in the air,9,4.0,4
group062,5,12,2,C,leaning left,2,4.0,4
group062,5,13,2,I,The man looks like he's ice skating,7,4.0,4
group062,5,13,2,I,both arms facing left,4,4.0,4
group062,5,13,2,I,one leg on the ground and one lifted,8,4.0,4
group062,5,14,2,J,This guy has a very block body. Small arms and small legs,12,3.0,4
group062,5,14,2,J,Yes he's facing right,4,3.0,4
group062,5,14,2,J,Square guy it is,4,3.0,4
group062,5,15,2,F,This guy is sitting down with his knees bent,9,4.0,4
group062,5,15,2,F,facing left,2,4.0,4
group062,5,16,2,B,This ones the weird one with one arm left one right,11,4.0,4
group062,5,16,2,B,the right arm is detached,5,4.0,4
group062,5,17,2,G,This one is kneeling with both arms facing right,9,4.0,4
group062,5,17,2,G,One higher and one lower,5,4.0,4
group062,5,17,2,G,Sort of like a horse,5,4.0,4
group062,5,18,2,A,This one has an arm and leg in the air to the left,13,4.0,4
group062,5,18,2,A,One foot on the ground,5,4.0,4
group062,5,18,2,A,Not ice skater,3,4.0,4
group062,5,18,2,A,yes zombie lol,3,4.0,4
group062,5,19,2,L,This one has his knees bent and is facing the right,11,4.0,4
group062,5,19,2,L,No flicky foot,3,4.0,4
group062,5,20,2,H,This guy is similar to the blocky guy but without any arms,12,4.0,4
group062,5,20,2,H,Sitting straight,2,4.0,4
group062,5,21,2,D,This guy is facing the left with the long sleeves,10,2.0,4
group062,5,22,2,K,This is the kneeling guy but with the flicky foot,10,3.0,4
group062,5,23,2,E,This is the one with the triangle ears,8,4.0,4
group062,5,23,2,E,like a bunny,3,4.0,4
group062,5,24,3,D,sleeve guy,2,3.0,4
group062,5,24,3,D,facing left,2,3.0,4
group062,5,25,3,H,looks like the letter i,5,4.0,4
group062,5,25,3,H,"facing right, not real arms or legs",7,4.0,4
group062,5,26,3,E,good ol triangle head,4,3.0,4
group062,5,27,3,A,zombie,1,3.0,4
group062,5,28,3,I,ice skater,2,3.0,4
group062,5,29,3,G,"facing right, one arm high, the other low",8,3.0,4
group062,5,29,3,G,horse,1,3.0,4
group062,5,30,3,K,"kneeling, flicky foot",3,4.0,4
group062,5,31,3,L,squatting,1,4.0,4
group062,5,31,3,L,facing right,2,4.0,4
group062,5,31,3,L,no flicky foot,3,4.0,4
group062,5,32,3,F,"slouching guy, looking left",4,4.0,4
group062,5,32,3,F,looks sad,2,4.0,4
group062,5,33,3,B,this dude is praising,4,4.0,4
group062,5,33,3,B,detached right arm,3,4.0,4
group062,5,33,3,B,facing right,2,4.0,4
group062,5,33,3,B,knee slide,2,4.0,4
group062,5,34,3,J,square man,2,4.0,4
group062,5,35,3,C,diagonal dude,2,3.0,4
group062,5,36,4,K,flicky feet,2,2.0,4
group062,5,36,4,K,kneeling,1,2.0,4
group062,5,37,4,F,sad guy,2,3.0,4
group062,5,37,4,F,slouching,1,3.0,4
group062,5,37,4,F,left,1,3.0,4
group062,5,38,4,L,squatter,1,2.0,4
group062,5,39,4,A,zombie,1,3.0,4
group062,5,40,4,H,"blocky, no arms or legs",5,4.0,4
group062,5,40,4,H,looks like i,3,4.0,4
group062,5,41,4,E,mr triangle head,3,4.0,4
group062,5,42,4,D,big sleeves,2,1.0,4
group062,5,42,4,D,he looks academic,3,1.0,4
group062,5,43,4,I,skater,1,4.0,4
group062,5,43,4,I,ice skater,2,4.0,4
group062,5,44,4,C,mr diagonal,2,3.0,4
group062,5,45,4,G,horse,1,1.0,4
group062,5,45,4,G,one arm up,3,1.0,4
group062,5,45,4,G,one down,2,1.0,4
group062,5,46,4,J,square,1,3.0,4
group062,5,46,4,J,arm and leg out right,5,3.0,4
group062,5,47,4,B,one arm each way,4,4.0,4
group062,5,47,4,B,right detached,2,4.0,4
group062,5,48,5,D,long sleeves,2,3.0,4
group062,5,48,5,D,facing left,2,3.0,4
group062,5,49,5,B,right arm detached,3,4.0,4
group062,5,50,5,E,triangle head ftw!,3,4.0,4
group062,5,51,5,I,ice skater,2,3.0,4
group062,5,52,5,G,horse,1,3.0,4
group062,5,53,5,C,diagonal man,2,3.0,4
group062,5,54,5,K,"flicky feet, kneeling",3,3.0,4
group062,5,55,5,F,"sitting down, sad guy",4,2.0,4
group062,5,56,5,L,"squatting, facing right",3,4.0,4
group062,5,57,5,J,"blocky, one arm and one leg out",7,1.0,4
group062,5,58,5,H,"square, no arms and no legs",6,4.0,4
group062,5,59,5,A,zombie,1,1.0,4
group062,5,60,6,B,"triangle arms, right arm detached",5,4.0,4
group062,5,61,6,F,sad guy,2,4.0,4
group062,5,61,6,F,slouching,1,4.0,4
group062,5,62,6,K,flicky feet,2,2.0,4
group062,5,63,6,J,square guy,2,3.0,4
group062,5,63,6,J,one arm one leg right,5,3.0,4
group062,5,64,6,H,i guy,2,3.0,4
group062,5,65,6,D,big sleeves,2,2.0,4
group062,5,65,6,D,academic man,2,2.0,4
group062,5,65,6,D,facing left,2,2.0,4
group062,5,66,6,L,squatter facing right,3,1.0,4
group062,5,67,6,G,"horse, one arm up one down",6,3.0,4
group062,5,68,6,E,triangle head<3,2,4.0,4
group062,5,69,6,A,this is zombie,3,3.0,4
group062,5,70,6,C,diagonal guy,2,2.0,4
group062,5,71,6,I,ice skater,2,4.0,4
group063,5,0,1,E,"two triangles at the top, with a square",8,4.0,4
group063,5,0,1,E,two triangles joined at the corner of a square,9,4.0,4
group063,5,1,1,B,ok a square a the top,6,1.0,4
group063,5,1,1,B,there's a triangle that intersects the square on the left,10,1.0,4
group063,5,1,1,B,one of the corners of that triangle touches one of the corners of the square,15,1.0,4
group063,5,1,1,B,it's kinda a weird shape,5,1.0,4
group063,5,1,1,B,12 sides,2,1.0,4
group063,5,1,1,B,it's like one shape,4,1.0,4
group063,5,1,1,B,doesn't look like praying to me,6,1.0,4
group063,5,1,1,B,ok i see the praying kinda,6,1.0,4
group063,5,1,1,B,praying kinda in the image,5,1.0,4
group063,5,1,1,B,on the left,3,1.0,4
group063,5,1,1,B,its that one,3,1.0,4
group063,5,1,1,B,triangle on the right,4,1.0,4
group063,5,2,1,F,ok it's a person sitting,5,3.0,4
group063,5,2,1,F,legs up at like a 45 degree angle,8,3.0,4
group063,5,3,1,L,this guy is kinda crouching,5,4.0,4
group063,5,3,1,L,10 without the square,4,4.0,4
group063,5,3,1,L,at the top,3,4.0,4
group063,5,3,1,L,crouching,1,4.0,4
group063,5,3,1,L,not on knees,3,4.0,4
group063,5,4,1,C,he has both arms out,5,4.0,4
group063,5,4,1,C,leaning to the left,4,4.0,4
group063,5,4,1,C,body is some weird parallelogram,5,4.0,4
group063,5,4,1,C,two arms out to either side,6,4.0,4
group063,5,4,1,C,like a tilted y,4,4.0,4
group063,5,5,1,A,one leg higher than the other,6,4.0,4
group063,5,5,1,A,head facing right but body facing left,7,4.0,4
group063,5,5,1,A,yes head is square,4,4.0,4
group063,5,5,1,A,the legs are most distinctive,5,4.0,4
group063,5,5,1,A,the feature,2,4.0,4
group063,5,5,1,A,one leg lifted,3,4.0,4
group063,5,6,1,K,ok it looks like a woman in a dress praying,10,4.0,4
group063,5,6,1,K,facing right,2,4.0,4
group063,5,6,1,K,kneeling,1,4.0,4
group063,5,6,1,K,but it's a triangle,4,4.0,4
group063,5,6,1,K,but kinda a rectangle,4,4.0,4
group063,5,6,1,K,her hands are straight out,5,4.0,4
group063,5,7,1,D,ok kinda like the last one,6,4.0,4
group063,5,7,1,D,but facing the other way,5,4.0,4
group063,5,7,1,D,and is a dude,4,4.0,4
group063,5,7,1,D,and is standing,3,4.0,4
group063,5,7,1,D,standing straight up,3,4.0,4
group063,5,7,1,D,arms straight out,3,4.0,4
group063,5,7,1,D,holding hands out,3,4.0,4
group063,5,8,1,I,one leg out,3,3.0,4
group063,5,8,1,I,facing to the left,4,3.0,4
group063,5,8,1,I,leg looks like a triangle,5,3.0,4
group063,5,9,1,J,this dude has a weird body,6,4.0,4
group063,5,9,1,J,like really thicc,3,4.0,4
group063,5,9,1,J,standing up,2,4.0,4
group063,5,9,1,J,facing right,2,4.0,4
group063,5,9,1,J,the left side of body is one line,8,4.0,4
group063,5,10,1,H,no legs,2,3.0,4
group063,5,10,1,H,facing to the right i think,6,3.0,4
group063,5,10,1,H,no arms either,3,3.0,4
group063,5,11,1,G,one person got wrong last round,6,4.0,4
group063,5,11,1,G,ok body facing right,4,4.0,4
group063,5,11,1,G,two triangles,2,4.0,4
group063,5,11,1,G,on the right side,4,4.0,4
group063,5,11,1,G,for hands/feet,2,4.0,4
group063,5,11,1,G,kinda kneeling,2,4.0,4
group063,5,11,1,G,the two triangles mirrored is the best description,8,4.0,4
group063,5,11,1,G,yes the head is to the left,7,4.0,4
group063,5,11,1,G,the bottom of the body kinda looks like a reversed L,11,4.0,4
group063,5,12,2,A,It's the one that looks like the monster mash,9,4.0,4
group063,5,12,2,A,Foot up,2,4.0,4
group063,5,12,2,A,Facing left,2,4.0,4
group063,5,13,2,B,The one that looks like a rat facing left,9,3.0,4
group063,5,13,2,B,"Square on the top, triangle connected to the bottom facing right, and another triangle connected to the left on the bottom",21,3.0,4
group063,5,13,2,B,small triangle on the left bottom,6,3.0,4
group063,5,13,2,B,It's like a rat looking left,6,3.0,4
group063,5,13,2,B,pointed nose,2,3.0,4
group063,5,13,2,B,two ears,2,3.0,4
group063,5,13,2,B,"His ""arms"" are on the bottom left",7,3.0,4
group063,5,13,2,B,It's facing left,3,3.0,4
group063,5,13,2,B,"The triangle ""nose"" pointed left",5,3.0,4
group063,5,13,2,B,"The square and triangle on the ""right""",7,3.0,4
group063,5,13,2,B,"Mouse, or a rat",4,3.0,4
group063,5,14,2,H,It's the swaddled baby,4,4.0,4
group063,5,15,2,C,The one that looks like a Y,7,4.0,4
group063,5,15,2,C,"leaning left, yea",3,4.0,4
group063,5,16,2,D,"The standing guy facing left, with the square under his arms,",11,4.0,4
group063,5,16,2,D,Square looks like his robes draped,6,4.0,4
group063,5,16,2,D,"Not the ""fat"" one",4,4.0,4
group063,5,17,2,I,"Facing left, right leg is up 90 degrees,",8,4.0,4
group063,5,17,2,I,On one leg,3,4.0,4
group063,5,17,2,I,The only other guy on one leg,7,4.0,4
group063,5,18,2,G,The one which looks like horse hooves facing right,9,4.0,4
group063,5,18,2,G,It's the backwards L,4,4.0,4
group063,5,18,2,G,"If the triangles come together, it'd be a square",9,4.0,4
group063,5,18,2,G,If his hands/hooves combined,4,4.0,4
group063,5,18,2,G,Not round 1,3,4.0,4
group063,5,19,2,L,Crouching preacher,2,4.0,4
group063,5,19,2,L,facing right,2,4.0,4
group063,5,19,2,L,"not the ""lady"" looking one",5,4.0,4
group063,5,19,2,L,"Arms are out, pointed right, crouched",6,4.0,4
group063,5,20,2,F,"Guy sitting down, faced left, looking ""down"" with his legs bent",11,4.0,4
group063,5,21,2,J,The fat guy,3,4.0,4
group063,5,21,2,J,basically the square,3,4.0,4
group063,5,21,2,J,biggest one basically,3,4.0,4
group063,5,21,2,J,gonk droid,2,4.0,4
group063,5,22,2,E,"The one that I believe was from the first round, two triangles at the very top, connected to the square, connected to two more triangles at the bottom",28,3.0,4
group063,5,22,2,E,"""facing"" right",2,3.0,4
group063,5,22,2,E,"""face"" tilted down a bit towards the right",8,3.0,4
group063,5,22,2,E,The two triangles at the bottom,6,3.0,4
group063,5,22,2,E,Bunny/Mountain,1,3.0,4
group063,5,23,2,K,"Lady facing right, kneeling, praying with arms out right",9,4.0,4
group063,5,23,2,K,"Same as the crouching one from before, but just kneeling",10,4.0,4
group063,5,23,2,K,The top square only connects to a triangle at the bottom of its corner,14,4.0,4
group063,5,23,2,K,It's facing right,3,4.0,4
group063,5,24,3,G,mirrored triangle,2,4.0,4
group063,5,24,3,G,trapezoid ass,2,4.0,4
group063,5,24,3,G,backwards L,2,4.0,4
group063,5,24,3,G,square to the left,4,4.0,4
group063,5,25,3,A,monster mash,2,4.0,4
group063,5,25,3,A,one leg lifted up,4,4.0,4
group063,5,25,3,A,square to the right,4,4.0,4
group063,5,26,3,K,lady preacher,2,4.0,4
group063,5,26,3,K,not the crouching preacher,4,4.0,4
group063,5,26,3,K,the kneeling one,3,4.0,4
group063,5,26,3,K,facing right,2,4.0,4
group063,5,26,3,K,she has the triangle on her butt,7,4.0,4
group063,5,27,3,I,the ice skater,3,4.0,4
group063,5,27,3,I,standing on one leg,4,4.0,4
group063,5,27,3,I,facing left,2,4.0,4
group063,5,27,3,I,triangle arms out to the left,6,4.0,4
group063,5,28,3,B,the rat,2,3.0,4
group063,5,28,3,B,square ear on left,4,3.0,4
group063,5,28,3,B,triangle ear on right,4,3.0,4
group063,5,28,3,B,triangle bottom left,3,3.0,4
group063,5,28,3,B,for his tail,3,3.0,4
group063,5,28,3,B,lookin kinda cute,3,3.0,4
group063,5,29,3,L,ok not the lady preacher,5,4.0,4
group063,5,29,3,L,the other preacher,3,4.0,4
group063,5,29,3,L,facing right,2,4.0,4
group063,5,29,3,L,arms out,2,4.0,4
group063,5,30,3,F,it's the guy facing left,5,3.0,4
group063,5,30,3,F,sitting left,2,3.0,4
group063,5,30,3,F,his legs are out on the left,7,3.0,4
group063,5,30,3,F,knees up,2,3.0,4
group063,5,31,3,H,swaddled baby,2,4.0,4
group063,5,31,3,H,facing right,2,4.0,4
group063,5,31,3,H,no arms no legs,4,4.0,4
group063,5,32,3,D,it's the guy with the arm flab facing left,9,4.0,4
group063,5,32,3,D,NOT star wars,3,4.0,4
group063,5,32,3,D,the other fatty,3,4.0,4
group063,5,32,3,D,the square arm flab,4,4.0,4
group063,5,33,3,E,bunny,1,4.0,4
group063,5,33,3,E,two triangles on top,4,4.0,4
group063,5,33,3,E,below triangles is a square,5,4.0,4
group063,5,34,3,C,the Y,2,3.0,4
group063,5,34,3,C,looks like he's leaning left,5,3.0,4
group063,5,35,3,J,yeah it's gonk,3,4.0,4
group063,5,35,3,J,the other fatty,3,4.0,4
group063,5,35,3,J,facing right,2,4.0,4
group063,5,35,3,J,square for a body,4,4.0,4
group063,5,36,4,E,the bunny,2,3.0,4
group063,5,37,4,B,lady kneeling to the right,5,0.0,4
group063,5,37,4,B,not the praying woman,4,0.0,4
group063,5,38,4,J,star wars,2,4.0,4
group063,5,39,4,K,the lady kneeling praying,4,4.0,4
group063,5,40,4,C,the y,2,4.0,4
group063,5,41,4,H,swaddling baby,2,3.0,4
group063,5,42,4,F,guy sat facing left with head down,7,4.0,4
group063,5,43,4,G,backwards k,2,4.0,4
group063,5,43,4,G,sorry yeah the L one,5,4.0,4
group063,5,44,4,A,guy stood up facing left with leg out,8,4.0,4
group063,5,44,4,A,monster mash,2,4.0,4
group063,5,45,4,D,guy facing left with fat arm,6,4.0,4
group063,5,46,4,L,praying guy looking right,4,4.0,4
group063,5,47,4,I,ice skater,2,4.0,4
group063,5,48,5,H,swaddled baby,2,4.0,4
group063,5,49,5,C,the Y,2,2.0,4
group063,5,50,5,G,backwards L,2,4.0,4
group063,5,50,5,G,mirrored triangles,2,4.0,4
group063,5,51,5,L,crouching man praying to the right,6,3.0,4
group063,5,51,5,L,S,1,3.0,4
group063,5,52,5,F,but it's the man sitting to the left with his knees up,12,4.0,4
group063,5,52,5,F,head down,2,4.0,4
group063,5,53,5,D,mr arm flab,3,4.0,4
group063,5,54,5,K,praying lady facing right,4,4.0,4
group063,5,54,5,K,kneeling,1,4.0,4
group063,5,55,5,J,fatass starwars rectangle,3,4.0,4
group063,5,56,5,B,rat with square and triangle ears,6,3.0,4
group063,5,56,5,B,facing left,2,3.0,4
group063,5,57,5,A,monster mash,2,3.0,4
group063,5,57,5,A,leg up,2,3.0,4
group063,5,58,5,I,ice skater,2,4.0,4
group063,5,59,5,E,bunny,1,2.0,4
group063,5,60,6,G,mirrored triangles,2,4.0,4
group063,5,60,6,G,backwards l,2,4.0,4
group063,5,61,6,I,ice skater,2,2.0,4
group063,5,62,6,F,man looking down,3,4.0,4
group063,5,62,6,F,knees up,2,4.0,4
group063,5,63,6,L,s shape,2,3.0,4
group063,5,64,6,J,star wars rectangle,3,4.0,4
group063,5,65,6,C,the Y,2,4.0,4
group063,5,66,6,K,lady kneeling to the right,5,4.0,4
group063,5,66,6,K,hands out,2,4.0,4
group063,5,67,6,D,guy with a square below his arms,7,4.0,4
group063,5,68,6,B,rat,1,4.0,4
group063,5,69,6,A,forgot the name but guy facing left,7,4.0,4
group063,5,69,6,A,one leg raised,3,4.0,4
group063,5,70,6,H,baby,1,3.0,4
group063,5,71,6,E,last one is rabbit,4,4.0,4
group064,5,0,1,F,it's like a man sitting on the ground,8,4.0,4
group064,5,0,1,F,he is facing to the left of the screen,9,4.0,4
group064,5,1,1,C,it's like a ghost type figure,6,4.0,4
group064,5,1,1,C,arms raised,2,4.0,4
group064,5,1,1,C,leaning to the left,4,4.0,4
group064,5,1,1,C,slightly,1,4.0,4
group064,5,2,1,B,like someone kneeling,3,1.0,4
group064,5,2,1,B,facing to the right of screen,6,1.0,4
group064,5,2,1,B,arms raised,2,1.0,4
group064,5,3,1,I,reminds me of a figure skater,6,4.0,4
group064,5,3,1,I,one leg raised behind them,5,4.0,4
group064,5,3,1,I,they are facing to the left of screen,8,4.0,4
group064,5,3,1,I,both arms stretched to the left,6,4.0,4
group064,5,4,1,E,like a sitting bunny rabbit??,5,4.0,4
group064,5,4,1,E,facing to the right of screen,6,4.0,4
group064,5,4,1,E,two triangles on the head like ears,7,4.0,4
group064,5,5,1,J,quite a large block like figure,6,4.0,4
group064,5,5,1,J,solid on the left hand side,6,4.0,4
group064,5,5,1,J,yeah kind of one arm to the right,8,4.0,4
group064,5,5,1,J,at the top,3,4.0,4
group064,5,6,1,A,this one has dangling legs,5,4.0,4
group064,5,6,1,A,it reminds me of someone like hanging off the edge of something,12,4.0,4
group064,5,6,1,A,head is on the right hand side,7,4.0,4
group064,5,7,1,L,facing to the right,4,4.0,4
group064,5,7,1,L,knees seem to be bent,5,4.0,4
group064,5,7,1,L,but not kneeling all the way down,7,4.0,4
group064,5,7,1,L,could be holding a book? or pointing to the right?,10,4.0,4
group064,5,7,1,L,their legs are a kind of zigzag,7,4.0,4
group064,5,7,1,L,yeah crouching is a good word,6,4.0,4
group064,5,8,1,K,"ah, maybe this is the similar one to last time",10,4.0,4
group064,5,8,1,K,kneeling,1,4.0,4
group064,5,8,1,K,feet up behind,3,4.0,4
group064,5,8,1,K,hand pointing to the right,5,4.0,4
group064,5,9,1,D,facing to the left,4,2.0,4
group064,5,9,1,D,holding a book or something like that,7,2.0,4
group064,5,9,1,D,sort of reminds me of someone giving a sermon,9,2.0,4
group064,5,10,1,H,almost like a swaddled baby,5,4.0,4
group064,5,10,1,H,slight protrusion of a foot on the right,8,4.0,4
group064,5,10,1,H,no arms visible,3,4.0,4
group064,5,11,1,G,this reminds me of the dancer emoji,7,4.0,4
group064,5,11,1,G,arm and leg out to the right,7,4.0,4
group064,5,12,2,E,It is the bunny rabbit,5,4.0,4
group064,5,12,2,E,two triangles for ears,4,4.0,4
group064,5,13,2,B,Kneeling down with arms spread wide,6,2.0,4
group064,5,13,2,B,facing right,2,2.0,4
group064,5,14,2,C,the ghost looking figure leaning to the left,8,3.0,4
group064,5,15,2,K,kneeling down with arms pointing towards the right,8,4.0,4
group064,5,15,2,K,full kneeling,2,4.0,4
group064,5,16,2,H,like the swaddled baby,4,3.0,4
group064,5,17,2,G,the dance emoji,3,4.0,4
group064,5,18,2,F,sat down facing left,4,3.0,4
group064,5,18,2,F,knees up,2,3.0,4
group064,5,19,2,A,the person hanging off something,5,4.0,4
group064,5,19,2,A,dangly legs,2,4.0,4
group064,5,19,2,A,left foot higher than the other,6,4.0,4
group064,5,20,2,J,head and large body,4,3.0,4
group064,5,20,2,J,left side of body solid,5,3.0,4
group064,5,20,2,J,right side with a small arm pointing right,8,3.0,4
group064,5,21,2,L,crouching down with arms together pointing right,7,3.0,4
group064,5,22,2,D,person giving a sermon,4,4.0,4
group064,5,22,2,D,facing left,2,4.0,4
group064,5,23,2,I,figure skater,2,2.0,4
group064,5,24,3,C,ghost leaning left,3,3.0,4
group064,5,25,3,A,person hanging off ledge,4,4.0,4
group064,5,26,3,E,bunny rabbit,2,3.0,4
group064,5,27,3,L,crouching facing right,3,4.0,4
group064,5,28,3,J,blocky body,2,1.0,4
group064,5,29,3,B,kneeling with arms on each side,6,3.0,4
group064,5,29,3,B,looking down slightly,3,3.0,4
group064,5,30,3,K,kneeling facing right,3,3.0,4
group064,5,31,3,G,dancing emoji,2,2.0,4
group064,5,32,3,H,baby swaddled,2,1.0,4
group064,5,33,3,I,figure skater,2,2.0,4
group064,5,34,3,D,giving sermon,2,2.0,4
group064,5,34,3,D,facing left,2,2.0,4
group064,5,35,3,F,sitting down,2,3.0,4
group064,5,35,3,F,facing left,2,3.0,4
group064,5,35,3,F,knees up,2,3.0,4
group064,5,36,4,H,swaddled baby,2,2.0,4
group064,5,37,4,D,sermon,1,2.0,4
group064,5,38,4,E,bunny rabbit,2,4.0,4
group064,5,39,4,A,dangling,1,3.0,4
group064,5,40,4,J,blocky body arm to the right,6,2.0,4
group064,5,41,4,B,looking down slightly kneeling on the ground,7,4.0,4
group064,5,41,4,B,right arm higher than the other,6,4.0,4
group064,5,41,4,B,no kneeling,2,4.0,4
group064,5,42,4,K,"kneeling, arms up to the right, feet up",8,4.0,4
group064,5,43,4,G,dancer,1,4.0,4
group064,5,44,4,L,crouching,1,4.0,4
group064,5,44,4,L,arms up facing right,4,4.0,4
group064,5,45,4,F,sitting down facing left,4,4.0,4
group064,5,45,4,F,knees up,2,4.0,4
group064,5,46,4,I,figure skater,2,3.0,4
group064,5,47,4,C,ghost,1,4.0,4
group064,5,48,5,L,crouching,1,4.0,4
group064,5,49,5,J,blocky,1,3.0,4
group064,5,50,5,E,bunny,1,3.0,4
group064,5,51,5,I,skater,1,3.0,4
group064,5,52,5,G,dancing emoji,2,3.0,4
group064,5,53,5,D,sermon,1,3.0,4
group064,5,54,5,B,arms either side facing right,5,3.0,4
group064,5,55,5,H,swaddled,1,2.0,4
group064,5,56,5,A,dangling,1,3.0,4
group064,5,57,5,F,facing left knees up,4,4.0,4
group064,5,58,5,K,praying right edge of triangle behind,6,3.0,4
group064,5,59,5,C,ghost,1,1.0,4
group064,5,60,6,I,skater,1,2.0,4
group064,5,61,6,B,kneeling both arms out,4,3.0,4
group064,5,62,6,C,ghost,1,3.0,4
group064,5,63,6,L,crouching,1,4.0,4
group064,5,64,6,G,dancer emoji,2,4.0,4
group064,5,65,6,J,blocky,1,2.0,4
group064,5,66,6,K,praying person,2,3.0,4
group064,5,67,6,E,bunny,1,2.0,4
group064,5,68,6,D,sermon,1,2.0,4
group064,5,69,6,A,dangling,1,2.0,4
group064,5,70,6,F,sitting down knees up,4,3.0,4
group064,5,70,6,F,facing left,2,3.0,4
group064,5,71,6,H,swaddled,1,2.0,4
group065,5,0,1,G,tree looking object pointing up  left/right and large bottom platform going both ways down,14,1.0,4
group065,5,0,1,G,large platform on the bottom is to the left,9,1.0,4
group065,5,0,1,G,triangle is bottom right.  Left does look like a foot at the bottom,13,1.0,4
group065,5,1,1,H,"diagonal square on top, bellow is a large long diamond with a triangle at the bottom right",17,1.0,4
group065,5,1,1,H,yes.  The diamond is vertical and looks like out of Final Fantasy,12,1.0,4
group065,5,1,1,H,doesn't look like it's kneeling to me,7,1.0,4
group065,5,1,1,H,yes - part at right is bottom right at bottom,10,1.0,4
group065,5,2,1,A,"person looking down and left - looks like a sad bird with two legs, top one at an angle.  There's a square at top right above guy",27,4.0,4
group065,5,2,1,A,bottom foot is level on the ground and is a small foot,12,4.0,4
group065,5,2,1,A,doesn't look like a windmill to me,7,4.0,4
group065,5,2,1,A,no arms,2,4.0,4
group065,5,3,1,E,"ok, this one does look like a windmill.  Two triangles at the top, two big triangles at the bottom.  Square in the middle below the top two triangles",28,4.0,4
group065,5,3,1,E,Laju: triangles are at middle section,6,4.0,4
group065,5,3,1,E,I like the bunny description,5,4.0,4
group065,5,4,1,C,guy with square head leaning to the left.  Two arms and big body pointing to bottom right.,17,1.0,4
group065,5,4,1,C,the right arm is pointing up in the air,9,1.0,4
group065,5,4,1,C,"maybe, doesn't look like a foot to me",8,1.0,4
group065,5,4,1,C,big body.,2,1.0,4
group065,5,4,1,C,does look like a yoga pose if stretching with arms,10,1.0,4
group065,5,5,1,I,this one looks like a dancer,6,3.0,4
group065,5,5,1,I,two triangles pointing left,4,3.0,4
group065,5,5,1,I,"two feet, long leg is below and the other foot is a small one",14,3.0,4
group065,5,6,1,F,guy sitting down with one long leg to the left.  The guy himself is pretty FAT,16,4.0,4
group065,5,6,1,F,only 3 total shapes,4,4.0,4
group065,5,6,1,F,no arms,2,4.0,4
group065,5,7,1,J,top is diamond.  Then there's a large bottom shape below.  Below that bottom shape is one rather large foot.  On side there's a very small triangle/arm at the top,29,1.0,4
group065,5,7,1,J,looks like it's begging,4,1.0,4
group065,5,7,1,J,does look like it's kneeling,5,1.0,4
group065,5,7,1,J,"there's another that looks like it's kneeling, it isn't that one",11,1.0,4
group065,5,7,1,J,this one is a fat guy begging with big foot and small triangle hand,14,1.0,4
group065,5,8,1,K,"hmm, this one has diamond at top on top of a partial diamond, then a triangle next, then partial triangles.  Looks like the triangles at the bottom are pointing up (the left one, anyway)",34,4.0,4
group065,5,8,1,K,looks like the middle triangle looks like an arm,9,4.0,4
group065,5,9,1,B,"Diamond at top, then a triangle that's falling off to the right on the screen.  At the bottom is a triangle going down into a big base with a partial triangle at the end that looks like a foot",39,4.0,4
group065,5,9,1,B,there is a gap between triangles,6,4.0,4
group065,5,10,1,L,"OK, this is a kneeling one with head at top, longish triangle at middle to the right with bottom knees are bending",22,3.0,4
group065,5,11,1,D,this a guy wearing a robe.  The person who selected the wrong image last round is the correct image this round.  He has arm out that looks robed,28,4.0,4
group065,5,11,1,D,at least on my screen the outstretched robed arm is to the left,13,4.0,4
group065,5,12,2,A,the one that looks like it's doing the Thriller dance,10,2.0,4
group065,5,12,2,A,diamond head to the right,5,2.0,4
group065,5,12,2,A,long wing looking thing to the left,7,2.0,4
group065,5,12,2,A,one leg kicked up to the left,7,2.0,4
group065,5,12,2,A,another leg on the ground,5,2.0,4
group065,5,12,2,A,LOL yes exactly with the arms up and the head to the side,13,2.0,4
group065,5,12,2,A,there's one big wing looking arm to the left,9,2.0,4
group065,5,13,2,H,has a diamond head at the top and a long body shape with no arms,15,4.0,4
group065,5,13,2,H,"it's ""head"" is facing to the right",7,4.0,4
group065,5,13,2,H,it looks like it's sat down,6,4.0,4
group065,5,13,2,H,almost like a foot type thing to the right,9,4.0,4
group065,5,13,2,H,NO bunny ears!,3,4.0,4
group065,5,13,2,H,it has a diamond at the top with nothing else,10,4.0,4
group065,5,13,2,H,looks like it's sat down facing the right,8,4.0,4
group065,5,13,2,H,it's the most solid block one,6,4.0,4
group065,5,14,2,B,okay this has a diamond head at the top with two triangles below it,14,4.0,4
group065,5,14,2,B,"as someone described before, it's the one with the triangle that is disconnected slightly and has space from the body",20,4.0,4
group065,5,14,2,B,it looks like a person sat down looking up to the left,12,4.0,4
group065,5,14,2,B,with its arms out,4,4.0,4
group065,5,14,2,B,I wouldn't say dancing as it looks sat down on a big fat block,14,4.0,4
group065,5,14,2,B,its butt is huge on the right,7,4.0,4
group065,5,14,2,B,with one little triangle leg/foot on the left,8,4.0,4
group065,5,15,2,F,this is the one that looks like it's sat down looking really sad,13,3.0,4
group065,5,15,2,F,"it has a triangle head, and its legs are to the left",12,3.0,4
group065,5,16,2,G,okay this is a weird looking one,7,3.0,4
group065,5,16,2,G,its bottom looks like a long shoe facing to the left,11,3.0,4
group065,5,16,2,G,with its two arm things behind it to the right,10,3.0,4
group065,5,16,2,G,almost like its fallen down and has its hands behind it to catch itself,14,3.0,4
group065,5,16,2,G,"one arm is a small triangle at the top right, other is a small triangle bottom right",17,3.0,4
group065,5,16,2,G,"I think it is like a cinderella shoe, to me it looks like a shoe yes",16,3.0,4
group065,5,17,2,J,okay this is one of the ones that looks like its standing up,13,4.0,4
group065,5,17,2,J,it has a diamond at the top,7,4.0,4
group065,5,17,2,J,and a huge block body,5,4.0,4
group065,5,17,2,J,and the left side of the body is fully black/square,10,4.0,4
group065,5,17,2,J,the right side it's like there's one arm up,9,4.0,4
group065,5,17,2,J,i wouldn't say it's facing a direction,7,4.0,4
group065,5,17,2,J,it has one tiny foot sticking out,7,4.0,4
group065,5,17,2,J,yes only one arm from it sticking out,8,4.0,4
group065,5,17,2,J,"and one ""foot""",3,4.0,4
group065,5,17,2,J,both on the right hand side,6,4.0,4
group065,5,18,2,D,this is the graduation looking one,6,3.0,4
group065,5,18,2,D,diamond head and standing at a podium facing to the left,11,3.0,4
group065,5,19,2,K,i think it looks like it's facing to the right,10,2.0,4
group065,5,19,2,K,it has one big triangle arm sticking out,8,2.0,4
group065,5,19,2,K,"one diamond head, and then a small partial diamond that blends into the triangle arm and the block body",19,2.0,4
group065,5,19,2,K,It looks like it's kneeling,5,2.0,4
group065,5,19,2,K,but it's the one with the BIG block at the base and like a big diamond butt,17,2.0,4
group065,5,19,2,K,"there's two it could be, but it's not the one that looks like it's kneeling where you can see the knees",21,2.0,4
group065,5,19,2,K,it's the one where the back of the knees are covered in a big triangle,15,2.0,4
group065,5,19,2,K,a triangle butt,3,2.0,4
group065,5,20,2,E,okay this looks like a sad bunny rabbit,8,4.0,4
group065,5,20,2,E,two triangles at the top,5,4.0,4
group065,5,21,2,L,okay now this is the second one that looks like it's sort of kneeling facing to the right,18,4.0,4
group065,5,21,2,L,has one triangle arm,4,4.0,4
group065,5,21,2,L,you can see the bend in the knees,8,4.0,4
group065,5,21,2,L,facing to the right,4,4.0,4
group065,5,22,2,I,this is one of those that looks like it's dancing,10,3.0,4
group065,5,22,2,I,to me it looks like a ballet dancer with two arms in front to the left and one leg kicked out back,22,3.0,4
group065,5,22,2,I,or like an ice skater,5,3.0,4
group065,5,23,2,C,like a guy falling backwards with its arms up in the air,12,4.0,4
group065,5,23,2,C,"his whole body is leaning back, like he fell from the right of the screen",15,4.0,4
group065,5,23,2,C,both his arms are up and out,7,4.0,4
group065,5,23,2,C,no legs,2,4.0,4
group065,5,24,3,J,"ok block body not facing any direction. Left side square, right side triangle ""arm"" cut out below to look like a foot",22,3.0,4
group065,5,24,3,J,doesn't look kneeling to me,5,3.0,4
group065,5,24,3,J,diamond on top,3,3.0,4
group065,5,24,3,J,body would be a square but the right hand side has cut outs,13,3.0,4
group065,5,25,3,G,yoga pose one,3,4.0,4
group065,5,25,3,G,cinderella show,2,4.0,4
group065,5,25,3,G,shoe,1,4.0,4
group065,5,25,3,G,zuda. hand up to the right small triangle at the bottom,11,4.0,4
group065,5,25,3,G,looks like only one arm,5,4.0,4
group065,5,25,3,G,"square at top ""falling"" back to the eft",8,4.0,4
group065,5,26,3,E,sad bunny,2,4.0,4
group065,5,26,3,E,looking down to the right,5,4.0,4
group065,5,27,3,H,"diamond at top. Block body, bottom going to the right",10,4.0,4
group065,5,27,3,H,it's the blocky one without arms,6,4.0,4
group065,5,28,3,A,the barney dancing one with one foot raised to the left,11,2.0,4
group065,5,28,3,A,diamond almost falling off the back,6,2.0,4
group065,5,28,3,A,left looks like a bit of a beak,8,2.0,4
group065,5,28,3,A,one foot flat on the floor other leg raised to the left,12,2.0,4
group065,5,28,3,A,looks like a bird looking down,6,2.0,4
group065,5,28,3,A,it's like a square at the back left looks like a beak,12,2.0,4
group065,5,28,3,A,facing left,2,2.0,4
group065,5,29,3,B,handmaid's tale,2,4.0,4
group065,5,29,3,B,kneeling with arms outstretched either side,6,4.0,4
group065,5,29,3,B,small triangle like a foot to the left,8,4.0,4
group065,5,30,3,D,podium dude,2,3.0,4
group065,5,31,3,I,ice skater dude,3,3.0,4
group065,5,31,3,I,back leg outstretched to the right,6,3.0,4
group065,5,32,3,K,"kneeling facing right, one arm outstretched. diamond at top on a partial diamond",13,3.0,4
group065,5,32,3,K,left (back) has a cut out,6,3.0,4
group065,5,32,3,K,triangle arm pointing right. Kneeing,5,3.0,4
group065,5,33,3,F,sad sitting looking down to the left,7,4.0,4
group065,5,34,3,C,"falling backwards dude. Both arms in the air, oblong body",10,4.0,4
group065,5,35,3,L,chevron knees,2,3.0,4
group065,5,35,3,L,triangle pointing right,3,3.0,4
group065,5,35,3,L,looks like he's hunching down,5,3.0,4
group065,5,35,3,L,you can see the cut out of the knees,9,3.0,4
group065,5,36,4,C,falling back guy,3,3.0,4
group065,5,36,4,C,two arms,2,3.0,4
group065,5,36,4,C,yep falling back,3,3.0,4
group065,5,37,4,K,like they have a triangle butt,6,4.0,4
group065,5,37,4,K,but not visible  knees,4,4.0,4
group065,5,37,4,K,it's the one someone describe as the weird one,9,4.0,4
group065,5,37,4,K,"triangle to the right and left, small to the left big to the right",14,4.0,4
group065,5,37,4,K,sort of like a triangle butt,6,4.0,4
group065,5,37,4,K,like there are lots of triangle in this one,9,4.0,4
group065,5,38,4,G,back leg one,3,0.0,4
group065,5,38,4,G,like i describe it as contemporary art,7,0.0,4
group065,5,38,4,G,i think someone said ballet,5,0.0,4
group065,5,39,4,L,one hand that is a triangle turning to the right,10,4.0,4
group065,5,39,4,L,knee one,2,4.0,4
group065,5,39,4,L,where they have visible knees bending,6,4.0,4
group065,5,39,4,L,bent knees,2,4.0,4
group065,5,39,4,L,no butt,2,4.0,4
group065,5,40,4,F,sat down no arms,4,4.0,4
group065,5,40,4,F,fat guy sat down,4,4.0,4
group065,5,40,4,F,not arms,2,4.0,4
group065,5,40,4,F,no bunny ears,3,4.0,4
group065,5,40,4,F,sat down with legs out,5,4.0,4
group065,5,40,4,F,middle bit is chunky,4,4.0,4
group065,5,40,4,F,yep to the left,4,4.0,4
group065,5,41,4,J,left side is square,4,4.0,4
group065,5,41,4,J,right side has triangle arm,5,4.0,4
group065,5,41,4,J,like a broken square,4,4.0,4
group065,5,41,4,J,to the right,3,4.0,4
group065,5,41,4,J,fat guy facing right,4,4.0,4
group065,5,42,4,E,sad bunny,2,4.0,4
group065,5,43,4,B,handmaiden,1,2.0,4
group065,5,43,4,B,triangles with gap,3,2.0,4
group065,5,44,4,H,no arms  big body,4,4.0,4
group065,5,44,4,H,diamond head,2,4.0,4
group065,5,44,4,H,sort of no arms or feet,6,4.0,4
group065,5,44,4,H,like a head and a body,6,4.0,4
group065,5,44,4,H,yep bent at the waist,5,4.0,4
group065,5,45,4,I,ice skater dude,3,3.0,4
group065,5,46,4,A,sad beak guy with square back,6,4.0,4
group065,5,46,4,A,or bird guy with square,5,4.0,4
group065,5,46,4,A,i got confused by that but the guy with a beak for a mouth,14,4.0,4
group065,5,47,4,D,podium guy,2,4.0,4
group065,5,48,5,G,"Cinderella shoe, square on top left, long shoe shape on bottom left",12,3.0,4
group065,5,49,5,K,triangle butt,2,4.0,4
group065,5,50,5,H,armless guy sitting down facing right,6,3.0,4
group065,5,50,5,H,bottom right has kind of a foot facing right.,9,3.0,4
group065,5,51,5,B,handmaid,1,3.0,4
group065,5,52,5,D,podium guy,2,3.0,4
group065,5,53,5,E,sad bunny,2,3.0,4
group065,5,54,5,C,"falling back guy, arms out, no legs",7,3.0,4
group065,5,55,5,F,"sad guy sitting down, facing left",6,3.0,4
group065,5,55,5,F,no arms,2,3.0,4
group065,5,56,5,A,sad bird,2,4.0,4
group065,5,57,5,I,ice skater standing on one long leg.,7,4.0,4
group065,5,58,5,L,Kneeling person with triangle arm pointed right.,7,3.0,4
group065,5,58,5,L,Not triangle butt,3,3.0,4
group065,5,58,5,L,visible knees,2,3.0,4
group065,5,59,5,J,"fat guy facing right, biggest body",6,4.0,4
group065,5,59,5,J,opera singer,2,4.0,4
group065,5,60,6,J,opera singer,2,3.0,4
group065,5,61,6,H,"fat guy sitting down, small foot",6,3.0,4
group065,5,61,6,H,not the one with long leg,6,3.0,4
group065,5,61,6,H,and no arms,3,3.0,4
group065,5,61,6,H,3 shapes total,3,3.0,4
group065,5,61,6,H,not looking down,3,3.0,4
group065,5,62,6,D,podium dude,2,4.0,4
group065,5,63,6,F,"sitting down with long leg, looking down",7,4.0,4
group065,5,64,6,L,chevron kneeler,2,3.0,4
group065,5,64,6,L,no booty,2,3.0,4
group065,5,65,6,E,sad bunny,2,3.0,4
group065,5,66,6,A,sad bird,2,4.0,4
group065,5,67,6,G,cinderella shoe,2,3.0,4
group065,5,68,6,I,ice skater dude/ballerina,3,4.0,4
group065,5,69,6,B,handmaid,1,3.0,4
group065,5,70,6,K,triangle butt,2,4.0,4
group065,5,71,6,C,falling back guy with two arms up top,8,3.0,4
group066,5,0,1,G,"Ok, so the picture looks like someone pushing a snowblower.",10,3.0,4
group066,5,0,1,G,"Long shape along the bottom, the ""head"" (diamond) is leaning over the long shape, and there's a triangle protruding out from the bottom, and one where the ""shoulders"" are.",29,3.0,4
group066,5,1,1,I,"Ok! So this time it kind of looks like someone who is ice-skating, with triangle arms outstretched towards the left side. One ""leg"" is raised, and one is straight.",29,3.0,4
group066,5,2,1,D,"Ok, so this time, it looks like a person holding a pot. The ""pot"" is on the left side. The body is straight, with ""feet"" also pointing towards the left side.",31,4.0,4
group066,5,2,1,D,"The ""head"" is just a diamond shape.",7,4.0,4
group066,5,3,1,J,"This time, it looks like a squat person, or a penguin, pointing his little triangle hand towards the right. His ""feet"" are also pointing towards the right. The left side of his body is just a straight line.",38,4.0,4
group066,5,3,1,J,His head is also a diamond shape.,7,4.0,4
group066,5,3,1,J,It looks like his hand. Like he's pointing.,8,4.0,4
group066,5,3,1,J,No knees bent!,3,4.0,4
group066,5,3,1,J,He's not squatting,3,4.0,4
group066,5,4,1,E,Ok! This one looks like a box about to tumble down the side of a mountain. The box has bunny ears.,21,4.0,4
group066,5,4,1,E,The mountain slopes down towards the right.,7,4.0,4
group066,5,5,1,K,"Hmm, ok this one is tough. It looks like someone kneeling, and facing the right side, while holding a bowl. BUT they are not squatting with their knees bent. The are kneeling with their ""feet"" sticking up on the left side",41,2.0,4
group066,5,5,1,K,"The ""bowl"" is a triangle pointing towards the right side.",10,2.0,4
group066,5,5,1,K,Their diamond head looks like it's stacked on another diamond,10,2.0,4
group066,5,6,1,A,"This one looks like a zombie! With their zombie arms bent but pointing towards the left, and they are walking towards the left side",24,4.0,4
group066,5,6,1,A,Their head is tilted backwards,5,4.0,4
group066,5,7,1,C,"This one looks like a spooky ghost. It's arms are outstretched, and it has no legs!",16,3.0,4
group066,5,7,1,C,Looks like it's flying,4,3.0,4
group066,5,7,1,C,Towards the upper left,4,3.0,4
group066,5,8,1,H,"This one looks like a baby bundled up. It has a diamond head, but then it's body is just a block shape, with a triangle at the bottom pointing towards the right.",32,4.0,4
group066,5,9,1,B,"This looks like a lady who has fallen to her knees, and her arms are outstretched. She is facing the right side, and a single ""foot"" triangle is pointing towards the left.",32,2.0,4
group066,5,9,1,B,Her arms are triangles and kind of look like bell sleeves.,11,2.0,4
group066,5,10,1,L,"This time it's a person squatting, knees bent, facing towards the right side, and it looks like they're holding a bowl. The bowl is a triangle pointing towards the right.",30,4.0,4
group066,5,10,1,L,Their knees make an arrow shape pointing towards the right.,10,4.0,4
group066,5,11,1,F,"This looks like a person who is down in the dumps. They are sitting hunched over, facing the left side. Their head is handing and their legs are bent, feet on the left hand side.",35,4.0,4
group066,5,12,2,D,man with bowl. bowl facing the left,7,4.0,4
group066,5,13,2,I,ice skating pic,3,4.0,4
group066,5,14,2,E,box with bunny ears down hill,6,4.0,4
group066,5,15,2,C,flying ghost,2,4.0,4
group066,5,16,2,K,lady standing with right arm out,6,0.0,4
group066,5,16,2,K,no knees bent,3,0.0,4
group066,5,17,2,J,"sorry guys, this is the straight line one",8,4.0,4
group066,5,17,2,J,with arm out,3,4.0,4
group066,5,17,2,J,right arm out,3,4.0,4
group066,5,18,2,F,man down in the dumps. hunch back and bending knees to the left,13,4.0,4
group066,5,19,2,B,hard one. diamond balancing on top of two triangles,9,0.0,4
group066,5,19,2,B,triangle facing left and one right,6,0.0,4
group066,5,19,2,B,no arms,2,0.0,4
group066,5,19,2,B,not the baby,3,0.0,4
group066,5,20,2,A,zombie with raised leg,4,2.0,4
group066,5,21,2,L,bending man with arms to the right,7,4.0,4
group066,5,21,2,L,and bending knees making an arrow,6,4.0,4
group066,5,22,2,G,snow scraper one,3,3.0,4
group066,5,23,2,H,cradling baby,2,3.0,4
group066,5,24,3,I,ice skater one,3,4.0,4
group066,5,24,3,I,right leg up,3,4.0,4
group066,5,25,3,H,baby wrapped in blanket,4,3.0,4
group066,5,26,3,L,kneeling to right. legs make arrow pointing to the right,10,3.0,4
group066,5,27,3,A,zombie man with head falling down back,7,4.0,4
group066,5,27,3,A,both feet point left,4,4.0,4
group066,5,28,3,K,woman holding baby on her knees,6,4.0,4
group066,5,28,3,K,feet pointed up,3,4.0,4
group066,5,28,3,K,arm pointing right,3,4.0,4
group066,5,28,3,K,stacked,1,4.0,4
group066,5,29,3,F,depressed man,2,4.0,4
group066,5,30,3,B,both arms outstretched,3,2.0,4
group066,5,30,3,B,waiting for a hug,4,2.0,4
group066,5,30,3,B,kneeling,1,2.0,4
group066,5,30,3,B,arms on left and right,5,2.0,4
group066,5,31,3,D,magician holding top hat facing left,6,4.0,4
group066,5,31,3,D,right side is straight line,5,4.0,4
group066,5,32,3,E,roger rabbit rolling down the hill,6,4.0,4
group066,5,32,3,E,or box with ears going down hill,7,4.0,4
group066,5,33,3,J,man with no left arm. straight line down. right arm out,11,3.0,4
group066,5,34,3,C,ghosty,1,4.0,4
group066,5,35,3,G,woman sitting reading a book in victorian clothes,8,4.0,4
group066,5,35,3,G,she is looking down at her book,7,4.0,4
group066,5,35,3,G,feet point left,3,4.0,4
group066,5,35,3,G,tail of her coat on right side,7,4.0,4
group066,5,35,3,G,she is sitting,3,4.0,4
group066,5,36,4,G,the snow blower,3,3.0,4
group066,5,37,4,E,box with bunny ears going down hill,7,4.0,4
group066,5,38,4,H,baby bundled up,3,3.0,4
group066,5,39,4,F,man sitting depressed hunched over,5,4.0,4
group066,5,40,4,J,man with arm pointing to the right,7,4.0,4
group066,5,40,4,J,straight line left side,4,4.0,4
group066,5,41,4,L,man squatting facing to the right,6,3.0,4
group066,5,41,4,L,hold a bowl,3,3.0,4
group066,5,41,4,L,holding*,1,3.0,4
group066,5,42,4,I,ice skating,2,3.0,4
group066,5,43,4,C,ghost / flying person,4,4.0,4
group066,5,44,4,A,zombie with one leg up,5,4.0,4
group066,5,45,4,K,lady on her knees,4,4.0,4
group066,5,45,4,K,feet point up,3,4.0,4
group066,5,45,4,K,arms out to the right,5,4.0,4
group066,5,46,4,D,man standing holding hat,4,4.0,4
group066,5,46,4,D,straight line to the right,5,4.0,4
group066,5,47,4,B,looks like a rat,4,4.0,4
group066,5,47,4,B,diamond on top,3,4.0,4
group066,5,47,4,B,bottom right of it is a triangle attached,8,4.0,4
group066,5,47,4,B,on top of a cliff,5,4.0,4
group066,5,47,4,B,triangle to the right,4,4.0,4
group066,5,48,5,A,"zombie, thriller, one leg up on the left",8,4.0,4
group066,5,49,5,E,bunny on the hill,4,3.0,4
group066,5,50,5,I,"ice skating, arms left, foot right",6,4.0,4
group066,5,51,5,D,"fully straight right side, facing left holding upside down top hat",11,4.0,4
group066,5,52,5,J,"fully straight left side, right side bowl and one foot, head centered",12,3.0,4
group066,5,53,5,F,sad person facing left,4,3.0,4
group066,5,53,5,F,sitting on ground,3,3.0,4
group066,5,54,5,B,"kneeling, arms outstretched both sides for a hug",8,4.0,4
group066,5,54,5,B,foot on left,3,4.0,4
group066,5,54,5,B,knees pointing right,3,4.0,4
group066,5,55,5,C,ghost,1,3.0,4
group066,5,55,5,C,flying,1,3.0,4
group066,5,56,5,K,"person facing right, fully kneeling holding bowl on right",9,4.0,4
group066,5,56,5,K,feet kicked up on left side,6,4.0,4
group066,5,56,5,K,2 heads stacked,3,4.0,4
group066,5,56,5,K,not arrow legs,3,4.0,4
group066,5,57,5,L,arrow legs,2,4.0,4
group066,5,57,5,L,facing right,2,4.0,4
group066,5,58,5,H,swaddled baby,2,3.0,4
group066,5,58,5,H,no arms,2,3.0,4
group066,5,59,5,G,snowblower,1,3.0,4
group066,5,60,6,K,Lady fully kneeling with bowl pointing to the right,9,4.0,4
group066,5,60,6,K,Not arrow legs,3,4.0,4
group066,5,60,6,K,Head stacked,2,4.0,4
group066,5,61,6,E,Box with bunny ears,4,4.0,4
group066,5,62,6,H,Baby swaddled!,2,3.0,4
group066,5,63,6,A,Zombie man,2,3.0,4
group066,5,64,6,L,Arrow legs,2,4.0,4
group066,5,65,6,J,Straight line on left side,5,3.0,4
group066,5,66,6,I,Ice skating!,2,3.0,4
group066,5,67,6,C,GHOST,1,3.0,4
group066,5,68,6,F,Down in the dumps,4,3.0,4
group066,5,69,6,B,"Kneeling, arms outstretched for a HUG",6,4.0,4
group066,5,70,6,G,Snowblower!,1,3.0,4
group066,5,71,6,D,LAST ONE. Upside-down top hat,5,4.0,4
group066,5,71,6,D,Straight right side,3,4.0,4
group067,5,0,1,J,the fat one with just 1 arm raised to the right,11,4.0,4
group067,5,0,1,J,also a foot going to the right,7,4.0,4
group067,5,1,1,L,"body like a zigzag, hand going to the right",9,3.0,4
group067,5,2,1,H,a bit like the fat one from the 1st round but slightly less fat,14,4.0,4
group067,5,2,1,H,the 2nd fattest lol,4,4.0,4
group067,5,2,1,H,no arm going to the right though,7,4.0,4
group067,5,2,1,H,no hands,2,4.0,4
group067,5,3,1,A,2 legs with the left left at '8pm' on a clock,11,3.0,4
group067,5,3,1,A,weird twisted shape,3,3.0,4
group067,5,3,1,A,square head going to the top right,7,3.0,4
group067,5,3,1,A,standing on 1 leg,4,3.0,4
group067,5,3,1,A,left leg up and to the left,7,3.0,4
group067,5,3,1,A,"right leg on floor, head falling off to the right",10,3.0,4
group067,5,4,1,B,triangle arm on right,4,4.0,4
group067,5,4,1,B,diamond 'tail' flat bottom,4,4.0,4
group067,5,4,1,B,right arm look like its breaking off,7,4.0,4
group067,5,4,1,B,both 'arms' out,3,4.0,4
group067,5,4,1,B,both arm up and right one 'breaking away',8,4.0,4
group067,5,4,1,B,from body,2,4.0,4
group067,5,5,1,F,this one looks like a man sitting down,8,4.0,4
group067,5,5,1,F,leg to the left,4,4.0,4
group067,5,5,1,F,looks sad and sulking lol,5,4.0,4
group067,5,5,1,F,just sat there bored,4,4.0,4
group067,5,5,1,F,no arms,2,4.0,4
group067,5,6,1,D,"this one looks a bit like a clergyman or priest, stood up with arm to the left",17,4.0,4
group067,5,7,1,C,body is at a diagonal with both arms waving in the air,12,4.0,4
group067,5,7,1,C,body leaning to the left,5,4.0,4
group067,5,8,1,G,"very strange shape, head nearly falling off to left",9,4.0,4
group067,5,8,1,G,has a single triangle bit bottom right,7,4.0,4
group067,5,8,1,G,legs to bottom left,4,4.0,4
group067,5,8,1,G,head kinda falling off to the left,7,4.0,4
group067,5,8,1,G,yep both arms to right,5,4.0,4
group067,5,8,1,G,"t1 above, 1 below",4,4.0,4
group067,5,9,1,E,looks like a bunny,4,4.0,4
group067,5,9,1,E,two ears above head,4,4.0,4
group067,5,10,1,K,"head like a diamond, only the bottom tip of head touching body",12,2.0,4
group067,5,10,1,K,body has a small tail to left,7,2.0,4
group067,5,10,1,K,yep tail stood up to left,6,2.0,4
group067,5,10,1,K,1 arm to right,4,2.0,4
group067,5,10,1,K,and sort of a snakey bottom,6,2.0,4
group067,5,11,1,I,looks like he's kung-fu kicking,5,2.0,4
group067,5,11,1,I,both arms to left,4,2.0,4
group067,5,11,1,I,"1 leg on floor, other going to the right",9,2.0,4
group068,5,0,1,I,It has a small diamond at the top and two small triangles to the left and what looks like a foot at the bottom,24,4.0,4
group068,5,0,1,I,It has a triangle as a tail at the middle right hand side,13,4.0,4
group068,5,1,1,A,It has what looks like 2 legs and feet at the bottom and a triangle at the top right hand side. It looks like a man stooped to the left,30,1.0,4
group068,5,1,1,A,One of the legs looks to be kicking,8,1.0,4
group068,5,2,1,D,It has a triangle at the top centre. It has a straight line to the right and a straight line at the bottom. There is a triangle under the diamond at the top.,33,1.0,4
group068,5,3,1,C,There are two straight lines parallel to each other at the bottom leaning towards the left.,16,4.0,4
group068,5,3,1,C,It has what look like arms raised and then a diamond on the top. It looks like someone with their hands and arms raised,24,4.0,4
group068,5,4,1,J,It has a diamond at the top and then a straight line underneath. It has another straight line towards the left.,21,4.0,4
group068,5,4,1,J,Underneath the diamond at the top there is a point pointing towards the right hand side,16,4.0,4
group068,5,5,1,B,There is a diamond at the top and then a triangle to the right hand side underneath.,17,3.0,4
group068,5,5,1,B,There is a point underneath the top diamond to the left,11,3.0,4
group068,5,5,1,B,It looks very disjointed,4,3.0,4
group068,5,5,1,B,It is attached by a small point,7,3.0,4
group068,5,6,1,F,It looks like a person sitting down with their knees bent underneath them.,13,3.0,4
group068,5,6,1,F,It has a triangle for a head at the top,10,3.0,4
group068,5,6,1,F,The legs are facing towards the left hand side,9,3.0,4
group068,5,6,1,F,No a diamond sorry,4,3.0,4
group068,5,7,1,H,It has a diamond as a head and then a triangle attached to a rectangle underneath,16,3.0,4
group068,5,7,1,H,There is a small triangle at the bottom right,9,3.0,4
group068,5,8,1,K,It has a diamond at the top and a further diamond underneath it,13,4.0,4
group068,5,8,1,K,Underneath the 2nd diamond there is a point towards the right hand side and a further point to the right under that,22,4.0,4
group068,5,8,1,K,The bottom of the picture is flat,7,4.0,4
group068,5,9,1,L,There  is a diamond at the top and what looks like a zig zag underneath with a sharp triangle towards the right hand side,24,2.0,4
group068,5,9,1,L,The bottom is flat and there is a triangle underneath the top,12,2.0,4
group068,5,10,1,E,It looks like someone sitting down with a bow in their hair,12,4.0,4
group068,5,10,1,E,The top is two triangles to look like a bow with a square underneath,14,4.0,4
group068,5,10,1,E,Then a large triangle under that,6,4.0,4
group068,5,11,1,G,There is a square to the left hand side at the top,12,4.0,4
group068,5,11,1,G,The bottom of the picture has a straight line with a right angle going towards the right,17,4.0,4
group068,5,11,1,G,There is a small triangle tagged on to the right hand side,12,4.0,4
group068,5,12,2,K,"there is a diamond on the top, next attached is another diamond underneath",13,4.0,4
group068,5,12,2,K,looks like it is facing the right with its arms(triangle) stretched out,12,4.0,4
group068,5,13,2,I,"it has a diamond on top, looks like it is facing the left",13,4.0,4
group068,5,13,2,I,standing on one leg,4,4.0,4
group068,5,13,2,I,with a tail (triangle) at the right end,8,4.0,4
group068,5,14,2,H,"it has a diamond on top, with a cylindrical body (rectangle pointing down)",13,4.0,4
group068,5,14,2,H,flat bottom that is further to the right away from the cylindrical body,13,4.0,4
group068,5,14,2,H,no arms,2,4.0,4
group068,5,14,2,H,hands gummed to the body,5,4.0,4
group068,5,15,2,G,"square top on the left, triangle attached on the right",10,2.0,4
group068,5,15,2,G,looks like a goal celebration on a soccer game,9,2.0,4
group068,5,15,2,G,facing the right,3,2.0,4
group068,5,15,2,G,knees on the ground with legs at the left,9,2.0,4
group068,5,16,2,E,two triangle attached at the top part of the diamond (which is at the center),15,3.0,4
group068,5,16,2,E,large right angle triangle on the bottom with the 90 degree at the left,14,3.0,4
group068,5,16,2,E,facing the right,3,3.0,4
group068,5,17,2,B,diamond top with a triangle attached at the right,9,3.0,4
group068,5,17,2,B,flat line to the left where the diamond and triangle was attached,12,3.0,4
group068,5,17,2,B,looks like a flat bottom with a triangle attached at the left,12,3.0,4
group068,5,18,2,L,diamond top,2,4.0,4
group068,5,18,2,L,looks like someone riding a bike,6,4.0,4
group068,5,18,2,L,facing the right,3,4.0,4
group068,5,18,2,L,straight back at the left,5,4.0,4
group068,5,18,2,L,slightly bent knees to the right,6,4.0,4
group068,5,19,2,A,"pointed top, with an attached diamond on the top right",10,3.0,4
group068,5,19,2,A,looks like standing on one leg,6,3.0,4
group068,5,19,2,A,with one leg up,4,3.0,4
group068,5,19,2,A,both foot facing the left,5,3.0,4
group068,5,20,2,J,"diamond on the top, flat surface immediately the diamond",9,4.0,4
group068,5,20,2,J,triangle at the right,4,4.0,4
group068,5,20,2,J,straight line at the left,5,4.0,4
group068,5,20,2,J,flat bottom,2,4.0,4
group068,5,21,2,D,diamond on the top,4,2.0,4
group068,5,21,2,D,looks like a priest preaching,5,2.0,4
group068,5,21,2,D,facing the left,3,2.0,4
group068,5,21,2,D,standing at the pupit,4,2.0,4
group068,5,22,2,F,diamond top,2,4.0,4
group068,5,22,2,F,"looks like someone sitting, facing the left",7,4.0,4
group068,5,22,2,F,with the knee slightly pushed up,6,4.0,4
group068,5,23,2,C,diamond top,2,4.0,4
group068,5,23,2,C,looks like the hands are raised up,7,4.0,4
group068,5,23,2,C,leaning to the left,4,4.0,4
group068,5,24,3,F,looks like a sitting person facing left,7,4.0,4
group068,5,25,3,C,looks like a person cheering with both arms up,9,4.0,4
group068,5,26,3,E,looks like a person sitting facing right with two triangles on their head,13,4.0,4
group068,5,27,3,G,"looks kind of like a person dancing - tilted square top left attached to a triangle, with another triangle attached by the point to the right",26,4.0,4
group068,5,27,3,G,"flat bottom, and a triangle attached by the point on the right",12,4.0,4
group068,5,28,3,A,"looks like a person facing left with one foot on the ground, one foot raised",15,3.0,4
group068,5,28,3,A,squared attached at the top right by a corner,9,3.0,4
group068,5,28,3,A,*square,1,3.0,4
group068,5,29,3,K,looks like a person kneeling and facing right,8,2.0,4
group068,5,29,3,K,pointy triangle on the right middle,6,2.0,4
group068,5,29,3,K,flat bottom,2,2.0,4
group068,5,29,3,K,head is a diamond sitting on another diamond,8,2.0,4
group068,5,30,3,B,top is a diamond sitting on it's point where two triangles meet,12,3.0,4
group068,5,30,3,B,also looks like a person kneeling and facing right,9,3.0,4
group068,5,30,3,B,"sharp point on the left, and pointy ""feet"" at the bottom left",12,3.0,4
group068,5,31,3,L,"looks like a dude skiing - flat bottom, two parallel diagonal lines for legs, triangle for the knees, sharp triangle for hands, diamond head",24,3.0,4
group068,5,31,3,L,facing right,2,3.0,4
group068,5,32,3,D,diamond on top sitting on a triangle same width as diamond,11,2.0,4
group068,5,32,3,D,straight line down the right side,6,2.0,4
group068,5,32,3,D,"flat bottom, small triangle at bottom left",7,2.0,4
group068,5,32,3,D,looks like a person facing left and holding something,9,2.0,4
group068,5,33,3,J,diamond on top sitting on a flat line,8,3.0,4
group068,5,33,3,J,straight line down the left side,6,3.0,4
group068,5,33,3,J,flat bottom,2,3.0,4
group068,5,34,3,I,person facing left standing on one foot with one foot kicked out to the right,15,4.0,4
group068,5,34,3,I,"two triangle ""arms"" out to the left",7,4.0,4
group068,5,35,3,H,diamond on top sitting on a blob with a triangle sticking out at bottom right,15,1.0,4
group068,5,36,4,D,"diamond at top , triangle below , rectangle .",9,4.0,4
group068,5,36,4,D,looks like student standing at podium,6,4.0,4
group068,5,37,4,L,figure facing right.,3,1.0,4
group068,5,37,4,L,looks like they are kneeling,5,1.0,4
group068,5,37,4,L,diamond at top,3,1.0,4
group068,5,37,4,L,triangle facing right half way down,6,1.0,4
group068,5,37,4,L,zig zag at bottom,4,1.0,4
group068,5,38,4,E,2 triangle at top.,4,4.0,4
group068,5,38,4,E,looks like person sitting with bow in hair,8,4.0,4
group068,5,38,4,E,2 triangle at top on a diamond,7,4.0,4
group068,5,38,4,E,straight bottom,2,4.0,4
group068,5,38,4,E,large right angle triangle at bottom,6,4.0,4
group068,5,39,4,J,diamond at top on a straight line,7,2.0,4
group068,5,39,4,J,straight line on the left,5,2.0,4
group068,5,39,4,J,facing to the right,4,2.0,4
group068,5,40,4,A,left facing,2,3.0,4
group068,5,40,4,A,diamond/square to the right,4,3.0,4
group068,5,40,4,A,looks like figure is kicking his foot to the left,10,3.0,4
group068,5,41,4,K,"diamond at top, looks like a figure kneeling",8,3.0,4
group068,5,41,4,K,facing the right,3,3.0,4
group068,5,41,4,K,straight line at base,4,3.0,4
group068,5,41,4,K,appears to be holding something out to the right,9,3.0,4
group068,5,42,4,F,looks like someone sitting down. diamond at top,8,3.0,4
group068,5,42,4,F,facing left,2,3.0,4
group068,5,42,4,F,top diamond looks like a head#,6,3.0,4
group068,5,43,4,C,looks like they are raising their hands,7,3.0,4
group068,5,43,4,C,facing to the left,4,3.0,4
group068,5,44,4,B,diamond at top,3,1.0,4
group068,5,44,4,B,triangle to the right below. abstract shape,7,1.0,4
group068,5,44,4,B,small triangle at bottom to the left,7,1.0,4
group068,5,44,4,B,straight line at base,4,1.0,4
group068,5,45,4,I,facing left,2,2.0,4
group068,5,45,4,I,small triangle as tail,4,2.0,4
group068,5,45,4,I,standing on 1 leg,4,2.0,4
group068,5,46,4,H,diamond at top,3,1.0,4
group068,5,46,4,H,then triangle and rectangle,4,1.0,4
group068,5,46,4,H,right facing looks like someone kneeling,6,1.0,4
group068,5,46,4,H,not really,2,1.0,4
group068,5,47,4,G,"the most abstract , diamond at top to the left",10,2.0,4
group068,5,47,4,G,straight line at base,4,2.0,4
group068,5,47,4,G,small triangle at bottom on the right hand side,9,2.0,4
group068,5,48,5,D,"diamond at the top, which is resting on a triangle",10,4.0,4
group068,5,48,5,D,then a rectangle body,4,4.0,4
group068,5,48,5,D,partial triangle to the bottom left,6,4.0,4
group068,5,48,5,D,squarish object sticking out in the middle left,8,4.0,4
group068,5,49,5,A,"upward arrow at the top left, top right is a diamond on a slope",14,4.0,4
group068,5,49,5,A,then a rectangleish body,4,4.0,4
group068,5,49,5,A,two leg looking objects at the bottom which are attached to the rectangle's body,14,4.0,4
group068,5,50,5,H,diamond at the top which is resting on top of triangle,11,4.0,4
group068,5,50,5,H,beneath the triangle is a rectangleish body,7,4.0,4
group068,5,50,5,H,at the bottom is a triangle which sticks out to the right,12,4.0,4
group068,5,51,5,B,"diamond at the top, just beneath are two triangles",9,4.0,4
group068,5,51,5,B,beneath the two triangles is a pentagram type of body,10,4.0,4
group068,5,51,5,B,at the bottom left there is a triangle sticking out,10,4.0,4
group068,5,52,5,K,"at the top there are two diamonds, one on top of each other",13,4.0,4
group068,5,52,5,K,this is followed by a triangle which sticks out to the right,12,4.0,4
group068,5,52,5,K,at the bottom is flat,5,4.0,4
group068,5,53,5,I,at the top is a diamond which sits on top of a triangle that sits on top of another triangle,20,4.0,4
group068,5,53,5,I,beneath the second triangle is a narrow rectangle type of shape,11,4.0,4
group068,5,53,5,I,there is a triangle to the right at the middle of the shape,13,4.0,4
group068,5,54,5,F,"at the top is a diamond which is on top of a triangle, the diamond looks like a head of someone who is sitting on the ground",27,3.0,4
group068,5,54,5,F,with their knees up,4,3.0,4
group068,5,55,5,G,"at the top is a diamond on the top left which is on a slope, at the top right there is a triangle",23,2.0,4
group068,5,55,5,G,next is a small rectangle,5,2.0,4
group068,5,55,5,G,at the bottom is a trapezium at the bottom left,10,2.0,4
group068,5,55,5,G,at the bottom right is a triangle,7,2.0,4
group068,5,56,5,J,at the top is a diamond which is resting on a flat surface,13,4.0,4
group068,5,56,5,J,next is a rectangle like shape,6,4.0,4
group068,5,56,5,J,at the bottom there is a partial triangle at the bottom right,12,4.0,4
group068,5,57,5,E,at the top are 2 triangles which are attached to a diamond which is attached to a large bottom triangle,20,3.0,4
group068,5,57,5,E,the top kind of looks like bunny ears,8,3.0,4
group068,5,58,5,L,at the top is a diamond which is attached to a triangle,12,2.0,4
group068,5,58,5,L,at  the middle is a rectangle body with a triangle coming out on the right,15,2.0,4
group068,5,58,5,L,finally after the rectangle there looks like a lightning bolt type of shape,13,2.0,4
group068,5,59,5,C,"it looks like a man putting his hands up in the air,",12,4.0,4
group068,5,59,5,C,there is a diamond for a head,7,4.0,4
group068,5,59,5,C,and triangle type shapes for the two arms,8,4.0,4
group068,5,59,5,C,the body is a angled rectangle,6,4.0,4
group068,5,60,6,L,Diamond at the top then a triangle underneath,8,3.0,4
group068,5,60,6,L,With a sharp triangle to the right and a zig zag shape at the bottom,15,3.0,4
group068,5,60,6,L,Flat bottom,2,3.0,4
group068,5,61,6,J,Diamond at the top on a flat base,8,4.0,4
group068,5,61,6,J,flat line on the left hand side and a small triangle at the bottom right,15,4.0,4
group068,5,62,6,C,Diamond at the top and what looks like arms raised up,11,4.0,4
group068,5,62,6,C,Slanted rectangle for body,4,4.0,4
group068,5,63,6,F,Diamond for a head and then what looks like a person sat down facing to the left with their knees bent,21,4.0,4
group068,5,64,6,A,Looks like a person standing on one leg and kicking the other out to the left,16,4.0,4
group068,5,64,6,A,Diamond to the top right attached by a point,9,4.0,4
group068,5,65,6,G,Angled square to the left top and then a triangle to the top right,14,3.0,4
group068,5,65,6,G,Flat bottom with a small triangle to the bottom right,10,3.0,4
group068,5,65,6,G,Another player said that it looked like a goal celebration and another said it looked like it was dancing,19,3.0,4
group068,5,66,6,E,Person facing to the right with what looks like a bow on top of its head,16,3.0,4
group068,5,66,6,E,Straight side to the left and flat bottom,8,3.0,4
group068,5,66,6,E,Looks like a large triangle at the bottom,8,3.0,4
group068,5,67,6,K,One diamond on top of the other and then a triangle facing towards the right underneath,16,2.0,4
group068,5,67,6,K,flat bottom,2,2.0,4
group068,5,67,6,K,another triangle facing towards the right underneath the first one,10,2.0,4
group068,5,68,6,D,Diamond on top of a triangle and then a rectangle,10,4.0,4
group068,5,68,6,D,Flat bottom with a small triangle at the bottom left,10,4.0,4
group068,5,68,6,D,Looks like arms outstretched to the left,7,4.0,4
group068,5,68,6,D,Could be a priest at a pulpit,7,4.0,4
group068,5,69,6,B,Diamond at the top with a triangle to the right underneath,11,3.0,4
group068,5,69,6,B,Another triangle to the left with a small rectangle underneath,10,3.0,4
group068,5,69,6,B,Small triangle at the bottom left and then a flat base,11,3.0,4
group068,5,70,6,H,Diamond with a triangle underneath,5,1.0,4
group068,5,70,6,H,then a rectangle with a small triangle at the right hand side,12,1.0,4
group068,5,71,6,I,Looks like a person standing on one leg with the other leg kicked out to the right,17,4.0,4
group068,5,71,6,I,Diamond on top with two triangles underneath facing towards the left,11,4.0,4
group069,5,0,1,C,The man is leaning back,5,2.0,4
group069,5,0,1,C,It looks like he's saving a ball from the air,10,2.0,4
group069,5,0,1,C,or catching,2,2.0,4
group069,5,0,1,C,Both arms in the air,5,2.0,4
group069,5,0,1,C,body like this \,4,2.0,4
group069,5,1,1,I,man stood on one leg,5,4.0,4
group069,5,1,1,I,legs are positioned like an r,6,4.0,4
group069,5,2,1,K,looks like a woman walking,5,2.0,4
group069,5,2,1,K,also body like a pacman,5,2.0,4
group069,5,2,1,K,and leg back sticking up,5,2.0,4
group069,5,2,1,K,Body like that,3,2.0,4
group069,5,2,1,K,and thinnest neck,3,2.0,4
group069,5,2,1,K,two look similar,3,2.0,4
group069,5,2,1,K,but the correct one is with the thinnest neck,9,2.0,4
group069,5,2,1,K,it's in front,3,2.0,4
group069,5,2,1,K,like this <,3,2.0,4
group069,5,3,1,L,it looks like a pacman again,6,4.0,4
group069,5,3,1,L,<,1,4.0,4
group069,5,3,1,L,But this time the body is shaped like a S,10,4.0,4
group069,5,3,1,L,or a reverse Z,4,4.0,4
group069,5,3,1,L,S body,2,4.0,4
group069,5,3,1,L,<shape at the right,4,4.0,4
group069,5,3,1,L,yes thick neck,3,4.0,4
group069,5,3,1,L,yes but this time it has a thicker neck,9,4.0,4
group069,5,4,1,F,he's sitting down with legs up,6,4.0,4
group069,5,4,1,F,head slightly down,3,4.0,4
group069,5,4,1,F,looks sad,2,4.0,4
group069,5,4,1,F,he's pointing to the left,5,4.0,4
group069,5,5,1,D,It looks like a priest sticking arm out lol,9,4.0,4
group069,5,5,1,D,Pointing to the left again,5,4.0,4
group069,5,5,1,D,Flat back,2,4.0,4
group069,5,5,1,D,Arm has a square underneath it,6,4.0,4
group069,5,6,1,E,It looks like bunny sat down towards the right,9,4.0,4
group069,5,6,1,E,two big triangle ears,4,4.0,4
group069,5,6,1,E,triangle body lol,3,4.0,4
group069,5,6,1,E,"triangle body, diamond head, two triangle ears on top",9,4.0,4
group069,5,6,1,E,square head i,3,4.0,4
group069,5,7,1,G,it looks like someone dancing,5,4.0,4
group069,5,7,1,G,long dress trailing at the back,6,4.0,4
group069,5,7,1,G,_/ like that,3,4.0,4
group069,5,7,1,G,_/[,1,4.0,4
group069,5,8,1,H,looks like a man sitting down with his back to us,11,4.0,4
group069,5,8,1,H,diamond head,2,4.0,4
group069,5,8,1,H,legs tilting to the right,5,4.0,4
group069,5,8,1,H,||.,1,4.0,4
group069,5,8,1,H,yeah with a kink at the bottom,7,4.0,4
group069,5,9,1,J,it's like one big body and one head,8,4.0,4
group069,5,9,1,J,similar to the last,4,4.0,4
group069,5,9,1,J,"yes quare on the left, jagged on the right",9,4.0,4
group069,5,9,1,J,like it's been eaten,4,4.0,4
group069,5,9,1,J,E,1,4.0,4
group069,5,9,1,J,arm >,2,4.0,4
group069,5,9,1,J,legs <,2,4.0,4
group069,5,10,1,A,looks like a monkey dancing on one leg,8,3.0,4
group069,5,10,1,A,with a block on its back,6,3.0,4
group069,5,10,1,A,yeah with a beak,4,3.0,4
group069,5,10,1,A,<,1,3.0,4
group069,5,10,1,A,looking down,2,3.0,4
group069,5,10,1,A,not a triangle head,4,3.0,4
group069,5,10,1,A,diamond*,1,3.0,4
group069,5,10,1,A,stood on one leg,4,3.0,4
group069,5,11,1,B,looks like a woman dancing,5,3.0,4
group069,5,11,1,B,arms like this,3,3.0,4
group069,5,11,1,B,<||>,1,3.0,4
group069,5,11,1,B,<>,1,3.0,4
group069,5,11,1,B,one leg out at the back,6,3.0,4
group069,5,11,1,B,<,1,3.0,4
group069,5,11,1,B,square leg on the right,5,3.0,4
group069,5,12,2,F,man sitting down looking left and sad,7,4.0,4
group069,5,12,2,F,back to the right,4,4.0,4
group069,5,12,2,F,knees up,2,4.0,4
group069,5,13,2,J,"flat on left side, diamond head, jagged on right",9,4.0,4
group069,5,14,2,A,uh the monkey dancing one again where its looking at its leg which is up,15,3.0,4
group069,5,14,2,A,and the square on its back,6,3.0,4
group069,5,15,2,I,like a guy on one leg with a triangle behind?,10,4.0,4
group069,5,15,2,I,arms pointing left like,4,4.0,4
group069,5,15,2,I,yeh like they're stacked on top of each other the arms?,11,4.0,4
group069,5,15,2,I,yes pointing left,3,4.0,4
group069,5,15,2,I,with the leg its standing on pointing left <,9,4.0,4
group069,5,15,2,I,with a normal triangle at the back,7,4.0,4
group069,5,16,2,C,like a person jumping to save a ball again,9,3.0,4
group069,5,16,2,C,arms in the air,4,3.0,4
group069,5,17,2,G,um a person sat looking down with two triangles behind????,10,3.0,4
group069,5,17,2,G,"the bottom part is longer, pointing left",7,3.0,4
group069,5,17,2,G,and behind that is a triangle pointing down?,8,3.0,4
group069,5,17,2,G,and the diamond head is looking down if that makes sense,11,3.0,4
group069,5,17,2,G,looks like _/[,3,3.0,4
group069,5,18,2,D,like a priest with arm out,6,4.0,4
group069,5,18,2,D,pointing left,2,4.0,4
group069,5,18,2,D,foot goes <,3,4.0,4
group069,5,19,2,L,a S shape person or backwards Z,7,4.0,4
group069,5,19,2,L,pointing to the right,4,4.0,4
group069,5,19,2,L,diamond head is straight,4,4.0,4
group069,5,19,2,L,like not wonky,3,4.0,4
group069,5,19,2,L,um idk if its pac man body?? is it? sorry,10,4.0,4
group069,5,20,2,B,okay so kind of like a dress again,8,4.0,4
group069,5,20,2,B,with a diamond head tilted right,6,4.0,4
group069,5,20,2,B,and a triangle arms going < >,7,4.0,4
group069,5,20,2,B,and the little triangle at the bottom on the back facing up,12,4.0,4
group069,5,20,2,B,back left that is,4,4.0,4
group069,5,21,2,K,okay so there's a triangle arm pointing right,8,4.0,4
group069,5,21,2,K,and the diamond head is just straight like a normal head,11,4.0,4
group069,5,21,2,K,and at the bottom it's kind of jagged on the right and a flat sided triangle pointing up on the left,21,4.0,4
group069,5,21,2,K,um maybe I'm not sure cos others look like kneeling too right,12,4.0,4
group069,5,22,2,H,oh okay big body person sat with back to us,10,4.0,4
group069,5,22,2,H,they are facing right,4,4.0,4
group069,5,22,2,H,with no arms,3,4.0,4
group069,5,22,2,H,just a foot going >,5,4.0,4
group069,5,22,2,H,yes I would say that shape ^,7,4.0,4
group069,5,22,2,H,"no ""arms""",2,4.0,4
group069,5,22,2,H,like its back is towards us right?,7,4.0,4
group069,5,23,2,E,rabbit looking down,3,4.0,4
group069,5,23,2,E,rabbit ears,2,4.0,4
group069,5,23,2,E,square head,2,4.0,4
group069,5,23,2,E,sitting down,2,4.0,4
group069,5,23,2,E,its head is looking down a bit,7,4.0,4
group069,5,23,2,E,no arms rlly,3,4.0,4
group069,5,23,2,E,facing left,2,4.0,4
group069,5,23,2,E,back to us,3,4.0,4
group069,5,23,2,E,FACING RIGHT,2,4.0,4
group069,5,23,2,E,rabbit is looking right not left is that clear so so sorry,12,4.0,4
group069,5,23,2,E,idk it's just a rabbit ears?,6,4.0,4
group069,5,23,2,E,two triangles on top,4,4.0,4
group069,5,23,2,E,pointing down at square/diamond,4,4.0,4
group069,5,23,2,E,which is on a big triangles body that is pointing right,11,4.0,4
group069,5,24,3,F,man sitting and looking left,5,4.0,4
group069,5,24,3,F,with leg out towards the left,6,4.0,4
group069,5,24,3,F,we look at him from the side,7,4.0,4
group069,5,24,3,F,"not kneeling, he looks like he's sitting",7,4.0,4
group069,5,24,3,F,head tilted down,3,4.0,4
group069,5,24,3,F,looking sad,2,4.0,4
group069,5,24,3,F,"flat back on right, leg extended on left",8,4.0,4
group069,5,25,3,I,looks like a figure skater,5,4.0,4
group069,5,25,3,I,standing on one leg,4,4.0,4
group069,5,25,3,I,facing left,2,4.0,4
group069,5,25,3,I,with two triangle arms,4,4.0,4
group069,5,25,3,I,one on top of the other,6,4.0,4
group069,5,26,3,J,flat on the left side and jagged on the left,10,4.0,4
group069,5,26,3,J,with a diamond head,4,4.0,4
group069,5,26,3,J,and small triangle foot on the right,7,4.0,4
group069,5,26,3,J,jagged on the right,4,4.0,4
group069,5,27,3,C,looks like he's diving to the left,7,4.0,4
group069,5,27,3,C,catching a ball,3,4.0,4
group069,5,27,3,C,with arms stretched out,4,4.0,4
group069,5,27,3,C,\,1,4.0,4
group069,5,28,3,A,the monkey dancing one,4,4.0,4
group069,5,28,3,A,looking down at one leg raised,6,4.0,4
group069,5,28,3,A,facing left,2,4.0,4
group069,5,29,3,L,The S or backwards Z shaped one,7,3.0,4
group069,5,29,3,L,with a pacman body,4,3.0,4
group069,5,29,3,L,and thick neck,3,3.0,4
group069,5,30,3,H,man sitting with back to us,6,4.0,4
group069,5,30,3,H,kind of a blob. No arms,6,4.0,4
group069,5,30,3,H,small foot on right side,5,4.0,4
group069,5,30,3,H,"yeah, just kind of a blob",6,4.0,4
group069,5,31,3,K,the other pacman one with a thin neck,8,3.0,4
group069,5,31,3,K,facing right,2,3.0,4
group069,5,31,3,K,with a flat triangle sticking up on the left side,10,3.0,4
group069,5,32,3,D,the priest one,3,4.0,4
group069,5,32,3,D,facing left,2,4.0,4
group069,5,33,3,B,woman dancing with arms spread,5,4.0,4
group069,5,33,3,B,<||>,1,4.0,4
group069,5,34,3,E,the rabbit one that's sitting down,6,3.0,4
group069,5,34,3,E,and facing right,3,3.0,4
group069,5,34,3,E,two triangles on top of its head,7,3.0,4
group069,5,34,3,E,looking down towards his feet,5,3.0,4
group069,5,35,3,G,the one that looks like a woman dancing in a dress,11,4.0,4
group069,5,35,3,G,with her head tilted,4,4.0,4
group069,5,35,3,G,and triangle leg raised on the right,7,4.0,4
group069,5,35,3,G,one arm raised on the right too,7,4.0,4
group069,5,36,4,L,"Diamond head, the male pac-man body, looks like a S or a Z, thick neck",15,4.0,4
group069,5,37,4,K,"female pacman body with a weird triangle tail, thin neck",10,4.0,4
group069,5,38,4,J,"diamond head and body is just one giant shape that looks like a state, one pointy triangle foot and a pointy shoulder",22,0.0,4
group069,5,38,4,J,it's like a big blob,5,0.0,4
group069,5,39,4,H,"just one giant shape blob guy with a diamond head, a neck attached, and a weird foot >",18,3.0,4
group069,5,39,4,H,this is the one without the pointy shoulder,8,3.0,4
group069,5,40,4,B,"triangle arms and devil tail, woman dancing, <||>",8,4.0,4
group069,5,41,4,F,person looking down while sitting down looking sad,8,4.0,4
group069,5,41,4,F,legs facing out on the ground,6,4.0,4
group069,5,42,4,A,"man doing a zombie/chicken dance with one foot in the air, has a square head",15,4.0,4
group069,5,42,4,A,ye or monkey,3,4.0,4
group069,5,42,4,A,some weird dance,3,4.0,4
group069,5,42,4,A,triangle arm,2,4.0,4
group069,5,42,4,A,facing down,2,4.0,4
group069,5,43,4,G,woman in dress with both triangle arms facing the same direction,11,3.0,4
group069,5,43,4,G,the woman in the dress that looks like she's laying down,11,3.0,4
group069,5,43,4,G,leg is like a giant triangle thing,7,3.0,4
group069,5,43,4,G,that's attached to her body,5,3.0,4
group069,5,43,4,G,/_________/,1,3.0,4
group069,5,43,4,G,is like her body,4,3.0,4
group069,5,43,4,G,and head is tilted back,5,3.0,4
group069,5,43,4,G,both arms facing the right,5,3.0,4
group069,5,43,4,G,triangle arms,2,3.0,4
group069,5,44,4,E,"looks like a bunny sitting down, body looks like a graph going downwards, square head, no arms",17,4.0,4
group069,5,44,4,E,head could be interpreted as a windmill,7,4.0,4
group069,5,45,4,C,person catching a ball with both arms on different sides diving to catch a ball,15,4.0,4
group069,5,46,4,D,priest man,2,2.0,4
group069,5,47,4,I,"on one leg with two triangle arms pointing the same way, looks like a figure skater",16,4.0,4
group069,5,47,4,I,yes a r,3,4.0,4
group069,5,48,5,D,the priest man,3,4.0,4
group069,5,49,5,F,the sad looking man facing left,6,4.0,4
group069,5,49,5,F,kneels up,2,4.0,4
group069,5,50,5,B,the lady with arms spread like <ll>,7,4.0,4
group069,5,51,5,K,the thin neck with weird triangle facing up,8,4.0,4
group069,5,51,5,K,at the back,3,4.0,4
group069,5,51,5,K,facing right,2,4.0,4
group069,5,51,5,K,not dancin,2,4.0,4
group069,5,51,5,K,yes pacman,2,4.0,4
group069,5,52,5,L,the s or z pacman diamond head,7,4.0,4
group069,5,53,5,E,big triangle like graphy going downwards,6,3.0,4
group069,5,54,5,G,the lady with a square head arms and legs facing right,11,3.0,4
group069,5,54,5,G,leg like >,3,3.0,4
group069,5,55,5,J,diamond head which is like on the centre of the body,11,4.0,4
group069,5,55,5,J,leg like<,2,4.0,4
group069,5,55,5,J,arm like>,2,4.0,4
group069,5,55,5,J,yes flat on the left,5,4.0,4
group069,5,56,5,A,the monkey with one leg slightly lifted,7,4.0,4
group069,5,57,5,I,the r legs,3,4.0,4
group069,5,58,5,C,the guy catching the ball,5,3.0,4
group069,5,59,5,H,the one body diamond head legs facing right,8,4.0,4
group069,5,59,5,H,no arms,2,4.0,4
group069,5,60,6,H,"one body, no arms facing right",6,4.0,4
group069,5,61,6,I,r legs,2,4.0,4
group069,5,62,6,L,Z or S,3,3.0,4
group069,5,63,6,K,thin pacman <,3,3.0,4
group069,5,64,6,G,lady in dress dancing _/[.,5,4.0,4
group069,5,64,6,G,facing right,2,4.0,4
group069,5,64,6,G,tilted head,2,4.0,4
group069,5,65,6,E,windmill ;),2,4.0,4
group069,5,65,6,E,rabbit,1,4.0,4
group069,5,65,6,E,bunny ears,2,4.0,4
group069,5,65,6,E,body like a graph,4,4.0,4
group069,5,65,6,E,triangle boy,2,4.0,4
group069,5,66,6,B,<[]>,1,4.0,4
group069,5,66,6,B,arms out wide,3,4.0,4
group069,5,66,6,B,lady dancing,2,4.0,4
group069,5,67,6,J,"one block of body.. square left, jagged right",8,4.0,4
group069,5,67,6,J,E,1,4.0,4
group069,5,68,6,A,monkey dancing,2,4.0,4
group069,5,68,6,A,one leg,2,4.0,4
group069,5,69,6,D,priest,1,3.0,4
group069,5,70,6,F,"man sat down, looking sad",5,4.0,4
group069,5,71,6,C,"man catching ball, Y or \",6,3.0,4
group070,5,0,1,J,There is a triangle at the top and it is thicker in the body,14,0.0,4
group070,5,0,1,J,"It looks a bit like an ""F"" with a triangle on top",12,0.0,4
group070,5,0,1,J,Not sitting,2,0.0,4
group070,5,0,1,J,"Like a thick ""f"" with a square on top",9,0.0,4
group070,5,0,1,J,"like a chocolate bar with a bite out of it, and a triangle on top...",15,0.0,4
group070,5,0,1,J,A man in a robe with his arms stretched out,10,0.0,4
group070,5,1,1,H,A bit like a banana with a head on top,10,3.0,4
group070,5,1,1,H,"a backwards ""j"" with a head on top",8,3.0,4
group070,5,1,1,H,Almost like a chair without legs and a head on top,11,3.0,4
group070,5,1,1,H,the seat and back portion of a chair without legs and a head,13,3.0,4
group070,5,1,1,H,"Thick body, part on the bottom sticking out to the right and a head",14,3.0,4
group070,5,2,1,A,a person imitating a chicken while wearing long sleeves,9,3.0,4
group070,5,2,1,A,"someone standing with their leg in the air, their head rolled far back and their arms up high in wide sleeves",21,3.0,4
group070,5,2,1,A,they have legs but one of the legs is in the air,12,3.0,4
group070,5,2,1,A,they are standing on one leg,6,3.0,4
group070,5,2,1,A,one leg is in air but not all the way up,11,3.0,4
group070,5,2,1,A,the leg is lifted about knee height,7,3.0,4
group070,5,2,1,A,their head is rolled back,5,3.0,4
group070,5,2,1,A,the head is to the right,6,3.0,4
group070,5,2,1,A,could almost look like a person with angel wings kicking backwards,11,3.0,4
group070,5,3,1,F,person is sitting down with their knees up,8,4.0,4
group070,5,3,1,F,imagine a kid at school sitting in front of their locker. No visible arms. Facing left,16,4.0,4
group070,5,3,1,F,knees up but feet on ground,6,4.0,4
group070,5,3,1,F,sitting on the floor,4,4.0,4
group070,5,3,1,F,no arms,2,4.0,4
group070,5,3,1,F,The foot is on ground but pointed up,8,4.0,4
group070,5,3,1,F,one leg is visible,4,4.0,4
group070,5,4,1,K,looks like someone resting on their knees with their arms out. Facing right,13,2.0,4
group070,5,4,1,K,"on knees, back of legs pointing left while face pointing right",11,2.0,4
group070,5,4,1,K,feet point upwards,3,2.0,4
group070,5,4,1,K,lump in their back,4,2.0,4
group070,5,4,1,K,someone praying with a lump in their back. Facing right,10,2.0,4
group070,5,4,1,K,"yes, diamond head",3,2.0,4
group070,5,4,1,K,"yes, body makes a ""j""",5,2.0,4
group070,5,5,1,B,person with huge shoulderpads facing right with a diamond head,10,4.0,4
group070,5,5,1,B,on their knees,3,4.0,4
group070,5,5,1,B,huge shoulder pads and a tie,6,4.0,4
group070,5,5,1,B,looks like they are wearing a white tie,8,4.0,4
group070,5,5,1,B,"yes, foot stretched behind them or maybe a tail",9,4.0,4
group070,5,5,1,B,no triangle bottom left,4,4.0,4
group070,5,6,1,I,"Person looks like they are ice skating with let in air, they are facing right",15,4.0,4
group070,5,6,1,I,"one leg is in the air, one is on the ground",11,4.0,4
group070,5,6,1,I,the leg in the air is behind them,8,4.0,4
group070,5,6,1,I,"yes, you have it, they are facing left",8,4.0,4
group070,5,7,1,E,"person is sitting on the floor, they are facing RIGHT (I am right this time haha) They are wearing a funny hat",22,4.0,4
group070,5,7,1,E,"yes, two triangle funny hat",5,4.0,4
group070,5,8,1,L,"person facing the right, they are bending their knees. Triangle head, they have an arm sticking out to the right",20,4.0,4
group070,5,8,1,L,They have no feet,4,4.0,4
group070,5,8,1,L,diamond head,2,4.0,4
group070,5,8,1,L,"looks like a backwards ""z"" with a piece thick neck and a diamond head",14,4.0,4
group070,5,8,1,L,backwards z with a thick neck and diamond head,9,4.0,4
group070,5,8,1,L,"yes, long dress covering feet",5,4.0,4
group070,5,9,1,G,thicker at the bottom left,5,4.0,4
group070,5,9,1,G,"the whole thing almost looks like an ""x"" but the bottom right part is thinner than the rest",18,4.0,4
group070,5,9,1,G,left leg is far far thicker than the right,9,4.0,4
group070,5,9,1,G,there is a triangle on the bottom right that makes a thinner leg,13,4.0,4
group070,5,9,1,G,small triangle bottom right,4,4.0,4
group070,5,10,1,D,"person in graduating suit with arms stretched out, diamond head",10,4.0,4
group070,5,10,1,D,facing LEFT,2,4.0,4
group070,5,10,1,D,(definitely facing left),3,4.0,4
group070,5,10,1,D,"yes, little of the foot peeping through",7,4.0,4
group070,5,10,1,D,"large thick graduation robe pointing or with arms stretched, facing left",11,4.0,4
group070,5,11,1,C,"person falling, mid air, you cannot see his legs. He is falling towards the LEFT",15,4.0,4
group070,5,11,1,C,"arms are out, diamond head, no legs",7,4.0,4
group070,5,11,1,C,"yes, weird diamond arms",4,4.0,4
group070,5,12,2,K,"person kneeling, facing RIGHT. Feet pointing up behind them to the left.",12,4.0,4
group070,5,12,2,K,"Head is a diamond, on top of a triangle",9,4.0,4
group070,5,12,2,K,The diamond is on top of the tip of a triangle that is the same width as the head,19,4.0,4
group070,5,12,2,K,"The feet are behind them, sticking up toward the sky",10,4.0,4
group070,5,13,2,A,The chicken dance one that Hera described.,7,4.0,4
group070,5,13,2,A,"One food in the air, one on the ground. Facing right",11,4.0,4
group070,5,13,2,A,"The feet face left and one foot is up to the knee level. The head faces to the right. They have the arm on the left up in the air, with the elbow the same height as the top of head",41,4.0,4
group070,5,14,2,B,"Kneeling on the floor, facing right.",6,4.0,4
group070,5,14,2,B,They are the one with a little triangle foot or tail,11,4.0,4
group070,5,14,2,B,to the left,3,4.0,4
group070,5,14,2,B,The arms are raised or they could be wings that look like triangles,13,4.0,4
group070,5,14,2,B,They have a white tie on,6,4.0,4
group070,5,14,2,B,yes both are visible and raised,6,4.0,4
group070,5,15,2,J,"The head is a diamond, on top of a big fat body that looks square, except the right side is missing a chunk",23,4.0,4
group070,5,15,2,J,It was the first one that Hera got,8,4.0,4
group070,5,15,2,J,Their arms are stretched like a 't',7,4.0,4
group070,5,15,2,J,a cross.,2,4.0,4
group070,5,16,2,G,The one facing RIGHT and they have their arms raised as if they are catching something. The head is looking up at the sky.,24,3.0,4
group070,5,16,2,G,The bottom left leg is thick,6,3.0,4
group070,5,16,2,G,The right leg is a tiny triangle,7,3.0,4
group070,5,16,2,G,I said last time it looks like they are catching a ball that is coming from up high,18,3.0,4
group070,5,17,2,C,The one that looks like they are flying to the LEFT.,11,4.0,4
group070,5,17,2,C,No legs,2,4.0,4
group070,5,17,2,C,Yes like the \,4,4.0,4
group070,5,18,2,E,"The guy sitting on the floor with the funny hat, facing right",12,4.0,4
group070,5,18,2,E,2 triangles for a hat on top of his square head,11,4.0,4
group070,5,19,2,H,"The one that is a diamond head, on top of a triangle point (wider than the head), on top of a square, on top of a 5 sided shape",29,4.0,4
group070,5,19,2,H,Like a chair facing right,5,4.0,4
group070,5,19,2,H,With a head on top,5,4.0,4
group070,5,19,2,H,yes no legs like you described it!,7,4.0,4
group070,5,20,2,D,The graduation one,3,4.0,4
group070,5,21,2,I,The ice skater,3,4.0,4
group070,5,21,2,I,Facing left with one foot high in the air,9,4.0,4
group070,5,22,2,F,The boy sitting in front of his locker at school facing left,12,4.0,4
group070,5,22,2,F,feet on the floor,4,4.0,4
group070,5,23,2,L,The person squatting/kneeling with NO FEET,6,3.0,4
group070,5,23,2,L,diamond head on top of triangle tip (same size as the head),12,3.0,4
group070,5,23,2,L,Like a dress and one arm is to the right,10,3.0,4
group070,5,24,3,D,graduation guy,2,1.0,4
group070,5,24,3,D,facing left,2,1.0,4
group070,5,25,3,G,X,1,3.0,4
group070,5,25,3,G,thicc boi,2,3.0,4
group070,5,25,3,G,bottom left is thick,4,3.0,4
group070,5,26,3,A,"guy with head in the top right, legs facing left on leg is raised",14,3.0,4
group070,5,26,3,A,kinda has a hunchback,4,3.0,4
group070,5,26,3,A,yes facing down,3,3.0,4
group070,5,27,3,C,\,1,4.0,4
group070,5,27,3,C,falling guy,2,4.0,4
group070,5,28,3,F,locker kid,2,4.0,4
group070,5,29,3,I,ice skater!,2,4.0,4
group070,5,30,3,J,chocolate with the chunk out the right side and a diamond head,12,2.0,4
group070,5,30,3,J,i,1,2.0,4
group070,5,30,3,J,nah so its facing right,5,2.0,4
group070,5,31,3,K,the one with the feet facing up on the bottom left,11,4.0,4
group070,5,31,3,K,"hands are out, kneeling",4,4.0,4
group070,5,31,3,K,"yep, big shoulders",3,4.0,4
group070,5,31,3,K,yes hands to the right,5,4.0,4
group070,5,31,3,K,no tie,2,4.0,4
group070,5,31,3,K,the one with feet facing up,6,4.0,4
group070,5,31,3,K,on the left side,4,4.0,4
group070,5,31,3,K,looks like a praying lady,5,4.0,4
group070,5,32,3,H,looks like a backwards j,5,4.0,4
group070,5,33,3,L,"squatting down in like a robe, hands facing right",9,4.0,4
group070,5,33,3,L,the s,2,4.0,4
group070,5,33,3,L,or backwards Z,3,4.0,4
group070,5,34,3,B,white tie,2,4.0,4
group070,5,35,3,E,"funky hat, like bunny ears",5,3.0,4
group070,5,35,3,E,the two triangles on top,5,3.0,4
group070,5,36,4,I,ice skater,2,4.0,4
group070,5,37,4,B,white tie,2,3.0,4
group070,5,38,4,D,graduation,1,2.0,4
group070,5,39,4,C,\,1,3.0,4
group070,5,40,4,L,backwards z,2,3.0,4
group070,5,41,4,K,praying lady,2,2.0,4
group070,5,42,4,J,chocolate bar one,3,3.0,4
group070,5,42,4,J,diamond head on top of square with a bit taken out on right,13,3.0,4
group070,5,43,4,A,the hunchback one,3,4.0,4
group070,5,43,4,A,facing left with one leg up,6,4.0,4
group070,5,43,4,A,head is top right,4,4.0,4
group070,5,44,4,E,square with two triangles on top,6,4.0,4
group070,5,44,4,E,the weird hat one,4,4.0,4
group070,5,45,4,G,x,1,3.0,4
group070,5,46,4,F,locker room,2,4.0,4
group070,5,46,4,F,facing left sitting,3,4.0,4
group070,5,47,4,H,backwards j,2,4.0,4
group070,5,48,5,B,white tie,2,2.0,4
group070,5,49,5,J,chocolate bar,2,1.0,4
group070,5,49,5,J,small foot poking right,4,1.0,4
group070,5,50,5,K,praying,1,4.0,4
group070,5,51,5,C,\,1,3.0,4
group070,5,51,5,C,falling,1,3.0,4
group070,5,52,5,H,backwards j,2,3.0,4
group070,5,53,5,F,locker,1,3.0,4
group070,5,53,5,F,sitting facing left,3,3.0,4
group070,5,54,5,G,x,1,3.0,4
group070,5,55,5,I,ice skating,2,3.0,4
group070,5,56,5,L,squatting,1,4.0,4
group070,5,56,5,L,backwards z,2,4.0,4
group070,5,57,5,E,funny hat,2,2.0,4
group070,5,57,5,E,bunny,1,2.0,4
group070,5,58,5,A,hunchback,1,4.0,4
group070,5,58,5,A,head to the right,4,4.0,4
group070,5,58,5,A,one leg off ground,4,4.0,4
group070,5,59,5,D,graduation,1,3.0,4
group070,5,60,6,F,locker,1,3.0,4
group070,5,61,6,L,squat with no feet,4,3.0,4
group070,5,61,6,L,facing right,2,3.0,4
group070,5,61,6,L,"backwards ""z""",2,3.0,4
group070,5,61,6,L,"the ""s""",2,3.0,4
group070,5,62,6,I,ice skater,2,4.0,4
group070,5,63,6,K,praying lady,2,3.0,4
group070,5,64,6,H,"backwards ""j""",2,3.0,4
group070,5,65,6,E,sad bunny,2,3.0,4
group070,5,65,6,E,funny hat,2,3.0,4
group070,5,66,6,D,graduation,1,4.0,4
group070,5,67,6,A,chicken dance,2,4.0,4
group070,5,67,6,A,hunchback,1,4.0,4
group070,5,68,6,G,fat leg,2,4.0,4
group070,5,68,6,G,X,1,4.0,4
group070,5,69,6,C,falling,1,2.0,4
group070,5,70,6,B,white tie,2,2.0,4
group070,5,71,6,J,chocolate bar,2,2.0,4
group071,5,0,1,F,"The person is sitting down, with the knees up",9,4.0,4
group071,5,0,1,F,he is crouching or his head is leaned forward,9,4.0,4
group071,5,1,1,G,The person has one arm raised up while the other arm is raised down,14,4.0,4
group071,5,1,1,G,While this person is kneeling,5,4.0,4
group071,5,1,1,G,Slight back for that person,5,4.0,4
group071,5,1,1,G,"Like a Mantis or a grasshopper, width arms are apart",10,4.0,4
group071,5,1,1,G,Head is leaned back,4,4.0,4
group071,5,2,1,A,This person foot is raised up while the other is facing the ground,13,3.0,4
group071,5,2,1,A,His head is facing down,5,3.0,4
group071,5,2,1,A,Has a square shape in it's back of his head,10,3.0,4
group071,5,3,1,J,Diamond shape head where the triangle is sticking out,9,2.0,4
group071,5,3,1,J,"His body is mostly rectangle, with a triangular foot",9,2.0,4
group071,5,3,1,J,"Two triangles, one is his arm, one is his foot",10,2.0,4
group071,5,4,1,D,"Diamond head person, just standing normally, with his arms out on the left side",14,4.0,4
group071,5,4,1,D,Square and a pointy curve is his hand,8,4.0,4
group071,5,4,1,D,A rectangle body with a triangle part that connects the diamond head,12,4.0,4
group071,5,5,1,B,"Has a diamond head, where the triangle parts has a small space gab",13,1.0,4
group071,5,5,1,B,"gap*, that connects to his head",6,1.0,4
group071,5,5,1,B,"1 Square in his head, triangle on his left and right side, while a small small white space in between",20,1.0,4
group071,5,5,1,B,"His bottom part is like a trapezoid, with a triangle shape on the left end of the bottom",18,1.0,4
group071,5,5,1,B,"The small gap is like a line, small line",9,1.0,4
group071,5,5,1,B,Triangle part looks like it's falling off,7,1.0,4
group071,5,5,1,B,Unbalance,1,1.0,4
group071,5,6,1,I,The person foot is raised backwards while the other foot is on the ground,14,4.0,4
group071,5,6,1,I,Two triangle pointy hands with a diamond shape head,9,4.0,4
group071,5,6,1,I,"1 Leg on the floor, the other leg is raised behind on the right side",15,4.0,4
group071,5,7,1,L,"This person is crouching a bit, zig zag his legs on the right side",14,3.0,4
group071,5,7,1,L,His Hands are a triangle shape facing the right direction,10,3.0,4
group071,5,7,1,L,"Crouching a bit, straight posture",5,3.0,4
group071,5,8,1,H,"This person head is facing down, has no legs or arms",11,2.0,4
group071,5,8,1,H,"Just a head and a body, a pointy curve on the right side",13,2.0,4
group071,5,8,1,H,Body shape like a hexagon,5,2.0,4
group071,5,8,1,H,with a small triangle sticking out,6,2.0,4
group071,5,8,1,H,on the bottom right,4,2.0,4
group071,5,9,1,C,This person is flying,4,4.0,4
group071,5,9,1,C,has the arms open wide,5,4.0,4
group071,5,9,1,C,Floating mid air,3,4.0,4
group071,5,9,1,C,"no legs are shown, just flying",6,4.0,4
group071,5,10,1,E,This person has two triangles in its head,8,4.0,4
group071,5,10,1,E,Head is facing down,4,4.0,4
group071,5,10,1,E,Triangle body parts,3,4.0,4
group071,5,10,1,E,The person is sitting down,5,4.0,4
group071,5,11,1,K,"This person is receiving the item, has its hands open",10,4.0,4
group071,5,11,1,K,Has a sharp pointy triangle sticking out in the back of the body,13,4.0,4
group071,5,11,1,K,Also the back too close to the head,8,4.0,4
group071,5,11,1,K,Like Pac man,3,4.0,4
group071,5,11,1,K,The image is similar to a pac man eating a cherry,11,4.0,4
group071,5,11,1,K,Square white space,3,4.0,4
group071,5,11,1,K,Kneeling,1,4.0,4
group071,5,11,1,K,It's has an L shape,5,4.0,4
group071,5,11,1,K,for the white part,4,4.0,4
group071,5,12,2,H,"The one with no arms, mostly a rectangular body",9,3.0,4
group071,5,12,2,H,with legs shifted towards the right,6,3.0,4
group071,5,12,2,H,diamond,1,3.0,4
group071,5,12,2,H,shifted to the right of the body,7,3.0,4
group071,5,12,2,H,slightly,1,3.0,4
group071,5,12,2,H,but still upright diamond,4,3.0,4
group071,5,12,2,H,kneeling but legs are not very visible,7,3.0,4
group071,5,13,2,B,in the kneeling position with triangular arms outstretched,8,1.0,4
group071,5,13,2,B,right arm looks like it is dangling,7,1.0,4
group071,5,13,2,B,triangle coming out of the left side at the bottom as the foot,13,1.0,4
group071,5,14,2,J,the fat one,3,4.0,4
group071,5,14,2,J,rectangular body,2,4.0,4
group071,5,14,2,J,with small triangle coming out of his right side as an arm and one for his foot,17,4.0,4
group071,5,14,2,J,left side of him is exactly 90 degree angle,9,4.0,4
group071,5,15,2,A,straight back head is leaned back,6,4.0,4
group071,5,15,2,A,one foot on the ground the other is raised,9,4.0,4
group071,5,15,2,A,looks like a zombie,4,4.0,4
group071,5,15,2,A,facing the left,3,4.0,4
group071,5,15,2,A,its up forward,3,4.0,4
group071,5,15,2,A,as if he is walking,5,4.0,4
group071,5,15,2,A,square,1,4.0,4
group071,5,15,2,A,leaned back,2,4.0,4
group071,5,16,2,K,facing towards the right,4,1.0,4
group071,5,16,2,K,looks like he is serving something,6,1.0,4
group071,5,16,2,K,the one that is kneeling,5,1.0,4
group071,5,16,2,K,yes the triangle with a right angle at the left,10,1.0,4
group071,5,17,2,I,one foot on the ground and the other is towards the back making a right angle between the two,19,4.0,4
group071,5,17,2,I,two triangles as the arms,5,4.0,4
group071,5,17,2,I,facing the left,3,4.0,4
group071,5,18,2,D,looks like he is serving,5,4.0,4
group071,5,18,2,D,facing the left,3,4.0,4
group071,5,18,2,D,standing,1,4.0,4
group071,5,18,2,D,upright,1,4.0,4
group071,5,19,2,L,legs are bent,3,4.0,4
group071,5,19,2,L,figure looks like he is serving now facing the right,10,4.0,4
group071,5,19,2,L,not fully kneeling,3,4.0,4
group071,5,19,2,L,arms and legs create a lightning shape,7,4.0,4
group071,5,20,2,E,fully sat figure with his head down and two triangles coming out of the head,15,4.0,4
group071,5,20,2,E,facing towards the right,4,4.0,4
group071,5,20,2,E,triangular body,2,4.0,4
group071,5,20,2,E,exactly the evo; rabbit,4,4.0,4
group071,5,21,2,G,has an arched back head is tilted back towards the left,11,4.0,4
group071,5,21,2,G,looks like salsa dancing,4,4.0,4
group071,5,22,2,C,flying,1,4.0,4
group071,5,22,2,C,no legs,2,4.0,4
group071,5,22,2,C,rhombus body,2,4.0,4
group071,5,22,2,C,left,1,4.0,4
group071,5,23,2,F,is sat facing the left,5,4.0,4
group071,5,23,2,F,with his head slightly tilted downwards (the right of the screen),11,4.0,4
group071,5,24,3,B,facing right,2,1.0,4
group071,5,24,3,B,kneeling,1,1.0,4
group071,5,24,3,B,triangle sticking out of the back,6,1.0,4
group071,5,24,3,B,triangle sticking out at the front slight gap,8,1.0,4
group071,5,24,3,B,looks like a monk praying,5,1.0,4
group071,5,25,3,A,"facing left, one leg up, head back",7,3.0,4
group071,5,25,3,A,looks like he has a beak,6,3.0,4
group071,5,25,3,A,head facing down,3,3.0,4
group071,5,25,3,A,square coming out of the back,6,3.0,4
group071,5,25,3,A,not carrying anything no arms visible,6,3.0,4
group071,5,25,3,A,triangle like mouth on a square head,7,3.0,4
group071,5,25,3,A,one leg up one on the ground,7,3.0,4
group071,5,26,3,L,slighly crouched,2,4.0,4
group071,5,26,3,L,looks like he is serving,5,4.0,4
group071,5,26,3,L,facing right,2,4.0,4
group071,5,27,3,F,facing left,2,3.0,4
group071,5,27,3,F,sitting down,2,3.0,4
group071,5,27,3,F,no arms visible,3,3.0,4
group071,5,27,3,F,knees up,2,3.0,4
group071,5,27,3,F,head forward,2,3.0,4
group071,5,28,3,D,standing up facing left,4,4.0,4
group071,5,28,3,D,looks like he is pointing,5,4.0,4
group071,5,28,3,D,looks like a waiter,4,4.0,4
group071,5,29,3,K,facing right,2,1.0,4
group071,5,29,3,K,looks like a woman kneeling,5,1.0,4
group071,5,29,3,K,diamond head,2,1.0,4
group071,5,29,3,K,small triangle coming out of top of the back,9,1.0,4
group071,5,29,3,K,look like they have a tail,6,1.0,4
group071,5,29,3,K,right angle at bottom left,5,1.0,4
group071,5,30,3,G,salsa dancer,2,4.0,4
group071,5,31,3,J,facing right,2,3.0,4
group071,5,31,3,J,straight back,2,3.0,4
group071,5,31,3,J,diamond head on flat surface,5,3.0,4
group071,5,31,3,J,two triangles at the front,5,3.0,4
group071,5,32,3,I,facing left,2,4.0,4
group071,5,32,3,I,one foot on the ground and one behind,8,4.0,4
group071,5,32,3,I,two equal sized triangles as arms,6,4.0,4
group071,5,32,3,I,right angle between legs,4,4.0,4
group071,5,33,3,E,evil rabbit,2,4.0,4
group071,5,34,3,H,facing right,2,4.0,4
group071,5,34,3,H,sitting no arms,3,4.0,4
group071,5,34,3,H,diamond head,2,4.0,4
group071,5,34,3,H,looks like he is meditating,5,4.0,4
group071,5,35,3,C,"flying, arms outstretched, no legs",5,4.0,4
group071,5,36,4,H,Monk sitting no arms or legs and straight back,9,4.0,4
group071,5,36,4,H,facing right,2,4.0,4
group071,5,36,4,H,like a ball,3,4.0,4
group071,5,37,4,E,evil rabbit,2,4.0,4
group071,5,38,4,J,facing left one that has body looks like nearly a whole square,12,3.0,4
group071,5,38,4,J,but right size is cut out by triangle bottom right space,11,3.0,4
group071,5,38,4,J,right side*,2,3.0,4
group071,5,38,4,J,left side is a straight line like a square,9,3.0,4
group071,5,39,4,L,"facing right, kneeling, right arm out like waiter",8,1.0,4
group071,5,39,4,L,left leg is like a triangle out left,8,1.0,4
group071,5,39,4,L,triangle*,1,1.0,4
group071,5,39,4,L,yes and then bens near legs,6,1.0,4
group071,5,39,4,L,bends*,1,1.0,4
group071,5,40,4,G,salsa dancer,2,4.0,4
group071,5,41,4,K,"facing right, sitting down on knees",6,4.0,4
group071,5,41,4,K,has big point triangle sticking at bottom upwards,8,4.0,4
group071,5,41,4,K,behind the back,3,4.0,4
group071,5,41,4,K,knees*,1,4.0,4
group071,5,41,4,K,so the left hand side is a edge of a triangle,11,4.0,4
group071,5,41,4,K,then its a nun kneeling,5,4.0,4
group071,5,42,4,F,guy sitting facing left with knees up feeling sad as his head is slightly low,15,4.0,4
group071,5,42,4,F,no arms,2,4.0,4
group071,5,42,4,F,head is lowered down forward,5,4.0,4
group071,5,43,4,I,guy doing yoga with his back leg kicked out in the air and standing straight on left leg,18,4.0,4
group071,5,44,4,C,flying ghost with the arms out,6,4.0,4
group071,5,45,4,D,facing left short guy standing,5,4.0,4
group071,5,45,4,D,with arm out left,4,4.0,4
group071,5,45,4,D,straight back,2,4.0,4
group071,5,45,4,D,looks like waiter,3,4.0,4
group071,5,46,4,A,weird zombie like monster kicking one leg out,8,4.0,4
group071,5,46,4,A,with a square head,4,4.0,4
group071,5,46,4,A,on its weird body,4,4.0,4
group071,5,47,4,B,two triangle arms on this one,6,4.0,4
group071,5,47,4,B,kneeling,1,4.0,4
group071,5,47,4,B,facing right,2,4.0,4
group071,5,47,4,B,arms same height,3,4.0,4
group071,5,47,4,B,both triangle,2,4.0,4
group071,5,47,4,B,left and right,3,4.0,4
group071,5,47,4,B,right,1,4.0,4
group071,5,47,4,B,legs behind him on floor,5,4.0,4
group071,5,47,4,B,he's facing right,3,4.0,4
group071,5,48,5,L,lighten legs,2,4.0,4
group071,5,48,5,L,bent legs looks like serving,5,4.0,4
group071,5,48,5,L,looking to the right,4,4.0,4
group071,5,48,5,L,diamond head,2,4.0,4
group071,5,49,5,H,meditating  monk no arms or legs sitting looking to right,10,4.0,4
group071,5,49,5,H,diamond head,2,4.0,4
group071,5,50,5,B,the wired one,3,2.0,4
group071,5,50,5,B,square head,2,2.0,4
group071,5,50,5,B,triangle arm to either side,5,2.0,4
group071,5,50,5,B,facing right,2,2.0,4
group071,5,50,5,B,kneeling,1,2.0,4
group071,5,50,5,B,with foot to back,4,2.0,4
group071,5,50,5,B,kinda looks like someone speaking into triangle,7,2.0,4
group071,5,51,5,K,looking to right,3,2.0,4
group071,5,51,5,K,kneeling,1,2.0,4
group071,5,51,5,K,monk serving,2,2.0,4
group071,5,51,5,K,diamond head,2,2.0,4
group071,5,51,5,K,triangle up,2,2.0,4
group071,5,51,5,K,no with triangle on back,5,2.0,4
group071,5,52,5,I,yoga man,2,4.0,4
group071,5,52,5,I,one leg up  balanced on one facing left,8,4.0,4
group071,5,52,5,I,triangle arms,2,4.0,4
group071,5,53,5,A,zombie man,2,4.0,4
group071,5,53,5,A,one leg up,3,4.0,4
group071,5,54,5,D,facing left waiter man,4,4.0,4
group071,5,54,5,D,straight back,2,4.0,4
group071,5,55,5,C,flying man,2,4.0,4
group071,5,55,5,C,arm up in the air,5,4.0,4
group071,5,56,5,F,sad man sitting on ground with knees up facing left,10,4.0,4
group071,5,56,5,F,square head,2,4.0,4
group071,5,56,5,F,legs no arms,3,4.0,4
group071,5,57,5,G,salsa man,2,3.0,4
group071,5,57,5,G,square head,2,3.0,4
group071,5,58,5,J,block man,2,3.0,4
group071,5,59,5,E,evil rabbit,2,4.0,4
group071,5,60,6,G,Salsa Man,2,3.0,4
group071,5,61,6,I,Yoga man,2,4.0,4
group071,5,61,6,I,"Facing left, leg is up",5,4.0,4
group071,5,61,6,I,triangle arms,2,4.0,4
group071,5,62,6,F,Sad man sitting down,4,4.0,4
group071,5,62,6,F,knees are up,3,4.0,4
group071,5,62,6,F,facing left,2,4.0,4
group071,5,63,6,B,"weird one, the one with two triangles that are even",10,3.0,4
group071,5,63,6,B,kneeling down,2,3.0,4
group071,5,63,6,B,"facing right,",2,3.0,4
group071,5,63,6,B,has a tail,3,3.0,4
group071,5,63,6,B,triangle tail,2,3.0,4
group071,5,64,6,H,"Guy is meditating, no arms, no legs",7,4.0,4
group071,5,64,6,H,diamond head,2,4.0,4
group071,5,64,6,H,facing right,2,4.0,4
group071,5,65,6,J,"Facing right, straight back",4,4.0,4
group071,5,65,6,J,fat guy,2,4.0,4
group071,5,66,6,E,Evil Bunny,2,4.0,4
group071,5,67,6,C,Flying ghost,2,3.0,4
group071,5,67,6,C,arms are outstretched,3,3.0,4
group071,5,68,6,A,Zombie guy,2,3.0,4
group071,5,69,6,L,Right side,2,3.0,4
group071,5,69,6,L,waitress,1,3.0,4
group071,5,69,6,L,zig zag,2,3.0,4
group071,5,69,6,L,zig zag legs*,3,3.0,4
group071,5,70,6,K,Right side,2,3.0,4
group071,5,70,6,K,waitress serving,2,3.0,4
group071,5,70,6,K,has a triangle in it's bottom back,7,3.0,4
group071,5,70,6,K,diamond head,2,3.0,4
group071,5,70,6,K,kneeling,1,3.0,4
group071,5,71,6,D,Left side,2,4.0,4
group071,5,71,6,D,waiter/waitress,1,4.0,4
group071,5,71,6,D,serving,1,4.0,4
group071,5,71,6,D,diamond head,2,4.0,4
group072,5,0,1,C,"Looks like a goalkeeper reaching out to save the ball, they are leaning towards the left side with arms up guarding",21,2.0,4
group072,5,0,1,C,standing,1,2.0,4
group072,5,1,1,I,"Looks like a person leaning forwards balancing on their left leg, could be an ice skating position, with arms out forwards, towards the left.",24,4.0,4
group072,5,2,1,F,"Sitting down, knees up, hunched back, facing the left, sat on the floor, with head positioned slightly downwards.",18,3.0,4
group072,5,3,1,B,"Arms stretched out in the air on either side, looks like someone is kneeling down facing forwards, NOT looking up in the air, you can see the heel of the right foot.",32,2.0,4
group072,5,3,1,B,pointed to the left direction but is the right foot,10,2.0,4
group072,5,3,1,B,"yes both knees, no triangle behind the neck",8,2.0,4
group072,5,4,1,J,"Straight back towards the left, looks like a block of black, one foot visible, with an arm out towards the right, standing position. only irregular shapes on the right side of the image",33,4.0,4
group072,5,5,1,L,"Looks like the person has arms out to the right, slightly crouching, looks like someone asking for money, zigzag shape, could be begging.",23,3.0,4
group072,5,5,1,L,knees bent,2,3.0,4
group072,5,5,1,L,yes bent but not completely on the floor,8,3.0,4
group072,5,5,1,L,straight back,2,3.0,4
group072,5,6,1,G,"Looks like a dancer, dramatic figure, long block to the left extended on the floor, arm and leg on the right side are elevated and lifted up, arched back with slight triangular protrusion, head leaning backwards.",36,2.0,4
group072,5,6,1,G,"no, facing the right side.",5,2.0,4
group072,5,7,1,D,"Standing figure, arms out to the left in a begging manner or as if about to pray. Completely straight back on the right side, PRIEST like, only irregularity of shapes on the left and left foot is visible.",38,4.0,4
group072,5,8,1,E,"Looks like a sitting bunny rabbit with large ears, facing to the RIGHT side, sitting down, straight back.",18,4.0,4
group072,5,9,1,A,"Looks somehow like a walking T-shirt, standing on the left leg, right leg is elevated in front of the body.",20,3.0,4
group072,5,9,1,A,No head,2,3.0,4
group072,5,9,1,A,sort of could be seen as the head facing backward,10,3.0,4
group072,5,10,1,K,"Politely kneeling to the right side of the screen, humble figure, arms out looks like holding a plate, sharp toes pointing vertically on the left side.",26,4.0,4
group072,5,10,1,K,"not completely on the floor, but clearly a kneeling position, arms are in front to the RIGHT not left",19,4.0,4
group072,5,11,1,H,"Black figure with no limbs visible, looks like sitting with straight sides on both right and left. Slightly morbid and dark. You wouldn't want to walk past him alone on a cloudy night. Generally sad.",35,4.0,4
group072,5,12,2,A,"Okay this is the one we called headless man before, did anyone  have confusion on that one\",17,4.0,4
group072,5,13,2,K,this character is on both knees back facing towards left side of screen hands out to the right,18,2.0,4
group072,5,13,2,K,cold be a beggar or holding something,7,2.0,4
group072,5,13,2,K,back is to left hands to right,7,2.0,4
group072,5,13,2,K,triangle protrusion out of the back just below neck,9,2.0,4
group072,5,14,2,C,"this character is visible from the torso up only, and has both arms held up",15,3.0,4
group072,5,14,2,C,is slightly leaning to the left,6,3.0,4
group072,5,15,2,F,character is in a sitting position back facing right side of screen head slightly pointed downwards,16,3.0,4
group072,5,15,2,F,feet on ground knees bent,5,3.0,4
group072,5,15,2,F,or slightly tucked in towards stomach,6,3.0,4
group072,5,16,2,G,character is facing to the right one leg shin facing down other leg is standing on hands up to the right,21,1.0,4
group072,5,16,2,G,or how you would be taking a knee,8,1.0,4
group072,5,16,2,G,except hands up,3,1.0,4
group072,5,18,2,I,looks like a figure skater hands outstretched to the left with one leg fully up in the air,18,4.0,4
group072,5,19,2,B,figure is down on both knees facing towards the right and has both arms outstretched upwards,16,1.0,4
group072,5,19,2,B,there are two figures with toes pointed up in back between the two it's the one with arms raised higher,20,1.0,4
group072,5,19,2,B,arms like like two triangles,5,1.0,4
group072,5,20,2,D,figure facing towards the left arms outstretched at about chest height looks like a holy man,16,4.0,4
group072,5,21,2,H,character where only head is visible looks like curled up inside a blanket or bag,15,4.0,4
group072,5,21,2,H,yes bent slightly like a c,6,4.0,4
group072,5,22,2,J,also can see one toe pointed out on the right,10,4.0,4
group072,5,23,2,L,figure is pointed to the left and is standing but both knees partially crouched,14,4.0,4
group072,5,23,2,L,arms held up to the right at about chest height,10,4.0,4
group072,5,23,2,L,im sorry pointed to the right,6,4.0,4
group072,5,23,2,L,facing right and arms right,5,4.0,4
group072,5,23,2,L,knees bent straight back,4,4.0,4
group072,5,23,2,L,no toes visible,3,4.0,4
group072,5,23,2,L,standing on both feet in fact feet are not visible whatsoever,11,4.0,4
group072,5,24,3,D,"facing left, priestlike, a square under the hands",8,4.0,4
group072,5,25,3,A,"facing left, kicking like a soccer player",7,3.0,4
group072,5,25,3,A,"yes head, the square one, is towards the right, but the guy is facing left",15,3.0,4
group072,5,25,3,A,no hands,2,3.0,4
group072,5,25,3,A,maybe those are hands towards left,6,3.0,4
group072,5,26,3,E,"two triangle on top of head, sitting, facing right",9,4.0,4
group072,5,27,3,F,"facing left, knee bent",4,4.0,4
group072,5,27,3,F,sitting,1,4.0,4
group072,5,28,3,J,"facing right, left side straight up",6,3.0,4
group072,5,28,3,J,kind of short,3,3.0,4
group072,5,28,3,J,"you can say, he is fat",6,3.0,4
group072,5,28,3,J,broad shoulder,2,3.0,4
group072,5,29,3,G,"facing right, but both hands toward left, feet towards right",10,0.0,4
group072,5,29,3,G,looks like sitting,3,0.0,4
group072,5,29,3,G,bent body,2,0.0,4
group072,5,29,3,G,hands right,2,0.0,4
group072,5,30,3,H,"can't see any hands of feet, facing right",8,4.0,4
group072,5,30,3,H,kind of sitting,3,4.0,4
group072,5,30,3,H,"no ears, featureless",3,4.0,4
group072,5,31,3,K,"facing right, kind of kneeling like a nun",8,2.0,4
group072,5,31,3,K,below head square you can imagine another square,8,2.0,4
group072,5,31,3,K,both legs backwards,3,2.0,4
group072,5,32,3,C,"both hand extended, leaning left, no legs",7,4.0,4
group072,5,33,3,I,"like a ballerina standing on one feet, other one towards right parallel to the ground, she is leaning left",19,4.0,4
group072,5,34,3,B,"sitting, facing left, a triangle shape near the neck",9,0.0,4
group072,5,35,3,L,"facing right, knees bent, half standing, hands together extended right",10,4.0,4
group072,5,35,3,L,back side of the knees are parallel to the front,10,4.0,4
group072,5,35,3,L,bent too,2,4.0,4
group072,5,36,4,D,Figure facing left. Right side is straight line.,8,4.0,4
group072,5,36,4,D,Looks like holding something in front.,6,4.0,4
group072,5,37,4,A,"Figure has one foot on ground, one tilted up in air. Looks like square on back of neck.",18,3.0,4
group072,5,37,4,A,And a beak/triangle in front facing left.,7,3.0,4
group072,5,37,4,A,Standing figure.,2,3.0,4
group072,5,37,4,A,Facing left.,2,3.0,4
group072,5,37,4,A,"The back is straight, except for when it angles left to legs and with square/diamond on back of neck.",19,3.0,4
group072,5,37,4,A,Leg kicked up toward left.,5,3.0,4
group072,5,38,4,F,Figure sitting with head bent slightly. Facing left.,8,3.0,4
group072,5,38,4,F,Knees bent up.,3,3.0,4
group072,5,38,4,F,Sitting.,1,3.0,4
group072,5,39,4,J,"Looks like chubby baby facing right, arm outstretched in front.",10,4.0,4
group072,5,39,4,J,"Standing, straight line on left.",5,4.0,4
group072,5,39,4,J,Little foot sticking out pointing right.,6,4.0,4
group072,5,40,4,K,Kneeling figure facing right. Not crouching. Looks like right triangle on base of body.,14,2.0,4
group072,5,40,4,K,Not a completely straight back.,5,2.0,4
group072,5,40,4,K,Looks like diamond head.,4,2.0,4
group072,5,40,4,K,Toes pointed up in back.,5,2.0,4
group072,5,41,4,G,Looks like a lounging dog. Triangle extends out on bottom right.,11,2.0,4
group072,5,41,4,G,Does NOT have a big triangle nose.,7,2.0,4
group072,5,41,4,G,"Does have two ears, one square, one triangle-ish.",8,2.0,4
group072,5,41,4,G,Straight line on bottom.,4,2.0,4
group072,5,42,4,E,Looks like a lounging hare. Facing right. Two triangle ears.,10,4.0,4
group072,5,42,4,E,Square head.,2,4.0,4
group072,5,43,4,L,Crouching. Arms pointing right.,4,3.0,4
group072,5,43,4,L,"Bit of a straight back, but feet under it.",9,3.0,4
group072,5,43,4,L,Looks like knees pointing right at angle.,7,3.0,4
group072,5,43,4,L,Legs almost look like arrow pointing right when crouching.,9,3.0,4
group072,5,43,4,L,"Yes, slightly tilted up but together.",6,3.0,4
group072,5,43,4,L,Kneeling but knees not on floor.,6,3.0,4
group072,5,44,4,C,Arms held up. No legs.,5,4.0,4
group072,5,44,4,C,Facing left.,2,4.0,4
group072,5,44,4,C,Leaning left.,2,4.0,4
group072,5,45,4,B,Looks like a mouse or a dog with pointed ears. Facing left.,12,1.0,4
group072,5,45,4,B,Sitting. Big nose.,3,1.0,4
group072,5,45,4,B,head tilted up and left.,5,1.0,4
group072,5,45,4,B,tIlted,1,1.0,4
group072,5,45,4,B,Sitting or lounging dog with square left ear and right triangle head.,12,1.0,4
group072,5,45,4,B,"Ear, not head.",3,1.0,4
group072,5,45,4,B,triangle facing up and left.,5,1.0,4
group072,5,45,4,B,Little left triangle foot facing left.,6,1.0,4
group072,5,45,4,B,triangle Nose is practically size of body.,7,1.0,4
group072,5,46,4,I,"Looks like skater or dancer pointing left. Leg up in air, standing on other leg.",15,4.0,4
group072,5,46,4,I,Facing left.,2,4.0,4
group072,5,47,4,H,The blob. No legs or arms.,6,3.0,4
group072,5,47,4,H,Just a head and potato sack body.,7,3.0,4
group072,5,47,4,H,Little part pointing out on bottom right.,7,3.0,4
group072,5,48,5,F,Figure facing the left. Knees bent.,6,4.0,4
group072,5,48,5,F,Sitting down.,2,4.0,4
group072,5,49,5,E,Bent knees. Two big ears. Facing the right.,8,4.0,4
group072,5,50,5,C,Hands up. No legs.,4,4.0,4
group072,5,51,5,I,Looks like a guy riding roller blades.,7,4.0,4
group072,5,51,5,I,Both hands forward to the left.,6,4.0,4
group072,5,51,5,I,one leg up yes.,4,4.0,4
group072,5,52,5,G,Both knees in the ground.,5,0.0,4
group072,5,52,5,G,With a head facing up.,5,0.0,4
group072,5,52,5,G,To the right yes.,4,0.0,4
group072,5,52,5,G,ON*,1,0.0,4
group072,5,52,5,G,Has arms visible..,3,0.0,4
group072,5,53,5,H,Facing the right. No arms and legs.,7,4.0,4
group072,5,54,5,A,Facing the left. One leg lifted to the air and the other standing.,13,1.0,4
group072,5,55,5,B,Hands wide open. To opposite directions.,6,0.0,4
group072,5,55,5,B,Looks like a runner.,4,0.0,4
group072,5,55,5,B,Wearing a tie.,3,0.0,4
group072,5,55,5,B,Has legs...,2,0.0,4
group072,5,55,5,B,facing the right direction.,4,0.0,4
group072,5,56,5,L,Facing the right. Hands lifted to chest level. Kneeling but knees not on the ground.,15,3.0,4
group072,5,56,5,L,The figure is facing the right.,6,3.0,4
group072,5,57,5,K,Figure kneeling. Facing the right. With toes pointing up.,9,4.0,4
group072,5,58,5,J,Figure looks like a person climbing a mountain with one hand and the other visible.,15,2.0,4
group072,5,58,5,J,And a toe visible. Facing the right.,7,2.0,4
group072,5,58,5,J,The left side of it  is straight.,7,2.0,4
group072,5,59,5,D,LOOKS LIKE A PRIEST.,4,4.0,4
group072,5,59,5,D,OR A GRADUATE.,3,4.0,4
group072,5,59,5,D,STANDING.... FACING THE LEFT.,4,4.0,4
group072,5,60,6,B,"Both arms out, kneeling down",5,1.0,4
group072,5,60,6,B,"facing the right, both arms horizontal and kinda upwards, toes visible",11,1.0,4
group072,5,61,6,I,"skating figure on one leg, facing LEFT",7,4.0,4
group072,5,62,6,G,"facing RIGHT, chunky leg on the left and on the floor, arms extended to right side",16,1.0,4
group072,5,63,6,H,"black figure no arms or legs, sitting with head only visible",11,4.0,4
group072,5,64,6,K,"RIGHT side, arms out, toes up, kneeling on floor with sharp shoulder blades",13,3.0,4
group072,5,65,6,J,"chunky block figure, straight on the left, with arm extended on right side, could be a weird shaped candle",19,4.0,4
group072,5,66,6,A,"walking t-shirt, looks like someone kicking a football facing the LEFT",11,4.0,4
group072,5,67,6,F,"facing LEFT, sat down, knees up, head down, no arms visible",11,4.0,4
group072,5,68,6,C,"both arms up in the air, looks like cheering, leaning towards left, no legs",14,3.0,4
group072,5,69,6,D,"holy figure, holding out plate or hands, standing with straight back, facing the LEFT",14,4.0,4
group072,5,70,6,E,"2 triangles on top of head, sat down, facing RIGHT, animal like figure",13,4.0,4
group072,5,71,6,L,"facing RIGHT, bent knees, hunched back, arms out to right holding a plate or extended horizontally",16,4.0,4
group072,5,71,6,L,no toes flicked up,4,4.0,4
group073,5,0,1,K,right angle in bottom left.,5,2.0,4
group073,5,0,1,K,looks like person kneeling,4,2.0,4
group073,5,0,1,K,head is diamond,3,2.0,4
group073,5,1,1,B,right angle on bottom right,5,1.0,4
group073,5,1,1,B,triangle on bottom left,4,1.0,4
group073,5,1,1,B,looks like rocks falling down a cliff,7,1.0,4
group073,5,1,1,B,not candle or priest,4,1.0,4
group073,5,2,1,F,like man lying on ground with feet stretched out to left,11,1.0,4
group073,5,2,1,F,knees bent,2,1.0,4
group073,5,2,1,F,head to left,3,1.0,4
group073,5,2,1,F,body not like a parallelogram,5,1.0,4
group073,5,2,1,F,1 leg to left,4,1.0,4
group073,5,3,1,G,parallelogram on bottom,3,2.0,4
group073,5,3,1,G,head falling down back,4,2.0,4
group073,5,3,1,G,head on left side,4,2.0,4
group073,5,3,1,G,hands to right,3,2.0,4
group073,5,4,1,I,man with leg out to right,6,4.0,4
group073,5,4,1,I,arms to left my left and right is my side on typewriter,12,4.0,4
group073,5,4,1,I,arms forward like yoga,4,4.0,4
group073,5,4,1,I,2 hands,2,4.0,4
group073,5,5,1,H,very compact shape,3,0.0,4
group073,5,5,1,H,only one sticking out bit to right,7,0.0,4
group073,5,5,1,H,not the bitten off square,5,0.0,4
group073,5,5,1,H,has a tail,3,0.0,4
group073,5,5,1,H,a little tail,3,0.0,4
group073,5,6,1,L,The kneeling man  shape again,5,1.0,4
group073,5,6,1,L,kneeling facing right,3,1.0,4
group073,5,6,1,L,kneeling,1,1.0,4
group073,5,6,1,L,maybe a tail,3,1.0,4
group073,5,7,1,C,like a man with arms outstretched,6,4.0,4
group073,5,7,1,C,his arms are stretched outwards and upwards,7,4.0,4
group073,5,8,1,D,man standing up holding cup out to his left,9,4.0,4
group073,5,8,1,D,the right hand side of this one is a straight line,11,4.0,4
group073,5,8,1,D,yes Laju it could be atray,6,4.0,4
group073,5,9,1,J,a man with arm and foot to right,8,4.0,4
group073,5,9,1,J,left side is completely straight,5,4.0,4
group073,5,9,1,J,yes head is one diamond,5,4.0,4
group073,5,10,1,A,this one is like a man kicking something to his left,11,4.0,4
group073,5,10,1,A,and abox rolling down his back,6,4.0,4
group073,5,10,1,A,yes hera standing,3,4.0,4
group073,5,10,1,A,head rolling down his back,5,4.0,4
group073,5,11,1,E,this one has 2 triangles sticking up like bunny's ears,10,4.0,4
group073,5,11,1,E,well they are triangular ears,5,4.0,4
group073,5,12,2,C,"Person leaning forward from waist, two arms stretched out and upward",11,2.0,4
group073,5,12,2,C,key is arms raised up and out. Looks to me like bending from waist but could be leg sticking out. Leaning right.,22,2.0,4
group073,5,12,2,C,PARDON ME leaning to OUR LEFT,6,2.0,4
group073,5,12,2,C,yes two hands up,4,2.0,4
group073,5,12,2,C,head between two arms raised,5,2.0,4
group073,5,13,2,L,Squatting -- not kneeling -- person with hands outstretched in what looks like tray,14,3.0,4
group073,5,13,2,L,arms/tray stretched out to our right,6,3.0,4
group073,5,13,2,L,the only figure that looks like it is squatting,9,3.0,4
group073,5,13,2,L,yes tray triangle,3,3.0,4
group073,5,13,2,L,facing right,2,3.0,4
group073,5,13,2,L,not straight right side,4,3.0,4
group073,5,13,2,L,"looks squatting -- back straight, knees bent, toward our right",10,3.0,4
group073,5,14,2,F,"Seated figure, facing to our left.",6,4.0,4
group073,5,14,2,F,"Knees up, back kind of rounded",6,4.0,4
group073,5,14,2,F,"diamond head slightly tipped forward, toward our left",8,4.0,4
group073,5,14,2,F,Like wearing a black jacket. Yes head tilted forward,9,4.0,4
group073,5,14,2,F,"yes, kind of like both legs raised as one",9,4.0,4
group073,5,14,2,F,so you can't see the second leg,7,4.0,4
group073,5,15,2,I,"This is the yoga figure again -- balanced on one leg, facing to our left, two arms outstretched to our left",21,4.0,4
group073,5,15,2,I,One arm higher than the other. Leg/foot stretched back toward our right,12,4.0,4
group073,5,15,2,I,"Yes, leg triangle",3,4.0,4
group073,5,16,2,A,"This looks to me like a person marching to our left, right leg raised and aimed forward, with his diamond head half-way down his back",25,4.0,4
group073,5,16,2,A,Looks like a little backpack,5,4.0,4
group073,5,16,2,A,Bueller?,1,4.0,4
group073,5,16,2,A,Yes box on back,4,4.0,4
group073,5,17,2,K,"This was the first one we did earlier.. A person kneeling, facing to our right, holding hands or a tray out in front of her, a bit like a nun praying.",31,2.0,4
group073,5,17,2,K,"feet up in back (to our left), triangle head upright",10,2.0,4
group073,5,17,2,K,No not straight left side. Tray is triangle,8,2.0,4
group073,5,17,2,K,neck looks very small -- head-triangle straight up,8,2.0,4
group073,5,18,2,J,This is the figure with a straight left side -- facing forward; with arm on our right extended right; and foot/leg extended on the right,25,4.0,4
group073,5,18,2,J,"Straight left side, flat bottom. arm and leg on right extended",11,4.0,4
group073,5,18,2,J,"Tiny leg, bigger arm.",4,4.0,4
group073,5,18,2,J,more like a foot,4,4.0,4
group073,5,18,2,J,arm straight out to right,5,4.0,4
group073,5,19,2,D,"This figure has straight RIGHT side, standing figure, arms stretched to our left like a tray -- with what looks like sleeves hanging down from the tray",27,4.0,4
group073,5,19,2,D,"Standing figure facing left, Looks like feet in profile extended a bit, facing left.",14,4.0,4
group073,5,20,2,H,"This figure is the least featured figure we have. Straight back, kind of facing right. NO arms showing.",18,3.0,4
group073,5,20,2,H,Maybe just a bit of upper leg extended to our right.,11,3.0,4
group073,5,20,2,H,"Exactly, Minu. And one diamond head yes. Like letter I",10,3.0,4
group073,5,21,2,G,"Harder. Figure sitting on ground, legs extended to our left.",10,2.0,4
group073,5,21,2,G,Triangle head leaned far forward.,5,2.0,4
group073,5,21,2,G,What looks like ONE of those bunny ears on the back of their head,14,2.0,4
group073,5,21,2,G,One arm extended behind,4,2.0,4
group073,5,21,2,G,The arm extended behind a seated figure is the key I think,12,2.0,4
group073,5,21,2,G,Arm extended to our right,5,2.0,4
group073,5,21,2,G,yes it is triangle,4,2.0,4
group073,5,21,2,G,"not really a triangle, no",5,2.0,4
group073,5,22,2,E,This is the bunny ear shape. Need more?,8,3.0,4
group073,5,22,2,E,"Facing to our right. legs extended in front, knees slightly up",11,3.0,4
group073,5,22,2,E,left side flat,3,3.0,4
group073,5,22,2,E,bottom flat too,3,3.0,4
group073,5,22,2,E,left side and bottom flat,5,3.0,4
group073,5,23,2,B,There are two kneeling figures.,5,4.0,4
group073,5,23,2,B,We already described the nun holding the tray.,8,4.0,4
group073,5,23,2,B,The one NOW looks like it is a small person with arms slightly outstretched,14,4.0,4
group073,5,23,2,B,"Facing to our RIGHT, feet stretched behind.",7,4.0,4
group073,5,23,2,B,Head between the two arms which look like wings/triangles,9,4.0,4
group073,5,23,2,B,"It might be a hood, yes",6,4.0,4
group073,5,23,2,B,You can kind of see her heels.,7,4.0,4
group073,5,24,3,H,In a sitting position somewhat a Muslim praying position,9,3.0,4
group073,5,24,3,H,No arms no legs,4,3.0,4
group073,5,24,3,H,Yes zuda facing right,4,3.0,4
group073,5,25,3,E,It has a large triangular shape to the bottom left,10,4.0,4
group073,5,25,3,E,Having three shapes on the head I.e two triangles and a connected square,13,4.0,4
group073,5,26,3,I,"2 arms stretched forward to the left one above and one beneath, standing on one foot and the other leg to the right. Head facing left",26,4.0,4
group073,5,26,3,I,Yes laju yoga dancer,4,4.0,4
group073,5,27,3,L,Squatting with arms stretched to the right holding a tray  in form of a triangle to the right,18,4.0,4
group073,5,27,3,L,A diamond head and left body flat,7,4.0,4
group073,5,28,3,G,"Head backwards and downwards to the left. Legs on the ground to the left, hands outstretched to the right one above and one beneath",24,4.0,4
group073,5,28,3,G,Yes laju with the right hand,6,4.0,4
group073,5,29,3,K,Earlier stated. A nun kneeling facing the right with arms stretched holding a tray in form of a triangle,19,3.0,4
group073,5,29,3,K,Feet raised upwards and backwards,5,3.0,4
group073,5,30,3,F,Sitting on the ground legs to the left and knees raised slight upwards,13,4.0,4
group073,5,30,3,F,A diamond head slightly bent forwards,6,4.0,4
group073,5,31,3,A,Earlier stated a man matching forward to the left right leg raised upwards and one leg supporting,17,4.0,4
group073,5,31,3,A,2 arms outstretched and raised up,6,4.0,4
group073,5,31,3,A,Diamond shaped head slight bent backwards to the right,9,4.0,4
group073,5,32,3,C,A diamond shaped head between two arms raised upwards body bent to the right,14,3.0,4
group073,5,32,3,C,No legs,2,3.0,4
group073,5,32,3,C,The right arm higher than the left arm,8,3.0,4
group073,5,33,3,D,Somewhat like a priest with a diamond head facing the left arms outstretched holding a tray,16,4.0,4
group073,5,33,3,D,Right side totally flat,4,4.0,4
group073,5,34,3,B,This is the second kneeling nun,6,3.0,4
group073,5,34,3,B,Legs are backwards diamond head between a triangle left arm and a triangle right arm,15,3.0,4
group073,5,35,3,J,"A diamond head only. Left side totally flat, an out stretch right foot and right arm",16,4.0,4
group073,5,35,3,J,Right arm more outstretched and the right foot,8,4.0,4
group073,5,36,4,H,the letter i,3,3.0,4
group073,5,36,4,H,muslim kneeling!,2,3.0,4
group073,5,36,4,H,upright body,2,3.0,4
group073,5,36,4,H,no arms,2,3.0,4
group073,5,37,4,G,the tricky one,3,4.0,4
group073,5,37,4,G,one triangle upwards,3,4.0,4
group073,5,37,4,G,one triangle downwards,3,4.0,4
group073,5,37,4,G,a long shape at the bottom,6,4.0,4
group073,5,37,4,G,not bunny ears,3,4.0,4
group073,5,37,4,G,long flat shape at the bottom of it,8,4.0,4
group073,5,37,4,G,square head to the top left of the image,9,4.0,4
group073,5,38,4,I,yoga guy,2,4.0,4
group073,5,39,4,B,nun with two triangles as arms,6,4.0,4
group073,5,39,4,B,she's kneeling on the ground,5,4.0,4
group073,5,39,4,B,she's got a smaller triangle by her feet side,9,4.0,4
group073,5,39,4,B,yes hood,2,4.0,4
group073,5,40,4,F,man sitting upright against wall,5,4.0,4
group073,5,40,4,F,with one leg slightly raised,5,4.0,4
group073,5,40,4,F,facing to our left,4,4.0,4
group073,5,40,4,F,body is facing to our left,6,4.0,4
group073,5,40,4,F,yes rounded back,3,4.0,4
group073,5,40,4,F,thinking man,2,4.0,4
group073,5,41,4,C,parallelogram body,2,4.0,4
group073,5,41,4,C,arms in the air,4,4.0,4
group073,5,41,4,C,body laying towards the right,5,4.0,4
group073,5,41,4,C,body is diagonal,3,4.0,4
group073,5,41,4,C,no legs,2,4.0,4
group073,5,41,4,C,body to our right,4,4.0,4
group073,5,41,4,C,like a backslash symbol,4,4.0,4
group073,5,41,4,C,concert guy?,2,4.0,4
group073,5,42,4,A,marching man,2,4.0,4
group073,5,42,4,A,facing our left,3,4.0,4
group073,5,43,4,L,body is like a zig zag,6,4.0,4
group073,5,44,4,E,bunny ears,2,4.0,4
group073,5,44,4,E,body as a big triangle,5,4.0,4
group073,5,45,4,D,priest guy,2,4.0,4
group073,5,45,4,D,or candle guy,3,4.0,4
group073,5,45,4,D,facing left,2,4.0,4
group073,5,45,4,D,standing upright repi,3,4.0,4
group073,5,46,4,K,diagonal anchor looking shape towards the bottom of the body,10,3.0,4
group073,5,46,4,K,diamond as the head,4,3.0,4
group073,5,46,4,K,facing to our right,4,3.0,4
group073,5,46,4,K,one triangle arm facing right,5,3.0,4
group073,5,46,4,K,no they are upright,4,3.0,4
group073,5,46,4,K,actually yes kneeling i think,5,3.0,4
group073,5,47,4,J,square body,2,4.0,4
group073,5,47,4,J,with a bit bitten off,5,4.0,4
group073,5,47,4,J,standing upright,2,4.0,4
group073,5,47,4,J,pointed toe,2,4.0,4
group073,5,47,4,J,and pointed slightly pointed arm,5,4.0,4
group073,5,48,5,K,"Nun kneeling facing right with legs behind her,",8,3.0,4
group073,5,48,5,K,No This is the bigger one. no arms. Just tray.,10,3.0,4
group073,5,48,5,K,The tray is triangle,4,3.0,4
group073,5,49,5,E,Bunny ears !,3,3.0,4
group073,5,50,5,F,Man sitting with one leg slightly raised facing left.,9,4.0,4
group073,5,51,5,B,Nun kneeling with hands in the air and hood.,9,3.0,4
group073,5,52,5,I,Yoga guy,2,4.0,4
group073,5,53,5,G,Man laying down with 2 hands behind him. One above the other.,12,0.0,4
group073,5,53,5,G,no legs. flat bottom.,4,0.0,4
group073,5,54,5,L,Squatting guy facing right with triangle tray.,7,4.0,4
group073,5,55,5,A,Box on back!,3,4.0,4
group073,5,56,5,H,Muslim praying. No arms.,4,4.0,4
group073,5,57,5,J,Left side completely flat.,4,4.0,4
group073,5,57,5,J,The disfigured square one.,4,4.0,4
group073,5,58,5,D,Nun praying to the left.,5,3.0,4
group073,5,58,5,D,The one with the sleeves sticking out to the left.,10,3.0,4
group073,5,58,5,D,Candle,1,3.0,4
group073,5,60,6,I,Yoga dancer,2,3.0,4
group073,5,61,6,B,Difficult nun the one where she has a triangle just below her head and a hood at the back,19,4.0,4
group073,5,62,6,C,Party guy,2,3.0,4
group073,5,63,6,F,Man sitting on ground with leg to left and bent over rounded back,13,3.0,4
group073,5,64,6,H,Muslim praying or perfume bottle,5,4.0,4
group073,5,65,6,K,kneeling nun,2,4.0,4
group073,5,65,6,K,with tray,2,4.0,4
group073,5,66,6,E,Bunny ears,2,2.0,4
group073,5,67,6,D,upright man with straight right side,6,4.0,4
group073,5,67,6,D,arm outstretched to left,4,4.0,4
group073,5,68,6,L,squatting nun,2,4.0,4
group073,5,69,6,G,long body on ground and arms out to right,9,4.0,4
group073,5,69,6,G,it's one of the harder ones,6,4.0,4
group073,5,70,6,J,upright man with straight left side,6,4.0,4
group073,5,71,6,A,marching mam,2,3.0,4
group074,5,0,1,D,"A diamond shaped head, looks like a man with an upturned top hat",13,2.0,4
group074,5,0,1,D,standing,1,2.0,4
group074,5,0,1,D,rectangular with a wedge foot,5,2.0,4
group074,5,0,1,D,he's holding it,3,2.0,4
group074,5,1,1,A,a bird with feet,4,4.0,4
group074,5,1,1,A,one leg is raised slightly like he is going to take a step,13,4.0,4
group074,5,1,1,A,"a diamond shape on his back, almost like a wing",10,4.0,4
group074,5,1,1,A,"yes, he's facing left",4,4.0,4
group074,5,2,1,G,above that there is a rectangle,6,2.0,4
group074,5,2,1,G,a square to the top left,6,2.0,4
group074,5,2,1,G,top left there is a square,6,2.0,4
group074,5,3,1,J,"looks like a country, a coastline on the right with a diamond shape on the top",16,3.0,4
group074,5,3,1,J,diamond on the top pointing up,6,3.0,4
group074,5,3,1,J,straight line on the left and top,7,3.0,4
group074,5,3,1,J,not at all like UK,5,3.0,4
group074,5,3,1,J,"top, bottom and left are straight, jagged on the right side",11,3.0,4
group074,5,4,1,H,"Diamond on top, almost looks like a man sitting (can not see his arms)",14,1.0,4
group074,5,5,1,F,man looking to the left,5,3.0,4
group074,5,5,1,F,diamond head,2,3.0,4
group074,5,5,1,F,maybe it would be better to describe it as a tortoise sitting,12,3.0,4
group074,5,5,1,F,no arms,2,3.0,4
group074,5,6,1,I,an ice-skater,2,4.0,4
group074,5,6,1,I,"one leg standing on the ground, the other going back",10,4.0,4
group074,5,6,1,I,both arms in front,4,4.0,4
group074,5,6,1,I,diamond head,2,4.0,4
group074,5,6,1,I,arns facing left,3,4.0,4
group074,5,7,1,B,someone kneeling,2,1.0,4
group074,5,7,1,B,"a lady, her skirt is jagged at the base",9,1.0,4
group074,5,7,1,B,her arms are triangles,4,1.0,4
group074,5,7,1,B,one arm to the right and one to the left,10,1.0,4
group074,5,7,1,B,so from the top its a diamond then 2 triangles below it,12,1.0,4
group074,5,7,1,B,below that is a jagged shape,6,1.0,4
group074,5,7,1,B,feet are a triangle,4,1.0,4
group074,5,7,1,B,"yes, a ""foot""/triangle",3,1.0,4
group074,5,8,1,C,a man leaning to the left,6,4.0,4
group074,5,8,1,C,no legs,2,4.0,4
group074,5,9,1,K,"diamond, below that is a triangle, then another triangle",9,1.0,4
group074,5,9,1,K,could be a squirrel,4,1.0,4
group074,5,9,1,K,the tail is a triangle,5,1.0,4
group074,5,9,1,K,big triangle on the bottom left,6,1.0,4
group074,5,10,1,L,a man bowing,3,3.0,4
group074,5,10,1,L,his knees are bent,4,3.0,4
group074,5,10,1,L,"diamond head, triangle shoulders",4,3.0,4
group074,5,10,1,L,he is facing right,4,3.0,4
group074,5,10,1,L,holding hands out,3,3.0,4
group074,5,11,1,E,looks like a rabbit sitting down (human pose),8,4.0,4
group074,5,11,1,E,2 big triangle ears,4,4.0,4
group074,5,11,1,E,square head,2,4.0,4
group074,5,11,1,E,triangle body,2,4.0,4
group074,5,11,1,E,he's facing right,3,4.0,4
group074,5,12,2,F,It's a man sitting down,5,3.0,4
group074,5,12,2,F,Facing left,2,3.0,4
group074,5,12,2,F,No arms,2,3.0,4
group074,5,12,2,F,Triangle foot with toe pointing up,6,3.0,4
group074,5,12,2,F,Head kinda bowing downwards,4,3.0,4
group074,5,13,2,E,It's the bunny,3,4.0,4
group074,5,13,2,E,Two triangles as its ears atop a square head kinda facing down,12,4.0,4
group074,5,13,2,E,facing the right,3,4.0,4
group074,5,14,2,C,The man falling over,4,4.0,4
group074,5,14,2,C,Towards the left,3,4.0,4
group074,5,14,2,C,One arm either side,4,4.0,4
group074,5,15,2,H,A diamond head on top of a triangle,8,3.0,4
group074,5,15,2,H,Those are atop a rectangle,5,3.0,4
group074,5,15,2,H,With another triangle on the bottom,6,3.0,4
group074,5,15,2,H,and a final triangle facing right,6,3.0,4
group074,5,15,2,H,At the bottom,3,3.0,4
group074,5,15,2,H,Kind of like a man with no arms,8,3.0,4
group074,5,15,2,H,and a foot facing right,5,3.0,4
group074,5,15,2,H,you could say that,4,3.0,4
group074,5,15,2,H,Body is a rectangle,4,3.0,4
group074,5,16,2,I,The one that looks like an ice skater,8,4.0,4
group074,5,16,2,I,Facing left,2,4.0,4
group074,5,16,2,I,Two arms out in front,5,4.0,4
group074,5,16,2,I,One foot out behind,4,4.0,4
group074,5,17,2,L,The kneeling/bowing man,3,3.0,4
group074,5,17,2,L,Facing right,2,3.0,4
group074,5,17,2,L,Arms out in front,4,3.0,4
group074,5,17,2,L,Legs bent,2,3.0,4
group074,5,17,2,L,Kind of looks like he's begging,6,3.0,4
group074,5,18,2,K,This one is similar to the last one but there's a big triangle pointing upwards on the bottom left,19,4.0,4
group074,5,18,2,K,Kind of like a tail,5,4.0,4
group074,5,18,2,K,on the bottom left side,5,4.0,4
group074,5,18,2,K,And like he has arms facing the right,8,4.0,4
group074,5,19,2,J,Kind of looks like a penguin,6,2.0,4
group074,5,19,2,J,Diamond head atop a flat base,6,2.0,4
group074,5,19,2,J,little triangle top right,4,2.0,4
group074,5,19,2,J,No not the one with two feet,7,2.0,4
group074,5,19,2,J,It's facing right,3,2.0,4
group074,5,19,2,J,Facing right,2,2.0,4
group074,5,19,2,J,arm right at the top,5,2.0,4
group074,5,19,2,J,small triangular arm at the top right,7,2.0,4
group074,5,19,2,J,diamond head on a flat base,6,2.0,4
group074,5,19,2,J,completely flat left side,4,2.0,4
group074,5,19,2,J,Small triangle foot at the bottom right,7,2.0,4
group074,5,20,2,G,Okay this one has a diamond top left,8,3.0,4
group074,5,20,2,G,A trapezium top right,4,3.0,4
group074,5,20,2,G,They're both on a triangle,5,3.0,4
group074,5,20,2,G,Which is sitting on a rectangle,6,3.0,4
group074,5,20,2,G,This one just looks like a bunch of shapes to me Repi,12,3.0,4
group074,5,20,2,G,There's a trapezium bottom left,5,3.0,4
group074,5,20,2,G,Which has a square on its right side,8,3.0,4
group074,5,20,2,G,There's a small triangle towards the bottom right,8,3.0,4
group074,5,20,2,G,hanging off that square,4,3.0,4
group074,5,20,2,G,I can't see it personally but could be I guess,10,3.0,4
group074,5,20,2,G,Top left has a diamond,5,3.0,4
group074,5,20,2,G,top right has a trapezium,5,3.0,4
group074,5,20,2,G,and they're on top of a triangle which is on a rectangle,12,3.0,4
group074,5,20,2,G,The rectangle sits on another diamond,6,3.0,4
group074,5,21,2,A,This is the bird taking a step,7,3.0,4
group074,5,21,2,A,with a diamond on its back,6,3.0,4
group074,5,21,2,A,one foot raised,3,3.0,4
group074,5,21,2,A,one on the ground,4,3.0,4
group074,5,21,2,A,beak facing the ground,4,3.0,4
group074,5,22,2,B,This one has a small triangle on the bottom left,10,2.0,4
group074,5,22,2,B,A diamond head on top,5,2.0,4
group074,5,22,2,B,A triangle hanging off the diamond head to the right,10,2.0,4
group074,5,22,2,B,The diamond head is to the right edge of a flat base,12,2.0,4
group074,5,22,2,B,Like it has two ears?,5,2.0,4
group074,5,22,2,B,One of them hanging off the back?,7,2.0,4
group074,5,22,2,B,And its pointy nose is facing left,7,2.0,4
group074,5,23,2,D,The man holding his hat out,6,4.0,4
group074,5,23,2,D,Facing left,2,4.0,4
group074,5,23,2,D,Holding out his top hat upside down,7,4.0,4
group074,5,23,2,D,Standing up,2,4.0,4
group074,5,23,2,D,Holding his upside down top hat out to the left,10,4.0,4
group074,5,23,2,D,Almost as if to ask for money in it,9,4.0,4
group074,5,23,2,D,Yeah you can't see both sides of it,8,4.0,4
group074,5,23,2,D,The right side is completely flat,6,4.0,4
group074,5,23,2,D,with a triangle resting on it,6,4.0,4
group074,5,23,2,D,And the diamond head on the triangle,7,4.0,4
group074,5,23,2,D,There's a tiny triangle bottom left,6,4.0,4
group074,5,23,2,D,like a little foot,4,4.0,4
group074,5,24,3,F,sit,1,4.0,4
group074,5,25,3,D,hold hat,2,3.0,4
group074,5,26,3,K,like kneeler,2,4.0,4
group074,5,26,3,K,but w tryigle,3,4.0,4
group074,5,27,3,G,dancer,1,3.0,4
group074,5,28,3,H,very solid and vert symmetric,5,2.0,4
group074,5,29,3,J,country,1,4.0,4
group074,5,29,3,J,lhs straight,2,4.0,4
group074,5,30,3,E,bunny,1,4.0,4
group074,5,31,3,I,bigg leg  on ground,4,3.0,4
group074,5,31,3,I,face left,2,3.0,4
group074,5,31,3,I,right,1,3.0,4
group074,5,32,3,L,person kneeling facing right,4,3.0,4
group074,5,32,3,L,yes hands to right,4,3.0,4
group074,5,33,3,C,torso falling down,3,4.0,4
group074,5,33,3,C,leaning left yes,3,4.0,4
group074,5,34,3,B,the short squat one,4,3.0,4
group074,5,34,3,B,triangle arms,2,3.0,4
group074,5,35,3,A,bird,1,4.0,4
group074,5,36,4,B,Kneeling triangle on the back arms to the left,9,1.0,4
group074,5,36,4,B,The man is kneeling triangle on the back arms to the left,12,1.0,4
group074,5,36,4,B,"The man is kneeling, he has a triangle on his back, arms to the left",15,1.0,4
group074,5,37,4,F,Man sitting with raised knees,5,4.0,4
group074,5,38,4,A,Bird walking to the left,5,4.0,4
group074,5,39,4,K,Kneeling man with arms pointing to the right,8,0.0,4
group074,5,40,4,G,Man leaning to the right,5,0.0,4
group074,5,40,4,G,Arms extended up,3,0.0,4
group074,5,40,4,G,Right,1,0.0,4
group074,5,40,4,G,The head has it back,5,0.0,4
group074,5,40,4,G,Legs to the left,4,0.0,4
group074,5,41,4,H,Man looking right at his body in a rectangle,9,2.0,4
group074,5,41,4,H,Man looking to the right at the body in a rectangle,11,2.0,4
group074,5,41,4,H,He has no arms,4,2.0,4
group074,5,42,4,J,Wide-bodied man,2,4.0,4
group074,5,42,4,J,The man is looking towards the de,7,4.0,4
group074,5,43,4,I,Man skating with one leg raised,6,4.0,4
group074,5,44,4,D,The man in the top hat,6,4.0,4
group074,5,45,4,E,Rabbit,1,3.0,4
group074,5,46,4,L,"Man looking to the right, hands to the right",9,4.0,4
group074,5,46,4,L,Is kneeling,2,4.0,4
group074,5,47,4,C,Man falling down,3,4.0,4
group074,5,48,5,I,ice skater,2,4.0,4
group074,5,49,5,F,man sitting down facing the left,6,4.0,4
group074,5,49,5,F,no arms,2,4.0,4
group074,5,50,5,B,the rat,2,2.0,4
group074,5,51,5,J,"the one with the diamond on the flat base. flat on top, left, and bottom",15,4.0,4
group074,5,52,5,D,top hat boi,3,4.0,4
group074,5,53,5,A,bird taking a step,4,3.0,4
group074,5,53,5,A,to the left,3,3.0,4
group074,5,54,5,L,guy kneeling to the right arm to the right,9,3.0,4
group074,5,54,5,L,no no triangle pointing up,5,3.0,4
group074,5,55,5,H,guy that to me looks like he's wrapped in a blanket,11,4.0,4
group074,5,56,5,E,bunny,1,4.0,4
group074,5,57,5,K,the other one that is kneeling,6,3.0,4
group074,5,57,5,K,triangle on the bottom left pointed up,7,3.0,4
group074,5,58,5,C,guy falling to the left,5,4.0,4
group074,5,58,5,C,both hands raised up,4,4.0,4
group074,5,59,5,G,flamenco dancer,2,4.0,4
group074,5,60,6,I,ice skater,2,2.0,4
group074,5,61,6,F,"man with no arms, sitting, facing left",7,4.0,4
group074,5,61,6,F,knee slightly raised,3,4.0,4
group074,5,62,6,J,the diamond on top of the shape with flat top and bottom and straight left,15,4.0,4
group074,5,63,6,H,blanket man,2,4.0,4
group074,5,64,6,C,torso falling,2,4.0,4
group074,5,65,6,G,flamenco,1,3.0,4
group074,5,66,6,D,top hat,2,4.0,4
group074,5,67,6,L,kneeling man,2,3.0,4
group074,5,67,6,L,no triangle on base,4,3.0,4
group074,5,68,6,E,bunny,1,4.0,4
group074,5,69,6,A,bird,1,4.0,4
group074,5,70,6,B,rat,1,3.0,4
group074,5,71,6,K,kneeling man with pointy triangle at base,7,4.0,4
group075,5,0,1,H,"crouched down, looking back",4,2.0,4
group075,5,0,1,H,you can't see his hands,5,2.0,4
group075,5,0,1,H,right,1,2.0,4
group075,5,1,1,G,looks like a dog but standing on two legs looking to the right,13,2.0,4
group075,5,2,1,B,the figure is kneeling looking to the right,8,2.0,4
group075,5,2,1,B,you can see both hands,5,2.0,4
group075,5,3,1,L,"to the right, one arm, semi kneeling",7,4.0,4
group075,5,4,1,C,"easy, it is like the letter Y but slightly tilted to the left",13,4.0,4
group075,5,5,1,K,"one arm and knee to the right, one feet raised to the left",13,2.0,4
group075,5,6,1,D,"is standing looking to the left, an arm is seen holding something",12,4.0,4
group075,5,7,1,F,"sitting facing left, his leg is flexed",7,4.0,4
group075,5,7,1,F,no arms,2,4.0,4
group075,5,8,1,A,"his feet are oriented to the left, one on the ground and one raised, one arm equal to the left",20,1.0,4
group075,5,9,1,E,"it looks like a rabbit sitting to the right, it has two big ears",14,2.0,4
group075,5,10,1,J,if we remove the head it is the most similar to a rectangle,13,3.0,4
group075,5,11,1,I,"looks like a footballer who is about to kick, has one leg raised, facing left",15,4.0,4
group075,5,12,2,H,This one doesn't really have visible arms or legs.,9,4.0,4
group075,5,12,2,H,Just a torso and a head. There's a small triangle towards the bottom on the right.,16,4.0,4
group075,5,12,2,H,"It's hard to say which way it's facing, but I'd say right.",12,4.0,4
group075,5,13,2,J,"This one looks like a square with a bite taken out of it, with a diamond on top.",18,4.0,4
group075,5,13,2,J,So remove the head and you're left with a square with a jagged edge.,14,4.0,4
group075,5,14,2,A,"This is the goofiest looking one. One foot on the ground, one raised. The feet are pointing left, and the arms are on the left, but the head is on the right side.",33,4.0,4
group075,5,15,2,G,"This one looks like someone stretching to me. The legs and feet are flat against the ground, facing to the left. The arms are behind the torso to the right of the frame.",33,2.0,4
group075,5,15,2,G,The guy is facing left overall,6,2.0,4
group075,5,15,2,G,"If I squint, it looks kind of like a lowercase ""j.""",11,2.0,4
group075,5,16,2,B,"This one looks like a ballerina or a martial artist. It's kneeling on the ground, arms outstretched to either side. The head could be bowing.",25,2.0,4
group075,5,16,2,B,"Facing right, feet pointed left",5,2.0,4
group075,5,16,2,B,The head could be bowing. You can see one foot and both hands.,13,2.0,4
group075,5,17,2,K,"This one looks like reading or praying. The guy is facing to the right. He's kneeling, with his knees and shins flat against the botto.",25,4.0,4
group075,5,17,2,K,bottom,1,4.0,4
group075,5,17,2,K,The tips of the feet are pointing up,8,4.0,4
group075,5,18,2,E,"Both arms are over the head, one in each direction. The guy is facing to the right.",17,3.0,4
group075,5,18,2,E,"If you cover the head and arms, the rest looks like mountains",12,3.0,4
group075,5,18,2,E,Or a graph,3,3.0,4
group075,5,19,2,D,"This one doesn't show legs or feet. The guy is facing left. He may have something in his hands, which are slightly outstretched from his body.",26,3.0,4
group075,5,19,2,D,It looks sort of like: -i,6,3.0,4
group075,5,20,2,C,This is the one that looks like a lowercase Y.,10,3.0,4
group075,5,20,2,C,"The person is sort of leaning to the left, arms lifted above the shoulders.",14,3.0,4
group075,5,21,2,L,"This one is facing right. Kneeling, but no feet are visible.",11,3.0,4
group075,5,21,2,L,Only one arm is visible.,5,3.0,4
group075,5,21,2,L,The guy could be reading. I can't recall the previous clue for it.,13,3.0,4
group075,5,22,2,F,"Looks like a guy sitting, facing left.",7,4.0,4
group075,5,22,2,F,His arms aren't really visible,5,4.0,4
group075,5,23,2,I,This is the one the previous speaker compared to a footballer,11,4.0,4
group075,5,23,2,I,"Both arms are facing left, as is the figure.",9,4.0,4
group075,5,23,2,I,"One leg is raised, facing right, as if about to kick",11,4.0,4
group075,5,24,3,H,"The one with no visible arms and legs, facing right",10,4.0,4
group075,5,25,3,C,leftwards tilted y-guy,3,3.0,4
group075,5,26,3,B,"Sitting, leg pointed left and flat on the ground. Looks like one arm out left and one out right. Head slightly tilted to the right",25,2.0,4
group075,5,27,3,F,"The one sitting facing left, no arms visible. Looks like he's having a mope",14,4.0,4
group075,5,28,3,L,"The one that is partially kneeling,  feet not visible, facing right with arms out like they're reading/holding something",18,4.0,4
group075,5,29,3,J,The square with a bite taken out of it and a head on top,14,3.0,4
group075,5,30,3,G,"I think this one is the hardest one to describe... looks like a fat left stretch out to the left. Also a smaller leg (?) on the right. Arm on the right, head tilted to the left",37,4.0,4
group075,5,30,3,G,"*fat left leg on the left, sorry",7,4.0,4
group075,5,30,3,G,Squint and it looks like a j,7,4.0,4
group075,5,31,3,D,"Standing, facing left with arms up as if holding something. Feet visible and also pointing left",16,2.0,4
group075,5,32,3,I,The one that looks like it's doing a superman pose with one leg on the ground,16,4.0,4
group075,5,32,3,I,"Facing left, arms outstretched to the left, one leg on ground and the other out to the right",18,4.0,4
group075,5,33,3,E,bunny,1,4.0,4
group075,5,34,3,K,"The one that looks like they're praying - facing right, kneeling with feet visible on the left",17,3.0,4
group075,5,35,3,A,The goofy looking one - looks like they're doing the Michael Jackson Thriller dance,14,4.0,4
group075,5,36,4,C,"Seems like a y, slightly tilted to the left.",9,4.0,4
group075,5,37,4,I,the kicker,2,4.0,4
group075,5,38,4,B,"this one is a bit hard.. Making a martial art move, kinda squatting, arms out to either side, facing right.",20,2.0,4
group075,5,38,4,B,one feet to the left pointing down,7,2.0,4
group075,5,39,4,G,previous speaker said this looks the horse standing on the 2 legs,12,4.0,4
group075,5,39,4,G,facing right,2,4.0,4
group075,5,40,4,F,"the guy sitting down, looking to the left, no arms.",10,4.0,4
group075,5,40,4,F,yes legs,2,4.0,4
group075,5,40,4,F,no arms,2,4.0,4
group075,5,40,4,F,but you can see his legs pointing to the left,10,4.0,4
group075,5,41,4,E,the rabbit,2,3.0,4
group075,5,42,4,A,"It looks like a zombie to me, head tipped backwards, with one foot up and the other on the ground, both hands up, hands are pointing to the left.",29,4.0,4
group075,5,43,4,K,The one that looks like they are praying,8,3.0,4
group075,5,43,4,K,facing right,2,3.0,4
group075,5,43,4,K,kneeling with feet visible on the left,7,3.0,4
group075,5,44,4,J,"Looks like a rectangle, with a edge off",8,3.0,4
group075,5,45,4,H,the one with no visible arms or legs. Facing right.,10,4.0,4
group075,5,46,4,L,"The one that is partially kneeling, feet not visible, facing right with arms out like they are holding something.",19,4.0,4
group075,5,46,4,L,"without the head, sorta looks like a S",8,4.0,4
group075,5,47,4,D,"the guy is standing, facing left, with one arm to the left, holding something.",14,3.0,4
group075,5,47,4,D,"you can kinda see his tiny feet on the left side,",11,3.0,4
group075,5,48,5,F,the one sat facing left with their head down,9,3.0,4
group075,5,49,5,J,the rectangle with the bite taken out of it,9,4.0,4
group075,5,50,5,G,the one that looks like a horse,7,4.0,4
group075,5,51,5,C,the y,2,4.0,4
group075,5,52,5,I,the kicker,2,4.0,4
group075,5,53,5,D,"facing left with arms outstretched, feet also just visible pointing left as well",13,4.0,4
group075,5,53,5,D,"i do not know, i did not understand which one you were comparing to karate",15,4.0,4
group075,5,53,5,D,looks like they are asking for something,7,4.0,4
group075,5,54,5,E,bunny,1,4.0,4
group075,5,55,5,K,"the one who is knelt praying, facing right, feet visible",10,2.0,4
group075,5,56,5,L,"the one who is half kneeling, facing right with arms stretched out",12,4.0,4
group075,5,56,5,L,it was compared to an s if the head was removed,11,4.0,4
group075,5,57,5,A,the one that looks like it's doing the thriller dance or a zombie,13,3.0,4
group075,5,58,5,B,"sat down, facing left foot and arm visible",8,2.0,4
group075,5,58,5,B,looks almost like they have a ponytail,7,2.0,4
group075,5,59,5,H,the one that has no arms or legs visible,9,4.0,4
group075,5,59,5,H,has a small triangle on the right side at the bottom,11,4.0,4
group075,5,60,6,F,that's the depressed boy,4,4.0,4
group075,5,61,6,I,kicker,1,2.0,4
group075,5,62,6,E,rabbit,1,3.0,4
group075,5,63,6,B,"He is kneeling as if praying, looking to the right with both arms extended",14,0.0,4
group075,5,64,6,A,zombie],1,4.0,4
group075,5,65,6,G,horse,1,2.0,4
group075,5,66,6,K,this is like a Z but looking the other way,10,3.0,4
group075,5,66,6,K,"kneeling with toes up, facing right",6,3.0,4
group075,5,67,6,H,the monk,2,4.0,4
group075,5,68,6,J,rectangle,1,3.0,4
group075,5,69,6,L,semi kneeling,2,4.0,4
group075,5,70,6,D,the priest,2,3.0,4
group075,5,71,6,C,and the last one is Y,6,4.0,4
group076,5,0,1,K,it looks like a tall person with a tail,9,1.0,4
group076,5,0,1,K,the head is upright,4,1.0,4
group076,5,0,1,K,they have a triangle pointing out in the middle,9,1.0,4
group076,5,0,1,K,the tail is pointing out at the bottom in the opposite direction,12,1.0,4
group076,5,0,1,K,"well, the opposite side",4,1.0,4
group076,5,1,1,H,"looks like a blob, head is on straight at the top, it is like a crystal shape body",18,3.0,4
group076,5,1,1,H,"it has no ""arms"" and a small tail/triangle at the bottom",11,3.0,4
group076,5,1,1,H,"(let me know if you need any more info by the way, i think you are allowed to type once i've sent my first sentence :) )",27,3.0,4
group076,5,1,1,H,"so it's like a diamond on top, central, and then comes down like a crystal block",16,3.0,4
group076,5,2,1,A,looks like a zombie,4,3.0,4
group076,5,2,1,A,head is tilted back,4,3.0,4
group076,5,2,1,A,could also look like a horse to someone,8,3.0,4
group076,5,2,1,A,looks like it is stepping forward with its arms together and out,12,3.0,4
group076,5,2,1,A,"umm for me the head is tilted back to the right, the legs to the left",16,3.0,4
group076,5,3,1,J,it's like a rectangle that's been cracked in one corner,10,4.0,4
group076,5,4,1,B,"ok this one i would describe as kneeling with both arms out, one in each direction",16,4.0,4
group076,5,4,1,B,the right arm is slightly detached from the body except for one point,13,4.0,4
group076,5,4,1,B,the foot looks like its peaking out at the left,10,4.0,4
group076,5,4,1,B,imagine a body with a head then a triangle coming out its mouth to the right,16,4.0,4
group076,5,5,1,E,bunny rabbit lol,3,4.0,4
group076,5,5,1,E,this one looks like it has bunny ears,8,4.0,4
group076,5,5,1,E,the body is a right angle triangle,7,4.0,4
group076,5,5,1,E,there are a couple sat down. this one has 2 triangles on top that look like ears,17,4.0,4
group076,5,6,1,I,ice skater,2,4.0,4
group076,5,6,1,I,one leg up at 90 degrees,6,4.0,4
group076,5,7,1,L,so this one looks like they are at a desk,10,4.0,4
group076,5,7,1,L,like a zig zag,4,4.0,4
group076,5,7,1,L,or lightening,2,4.0,4
group076,5,7,1,L,"arms facing right, legs bend out left",7,4.0,4
group076,5,7,1,L,the back is flat,4,4.0,4
group076,5,7,1,L,legs are like a rhombus,5,4.0,4
group076,5,8,1,D,"this one is a priest giving a sermon, or a teacher giving a lecture",14,4.0,4
group076,5,8,1,D,the arms holding the book facing the left,8,4.0,4
group076,5,8,1,D,"the feet only slightly point out, also to the left",10,4.0,4
group076,5,9,1,F,sitting down crying,3,4.0,4
group076,5,9,1,F,maybe under a tree,4,4.0,4
group076,5,9,1,F,head bowed slightly,3,4.0,4
group076,5,9,1,F,legs bent,2,4.0,4
group076,5,9,1,F,facing left,2,4.0,4
group076,5,10,1,C,this one is throwing their hands in the air like they are saying IDK,14,3.0,4
group076,5,10,1,C,leaning way to the left,5,3.0,4
group076,5,10,1,C,"the left arm is rectangular, right arm diamond",8,3.0,4
group076,5,10,1,C,it's like the drawing version of italics,7,3.0,4
group076,5,11,1,G,this one is doing yoga/stretching,5,4.0,4
group076,5,11,1,G,back leg to the left is thicker and rectangular,9,4.0,4
group076,5,11,1,G,front leg small and triangle,5,4.0,4
group076,5,11,1,G,head back to the left,5,4.0,4
group076,5,11,1,G,slim torso,2,4.0,4
group076,5,12,2,B,kneeling down praying,3,1.0,4
group076,5,12,2,B,facing the right,3,1.0,4
group076,5,12,2,B,this is the one with triangle arms but the one on the right is only touching the body at one point,21,1.0,4
group076,5,12,2,B,"yes, small tail to left",5,1.0,4
group076,5,13,2,G,head to the left,4,4.0,4
group076,5,13,2,G,at the base it is like a thick tick,9,4.0,4
group076,5,13,2,G,then a small triangle to the right of the tick,10,4.0,4
group076,5,13,2,G,middle looks like an upright  stem,6,4.0,4
group076,5,14,2,A,looks like elephant man to me,6,4.0,4
group076,5,14,2,A,head to the right,4,4.0,4
group076,5,14,2,A,"one foot on the ground, one foot lifted to the left",11,4.0,4
group076,5,15,2,H,the one with the crystal shaped body,7,4.0,4
group076,5,15,2,H,upright head,2,4.0,4
group076,5,15,2,H,no definitive arms or legs,5,4.0,4
group076,5,16,2,J,"very blocky shape, upright head, flat back to the left, small foot sticks out bottom right",16,4.0,4
group076,5,16,2,J,flat shoulders,2,4.0,4
group076,5,17,2,D,the one that is praying. arms out to the left holding the lectern. upright head,15,1.0,4
group076,5,17,2,D,"tiny foot visible, bottom left",5,1.0,4
group076,5,17,2,D,"lectern, yes, lol",3,1.0,4
group076,5,17,2,D,"yes, like that",3,1.0,4
group076,5,17,2,D,yes kneeling,2,1.0,4
group076,5,18,2,F,"sitting down, back is to the right, head tipped to the left. knees up and feet on the ground to the left",22,4.0,4
group076,5,18,2,F,flat back,2,4.0,4
group076,5,19,2,E,"looks like a goddess, tail to the right, and the bunny ears!",12,2.0,4
group076,5,19,2,E,"one arm is a triangle, the other a square",9,2.0,4
group076,5,19,2,E,one arm looks like the left bunny ear,8,2.0,4
group076,5,20,2,K,"another one kneeling, head is upright, arms to the right like a triangle sticking out",15,4.0,4
group076,5,20,2,K,it looks like the back has a notch out of it (on the left),14,4.0,4
group076,5,20,2,K,yes tail stick up,4,4.0,4
group076,5,22,2,L,this is the one with the lightning bolt shape everyone,10,4.0,4
group076,5,22,2,L,arm to right,3,4.0,4
group076,5,22,2,L,head straight,2,4.0,4
group076,5,22,2,L,it looks like it is about to kneel but not quite lowered to the ground,15,4.0,4
group076,5,23,2,C,it looks like it is flying towards the left,9,4.0,4
group076,5,23,2,C,"arms out, no legs, arms in the air and yes, like falling",12,4.0,4
group076,5,24,3,C,flying to the left,4,3.0,4
group076,5,25,3,L,nearly kneeling down,3,4.0,4
group076,5,25,3,L,lightning bolt,2,4.0,4
group076,5,26,3,I,ice skater,2,4.0,4
group076,5,27,3,H,crystal shape,2,3.0,4
group076,5,27,3,H,no arms or legs just the body,7,3.0,4
group076,5,27,3,H,the crystal shape one,4,3.0,4
group076,5,28,3,B,looks like kneeling down with the head leaning back,9,4.0,4
group076,5,28,3,B,under the head is a triangle shape,7,4.0,4
group076,5,28,3,B,the tail to the left like a triangle,8,4.0,4
group076,5,28,3,B,the back is like pointing out at the top like a triangle,12,4.0,4
group076,5,28,3,B,straight shoulders,2,4.0,4
group076,5,28,3,B,straight,1,4.0,4
group076,5,28,3,B,looks like kneeling down,4,4.0,4
group076,5,29,3,A,the elephant man one,4,3.0,4
group076,5,29,3,A,one leg on ground one in the air,8,3.0,4
group076,5,29,3,A,head tilting back,3,3.0,4
group076,5,29,3,A,back is straight,3,3.0,4
group076,5,30,3,E,look like sat down,4,4.0,4
group076,5,30,3,E,bunny ears,2,4.0,4
group076,5,30,3,E,bunny rabbit,2,4.0,4
group076,5,31,3,K,looks like kneeling down head upright might have something in their hands reaDING OR PRAYING,15,4.0,4
group076,5,31,3,K,tail pointing up at the back to the left,9,4.0,4
group076,5,31,3,K,yes i think the hands are the triangle shape,9,4.0,4
group076,5,32,3,D,the one where stood up and the back is straight all way down,13,3.0,4
group076,5,32,3,D,the hands and the feet are pointing the same way,10,3.0,4
group076,5,32,3,D,both pointing to the left,5,3.0,4
group076,5,33,3,J,the one where its a rectangular body with a bit of corner missing,13,4.0,4
group076,5,34,3,G,one where someone said body looks like a stem,9,4.0,4
group076,5,34,3,G,thick tick at the bottom,5,4.0,4
group076,5,34,3,G,head to the left,4,4.0,4
group076,5,34,3,G,yeah yoga,2,4.0,4
group076,5,35,3,F,sat down under a tree one,6,4.0,4
group076,5,35,3,F,knees up feet on ground,5,4.0,4
group076,5,36,4,H,crystal body bottom points to right,6,3.0,4
group076,5,37,4,I,figure skater,2,4.0,4
group076,5,38,4,E,bunny looking at tail,4,4.0,4
group076,5,39,4,F,sad turtle sitting under tree legs bent,7,4.0,4
group076,5,40,4,K,"kneeling with arms facing right. tail to left facing up, triangle point to left on back",16,4.0,4
group076,5,41,4,L,lightning bolt. rhombus on bottom. sitting at a desk. kneeling with flat back,13,3.0,4
group076,5,41,4,L,arms face right,3,3.0,4
group076,5,42,4,G,yoga. thick bottom half. right triangle on the right side (arm) .,12,4.0,4
group076,5,42,4,G,head to the left. tiny triangle right below but not touching,11,4.0,4
group076,5,43,4,C,arms in the air falling no legs,7,3.0,4
group076,5,44,4,A,"elephant man. defined legs and feet. one on ground, one in the air",13,4.0,4
group076,5,45,4,D,"speaker facing left small foot poking out facing the left. arm out with square ""book""",15,4.0,4
group076,5,46,4,B,"kneeling down, facing the right. foot poking out on left. arms outstretched.",12,4.0,4
group076,5,47,4,J,large man looking at his hands. rectangle missing a small piece at the bottom right,15,3.0,4
group077,5,0,1,D,"figure with diamond shaped head, wearing a cloak, pointing left",10,2.0,4
group077,5,1,1,F,figure sitting with leg outstretched and head bowed,8,2.0,4
group077,5,1,1,F,knee raised,2,2.0,4
group077,5,2,1,A,"figure with square box on shoulder, one leg raised",9,2.0,4
group077,5,2,1,A,looking down,2,2.0,4
group077,5,2,1,A,no arms visible,3,2.0,4
group077,5,3,1,J,"figure with diamond shaped head, square on left side",9,3.0,4
group077,5,3,1,J,pointing to right side of screen,6,3.0,4
group077,5,3,1,J,"standing, wearing cloak",3,3.0,4
group078,5,0,1,G,Japanese dancer with raised right arm,6,3.0,4
group078,5,0,1,G,"Long, flowing dress",3,3.0,4
group078,5,0,1,G,Behind the figure,3,3.0,4
group078,5,0,1,G,facing right,2,3.0,4
group078,5,0,1,G,"yes, one foot in front",5,3.0,4
group078,5,0,1,G,"figure faces right, foot extends to right",7,3.0,4
group078,5,1,1,E,Slumped figure with two rabbit-like ears,6,4.0,4
group078,5,1,1,E,Figure faces right of screen,5,4.0,4
group078,5,1,1,E,Square head,2,4.0,4
group078,5,1,1,E,Triangular ears,2,4.0,4
group078,5,1,1,E,"Yes, seated, as if against a wall",7,4.0,4
group078,5,1,1,E,no tail,2,4.0,4
group078,5,1,1,E,Head bowed to ground,4,4.0,4
group078,5,2,1,K,"Kneeling geisha style figure, arm or arms extended to front",10,3.0,4
group078,5,2,1,K,figure faces right,3,3.0,4
group078,5,2,1,K,dress behind figure raises to a point,7,3.0,4
group078,5,2,1,K,"Yes, diamond head",3,3.0,4
group078,5,2,1,K,"Yes, hand facing right",4,3.0,4
group078,5,2,1,K,similar to presenting a tray of treasures,7,3.0,4
group078,5,3,1,B,"Square head, figure possibly kneeling, very angular",7,2.0,4
group078,5,3,1,B,Triangle just below head,4,2.0,4
group078,5,3,1,B,"Figura faces right,",3,2.0,4
group078,5,3,1,B,Triangle behind figure on left,5,2.0,4
group078,5,3,1,B,"Triangle may represent arm,",4,2.0,4
group078,5,3,1,B,"Square head, one triangle underneath head",6,2.0,4
group078,5,3,1,B,"Triangle extends to left, below head",6,2.0,4
group078,5,4,1,D,"Priestly, cloaked figure, left facing, arms extended in front",9,4.0,4
group078,5,4,1,D,Rectangular head,2,4.0,4
group078,5,4,1,D,Appears to be one foot extended to left,8,4.0,4
group078,5,4,1,D,"Yes, tray",2,4.0,4
group078,5,5,1,H,"Armless, chunky figure, square head, no visible legs or feet, faces right",12,4.0,4
group078,5,5,1,H,Figure extends to right at bottom of image,8,4.0,4
group078,5,5,1,H,"Yes, diamond",2,4.0,4
group078,5,5,1,H,No arms,2,4.0,4
group078,5,5,1,H,Head joins slightly triangular top of body,7,4.0,4
group078,5,6,1,A,"Depressed monster with flag behind one shoulder, faces right, one leg raised in air",14,3.0,4
group078,5,6,1,A,Face looks towards ground,4,3.0,4
group078,5,6,1,A,no visible arms,3,3.0,4
group078,5,6,1,A,both legs and face point to left,7,3.0,4
group078,5,6,1,A,"Yes, one left facing floor-based leg",6,3.0,4
group078,5,6,1,A,"Beaky, I'll call him beaky",5,3.0,4
group078,5,7,1,L,"Crouching or curtsying Geisha type, faces right",7,3.0,4
group078,5,7,1,L,"Arm extended in front, to right as if presenting something",10,3.0,4
group078,5,7,1,L,"Square, angled head",3,3.0,4
group078,5,7,1,L,"Bent knees, but not kneeling directly on floor",8,3.0,4
group078,5,8,1,C,Ghost falling,2,4.0,4
group078,5,8,1,C,Facing front,2,4.0,4
group078,5,8,1,C,Both arms raised,3,4.0,4
group078,5,8,1,C,No legs,2,4.0,4
group078,5,8,1,C,Diamond head,2,4.0,4
group078,5,8,1,C,Figure facing front,3,4.0,4
group078,5,9,1,F,"Slumped figure, facing left",4,4.0,4
group078,5,9,1,F,Diamond head,2,4.0,4
group078,5,9,1,F,"Feet extended in front, to left",6,4.0,4
group078,5,9,1,F,No arms,2,4.0,4
group078,5,9,1,F,Can't say which leg,4,4.0,4
group078,5,9,1,F,Head tilted down,3,4.0,4
group078,5,9,1,F,Sitting flat,2,4.0,4
group078,5,9,1,F,in a tired or drunk pose,6,4.0,4
group078,5,10,1,I,"Figure faces left, two triangular protrusions to front (left)",9,4.0,4
group078,5,10,1,I,One leg raised high behind,5,4.0,4
group078,5,10,1,I,Raised leg to right of image,6,4.0,4
group078,5,10,1,I,Diamond head,2,4.0,4
group078,5,11,1,J,"Diamond head, hunched figure, faces right",6,2.0,4
group078,5,11,1,J,One foot extends to right of image,7,2.0,4
group078,5,11,1,J,Triangle at top of body points right,7,2.0,4
group078,5,11,1,J,Straight back to left of image,6,2.0,4
group078,5,12,2,E,Looks like a rabbit sitting against a wall,8,4.0,4
group078,5,12,2,E,Facing right,2,4.0,4
group078,5,12,2,E,"2 triangle ears above square head, yes facing right",9,4.0,4
group078,5,13,2,D,"Figure standing facing left, holding tray",6,4.0,4
group078,5,13,2,D,Diamond head,2,4.0,4
group078,5,14,2,J,Diamond head balanced on square body facing right,8,3.0,4
group078,5,14,2,J,looks like they are pointing right,6,3.0,4
group078,5,14,2,J,Yes flat base,3,3.0,4
group078,5,15,2,H,Diamond head on a figure that has no arms or legs,11,4.0,4
group078,5,15,2,H,Almost a long rectangle,4,4.0,4
group078,5,15,2,H,Not leaning - quite straight,5,4.0,4
group078,5,16,2,L,Figure has knees bent and is facing right,8,0.0,4
group078,5,16,2,L,Arm / arms extended right,5,0.0,4
group079,5,0,1,L,"The picture with a square head, and it seems to be begging, almost a perfect depiction of the human",19,1.0,4
group079,5,0,1,L,The picture looking to the right,6,1.0,4
group079,5,1,1,J,"the picture shows almost a complete filling in the lower body,",11,4.0,4
group079,5,1,1,J,"its lower body is darker than the rest of them,",10,4.0,4
group079,5,1,1,J,it is solid on the entire left body but seems to be pointing to the right with a pointy shoulder,20,4.0,4
group079,5,1,1,J,only two pointy,3,4.0,4
group079,5,1,1,J,one square head,3,4.0,4
group079,5,2,1,B,From now on im calling the pictures a man,9,4.0,4
group079,5,2,1,B,"The man spreading arms, with the right arm seemingly detached from the body",13,4.0,4
group079,5,2,1,B,he is kneeling and has a square head,8,4.0,4
group079,5,2,1,B,he is kneeling to the right,6,4.0,4
group079,5,2,1,B,he has a triangle foot,5,4.0,4
group079,5,2,1,B,you need any more clues?,5,4.0,4
group079,5,3,1,F,The man has a square head,6,4.0,4
group079,5,3,1,F,"sitting down, raised knees, has hands under the ankle",9,4.0,4
group079,5,3,1,F,like you would do when sitting on the green,9,4.0,4
group079,5,3,1,F,looking left yes,3,4.0,4
group079,5,3,1,F,hands under knees,3,4.0,4
group079,5,4,1,E,This one I call him spike head,7,4.0,4
group079,5,4,1,E,"he has three heads looking to the right,",8,4.0,4
group079,5,4,1,E,"two triangular heads, one square",5,4.0,4
group079,5,4,1,E,"yes, bunny ears",3,4.0,4
group079,5,5,1,H,"this body is a hexagon, square head,",7,4.0,4
group079,5,5,1,H,"there is a triangle at the right foot, he only has one foot",13,4.0,4
group079,5,5,1,H,"yes no arms, he's amputated'",5,4.0,4
group079,5,5,1,H,the square head is more to the right,8,4.0,4
group079,5,5,1,H,"yes, , body is a solid hexagon placed vertically",9,4.0,4
group079,5,6,1,K,this one sees to be putting hands forward like you would do when begging or praying,16,3.0,4
group079,5,6,1,K,kneeling to the right,4,3.0,4
group079,5,6,1,K,a square head on top of square shoulders,8,3.0,4
group079,5,6,1,K,a pointy heel upwards,4,3.0,4
group079,5,6,1,K,a square head on top of a square shoulder,9,3.0,4
group079,5,6,1,K,pointy knees,2,3.0,4
group079,5,7,1,G,"one leg is largely bigger than the other, one arm, facing the right",13,3.0,4
group079,5,7,1,G,his head in front and the,6,3.0,4
group079,5,7,1,G,and the small leg is like just a piece of a triangle,12,3.0,4
group079,5,7,1,G,his invisible right arm is probably touching the floor,9,3.0,4
group079,5,7,1,G,small body,2,3.0,4
group079,5,8,1,I,"two pointed triangular arms, he is facing the left",9,4.0,4
group079,5,8,1,I,"one full leg down, on small short leg up and backwards like a skater would do",16,4.0,4
group079,5,8,1,I,he is skating yes,4,4.0,4
group079,5,9,1,D,"one of the seemingly complete bodies, facing the left, hands/hand forward",11,3.0,4
group079,5,9,1,D,with a square sleeve,4,3.0,4
group079,5,9,1,D,not many protrusions,3,3.0,4
group079,5,9,1,D,like the monk/ priest yes,5,3.0,4
group079,5,10,1,C,"parallelogram body, two arms, no legs, falling",7,4.0,4
group079,5,10,1,C,"raised his hands, he is falling backwards and leaning to the left",12,4.0,4
group079,5,11,1,A,"a full man, facing the right",6,3.0,4
group079,5,11,1,A,one leg down,3,3.0,4
group079,5,11,1,A,head dropped backwards facing the sky,6,3.0,4
group079,5,11,1,A,one leg up and the other slightly lifted,8,3.0,4
group079,5,11,1,A,nothing like a zombie],4,3.0,4
group079,5,11,1,A,he is a complete human,5,3.0,4
group079,5,12,2,E,"Sitting down, bunny ears, facing right",6,4.0,4
group079,5,13,2,I,Ice skater facing left,4,4.0,4
group079,5,14,2,D,"facing left, no separate arms or legs, maybe holding a platter...reminds me of a professor",15,3.0,4
group079,5,14,2,D,no bent legs,3,3.0,4
group079,5,14,2,D,"yeah, wearing a robe perhaps",5,3.0,4
group079,5,15,2,C,"the OMG guy, looking up with arms spread and leaning left",11,4.0,4
group079,5,15,2,C,no legs,2,4.0,4
group079,5,16,2,H,"no arms or legs shown, looking right, maybe sitting in a chair",12,3.0,4
group079,5,16,2,H,"no, pointy triangles",3,3.0,4
group079,5,16,2,H,head and shoulders only,4,3.0,4
group079,5,16,2,H,bottom of body bent,4,3.0,4
group079,5,16,2,H,looking right,2,3.0,4
group079,5,17,2,K,"the man on his knees, looking left, praying",8,3.0,4
group079,5,17,2,K,looking right i mean,4,3.0,4
group079,5,17,2,K,"just one hand shown, but I see them as both together pointing right",13,3.0,4
group079,5,17,2,K,a square for shoulders,4,3.0,4
group079,5,18,2,J,"facing us, Id say...arm pointed to the right and toe on right shown.  Left side has no detail, just a block.",21,4.0,4
group079,5,19,2,B,facing right,2,2.0,4
group079,5,19,2,B,triangle foot to left,4,2.0,4
group079,5,20,2,G,"facing right, on one knee with one foot in front to right.  Arms pointed out in supplication, looking upwards",19,3.0,4
group079,5,21,2,L,"facing right, knees bent as if about to jump...hands pointed out to right",13,3.0,4
group079,5,21,2,L,facing right,2,3.0,4
group079,5,21,2,L,"one shown, maybe wearing a robe",6,3.0,4
group079,5,22,2,F,"the guy facing left, sitting down with hands under knees",10,4.0,4
group079,5,23,2,A,"the one that was depicted as looking a bit like a zombie.  Head back, arms pointing left like a begging dog",21,4.0,4
group079,5,23,2,A,on one foot with the other raised,7,4.0,4
group079,5,24,3,J,"Man pointing right, square back, one leg and one foot visible",11,4.0,4
group079,5,24,3,J,He's standing,2,4.0,4
group079,5,24,3,J,Pointing to the right,4,4.0,4
group079,5,24,3,J,Yes a block,3,4.0,4
group079,5,24,3,J,"Yes, small triangle",3,4.0,4
group079,5,25,3,K,"Man on knees, facing right, looks like he's praying",9,3.0,4
group079,5,25,3,K,triangle facing up in the back of his body,9,3.0,4
group079,5,25,3,K,"Pointy heel, yes",3,3.0,4
group079,5,26,3,L,"Man is facing right possible looking down, his arms looks like triangle coming out of his chest",17,3.0,4
group079,5,26,3,L,Yes knees bent,3,3.0,4
group079,5,26,3,L,"No, his arms are out (they look like a triangle coming right out of chest area)",16,3.0,4
group079,5,26,3,L,"Facing right,",2,3.0,4
group079,5,27,3,H,This man has no arms or legs and appears to be looking right,13,4.0,4
group079,5,28,3,F,This man is sitting down and looking down and to the left with arms under legs,16,3.0,4
group079,5,29,3,A,This is the zombie-ish looking man the has one leg on the ground and one lifted up,17,4.0,4
group079,5,29,3,A,"Hard to tell, but it looks a bit like a bird beak facing down on his left side",18,4.0,4
group079,5,30,3,C,"Man with two arms lifted to the sky, no legs",10,4.0,4
group079,5,30,3,C,Floating man and yes falling possibly,6,4.0,4
group079,5,31,3,D,"man facing left, standing looks like he's in robes and holding out a plate",14,4.0,4
group079,5,31,3,D,Straight back and pointy toe,5,4.0,4
group079,5,32,3,I,"This one was described as the ice skater, leg outstretched, one foot on the ground",15,4.0,4
group079,5,33,3,G,"Man with big leg, facing right and a triangle leg barely attached",12,2.0,4
group079,5,33,3,G,He's kneeling and one arm is out,7,2.0,4
group079,5,33,3,G,"Hard to tell, the head is barely attached and just one small triangle on the right",16,2.0,4
group079,5,33,3,G,as a foot,3,2.0,4
group079,5,34,3,E,"This one is sitting down, with bunny ears and facing right",11,4.0,4
group079,5,35,3,B,"Man kneeling, arms outstretched and looking right, one foot visible",10,4.0,4
group079,5,35,3,B,One arm seems to barely be attached to the body on right side,13,4.0,4
group079,5,36,4,G,this guy is kneeling like his praying in a robe no legs visible,13,0.0,4
group079,5,36,4,G,"facing right ,head leaning back",5,0.0,4
group079,5,36,4,G,triangle hands,2,0.0,4
group079,5,36,4,G,meant feet not legs sorry,5,0.0,4
group079,5,36,4,G,no not square shoulders,4,0.0,4
group079,5,36,4,G,yes one triangle barely attached,5,0.0,4
group079,5,37,4,A,zombie dude with leg on ground and other leg raised,10,4.0,4
group079,5,38,4,B,kneeling to the right one triangle foot showing,8,4.0,4
group079,5,38,4,B,triangle arm on right barely attached,6,4.0,4
group079,5,39,4,D,monk dude with square sleeves holding a plate,8,4.0,4
group079,5,40,4,K,this guy is kneeling facing the right side with a pointy heel,12,2.0,4
group079,5,40,4,K,square shoulders,2,2.0,4
group079,5,40,4,K,no he's facing right and kneeling his shoulders are a square with a square head and his heel are pointing up,21,2.0,4
group079,5,41,4,F,the guy sitting with arms tucked in facing the left,10,4.0,4
group079,5,42,4,L,this guy is also wearing a robe and he looks like he is about to jump,16,3.0,4
group079,5,42,4,L,he is facing right,4,3.0,4
group079,5,43,4,I,this guy is the skater with one leg on the ground,11,4.0,4
group079,5,44,4,H,the guy that's floating with no limbs protruding,8,3.0,4
group079,5,45,4,J,this guy is facing us with the left side flat and the right side with a pointy shoulder,18,4.0,4
group079,5,46,4,C,the guy with no legs looks like he's falling his arms are raised,13,4.0,4
group079,5,47,4,E,guy with the bunny ears sitting and facing the right side,11,3.0,4
group079,5,48,5,A,zombie,1,3.0,4
group079,5,48,5,A,begging dog,2,3.0,4
group079,5,49,5,L,"knees bent, facing left, about to jump",7,4.0,4
group079,5,49,5,L,facing right*,2,4.0,4
group079,5,50,5,C,falling backwards,2,4.0,4
group079,5,50,5,C,arms in air,3,4.0,4
group079,5,50,5,C,no legs,2,4.0,4
group079,5,51,5,F,arms tucked in,3,3.0,4
group079,5,51,5,F,facing left,2,3.0,4
group079,5,51,5,F,sitting down,2,3.0,4
group079,5,52,5,D,monk,1,4.0,4
group079,5,52,5,D,priest,1,4.0,4
group079,5,52,5,D,facing left,2,4.0,4
group079,5,53,5,K,"facing right, under square head there is another square",9,4.0,4
group079,5,53,5,K,arms pointing right,3,4.0,4
group079,5,53,5,K,on the left side there is a pointy triangle,9,4.0,4
group079,5,54,5,J,left block guy,3,4.0,4
group079,5,54,5,J,facing us,2,4.0,4
group079,5,55,5,G,"one big leg, one",4,3.0,4
group079,5,55,5,G,one small triangle as the other leg,7,3.0,4
group079,5,55,5,G,facing right,2,3.0,4
group079,5,56,5,I,skating maaaaaan,2,3.0,4
group079,5,57,5,H,ghost,1,4.0,4
group079,5,57,5,H,floating man,2,4.0,4
group079,5,57,5,H,no arms or legs,4,4.0,4
group079,5,58,5,E,bunny man,2,2.0,4
group079,5,59,5,B,triangle detached from body,4,4.0,4
group079,5,59,5,B,facing right,2,4.0,4
group079,5,59,5,B,like he's praying,3,4.0,4
group079,5,59,5,B,small heel showing,3,4.0,4
group079,5,59,5,B,triangle*,1,4.0,4
group079,5,59,5,B,no big bow,3,4.0,4
group079,5,59,5,B,one small triangle as feet,5,4.0,4
group079,5,60,6,D,priest,1,3.0,4
group079,5,60,6,D,monk,1,3.0,4
group079,5,61,6,H,floating guy,2,4.0,4
group079,5,61,6,H,no limbs,2,4.0,4
group079,5,62,6,L,"facing right, about to jump",5,4.0,4
group079,5,62,6,L,in a robe,3,4.0,4
group079,5,63,6,K,double squares,2,4.0,4
group079,5,63,6,K,pointy heel,2,4.0,4
group079,5,64,6,C,"sex in the air, no legs",6,3.0,4
group079,5,64,6,C,*hands,1,3.0,4
group079,5,64,6,C,yes man falling backwards,4,3.0,4
group079,5,65,6,E,Mr Rabbit,2,4.0,4
group079,5,66,6,B,"one arm detached, praying, one small foot",7,4.0,4
group079,5,66,6,B,facing right,2,4.0,4
group079,5,67,6,A,zombie. b,2,4.0,4
group079,5,67,6,A,begging dog,2,4.0,4
group079,5,68,6,G,"falling man, one big leg forward",6,2.0,4
group079,5,68,6,G,one very small lrg backwards,5,2.0,4
group079,5,68,6,G,"two legs, one hand, one small leg,one big leg",9,2.0,4
group079,5,69,6,F,tucked in hands,3,4.0,4
group079,5,70,6,I,skating man,2,4.0,4
group079,5,71,6,J,one block left,3,2.0,4
group080,5,0,1,C,character is flying,3,2.0,4
group080,5,0,1,C,no feet,2,2.0,4
group080,5,1,1,L,no feet,2,0.0,4
group080,5,1,1,L,left,1,0.0,4
group080,5,1,1,L,2nd row 3rd from left,5,0.0,4
group080,5,1,1,L,2nd from right sorry,4,0.0,4
group080,5,2,1,K,sitting on both knees both arms stretched out and facing right,11,3.0,4
group080,5,2,1,K,2nd row 1st from left,5,3.0,4
group080,5,2,1,K,on knees with pointed feet up,6,3.0,4
group080,5,3,1,D,facing left standing straight with arms stretched in a begging manner,11,3.0,4
group080,5,3,1,D,no legs,2,3.0,4
group080,5,3,1,D,"yes, point like feet",4,3.0,4
group080,5,3,1,D,standing straight with arms stretched out pointy feet only no legs,11,3.0,4
group080,5,4,1,I,"Ice skating style, pointy foot out pointing right, face pointing to left side",13,3.0,4
group080,5,4,1,I,"both arms stretched out and are pointy,",7,3.0,4
group080,5,4,1,I,"yes, pointy arms direction is left",6,3.0,4
group080,5,4,1,I,One leg up and other is straight,7,3.0,4
group080,5,5,1,B,looks like a girl with triangle shaped hair bun,9,0.0,4
group080,5,5,1,B,hair bun looking like a triangle,6,0.0,4
group080,5,5,1,B,one arm stretched and is pointy,6,0.0,4
group080,5,5,1,B,direction is left,3,0.0,4
group080,5,6,1,A,one leg up and other leg straight direction is left,10,2.0,4
group080,5,6,1,A,face direction is right,4,2.0,4
group080,5,6,1,A,pointy arm direction is left,5,2.0,4
group080,5,7,1,H,sitting on knees facing right no arms no feet,9,3.0,4
group080,5,7,1,H,upright body,2,3.0,4
group080,5,8,1,G,playing like karate,3,2.0,4
group080,5,8,1,G,one leg right other leg left,6,2.0,4
group080,5,9,1,F,"sitting, facing left, knee pointed and feet also pointed",9,3.0,4
group080,5,10,1,E,rabbit looking facing right,4,3.0,4
group080,5,10,1,E,2 ears,2,3.0,4
group080,5,10,1,E,bugs bunny looking,3,3.0,4
group080,5,10,1,E,sitting,1,3.0,4
group080,5,11,1,J,"upright, facing right, point arm, pointy feet and point tummy",10,2.0,4
group080,5,12,2,K,"figure appears to be kneeling,praying facing right",7,2.0,4
group080,5,13,2,B,kneeling arms outstretched facing right,5,1.0,4
group080,5,14,2,C,looks like an angel flying,5,3.0,4
group080,5,15,2,D,looks like a headmaster facing left,6,3.0,4
group080,5,16,2,J,block like figure pointing right,5,4.0,4
group080,5,17,2,G,like an ice dancer looking right,6,0.0,4
group080,5,18,2,L,semi crouching figure looking right,5,4.0,4
group080,5,19,2,F,sitting figure facing left,4,4.0,4
group080,5,19,2,F,knees bent,2,4.0,4
group080,5,20,2,I,ice dancer facing left on 1 leg,7,4.0,4
group080,5,21,2,H,seated figure no arms or legs visible,7,4.0,4
group080,5,22,2,E,seated native american,3,1.0,4
group080,5,23,2,A,like a dancing bear,4,4.0,4
group080,5,23,2,A,facing left,2,4.0,4
group080,5,23,2,A,on 1 leg,3,4.0,4
group080,5,24,3,J,"facing right, back and shoulders form right angle",8,4.0,4
group080,5,24,3,J,"arm outstretched to right, belly",5,4.0,4
group080,5,25,3,K,"kneeling in prayer, looks like it's got a hood",9,3.0,4
group080,5,25,3,K,facing right,2,3.0,4
group080,5,26,3,H,"facing right, no arms or feet visible",7,4.0,4
group080,5,27,3,F,"sitting, facing left",3,4.0,4
group080,5,27,3,F,looks like someone sat on a sled,7,4.0,4
group080,5,27,3,F,"legs are outstretched, no arms visible, knees up and toes pointed",11,4.0,4
group080,5,28,3,B,"arms up, looks like it's running right",7,1.0,4
group080,5,28,3,B,gap of white under right arm,6,1.0,4
group080,5,28,3,B,"left foot in the air and toes pointed left, right leg knee bent",13,1.0,4
group080,5,29,3,C,a shirt with arms in the air,7,3.0,4
group080,5,29,3,C,no legs or feet. Head closer to the left arm,10,3.0,4
group080,5,30,3,L,"facing right, squatting. looks like someone begging",7,4.0,4
group080,5,30,3,L,knees bent but not kneeling,5,4.0,4
group080,5,31,3,A,"one leg in the air, looks like someone climbing",9,3.0,4
group080,5,31,3,A,head is leant to the right but feet pointing to the left,12,3.0,4
group080,5,31,3,A,described as dancing bear in last round,7,3.0,4
group080,5,32,3,D,upright figure facing left with arms outstretched. Described as a headmaster earlier,12,4.0,4
group080,5,32,3,D,right side of body completely vertical,6,4.0,4
group080,5,33,3,G,hard to tell what's going on with the limbs.,9,3.0,4
group080,5,33,3,G,"like a large ladies shoe with the toe pointing left. No ears. head tilted to the left, arm pointed to top right and leg kicked out to bottom right",29,3.0,4
group080,5,33,3,G,the leg is kicking out to bottom right.,8,3.0,4
group080,5,34,3,E,bunny ears,2,3.0,4
group080,5,35,3,I,"ice skater, facing left",4,4.0,4
group080,5,35,3,I,"one leg vertical, the other kicked out to the right",10,4.0,4
group080,5,36,4,K,one that looks like completely kneeled and praying,8,4.0,4
group080,5,36,4,K,has like a small hood on back of neck,9,4.0,4
group080,5,36,4,K,arms pointed out to right,5,4.0,4
group080,5,37,4,J,one that left upper corner looks like a box,9,4.0,4
group080,5,37,4,J,like a square I mean in upper left corner,9,4.0,4
group080,5,37,4,J,pointed out arms,3,4.0,4
group080,5,38,4,I,one that looks like either skating or doing karate,9,3.0,4
group080,5,38,4,I,leg to the right,4,3.0,4
group080,5,38,4,I,arms to the left,4,3.0,4
group080,5,39,4,A,one that has head to the right and the back is pointed down,13,3.0,4
group080,5,39,4,A,hard to describe the back or arms,7,3.0,4
group080,5,39,4,A,one leg is in air to the left other straight below it,12,3.0,4
group080,5,39,4,A,yes on both legs,4,3.0,4
group080,5,40,4,G,one that like like figure skater with arms up in air to the upper right,15,3.0,4
group080,5,40,4,G,left leg on ground,4,3.0,4
group080,5,40,4,G,other leg is a triangle,5,3.0,4
group080,5,41,4,L,One that could be kneeling legs are like >,9,2.0,4
group080,5,41,4,L,body facing right,3,2.0,4
group080,5,41,4,L,I mean squatting,3,2.0,4
group080,5,42,4,C,one that head is to the left.  Both arms up,10,4.0,4
group080,5,42,4,C,body goes to lower right,5,4.0,4
group080,5,42,4,C,lower right corner is how body goes,7,4.0,4
group080,5,42,4,C,no legs,2,4.0,4
group080,5,42,4,C,both arms up in air,5,4.0,4
group080,5,42,4,C,arm on right higher than arm on left,8,4.0,4
group080,5,43,4,E,One that is facing the right and makes a triangle to the bottom left,14,1.0,4
group080,5,43,4,E,One arm is up to the left,7,1.0,4
group080,5,43,4,E,other does not really go anywhere,6,1.0,4
group080,5,43,4,E,head is a triangle,4,1.0,4
group080,5,44,4,B,Both arms straight out to both sides,7,3.0,4
group080,5,44,4,B,knees goes to lower right side,6,3.0,4
group080,5,44,4,B,arms are like triangles,4,3.0,4
group080,5,44,4,B,"yes, kneeling",2,3.0,4
group080,5,45,4,H,"no arms, no legs",4,4.0,4
group080,5,45,4,H,lower part goes to the right,6,4.0,4
group080,5,45,4,H,I am not sure what the bunny ears one is,10,4.0,4
group080,5,45,4,H,this one has the body like a straight line up,10,4.0,4
group080,5,45,4,H,with a slant to the right at the bottom,9,4.0,4
group080,5,45,4,H,yes facing right,3,4.0,4
group080,5,46,4,D,facing left,2,3.0,4
group080,5,46,4,D,arms go straight out and looks like a cuff hanging down,11,3.0,4
group080,5,46,4,D,has pointed toe,3,3.0,4
group080,5,46,4,D,or pointed shoe,3,3.0,4
group080,5,47,4,F,"facing left, sitting with knees bent",6,4.0,4
group080,5,47,4,F,no arms showing,3,4.0,4
group080,5,48,5,H,no arms no legs,4,3.0,4
group080,5,48,5,H,facing right,2,3.0,4
group080,5,49,5,E,facing right,2,4.0,4
group080,5,49,5,E,no arms,2,4.0,4
group080,5,49,5,E,right angled body but with ears,6,4.0,4
group080,5,50,5,C,shirt with arms in air,5,2.0,4
group080,5,50,5,C,both arms,2,2.0,4
group080,5,50,5,C,no legs,2,2.0,4
group080,5,51,5,B,"kneeling, arms to the side, white gap in between two triangles",11,2.0,4
group080,5,51,5,B,facing right,2,2.0,4
group080,5,52,5,K,kneeling with hood which is pointing to left,8,3.0,4
group080,5,52,5,K,facing right and arms facing right,6,3.0,4
group080,5,52,5,K,legs facing up,3,3.0,4
group080,5,53,5,F,bent knees,2,2.0,4
group080,5,53,5,F,facing left,2,2.0,4
group080,5,53,5,F,sitting,1,2.0,4
group080,5,53,5,F,toes pointing up,3,2.0,4
group080,5,54,5,I,ice skater,2,4.0,4
group080,5,54,5,I,facing left,2,4.0,4
group080,5,55,5,D,headmaster,1,4.0,4
group080,5,55,5,D,vertical back facing left,4,4.0,4
group080,5,55,5,D,pointing,1,4.0,4
group080,5,56,5,A,dancing bear,2,4.0,4
group080,5,56,5,A,one leg down,3,4.0,4
group080,5,56,5,A,other is up,3,4.0,4
group080,5,57,5,L,squatting,1,4.0,4
group080,5,57,5,L,facing right,2,4.0,4
group080,5,58,5,G,the other one with bunny ears,6,1.0,4
group080,5,58,5,G,triangle at back,3,1.0,4
group080,5,58,5,G,facing left,2,1.0,4
group080,5,58,5,G,looks like on beach,4,1.0,4
group080,5,58,5,G,sitting,1,1.0,4
group080,5,59,5,J,"vertical back, right angle shape facing right",7,4.0,4
group080,5,59,5,J,doing the very best that i can,7,4.0,4
group080,5,60,6,C,angel flying,2,3.0,4
group080,5,60,6,C,"No legs, arms upright",4,3.0,4
group080,5,60,6,C,stretched,1,3.0,4
group080,5,61,6,D,headmaster,1,2.0,4
group080,5,61,6,D,facing right both arms stretched out,6,2.0,4
group080,5,61,6,D,standing straight,2,2.0,4
group080,5,62,6,F,"sitting with bent knees, toes pointing upwards",7,4.0,4
group080,5,62,6,F,facing left,2,4.0,4
group080,5,63,6,A,"bear looking, one leg in the air other is on the ground",12,2.0,4
group080,5,64,6,J,"vertical back with arms, belly and feet pointy and facing right",11,4.0,4
group080,5,64,6,J,standing upright,2,4.0,4
group080,5,65,6,G,"one leg on the ground facing left, other leg facing  right",11,2.0,4
group080,5,65,6,G,arms  stretched out facing right,5,2.0,4
group080,5,66,6,L,squatting and facing right with both arms stretched out,9,4.0,4
group080,5,67,6,E,bunny ears sitting and facing right,6,3.0,4
group080,5,68,6,B,sitting facing left triangle around head area,7,1.0,4
group080,5,69,6,I,ice skating,2,4.0,4
group080,5,70,6,H,"sitting, no arms no visible legs",6,4.0,4
group080,5,70,6,H,facing right,2,4.0,4
group080,5,70,6,H,"upright sitting, no arms no legs",6,4.0,4
group080,5,70,6,H,legs,1,4.0,4
group080,5,71,6,K,facing right,2,4.0,4
group081,5,0,1,B,the figure looks like it's sitting,6,2.0,4
group081,5,0,1,B,looks like it has a ponytail,6,2.0,4
group081,5,0,1,B,possibly shortest image,3,2.0,4
group081,5,0,1,B,looks like its praying,4,2.0,4
group081,5,0,1,B,facing left,2,2.0,4
group081,5,1,1,I,standing on one leg,4,3.0,4
group081,5,1,1,I,two arms outstretched,3,3.0,4
group081,5,2,1,F,sitting,1,3.0,4
group081,5,2,1,F,looking down,2,3.0,4
group081,5,2,1,F,no hood,2,3.0,4
group081,5,2,1,F,no ears,2,3.0,4
group081,5,2,1,F,no pony,2,3.0,4
group081,5,2,1,F,"it's a ""guy""",3,3.0,4
group081,5,2,1,F,facing left,2,3.0,4
group081,5,2,1,F,no downwards,2,3.0,4
group081,5,2,1,F,pointy shoe,2,3.0,4
group081,5,2,1,F,bulky body,2,3.0,4
group081,5,3,1,E,square head,2,4.0,4
group081,5,3,1,E,looking down,2,4.0,4
group081,5,3,1,E,facing right yes,3,4.0,4
group081,5,4,1,C,flying figure,2,4.0,4
group081,5,4,1,C,yes both arms stretched out,5,4.0,4
group081,5,4,1,C,yes lol. whatever that shape is,6,4.0,4
group081,5,5,1,K,diamond head,2,2.0,4
group081,5,5,1,K,praying figure,2,2.0,4
group081,5,5,1,K,facing right,2,2.0,4
group081,5,5,1,K,fight facing left,3,2.0,4
group081,5,5,1,K,arm out,2,2.0,4
group081,5,5,1,K,very sophisticated pose lol,4,2.0,4
group081,5,5,1,K,no not that one,4,2.0,4
group081,5,6,1,L,bending knees in prayer,4,3.0,4
group081,5,6,1,L,facing right,2,3.0,4
group081,5,6,1,L,arms out in prayer ',5,3.0,4
group081,5,6,1,L,diamond,1,3.0,4
group081,5,6,1,L,bending knees is key',4,3.0,4
group081,5,6,1,L,flat back no hood,4,3.0,4
group081,5,6,1,L,laju knees are bent,4,3.0,4
group081,5,7,1,J,uhmm.. not much shape,4,3.0,4
group081,5,7,1,J,big torso,2,3.0,4
group081,5,7,1,J,facing right,2,3.0,4
group081,5,7,1,J,straight back,2,3.0,4
group081,5,7,1,J,no legs,2,3.0,4
group081,5,7,1,J,almost a full rectangle body,5,3.0,4
group081,5,8,1,G,looks like an almost split,5,1.0,4
group081,5,8,1,G,facing right,2,1.0,4
group081,5,8,1,G,triangle foot,2,1.0,4
group081,5,8,1,G,yes leg kneeling to the back,6,1.0,4
group081,5,8,1,G,arm up,2,1.0,4
group081,5,8,1,G,id say one,3,1.0,4
group081,5,9,1,D,facing left,2,3.0,4
group081,5,9,1,D,in a robe,3,3.0,4
group081,5,9,1,D,standing,1,3.0,4
group081,5,9,1,D,arms out,2,3.0,4
group081,5,9,1,D,idk fat?,2,3.0,4
group081,5,9,1,D,small foot,2,3.0,4
group081,5,9,1,D,yes priesty,2,3.0,4
group081,5,10,1,H,fat body',2,3.0,4
group081,5,10,1,H,no arms,2,3.0,4
group081,5,10,1,H,facing right,2,3.0,4
group081,5,10,1,H,yes letter i,3,3.0,4
group081,5,10,1,H,not kneeling,2,3.0,4
group081,5,10,1,H,small foot,2,3.0,4
group081,5,11,1,A,one leg kicking up,4,3.0,4
group081,5,11,1,A,one leg on the ground,5,3.0,4
group081,5,11,1,A,head looking to the sky,5,3.0,4
group081,5,11,1,A,arms lifted up,3,3.0,4
group081,5,11,1,A,marching in place!,3,3.0,4
group081,5,11,1,A,facing left,2,3.0,4
group081,5,11,1,A,everything facing left,3,3.0,4
group081,5,11,1,A,yes thick arm,3,3.0,4
group081,5,12,2,D,the priest,2,3.0,4
group081,5,12,2,D,facing left,2,3.0,4
group081,5,12,2,D,the guy reading out a speech,6,3.0,4
group081,5,13,2,B,this one is facing up to the sky,8,3.0,4
group081,5,13,2,B,with a really big pointy boob on the left,9,3.0,4
group081,5,13,2,B,the bottom left has a real small triangle l,9,3.0,4
group081,5,13,2,B,they got a triangle on its side on the back of their head,13,3.0,4
group081,5,13,2,B,making any sense?,3,3.0,4
group081,5,14,2,F,guy sitting down head facing left,6,4.0,4
group081,5,14,2,F,got his leg stretched out,5,4.0,4
group081,5,14,2,F,sitting against a tree,4,4.0,4
group081,5,14,2,F,looking towards his leg,4,4.0,4
group081,5,14,2,F,so down and left,4,4.0,4
group081,5,14,2,F,I don't really see the leg hugging but maybe,9,4.0,4
group081,5,14,2,F,like he's sitting down with his legs out facing left,10,4.0,4
group081,5,14,2,F,not sure about a hood,5,4.0,4
group081,5,14,2,F,no bunny ears,3,4.0,4
group081,5,15,2,L,facing right with their legs bent,6,3.0,4
group081,5,15,2,L,big pointy titty,3,3.0,4
group081,5,15,2,L,they look religious,3,3.0,4
group081,5,16,2,A,it's the traveller dude,4,3.0,4
group081,5,16,2,A,looks like he's got one foot on the floor and the other kicking up,14,3.0,4
group081,5,16,2,A,erm he has a square on the right that could be seen as his head,15,3.0,4
group081,5,16,2,A,but I'm seeing it has the triangle sticking out left,10,3.0,4
group081,5,16,2,A,facing down to what could be his feet,8,3.0,4
group081,5,17,2,H,facing down right,3,4.0,4
group081,5,17,2,H,they don't really have legs just thighs also going right,10,4.0,4
group081,5,17,2,H,"they have a pentagon body, they are essentially just three shapes",11,4.0,4
group081,5,17,2,H,okay yeah I see the lowercase i,7,4.0,4
group081,5,17,2,H,top shape is a square,5,4.0,4
group081,5,17,2,H,then pentagon,2,4.0,4
group081,5,17,2,H,then one that kinda looks like an open book on it's side,12,4.0,4
group081,5,18,2,J,so this guy got the full square body on the left side,12,4.0,4
group081,5,18,2,J,then it looks like on the right he been chewed up,11,4.0,4
group081,5,18,2,J,like he used to have a full square body,9,4.0,4
group081,5,18,2,J,his head is a square with only one point touching his body,12,4.0,4
group081,5,18,2,J,bit all on the right of his square body,9,4.0,4
group081,5,19,2,C,it's the guy that's at a rave,7,4.0,4
group081,5,19,2,C,got his arms in the hair,6,4.0,4
group081,5,19,2,C,his body starts at the bottom right,7,4.0,4
group081,5,19,2,C,and his head is at the top left close to his left arm,13,4.0,4
group081,5,19,2,C,yeah flying,2,4.0,4
group081,5,20,2,G,this is the one doing the yoga pose,8,2.0,4
group081,5,20,2,G,their head is on the left looking up to the sky,11,2.0,4
group081,5,20,2,G,a little triangle leg on the bottom right,8,2.0,4
group081,5,20,2,G,another triangle above as his arms,6,2.0,4
group081,5,20,2,G,he got a real fat leg on the left,9,2.0,4
group081,5,20,2,G,yeah leg stretched back,4,2.0,4
group081,5,20,2,G,not the ice skater I don't think,7,2.0,4
group081,5,20,2,G,the ice skater is on one leg,7,2.0,4
group081,5,20,2,G,this one is stretching one leg back left and one little leg forward,13,2.0,4
group081,5,20,2,G,his head stretched back and arm up,7,2.0,4
group081,5,20,2,G,snuggly bottom left,3,2.0,4
group081,5,21,2,I,this is the ice skater,5,3.0,4
group081,5,21,2,I,"facing left, little leg sticking out behind",7,3.0,4
group081,5,21,2,I,the left has two triangle boobs stretched out,8,3.0,4
group081,5,21,2,I,or arms sure,3,3.0,4
group081,5,22,2,E,"big triangle body, facing right, bunny ears sticking up",9,4.0,4
group081,5,22,2,E,looking down and right,4,4.0,4
group081,5,22,2,E,"body made of two triangles. One big one, one little one sticking out",13,4.0,4
group081,5,22,2,E,yeah sitting down,3,4.0,4
group081,5,23,2,K,this is a kinda weird one,6,4.0,4
group081,5,23,2,K,the are facing right and look like they are serving something,11,4.0,4
group081,5,23,2,K,they have a weird triangle sticking up on the left side away from them,14,4.0,4
group081,5,23,2,K,yeah wearing a dress,4,4.0,4
group081,5,23,2,K,they look like they are standing,6,4.0,4
group081,5,23,2,K,the general shape is two triangles sticking out right,9,4.0,4
group081,5,23,2,K,the left has a triangle sticking up,7,4.0,4
group081,5,23,2,K,yeah pointing up at his bum,6,4.0,4
group081,5,24,3,I,okay this one is the ice skater,7,4.0,4
group081,5,24,3,I,one leg on the ground,5,4.0,4
group081,5,24,3,I,the other stuck out behind them,6,4.0,4
group081,5,24,3,I,two arms stretched out,4,4.0,4
group081,5,24,3,I,facing left,2,4.0,4
group081,5,25,3,B,this one has one ponytail,5,3.0,4
group081,5,25,3,B,and is looking up,4,3.0,4
group081,5,25,3,B,they have... the point boob,5,3.0,4
group081,5,25,3,B,arm,1,3.0,4
group081,5,25,3,B,facing left,2,3.0,4
group081,5,26,3,A,this is thriller zombie,4,3.0,4
group081,5,26,3,A,or traveller man,3,3.0,4
group081,5,26,3,A,one leg up,3,3.0,4
group081,5,26,3,A,facing left,2,3.0,4
group081,5,27,3,C,superman,1,4.0,4
group081,5,27,3,C,flying man,2,4.0,4
group081,5,27,3,C,arms up,2,4.0,4
group081,5,28,3,H,lowercase i,2,3.0,4
group081,5,28,3,H,no arms,2,3.0,4
group081,5,28,3,H,facing right,2,3.0,4
group081,5,29,3,E,two ponytails,2,4.0,4
group081,5,29,3,E,sitting down,2,4.0,4
group081,5,29,3,E,looking down,2,4.0,4
group081,5,29,3,E,two triangle shapes,3,4.0,4
group081,5,30,3,F,tree man,2,3.0,4
group081,5,30,3,F,sitting against tree,3,3.0,4
group081,5,30,3,F,looking up,2,3.0,4
group081,5,30,3,F,or looking down depending on perspective,6,3.0,4
group081,5,30,3,F,yes facing left,3,3.0,4
group081,5,31,3,L,guy has his knees half bent,6,4.0,4
group081,5,31,3,L,offering food to someone,4,4.0,4
group081,5,31,3,L,facing right,2,4.0,4
group081,5,31,3,L,no dress,2,4.0,4
group081,5,31,3,L,or weird triangle shape behind them,6,4.0,4
group081,5,31,3,L,not the triangle sticking out behind them,7,4.0,4
group081,5,31,3,L,the one with half bent knees,6,4.0,4
group081,5,31,3,L,no triangle sticking out their back,6,4.0,4
group081,5,31,3,L,not the lady,3,4.0,4
group081,5,31,3,L,the man with both his knees slightly bent,8,4.0,4
group081,5,32,3,K,ok this is the other bent lady,7,4.0,4
group081,5,32,3,K,with triangle on her back,5,4.0,4
group081,5,32,3,K,i couldn't see the peacock lol,6,4.0,4
group081,5,32,3,K,this one offering something like the other,7,4.0,4
group081,5,32,3,K,the dress lady with the triangle on her back,9,4.0,4
group081,5,32,3,K,facing right,2,4.0,4
group081,5,33,3,G,the one has a hood,5,3.0,4
group081,5,33,3,G,facing left,2,3.0,4
group081,5,33,3,G,and it looks like they are looking down slightly,9,3.0,4
group081,5,33,3,G,their legs stretched,3,3.0,4
group081,5,33,3,G,and one arm behind them,5,3.0,4
group081,5,33,3,G,one tiny triangle tit,4,3.0,4
group081,5,33,3,G,"small upper body, huge bottom",5,3.0,4
group081,5,33,3,G,square head,2,3.0,4
group081,5,33,3,G,sitting down with one arm behind them,7,3.0,4
group081,5,34,3,J,dogs half eaten dinner,4,4.0,4
group081,5,34,3,J,half square man,3,4.0,4
group081,5,35,3,D,jesus' preacher,2,4.0,4
group081,5,35,3,D,with scroll,2,4.0,4
group081,5,35,3,D,facing left,2,4.0,4
group081,5,36,4,L,right its the one who is half kneeling facing right,10,3.0,4
group081,5,36,4,L,not the full kneel,4,3.0,4
group081,5,36,4,L,pointy tit,2,3.0,4
group081,5,36,4,L,yes flat back,3,3.0,4
group081,5,37,4,J,dog dinner,2,4.0,4
group081,5,37,4,J,half square,2,4.0,4
group081,5,38,4,I,ice skater leg out in air facing left,8,4.0,4
group081,5,38,4,I,two pointy tits,3,4.0,4
group081,5,39,4,A,traveller weirdo,2,3.0,4
group081,5,39,4,A,dancy on one leg,4,3.0,4
group081,5,40,4,H,blob guy no real body,5,4.0,4
group081,5,40,4,H,just a head and a blob that ticks like an i,11,4.0,4
group081,5,40,4,H,letter i,2,4.0,4
group081,5,41,4,C,raver!!!!!!!!!!,1,4.0,4
group081,5,41,4,C,arms in air,3,4.0,4
group081,5,41,4,C,yeah superman,2,4.0,4
group081,5,42,4,B,girl with ONE triangle ponytail,5,3.0,4
group081,5,42,4,B,facing left,2,3.0,4
group081,5,42,4,B,sitting sort of,3,3.0,4
group081,5,43,4,F,tree man,2,2.0,4
group081,5,43,4,F,sitting under the tree,4,2.0,4
group081,5,43,4,F,legs out facing left,4,2.0,4
group081,5,43,4,F,ummm it's the one with leg that sticks out,9,2.0,4
group081,5,44,4,G,the freak with thick and thin legs,7,4.0,4
group081,5,44,4,G,yes yoga freak,3,4.0,4
group081,5,44,4,G,that's the one,3,4.0,4
group081,5,45,4,E,TWO bunny ears,3,4.0,4
group081,5,45,4,E,the only one with bunny ears,6,4.0,4
group081,5,46,4,K,fully kneeling one facing right,5,4.0,4
group081,5,46,4,K,pointy triangle on back,4,4.0,4
group081,5,46,4,K,faces right,2,4.0,4
group081,5,46,4,K,one big pointy tit facing right,6,4.0,4
group081,5,46,4,K,or serving right lol,4,4.0,4
group081,5,47,4,D,The jehovah man,3,4.0,4
group081,5,47,4,D,facing left,2,4.0,4
group081,5,47,4,D,offering the bible so behave,5,4.0,4
group081,5,47,4,D,faces left stood up offering something,6,4.0,4
group081,5,47,4,D,not doggy,2,4.0,4
group081,5,48,5,L,okay she has one big triangle tit,7,0.0,4
group081,5,48,5,L,Facing left,2,0.0,4
group081,5,48,5,L,She looks like she's squatting down to drop a deuce,10,0.0,4
group081,5,48,5,L,the peacock looking one,4,0.0,4
group081,5,48,5,L,One triangle sticking out of her midsection area,8,0.0,4
group081,5,48,5,L,no legs,2,0.0,4
group081,5,48,5,L,or a duck with a diamond head,7,0.0,4
group081,5,49,5,I,"okay, all up from here\",5,4.0,4
group081,5,49,5,I,"double triangle tits, the skater",5,4.0,4
group081,5,50,5,E,"bunny from bob's burgers, louise]",5,4.0,4
group081,5,51,5,J,"looks like the dog chewed them, kinda a letter I but with the bite in them",16,4.0,4
group081,5,51,5,J,chewed up square man,4,4.0,4
group081,5,52,5,C,super flying man,3,4.0,4
group081,5,53,5,H,lowercase i,2,4.0,4
group081,5,54,5,B,"oh crap, this one i think is yoga woman, she has a chest with two triangles and like a little slit in her top",24,0.0,4
group081,5,54,5,B,she's kneeling,2,0.0,4
group081,5,54,5,B,well one leg is kneeling yes,6,0.0,4
group081,5,54,5,B,one leg is kneeling and her lower body is like a blob,12,0.0,4
group081,5,55,5,F,okay that last one looked like the letter x\,9,4.0,4
group081,5,55,5,F,"fat ass man sitting down, looking at his one leg and depressed",12,4.0,4
group081,5,55,5,F,Big body,2,4.0,4
group081,5,55,5,F,"Big stomach, sitting down",4,4.0,4
group081,5,55,5,F,looking down at his one leg,6,4.0,4
group081,5,56,5,G,it's that weird one again that looks like an X that you all got pissed at me for,18,3.0,4
group081,5,56,5,G,big fat back leg,4,3.0,4
group081,5,56,5,G,the one u hated me for = yes,8,3.0,4
group081,5,56,5,G,One arm  in front to the left,7,3.0,4
group081,5,57,5,K,"triangle out of her ass, she's serving something with her one arm'",12,4.0,4
group081,5,57,5,K,Yeah you could call it kneeling,6,4.0,4
group081,5,58,5,A,thriller zombie bitch,3,4.0,4
group081,5,59,5,D,he looks like a priest reading a paper,8,4.0,4
group081,5,59,5,D,jehovah,1,4.0,4
group081,5,60,6,I,ice skater,2,4.0,4
group081,5,61,6,D,priest with paper,3,4.0,4
group081,5,62,6,C,flying boiii,2,4.0,4
group081,5,63,6,B,single ponytail. big tit,4,3.0,4
group081,5,63,6,B,maybe this is the peacock you dream about,8,3.0,4
group081,5,64,6,E,bunny ears,2,4.0,4
group081,5,65,6,J,dog bite,2,4.0,4
group081,5,66,6,G,yoga pose,2,4.0,4
group081,5,66,6,G,thicc leg,2,4.0,4
group081,5,66,6,G,yes the letter x,4,4.0,4
group081,5,67,6,F,tree boii,2,4.0,4
group081,5,67,6,F,one leg out,3,4.0,4
group081,5,67,6,F,sitting,1,4.0,4
group081,5,68,6,L,half bent knees,3,3.0,4
group081,5,68,6,L,facing right,2,3.0,4
group081,5,68,6,L,serving,1,3.0,4
group081,5,69,6,A,thriller,1,4.0,4
group081,5,70,6,H,the letter i,3,4.0,4
group081,5,71,6,K,the last melon,3,3.0,4
group081,5,71,6,K,uhm with a hood,4,3.0,4
group082,5,0,1,K,"square a top, 1pt to left 2pts to right",9,1.0,4
group082,5,0,1,K,the square at top has almost same just below,9,1.0,4
group082,5,1,1,L,diamond at top,3,2.0,4
group082,5,1,1,L,arms to right legs to left,6,2.0,4
group082,5,1,1,L,looks like person with hands facing right,7,2.0,4
group082,5,1,1,L,standing with bent knees,4,2.0,4
group082,5,2,1,I,person on one leg,4,3.0,4
group082,5,2,1,I,2 triangle arms facing left,5,3.0,4
group082,5,2,1,I,head is also left,4,3.0,4
group082,5,3,1,A,looks like person falling backwards,5,2.0,4
group082,5,3,1,A,head falling back to the right hand side,8,2.0,4
group082,5,3,1,A,hands look chunky,3,2.0,4
group082,5,3,1,A,right leg up,3,2.0,4
group082,5,3,1,A,slightly,1,2.0,4
group082,5,3,1,A,falling back,2,2.0,4
group082,5,3,1,A,from left to right,4,2.0,4
group082,5,3,1,A,head on right hand side,5,2.0,4
group082,5,4,1,J,"head normal, big body frame",5,3.0,4
group082,5,4,1,J,arms small facing right,4,3.0,4
group082,5,4,1,J,small feet also right,4,3.0,4
group082,5,4,1,J,yes standing,2,3.0,4
group082,5,5,1,B,kneeling to right in a pose facing left with hands up,11,3.0,4
group082,5,5,1,B,small white split at right arm,6,3.0,4
group082,5,5,1,B,arms in air but under head height,7,3.0,4
group082,5,5,1,B,small foot at left hand side,6,3.0,4
group082,5,5,1,B,thinoso facing ahead,3,3.0,4
group082,5,6,1,H,block body,2,3.0,4
group082,5,6,1,H,no great features,3,3.0,4
group082,5,6,1,H,head on,2,3.0,4
group082,5,6,1,H,not facing,2,3.0,4
group082,5,6,1,H,stubbed chunk feet facing right,5,3.0,4
group082,5,6,1,H,no hands,2,3.0,4
group082,5,6,1,H,part of body block but skews to right,8,3.0,4
group082,5,7,1,E,body sittin on floor,4,2.0,4
group082,5,7,1,E,facing left with knees,4,2.0,4
group082,5,7,1,E,two triangles on head,4,2.0,4
group082,5,7,1,E,feet level on floor as if sitting but kees up,10,2.0,4
group082,5,7,1,E,yes on butt,3,2.0,4
group082,5,7,1,E,facing down towards knees,4,2.0,4
group082,5,7,1,E,square but facing down,4,2.0,4
group082,5,8,1,F,same type of figure but facing left,7,4.0,4
group082,5,8,1,F,no triangles on head,4,4.0,4
group082,5,8,1,F,left,1,4.0,4
group082,5,9,1,C,looks like a ghost,4,1.0,4
group082,5,9,1,C,arms in the air,4,1.0,4
group082,5,9,1,C,skewed body to the left,5,1.0,4
group082,5,9,1,C,chunky looking arm on right hand side of image,9,1.0,4
group082,5,9,1,C,no legs,2,1.0,4
group082,5,9,1,C,pointy body on right,4,1.0,4
group082,5,9,1,C,sharp right,2,1.0,4
group082,5,9,1,C,small arm left,3,1.0,4
group082,5,10,1,D,facing right,2,3.0,4
group082,5,10,1,D,small feet right,3,3.0,4
group082,5,10,1,D,longer arms with wide sleeves,5,3.0,4
group082,5,10,1,D,all facing left i mean,5,3.0,4
group082,5,10,1,D,standing,1,3.0,4
group082,5,10,1,D,facing,1,3.0,4
group082,5,10,1,D,fat sleeve,2,3.0,4
group082,5,10,1,D,all facing left head looks in middle,7,3.0,4
group082,5,11,1,G,looks as if falling to the right,7,4.0,4
group082,5,11,1,G,legs on floor,3,4.0,4
group082,5,11,1,G,right hand near ground small triangle,6,4.0,4
group082,5,11,1,G,head tilted backwards to the left,6,4.0,4
group082,5,11,1,G,square head,2,4.0,4
group082,5,11,1,G,1 unit,2,4.0,4
group082,5,11,1,G,small gap in left arm,5,4.0,4
group082,5,11,1,G,falling right,2,4.0,4
group082,5,12,2,G,the last character minu described,5,4.0,4
group082,5,12,2,G,small triangle bottom right,4,4.0,4
group082,5,12,2,G,falling,1,4.0,4
group082,5,13,2,B,the one with square and triangle,6,2.0,4
group082,5,13,2,B,falling off cliff,3,2.0,4
group082,5,13,2,B,triangle on right,3,2.0,4
group082,5,13,2,B,small foot left side,4,2.0,4
group082,5,13,2,B,the square is standing,4,2.0,4
group082,5,13,2,B,triangle is leaning,3,2.0,4
group082,5,13,2,B,small leg on bottom left,5,2.0,4
group082,5,14,2,C,leaning to the left,4,4.0,4
group082,5,14,2,C,square in the middle of two hands,7,4.0,4
group082,5,14,2,C,falling yes,2,4.0,4
group082,5,14,2,C,two arms up,3,4.0,4
group082,5,15,2,F,the sitting one,3,4.0,4
group082,5,15,2,F,45 degree legs,3,4.0,4
group082,5,15,2,F,legs on left side,4,4.0,4
group082,5,15,2,F,head is square,3,4.0,4
group082,5,15,2,F,left side is bent up,5,4.0,4
group082,5,15,2,F,yes on butt,3,4.0,4
group082,5,15,2,F,no hands,2,4.0,4
group082,5,15,2,F,long edge 45 degree,4,4.0,4
group082,5,15,2,F,on left side,3,4.0,4
group082,5,15,2,F,legs on left body on right,6,4.0,4
group082,5,16,2,K,square on top,3,3.0,4
group082,5,16,2,K,small edge on left side,5,3.0,4
group082,5,16,2,K,bigger edge on right side,5,3.0,4
group082,5,16,2,K,straight up,2,3.0,4
group082,5,16,2,K,pointing right,2,3.0,4
group082,5,16,2,K,two big edges,3,3.0,4
group082,5,16,2,K,pac man mouth,3,3.0,4
group082,5,16,2,K,yes jiggly tail,3,3.0,4
group082,5,16,2,K,yes on left,3,3.0,4
group082,5,17,2,J,big block figure,3,4.0,4
group082,5,17,2,J,stubby fat guy,3,4.0,4
group082,5,17,2,J,belly,1,4.0,4
group082,5,17,2,J,arm pointing right,3,4.0,4
group082,5,17,2,J,standing,1,4.0,4
group082,5,18,2,L,the one that looks like it's bending,7,2.0,4
group082,5,18,2,L,right arm,2,2.0,4
group082,5,18,2,L,back straight,2,2.0,4
group082,5,18,2,L,square head,2,2.0,4
group082,5,18,2,L,arm to right,3,2.0,4
group082,5,18,2,L,yes bendy,2,2.0,4
group082,5,18,2,L,zagging legs,2,2.0,4
group082,5,18,2,L,one edge on right side,5,2.0,4
group082,5,18,2,L,two edges..sorry,2,2.0,4
group082,5,19,2,H,big body,2,4.0,4
group082,5,19,2,H,small edge on bottom right side,6,4.0,4
group082,5,19,2,H,no arms,2,4.0,4
group082,5,19,2,H,square yes,2,4.0,4
group082,5,19,2,H,as head,2,4.0,4
group082,5,19,2,H,straight up,2,4.0,4
group082,5,19,2,H,"small foot,right edge",3,4.0,4
group082,5,20,2,A,foot on left side other foot on ground,8,4.0,4
group082,5,20,2,A,square rolling off cliff,4,4.0,4
group082,5,20,2,A,standing up,2,4.0,4
group082,5,20,2,A,but one leg up,4,4.0,4
group082,5,20,2,A,looking left,2,4.0,4
group082,5,20,2,A,marching almost,2,4.0,4
group082,5,21,2,D,graduation student with diploma,4,4.0,4
group082,5,21,2,D,small foot on left side,5,4.0,4
group082,5,21,2,D,cap on head,3,4.0,4
group082,5,22,2,E,big triangle,2,4.0,4
group082,5,22,2,E,sliding down to right,4,4.0,4
group082,5,22,2,E,yes bunny ears,3,4.0,4
group082,5,22,2,E,sitting yes,2,4.0,4
group082,5,23,2,I,this one is ice skater,5,3.0,4
group082,5,23,2,I,leg on ground,3,3.0,4
group082,5,23,2,I,little foot to right,4,3.0,4
group082,5,23,2,I,spikes on left,3,3.0,4
group082,5,23,2,I,square on top of spikes,5,3.0,4
group082,5,23,2,I,one leg standing,3,3.0,4
group082,5,24,3,J,"""Short, stubby guy""",3,4.0,4
group082,5,24,3,J,Pointing to the right,4,4.0,4
group082,5,24,3,J,"Short arm pointing to the right, big belly, and small little toe to the right.",15,4.0,4
group082,5,24,3,J,Yes. The shortest figure,4,4.0,4
group082,5,25,3,F,"Guy sitting on his butt, looking to the left, reading a book.",12,3.0,4
group082,5,25,3,F,No arms,2,3.0,4
group082,5,25,3,F,"Yes, ""Sa, reading guy""",4,3.0,4
group082,5,25,3,F,Sad,1,3.0,4
group082,5,25,3,F,Just a square.,3,3.0,4
group082,5,26,3,H,"Figureless guy, no arms, no legs, small bottom right edge.",10,4.0,4
group082,5,26,3,H,"Yes, square head.",3,4.0,4
group082,5,27,3,K,"""Praying guy"", has a pointy tail to the left.",9,3.0,4
group082,5,27,3,K,Arms to the right.,4,3.0,4
group082,5,27,3,K,"Yes, square head, bending on his knees, facing right, arm towards the right, pointy tail on the left.",18,3.0,4
group082,5,27,3,K,The guy is completely bent on his knees,8,3.0,4
group082,5,28,3,C,"""Ghost""",1,4.0,4
group082,5,28,3,C,"No legs, hands in the air, body leaning towards the left.",11,4.0,4
group082,5,29,3,L,"The guy is bent at a 45 degree angle, looking to the right",13,3.0,4
group082,5,29,3,L,the arm is towards the right,6,3.0,4
group082,5,29,3,L,"""Zig Zag""",2,3.0,4
group082,5,29,3,L,"Yes, kind of squatting, Repi.",5,3.0,4
group082,5,29,3,L,"Looking to the left, looks like almost bending, arm to the right",12,3.0,4
group082,5,30,3,A,"""Marching Zombie""",2,4.0,4
group082,5,30,3,A,"Marching to the left, Standing, with one leg up.",9,4.0,4
group082,5,31,3,B,"yes, Titanic",2,3.0,4
group082,5,31,3,B,"Yes, kneeling",2,3.0,4
group082,5,31,3,B,looking right,2,3.0,4
group082,5,31,3,B,White line between arms,4,3.0,4
group082,5,31,3,B,White line on the chest,5,3.0,4
group082,5,31,3,B,"no, Zuda - bending",4,3.0,4
group082,5,32,3,E,"""Bunny Ears""",2,4.0,4
group082,5,32,3,E,Two triangles on the top.,5,4.0,4
group082,5,32,3,E,"Yes, facing right.",3,4.0,4
group082,5,32,3,E,Looking to the right.,4,4.0,4
group082,5,32,3,E,There are two triangles on top.,6,4.0,4
group082,5,33,3,D,"""Graduating to the left""",4,4.0,4
group082,5,34,3,G,"Looking to the right, falling backwards, there is a small white line on the left arm.",16,3.0,4
group082,5,34,3,G,"legs are towards the left, the person is on their knees, like they have fallen",15,3.0,4
group082,5,34,3,G,"Its like titanic, but falling, and the head is tilted backwards",11,3.0,4
group082,5,35,3,I,"learning forward, looking left, standing on one leg, and the other leg is lifted backwards",15,4.0,4
group082,5,35,3,I,"Zuda, The person looks like they are skating.",8,4.0,4
group082,5,36,4,H,figureless man,2,4.0,4
group082,5,36,4,H,facing right,2,4.0,4
group082,5,36,4,H,head square,2,4.0,4
group082,5,36,4,H,no arm,2,4.0,4
group082,5,37,4,K,facing right,2,4.0,4
group082,5,37,4,K,kneeling,1,4.0,4
group082,5,37,4,K,small tail at the  back,5,4.0,4
group082,5,37,4,K,up,1,4.0,4
group082,5,38,4,D,graduating man,2,4.0,4
group082,5,38,4,D,facing left,2,4.0,4
group082,5,39,4,J,belly man,2,4.0,4
group082,5,39,4,J,facing right,2,4.0,4
group082,5,40,4,E,man sitting facing right,4,4.0,4
group082,5,40,4,E,two triangle at the top,5,4.0,4
group082,5,40,4,E,sitting down,2,4.0,4
group082,5,41,4,A,one leg up,3,3.0,4
group082,5,41,4,A,facing right,2,3.0,4
group082,5,41,4,A,square falling,2,3.0,4
group082,5,41,4,A,moving left,2,3.0,4
group082,5,41,4,A,facing down,2,3.0,4
group082,5,41,4,A,yes marching,2,3.0,4
group082,5,42,4,L,man facing right,3,3.0,4
group082,5,42,4,L,like going on kneel,4,3.0,4
group082,5,42,4,L,square head,2,3.0,4
group082,5,42,4,L,two legs down,3,3.0,4
group082,5,42,4,L,serving,1,3.0,4
group082,5,42,4,L,but down,2,3.0,4
group082,5,43,4,B,"kneeling down,facing right",3,3.0,4
group082,5,43,4,B,line on chest,3,3.0,4
group082,5,43,4,B,titanic,1,3.0,4
group082,5,43,4,B,square head,2,3.0,4
group082,5,44,4,F,sad mood man facing left,5,4.0,4
group082,5,45,4,G,square falling back,3,1.0,4
group082,5,45,4,G,facing right,2,1.0,4
group082,5,45,4,G,facing left,2,1.0,4
group082,5,45,4,G,sitting,1,1.0,4
group082,5,45,4,G,one arm at b\the back,5,1.0,4
group082,5,46,4,I,ice skater,2,4.0,4
group082,5,47,4,C,falling man backward with two arms in space,8,4.0,4
group082,5,47,4,C,square head,2,4.0,4
group082,5,48,5,G,lounging back...facing left sitting,4,3.0,4
group082,5,48,5,G,no square falling off to the left and an ond shape next to the square,15,3.0,4
group082,5,48,5,G,odd shape,2,3.0,4
group082,5,48,5,G,yes sitting on but lounging back  on one arm',9,3.0,4
group082,5,48,5,G,facing  left,2,3.0,4
group082,5,48,5,G,long neck,2,3.0,4
group082,5,48,5,G,no just one arm on the back holding him up,10,3.0,4
group082,5,48,5,G,square on top leaning to left like falling',8,3.0,4
group082,5,49,5,I,ice skating to the left,5,4.0,4
group082,5,50,5,F,"man sitting on butt, legs pulled up so you can see knees",12,4.0,4
group082,5,50,5,F,facing left,2,4.0,4
group082,5,51,5,E,"man facing right, head slightly tilted down like he is reading with bunny ears",14,4.0,4
group082,5,51,5,E,sitting,1,4.0,4
group082,5,51,5,E,you can see his knees,5,4.0,4
group082,5,51,5,E,yea bunny ears,3,4.0,4
group082,5,52,5,H,formless man no arms or legs,6,4.0,4
group082,5,52,5,H,square head,2,4.0,4
group082,5,53,5,K,person facing right like they are searing with a little  tail,11,2.0,4
group082,5,53,5,K,flat base with the 90 degree angle like before,9,2.0,4
group082,5,53,5,K,at the bottom right,4,2.0,4
group082,5,53,5,K,arms out to right,4,2.0,4
group082,5,53,5,K,horizontal,1,2.0,4
group082,5,54,5,J,fat man,2,3.0,4
group082,5,54,5,J,facing and pointing right,4,3.0,4
group082,5,54,5,J,big tummy,2,3.0,4
group082,5,55,5,C,ghost,1,3.0,4
group082,5,56,5,D,graduating facing left,3,3.0,4
group082,5,57,5,A,zombie marching,2,3.0,4
group082,5,58,5,L,knees slightly bent facing right,5,4.0,4
group082,5,58,5,L,like serving,2,4.0,4
group082,5,59,5,B,newer one.,2,1.0,4
group082,5,59,5,B,sitting on butt..facing left has a square slightly tilted left on top,12,1.0,4
group082,5,59,5,B,and a triangle attached to it,6,1.0,4
group082,5,59,5,B,the only one i see with a square and a triangle attached to it,14,1.0,4
group082,5,59,5,B,a single triangle,3,1.0,4
group082,5,59,5,B,sitting,1,1.0,4
group082,5,59,5,B,left facing,2,1.0,4
group082,5,60,6,F,sad man,2,4.0,4
group082,5,60,6,F,face left,2,4.0,4
group082,5,61,6,J,fat man facing right,4,2.0,4
group082,5,61,6,J,belly small feet,3,2.0,4
group082,5,62,6,E,bunny ears,2,4.0,4
group082,5,63,6,L,bendy,1,4.0,4
group082,5,63,6,L,zig zag,2,4.0,4
group082,5,63,6,L,facing right,2,4.0,4
group082,5,64,6,B,titanic,1,4.0,4
group082,5,64,6,B,arms up,2,4.0,4
group082,5,64,6,B,white line on chest],4,4.0,4
group082,5,64,6,B,small triangle foot at left side,6,4.0,4
group082,5,65,6,C,ghosty,1,4.0,4
group082,5,66,6,H,stubby,1,2.0,4
group082,5,66,6,H,figureless with stub toe to the right,7,2.0,4
group082,5,66,6,H,no arms,2,2.0,4
group082,5,67,6,A,zombie,1,3.0,4
group082,5,68,6,K,waggy tail,2,3.0,4
group082,5,68,6,K,pointing up,2,3.0,4
group082,5,69,6,I,ice skater,2,4.0,4
group082,5,70,6,D,student,1,4.0,4
group082,5,70,6,D,facing left,2,4.0,4
group082,5,70,6,D,graduate,1,4.0,4
group082,5,71,6,G,falling man,2,3.0,4
group082,5,71,6,G,to the right,3,3.0,4
group082,5,71,6,G,white line at left hand,5,3.0,4
group082,5,71,6,G,legs on floor,3,3.0,4
group083,5,0,1,I,ice skating,2,2.0,4
group083,5,0,1,I,ice skating pose,3,2.0,4
group084,6,0,1,J,Looks as if it is pointing to the right whilst standing straight,12,5.0,5
group084,6,0,1,J,"Head is on a flat line, whole left side is straight",11,5.0,5
group084,6,1,1,K,"Wow ok, part of the body that touches the head is incredibly thin",13,4.0,5
group084,6,1,1,K,Two jagged edges on the right side,7,4.0,5
group084,6,1,1,K,Pointing out to the right yeah,6,4.0,5
group084,6,1,1,K,Bottom is flat,3,4.0,5
group084,6,1,1,K,head is on a diamond yeah,6,4.0,5
group084,6,2,1,A,"Looks as if it has two legs, is kicking one of them out to the left",16,5.0,5
group084,6,2,1,A,Head is to the right,5,5.0,5
group084,6,3,1,E,"The top is two parts, almost like triangles facing slightly different directions",12,5.0,5
group084,6,3,1,E,"Yeah, sitting down facing right",5,5.0,5
group084,6,4,1,B,Diamond on top,3,3.0,5
group084,6,4,1,B,One block is the body to the left,8,3.0,5
group084,6,4,1,B,To the right is a triangle,6,3.0,5
group084,6,4,1,B,I have absolutely no idea what shape that is I'll be honest,12,3.0,5
group084,6,4,1,B,"Yeah that's the one, triangle in the bottom left of it",11,3.0,5
group084,6,5,1,F,"Sitting down, facing left",4,5.0,5
group084,6,5,1,F,about the most basic one probably,6,5.0,5
group084,6,6,1,G,"Head is to the left of the body, there's two triangles all the way out on the right side",19,4.0,5
group084,6,7,1,C,looks as if it's got wings I guess,8,3.0,5
group084,6,7,1,C,Head is next to the left arm,7,3.0,5
group084,6,8,1,I,Standing on one leg,4,5.0,5
group084,6,8,1,I,As if it's facing left,5,5.0,5
group084,6,8,1,I,Two jagged triangles going to the left below the head,10,5.0,5
group084,6,9,1,D,"Standing up vertically, the entire right side is straight",9,5.0,5
group084,6,9,1,D,pointing to the left,4,5.0,5
group084,6,10,1,H,"Erm, it's all quite straight vertically. The bottom sticks out at the right side",14,5.0,5
group084,6,10,1,H,There's two that are pretty much vertical and it's not the one that was the answer to the last clue!,20,5.0,5
group084,6,10,1,H,no arms,2,5.0,5
group084,6,11,1,L,Pointing to the right,4,5.0,5
group084,6,11,1,L,This one is quite simple and for some reason I have no idea how to describe it,17,5.0,5
group084,6,11,1,L,Relatively vertical,2,5.0,5
group084,6,11,1,L,Bottom half is a rectangle skewed to the right,9,5.0,5
group084,6,11,1,L,"Knees bent, potentially a better description haha",7,5.0,5
group084,6,12,2,A,"head pointing to the right, arms to left and one foot up pointing to left",15,5.0,5
group084,6,13,2,I,looks like they are ice skating,6,5.0,5
group084,6,14,2,J,"straight left hand side, pointing to right",7,5.0,5
group084,6,15,2,E,"looks like a pharaoh, two triangles coming out the top of his head",13,5.0,5
group084,6,15,2,E,facing to the right,4,5.0,5
group084,6,16,2,G,"pharaoh again, two triangles coming out top of head, this time facing to the left",15,3.0,5
group084,6,16,2,G,one arm out to the right,6,3.0,5
group084,6,17,2,K,"kneeling, facing right, mermaid tail, two triangles pointing to right",10,4.0,5
group084,6,17,2,K,triangle hidden by body,4,4.0,5
group084,6,18,2,C,looks like he's tripped and falling to the left with his arms up,13,5.0,5
group084,6,19,2,L,"kneeling, facing right, two triangles sticking out to the right, NOT  a mermaid tail",14,5.0,5
group084,6,19,2,L,just a cut off rectangle at end of body,9,5.0,5
group084,6,20,2,H,"no arms at all, facing right, triangle at bottom of body sticking out right",14,5.0,5
group084,6,20,2,H,nothing coming out of top of head,7,5.0,5
group084,6,21,2,D,"facing to the left, looks like he is pointing with a finger giving someone directions lol",16,4.0,5
group084,6,21,2,D,or telling someone off,4,4.0,5
group084,6,22,2,B,looks like it has angel wings,6,3.0,5
group084,6,22,2,B,left ish yes,3,3.0,5
group084,6,22,2,B,yes triangle bottom left,4,3.0,5
group084,6,23,2,F,"sitting down, facing left, head turned slightly down",8,5.0,5
group084,6,23,2,F,yes one leg,3,5.0,5
group084,6,23,2,F,no arms,2,5.0,5
group084,6,24,3,C,tripped over to the left with arms up,8,5.0,5
group084,6,25,3,B,"angel wings, small triangle at bottom left. big triangle below head to right",13,5.0,5
group084,6,26,3,H,"flat sides; no arms. head on middle at top, small pointing thing at bottom right",15,5.0,5
group084,6,27,3,G,looks like he is jumping to the right. long weird tail thing pointing bottom left. head on a diagonal surface running up and to the left with a small triangle to the left of it. another small triangle for a foot on the right,44,2.0,5
group084,6,27,3,G,jumping,1,2.0,5
group084,6,28,3,I,figure skater pointing left,4,5.0,5
group084,6,29,3,A,zombie??? head way off to the right with top leg sticking out to the left and other foot flat on ground,21,5.0,5
group084,6,29,3,A,both hands look joined together,5,5.0,5
group084,6,30,3,F,sitting looking depressed facing left,5,4.0,5
group084,6,30,3,F,bro there's also diamonds,4,4.0,5
group084,6,31,3,J,"flat left side, shorter than the rest, little triangle pointing to the right",13,4.0,5
group084,6,31,3,J,literally the only one with a completely vertical left side,10,4.0,5
group084,6,32,3,E,"the one that last time was described as a pharaoh first, with two triangles from the top of the head and the body as a big right angled triangle. he's facing right",32,5.0,5
group084,6,33,3,D,looks like candice,3,5.0,5
group084,6,33,3,D,candice dick fit in yo mouth,6,5.0,5
group084,6,33,3,D,pointing to the left with kind of like a square under his hand,13,5.0,5
group084,6,33,3,D,head on top of a triangle kinda. vertical right side,10,5.0,5
group084,6,34,3,L,"pointing to the right, not the mermaid, skewed rectangle bottom",10,5.0,5
group084,6,35,3,K,mermaid,1,4.0,5
group084,6,35,3,K,pointing right,2,4.0,5
group084,6,36,4,G,Head on a slanted surface. Two triangles pointing right,9,3.0,5
group084,6,36,4,G,long flat bottom,3,3.0,5
group084,6,36,4,G,triangle bottom right is kinda on its own,8,3.0,5
group084,6,37,4,K,The mermaid one I believe. Facing and pointing right. Diamond head is on top of another diamond,17,5.0,5
group084,6,38,4,L,The one with its knees bent. Facing and pointing right as well,12,4.0,5
group084,6,38,4,L,Partially,1,4.0,5
group084,6,38,4,L,No the bottom is a rhombus shape and the straight left side above that,14,4.0,5
group084,6,38,4,L,sitting in an invisible chair almost,6,4.0,5
group084,6,39,4,J,Entirely flat left side,4,4.0,5
group084,6,40,4,B,Head is on the intersection of a triangle to the right and a bigger black body on the left,19,5.0,5
group084,6,40,4,B,little weird triangle on the bottom left,7,5.0,5
group084,6,41,4,C,Tripped to the left and arms up,7,5.0,5
group084,6,42,4,D,Flat right side. Pointing left with a square underneath its arm,11,4.0,5
group084,6,43,4,I,The ice skater,3,5.0,5
group084,6,43,4,I,Standing on one leg facing left,6,5.0,5
group084,6,44,4,H,The basic vertical figure with no arms,7,5.0,5
group084,6,44,4,H,little triangle sticking out bottom right,6,5.0,5
group084,6,45,4,F,The depressed guy doing a sit up,7,5.0,5
group084,6,46,4,E,The one you guys described as a pharaoh. two triangles sticking out of its head,15,4.0,5
group084,6,47,4,A,The hunchback standing on one leg,6,5.0,5
group084,6,48,5,C,"tripping falling left, arms up",5,4.0,5
group084,6,49,5,L,"pointing right, not the mermaid",5,5.0,5
group084,6,50,5,G,"ok, so flat bottom, facing left. Square head, facing left",10,3.0,5
group084,6,50,5,G,has a hunchback triangle facing right,6,3.0,5
group084,6,50,5,G,and another mini triangle facing right,6,3.0,5
group084,6,51,5,K,"the mermaid tail,",3,4.0,5
group084,6,51,5,K,arm and knees pointing right,5,4.0,5
group084,6,52,5,H,"no arms, triangle at the bottom pointing right",8,5.0,5
group084,6,52,5,H,head is a diamond,4,5.0,5
group084,6,53,5,J,left side is completely flat,5,5.0,5
group084,6,53,5,J,one arm pointing right,4,5.0,5
group084,6,53,5,J,bottom foot pointing right,4,5.0,5
group084,6,54,5,I,the skater,2,5.0,5
group084,6,55,5,A,the zombie on one leg,5,5.0,5
group084,6,55,5,A,"both legs pointing left, one leg up",7,5.0,5
group084,6,56,5,F,"sitting, facing left",3,4.0,5
group084,6,56,5,F,tying shoe,2,4.0,5
group084,6,57,5,B,angel kneeling,2,5.0,5
group084,6,57,5,B,arm pointing left like praying,5,5.0,5
group084,6,57,5,B,triangle wing pointing right,4,5.0,5
group084,6,57,5,B,little triangle at the bottom pointing left,7,5.0,5
group084,6,58,5,E,bunny ears,2,5.0,5
group084,6,58,5,E,facing right,2,5.0,5
group084,6,58,5,E,head is a square,4,5.0,5
group084,6,58,5,E,you guys call it the pharaoh,6,5.0,5
group084,6,59,5,D,"diamond head, pointing left",4,5.0,5
group084,6,59,5,D,square under pointed finger,4,5.0,5
group084,6,60,6,J,Flat left side and bottom. Diamond head,7,5.0,5
group084,6,60,6,J,pointing right,2,5.0,5
group084,6,61,6,A,walking to left. One leg up. Square on slanted back. Hunchback,11,5.0,5
group084,6,61,6,A,zombie one,2,5.0,5
group084,6,62,6,B,Looks like a mouse facing left with one diamond ear and one triangle. Small triangle bottom left,17,5.0,5
group084,6,62,6,B,the angel one,3,5.0,5
group084,6,63,6,K,mermaid,1,4.0,5
group084,6,63,6,K,facing right. diamond head,4,4.0,5
group084,6,64,6,H,basic one. No arms. Diamond head,6,5.0,5
group084,6,65,6,L,Bent knees facing right. Diamond head,6,5.0,5
group084,6,65,6,L,pointing right,2,5.0,5
group084,6,66,6,I,skater,1,4.0,5
group084,6,67,6,D,Diamond head pointing left. Flat right side,7,5.0,5
group084,6,68,6,F,Sitting facing left looking sad,5,4.0,5
group084,6,69,6,C,leaning left with both arms up,6,5.0,5
group084,6,70,6,G,Square head on incline facing right.,6,5.0,5
group084,6,70,6,G,Long flat bottom . Triangle on right,7,5.0,5
group084,6,70,6,G,sorry head facing left,4,5.0,5
group084,6,70,6,G,long rectangle bottom left and small triangle bottom right,9,5.0,5
group084,6,71,6,E,Looks like bunny ears on a box going down a mountain,11,5.0,5
group084,6,71,6,E,pharoah one,2,5.0,5
group085,6,0,1,L,Looks like a person half bending down with hands forward,10,3.0,5
group085,6,0,1,L,facing down,2,3.0,5
group085,6,0,1,L,on the floor,3,3.0,5
group085,6,0,1,L,I would say to the right,6,3.0,5
group085,6,0,1,L,it's in the centre of their body,7,3.0,5
group085,6,1,1,G,"quite chaotic, almost lying on floor with one arm towards floor and one in air",15,4.0,5
group085,6,1,1,G,head facing to left,4,4.0,5
group085,6,2,1,I,standing on one leg with other leg in the air to the right,13,5.0,5
group085,6,2,1,I,2 arms facing to the left pointing forward,8,5.0,5
group085,6,3,1,F,looks like person sat down with head facing to the left,11,5.0,5
group085,6,3,1,F,legs facing to the left,5,5.0,5
group085,6,3,1,F,quite a thick body compared to some others,8,5.0,5
group085,6,3,1,F,can't see arms,3,5.0,5
group085,6,4,1,J,looks like a block,4,3.0,5
group085,6,4,1,J,head in middle,3,3.0,5
group085,6,4,1,J,can't see arms or legs properly,6,3.0,5
group085,6,4,1,J,you can kind of see a pointed foot,8,3.0,5
group085,6,4,1,J,and pointy shoulder on right,5,3.0,5
group085,6,5,1,A,looks like a zombie almost,5,4.0,5
group085,6,5,1,A,head to the right,4,4.0,5
group085,6,5,1,A,legs facing left,3,4.0,5
group085,6,5,1,A,arms pointing up and to the left,7,4.0,5
group085,6,6,1,B,looks like a person praying,5,2.0,5
group085,6,6,1,B,head facing to the right,5,2.0,5
group085,6,6,1,B,properly knelt on floor,4,2.0,5
group085,6,6,1,B,head in hands,3,2.0,5
group085,6,7,1,D,person holding a box to the left,7,4.0,5
group085,6,7,1,D,feet pointing to the left,5,4.0,5
group085,6,8,1,C,person with arms in the air,6,5.0,5
group085,6,8,1,C,can't see feet or legs really,6,5.0,5
group085,6,8,1,C,head sliding slightly to the left,6,5.0,5
group085,6,9,1,H,can't see arms or legs,5,5.0,5
group085,6,9,1,H,looks like a bit of a block,7,5.0,5
group085,6,10,1,K,like someone on their knees with arms out to the right,11,2.0,5
group085,6,10,1,K,head upwards,2,2.0,5
group085,6,10,1,K,"sort of yes, but the one where legs are fully on floor",12,2.0,5
group085,6,10,1,K,not the one where the knees just look bent,9,2.0,5
group085,6,11,1,E,looks like a person sat down against a wall with their knees up and some weird headband,17,5.0,5
group085,6,11,1,E,only one with stuff on top of the head,9,5.0,5
group085,6,12,2,I,person pretending to be an airplane with one foot in air,11,5.0,5
group085,6,12,2,I,turned left,2,5.0,5
group085,6,12,2,I,hands out,2,5.0,5
group085,6,13,2,J,Little box man,3,5.0,5
group085,6,13,2,J,man is the box,4,5.0,5
group085,6,13,2,J,cant see legs,3,5.0,5
group085,6,13,2,J,just feet,2,5.0,5
group085,6,13,2,J,looking right,2,5.0,5
group085,6,13,2,J,box man,2,5.0,5
group085,6,14,2,B,"kneeling, praying with a hood?",5,2.0,5
group085,6,14,2,B,Facing right,2,2.0,5
group085,6,14,2,B,Hands up as triangle,4,2.0,5
group085,6,14,2,B,"sitting back, kneeling",3,2.0,5
group085,6,14,2,B,their little feet are defined,5,2.0,5
group085,6,15,2,G,ok obnoxious prayer man,4,1.0,5
group085,6,15,2,G,little triangle foot sticking out,5,1.0,5
group085,6,15,2,G,hands up like they're looking for food,7,1.0,5
group085,6,15,2,G,head tilted back,3,1.0,5
group085,6,15,2,G,kneeling,1,1.0,5
group085,6,15,2,G,*titled,1,1.0,5
group085,6,16,2,H,baby,1,5.0,5
group085,6,17,2,E,bunny,1,3.0,5
group085,6,18,2,F,"""fat homeless guy""",3,4.0,5
group085,6,19,2,C,no-legs flying person,3,5.0,5
group085,6,20,2,L,crouching praying man,3,5.0,5
group085,6,20,2,L,looking right,2,5.0,5
group085,6,21,2,D,"holding box, looking left",4,5.0,5
group085,6,22,2,K,"kneeling, praying, looking right, feet sticking up in the air behind them",12,4.0,5
group085,6,23,2,A,zombie,1,5.0,5
group085,6,24,3,K,facing right praying with feet sticking up behind them,9,5.0,5
group085,6,25,3,C,goalkeeper diving to the left,5,4.0,5
group085,6,25,3,C,no legs,2,4.0,5
group085,6,26,3,L,crouched praying facing the right,5,4.0,5
group085,6,26,3,L,taking a dump from the last round!,7,4.0,5
group085,6,27,3,B,arms outstretched,2,1.0,5
group085,6,27,3,B,feet out to the right,5,1.0,5
group085,6,27,3,B,kneeling down,2,1.0,5
group085,6,27,3,B,sorry feet are on the left,6,1.0,5
group085,6,27,3,B,head normal,2,1.0,5
group085,6,28,3,A,head tilted back on the far right,7,5.0,5
group085,6,28,3,A,body facing left,3,5.0,5
group085,6,28,3,A,zombie,1,5.0,5
group085,6,29,3,G,"facing right, one arm up in the air on the right, the other down the bottom right",17,4.0,5
group085,6,29,3,G,legs to the left,4,4.0,5
group085,6,29,3,G,head tilted back,3,4.0,5
group085,6,29,3,G,like a horse rearing back...kind of,6,4.0,5
group085,6,29,3,G,"yep, one knee",3,4.0,5
group085,6,30,3,I,one leg out to the right other on the floor. Bending forward,12,5.0,5
group085,6,30,3,I,Like he's got a tail,5,5.0,5
group085,6,30,3,I,facing left,2,5.0,5
group085,6,31,3,F,sitting down facing left knees hunched up,7,5.0,5
group085,6,32,3,H,wrapped up baby,3,4.0,5
group085,6,33,3,D,holding a box to the left,6,3.0,5
group085,6,34,3,J,box man / candle man,5,5.0,5
group085,6,35,3,E,rabbit man,2,4.0,5
group085,6,36,4,F,fat homeless,2,4.0,5
group085,6,36,4,F,looking left,2,4.0,5
group085,6,37,4,E,rabbit guy,2,4.0,5
group085,6,38,4,H,baby,1,3.0,5
group085,6,39,4,L,squatting praying / taking dump,5,5.0,5
group085,6,40,4,G,sliding football tackle on one knee,6,5.0,5
group085,6,41,4,D,holding box looking left,4,5.0,5
group085,6,42,4,A,zombie,1,4.0,5
group085,6,43,4,B,"kneeling, one arm up to each side",7,4.0,5
group085,6,43,4,B,praying i guess,3,4.0,5
group085,6,43,4,B,sorry its not madonna boobs,5,4.0,5
group085,6,43,4,B,feet to the left,4,4.0,5
group085,6,43,4,B,head leaning back slightly,4,4.0,5
group085,6,44,4,C,goalie / footballer celebrating,4,4.0,5
group085,6,44,4,C,no legs,2,4.0,5
group085,6,44,4,C,bird man,2,4.0,5
group085,6,45,4,J,candle man,2,2.0,5
group085,6,45,4,J,squashed man,2,2.0,5
group085,6,46,4,I,standing on one leg,4,5.0,5
group085,6,46,4,I,airplane man,2,5.0,5
group085,6,47,4,K,kneeling praying with hood,4,5.0,5
group085,6,47,4,K,i thought this was madonna boobs,6,5.0,5
group085,6,47,4,K,feet not sticking out as much,6,5.0,5
group085,6,47,4,K,head is straight up,4,5.0,5
group085,6,47,4,K,yeah feet up and hunched,5,5.0,5
group085,6,48,5,J,candle/box guy,2,5.0,5
group085,6,49,5,A,zombie,1,4.0,5
group085,6,50,5,F,fat homeless guy,3,3.0,5
group085,6,51,5,B,madonna point boobsm her boobs point to the left,9,1.0,5
group085,6,51,5,B,pointy boobs*,2,1.0,5
group085,6,51,5,B,head looking left and slightly tilted,6,1.0,5
group085,6,51,5,B,triangle coming out the back of her head,8,1.0,5
group085,6,52,5,I,airplane dude,2,4.0,5
group085,6,53,5,L,guy taking a dump,4,4.0,5
group085,6,54,5,H,wrapped up baby,3,4.0,5
group085,6,55,5,K,"guy on his knees praying with arms out to his left, hunchback",12,4.0,5
group085,6,55,5,K,arms out to his right,5,4.0,5
group085,6,56,5,D,box guy,2,2.0,5
group085,6,56,5,D,holding box to the left,5,2.0,5
group085,6,57,5,C,footballer celebrating,2,3.0,5
group085,6,58,5,E,bunny,1,3.0,5
group085,6,59,5,G,slide tackle footballer,3,4.0,5
group085,6,60,6,A,Zombie man,2,4.0,5
group085,6,61,6,G,Sliding tackle footballer,3,3.0,5
group085,6,62,6,K,Praying hunchback,2,5.0,5
group085,6,63,6,F,Fat homeless guy,3,4.0,5
group085,6,64,6,H,Wrapped up baby,3,3.0,5
group085,6,65,6,I,Airplane guy running to the left,6,4.0,5
group085,6,66,6,L,Taking a dump,3,4.0,5
group085,6,67,6,D,Guy holding box to the left,6,3.0,5
group085,6,68,6,E,Bunny man!,2,4.0,5
group085,6,69,6,J,Candle man,2,4.0,5
group085,6,70,6,B,Madonna boobs!,2,4.0,5
group085,6,71,6,C,Celebrating footballer,2,5.0,5
group086,6,0,1,F,the picture looks like someone sitting down hunched over facing left,11,5.0,5
group086,6,0,1,F,no with feet out to the left,7,5.0,5
group086,6,0,1,F,with feet out but legs bent,6,5.0,5
group086,6,1,1,E,it's like a slope up to the top left with a box on top and the two triangles coming off the box,22,4.0,5
group086,6,1,1,E,yeah kind of like a rabbit,6,4.0,5
group086,6,1,1,E,yeah it does have a right angle,7,4.0,5
group086,6,1,1,E,yeah there are two triangles and a square,8,4.0,5
group086,6,2,1,I,it looks like someone facing left stood on one foot,10,5.0,5
group086,6,2,1,I,with the other foot facing right,6,5.0,5
group086,6,2,1,I,and arms out in front,5,5.0,5
group086,6,3,1,G,it kind of looks like someone doing karate maybe?,9,4.0,5
group086,6,3,1,G,like one leg is massive along the bottom and the other one is tiny,14,4.0,5
group086,6,3,1,G,the head is at the top left,7,4.0,5
group086,6,4,1,D,it's like someone standing straight,5,5.0,5
group086,6,4,1,D,and the feet are kind of sticking out to the left but the legs are straight,16,5.0,5
group086,6,4,1,D,with big sleeves,3,5.0,5
group086,6,4,1,D,no not someone reading a book,6,5.0,5
group086,6,5,1,C,its slanted to the top left,6,5.0,5
group086,6,5,1,C,with arms out,3,5.0,5
group086,6,5,1,C,and no feet,3,5.0,5
group086,6,5,1,C,like someone being pushed over,5,5.0,5
group086,6,6,1,K,the body looks a bit weird i'll try and explain,10,4.0,5
group086,6,6,1,K,the heads at the top,5,4.0,5
group086,6,6,1,K,then below that a bigger one to the right,9,4.0,5
group086,6,6,1,K,the body is straight,4,4.0,5
group086,6,6,1,K,maybe facing to the right with their arms out in front,11,4.0,5
group086,6,6,1,K,yeah with the flick at the left,7,4.0,5
group086,6,6,1,K,no more kneeling than squatting,5,4.0,5
group086,6,6,1,K,up and left,3,4.0,5
group086,6,6,1,K,behind the legs,3,4.0,5
group086,6,7,1,J,most of the body is like a square,8,5.0,5
group086,6,7,1,J,but it looks a bit like a cliff,8,5.0,5
group086,6,7,1,J,yeah with a chunk out of it,7,5.0,5
group086,6,7,1,J,diamond head on top,4,5.0,5
group086,6,7,1,J,right angle on the top and bottom left,8,5.0,5
group086,6,8,1,A,itls like an animal,4,5.0,5
group086,6,8,1,A,with the head down,4,5.0,5
group086,6,8,1,A,facing left,2,5.0,5
group086,6,8,1,A,and one foot on the floor,6,5.0,5
group086,6,8,1,A,and the other kicking up,5,5.0,5
group086,6,8,1,A,with a box coming out of the back of its neck,11,5.0,5
group086,6,8,1,A,no arms,2,5.0,5
group086,6,8,1,A,it's kind of facing towards the bottom left,8,5.0,5
group086,6,8,1,A,it's like a point,4,5.0,5
group086,6,9,1,H,basically a bean with a head,6,5.0,5
group086,6,10,1,B,it kind of looks like a dog lying down,9,3.0,5
group086,6,10,1,B,but looking up and left,5,3.0,5
group086,6,10,1,B,one ears a box and the others a triangle,9,3.0,5
group086,6,10,1,B,it's not the one with the slope,7,3.0,5
group086,6,10,1,B,the diamond is above both the triangles,7,3.0,5
group086,6,10,1,B,the bottoms kind of flat,5,3.0,5
group086,6,10,1,B,one to the right,4,3.0,5
group086,6,10,1,B,and a diamond on top,5,3.0,5
group086,6,11,1,L,it looks like someone reading a book,7,3.0,5
group086,6,11,1,L,facing right,2,3.0,5
group086,6,11,1,L,legs slightly bent,3,3.0,5
group086,6,12,2,B,diamond head facing right,4,2.0,5
group086,6,12,2,B,kneeling,1,2.0,5
group086,6,12,2,B,tiny triangle feet behind to the right,7,2.0,5
group086,6,13,2,J,mostly square person with diamond head,6,5.0,5
group086,6,13,2,J,cliff,1,5.0,5
group086,6,14,2,D,looks like a bishop with a diamond head pointing to the left,12,5.0,5
group086,6,15,2,A,dancing bear one one foot square falling off his back,10,5.0,5
group086,6,15,2,A,he's facing left,3,5.0,5
group086,6,16,2,E,rabbit sat down facing right,5,5.0,5
group086,6,16,2,E,2 triangle ears,3,5.0,5
group086,6,16,2,E,square head,2,5.0,5
group086,6,17,2,H,bean with a diamond head,5,5.0,5
group086,6,18,2,L,man starting to kneel facing right,6,5.0,5
group086,6,18,2,L,diamond head,2,5.0,5
group086,6,18,2,L,starting to kneel,3,5.0,5
group086,6,18,2,L,triangle forming arms in front,5,5.0,5
group086,6,19,2,C,someone diving to the left,5,3.0,5
group086,6,19,2,C,arms out,2,3.0,5
group086,6,19,2,C,diamond head,2,3.0,5
group086,6,19,2,C,no legs,2,3.0,5
group086,6,20,2,K,someone kneeling diamond head,4,5.0,5
group086,6,20,2,K,facing right,2,5.0,5
group086,6,20,2,K,no gap between arms triangle and body,7,5.0,5
group086,6,20,2,K,feet up behind,3,5.0,5
group086,6,21,2,G,someone kneeling on one leg diamond head thrust back,9,5.0,5
group086,6,21,2,G,facing right,2,5.0,5
group086,6,21,2,G,small triangle front leg,4,5.0,5
group086,6,22,2,I,ballet dancer on one leg,5,5.0,5
group086,6,22,2,I,facing left,2,5.0,5
group086,6,23,2,F,biggest person sat facing left,5,5.0,5
group086,6,23,2,F,legs bent to the left,5,5.0,5
group086,6,23,2,F,diamond head,2,5.0,5
group086,6,24,3,L,man squatting one triangle arm facing right diamond head,9,5.0,5
group086,6,24,3,L,legs bent,2,5.0,5
group086,6,25,3,B,diamond head with triangle behind almost looks like a dog laying down looking left,14,4.0,5
group086,6,25,3,B,small triangle at the bottom left,6,4.0,5
group086,6,26,3,E,rabbit with 2 triangle ears diamond head big slope,9,5.0,5
group086,6,26,3,E,bottom left is a right angle,6,5.0,5
group086,6,27,3,I,ballet dancer,2,4.0,5
group086,6,28,3,D,priest looking man standing straight,5,5.0,5
group086,6,28,3,D,hand out to the left,5,5.0,5
group086,6,28,3,D,tiny triangle feet,3,5.0,5
group086,6,29,3,G,diamond head to the top left with triangle facing the other way and then a triangle hanging off on the bottom right,22,5.0,5
group086,6,29,3,G,looks like it has one massive foot to the left bottom,11,5.0,5
group086,6,30,3,C,angry man yelling arms up,5,4.0,5
group086,6,30,3,C,no legs,2,4.0,5
group086,6,31,3,F,"man sitting down facing left, legs bent out towards the left",11,5.0,5
group086,6,32,3,A,"frankenstein walk, bear standing on one foot",7,5.0,5
group086,6,32,3,A,head with a massive beak,5,5.0,5
group086,6,33,3,J,big square with chunk missing right side with diamond head on top,12,5.0,5
group086,6,34,3,H,no arms no legs just a head,7,5.0,5
group086,6,34,3,H,yes bean,2,5.0,5
group086,6,35,3,K,kneeling facing right with one triangle arm facing left and a pointy triangle at the back point upwards,18,4.0,5
group086,6,36,4,G,"it's the one with the little triangle on the bottom right, and top right",14,5.0,5
group086,6,36,4,G,"looks like it's stretching the abs, doing a yoga pose",10,5.0,5
group086,6,36,4,G,"giant left leg, small right leg",6,5.0,5
group086,6,37,4,E,mountains with rabbit head,4,4.0,5
group086,6,38,4,B,"looks like a girl with a ponytail, wearing a dress, sitting with her arms and legs out, facing the left",20,4.0,5
group086,6,38,4,B,"her arms are a larger upside down triangle, her feet are a triangle with the peak visible",17,4.0,5
group086,6,38,4,B,"feet on the left, top of the feet-triangle is visible",10,4.0,5
group086,6,38,4,B,"diamond at the top, splitting two triangles",7,4.0,5
group086,6,38,4,B,all three intersect in the middle,6,4.0,5
group086,6,39,4,C,person with his arms out saying WHADDAYA MEAN?!?,8,4.0,5
group086,6,40,4,L,squatter,1,5.0,5
group086,6,40,4,L,"he's not kneeling, Repi, he's squatting",6,5.0,5
group086,6,41,4,J,"square torso with a chunk taken out of the bottom right, and only a right arm",16,5.0,5
group086,6,41,4,J,cliff,1,5.0,5
group086,6,42,4,K,"this is the one with two diamonds, one on top of the other, at the top middle left of the frame",21,4.0,5
group086,6,42,4,K,"big triangle at bottom left, jagged spike pointing upward",9,4.0,5
group086,6,42,4,K,pac man < on the right,6,4.0,5
group086,6,42,4,K,it's not a humanoid figure,5,4.0,5
group086,6,42,4,K,two diamonds at the top middle left,7,4.0,5
group086,6,42,4,K,one on top of the other,6,4.0,5
group086,6,42,4,K,"diamond, diamond",2,4.0,5
group086,6,42,4,K,spiky slope bottom left,4,4.0,5
group086,6,43,4,H,baby bean,2,5.0,5
group086,6,43,4,H,legs bottom right,3,5.0,5
group086,6,44,4,I,ice skater / ballet dancer,5,5.0,5
group086,6,45,4,D,"priest wearing a robe, or man holding a towel, arms outstretched to the left",14,5.0,5
group086,6,46,4,F,person sitting against wall,4,4.0,5
group086,6,46,4,F,largest figure,2,4.0,5
group086,6,46,4,F,kindle logo mirrored across Y axis,6,4.0,5
group086,6,46,4,F,yes facing left,3,4.0,5
group086,6,47,4,A,"dancing bear, plague doctor, soccer player",6,5.0,5
group086,6,48,5,C,Person with two arms no legs.,6,4.0,5
group086,6,48,5,C,Leaning over to the left,5,4.0,5
group086,6,49,5,E,Rabbit.,1,4.0,5
group086,6,50,5,I,Ice skater,2,3.0,5
group086,6,51,5,B,Figure with a big right foot but small left foot which is outstretched.,13,2.0,5
group086,6,51,5,B,"Two arms point out. One pointing left, the other right.",10,2.0,5
group086,6,51,5,B,The arms are triangles,4,2.0,5
group086,6,52,5,A,Dancing bear.,2,5.0,5
group086,6,52,5,A,Plague doctor.,2,5.0,5
group086,6,53,5,F,Biggest figure. Looking to the left with legs bent.,9,4.0,5
group086,6,54,5,J,Cliff figure.,2,4.0,5
group086,6,55,5,L,Squatter.,1,5.0,5
group086,6,55,5,L,One arms out to the right.,6,5.0,5
group086,6,55,5,L,Squatting ;),2,5.0,5
group086,6,56,5,D,The priest (aka the dude with the tea towel),9,4.0,5
group086,6,57,5,G,The figure with the massive left foot but small right foot.,11,5.0,5
group086,6,58,5,K,This figure has a diamond head on top of a diamond.,11,5.0,5
group086,6,58,5,K,At the back there is a triangle that points upwards from the floor.,13,5.0,5
group086,6,59,5,H,Bean!,1,5.0,5
group086,6,59,5,H,No arms or legs.,4,5.0,5
group086,6,60,6,E,Rabbit,1,5.0,5
group086,6,61,6,J,Cliff,1,5.0,5
group086,6,62,6,H,Bean,1,4.0,5
group086,6,62,6,H,Triangle on bottom right side.,5,4.0,5
group086,6,63,6,L,"Squatting, not kneeling.",3,3.0,5
group086,6,64,6,K,Triangle pointing upwards on bottom left.,6,5.0,5
group086,6,64,6,K,Looks like pacman with a small tail and two diamonds stacked on top.,13,5.0,5
group086,6,64,6,K,Second diamond is partially fused into a bigger shape.,9,5.0,5
group086,6,65,6,I,Ice skater,2,4.0,5
group086,6,66,6,B,"Diamond on top, two triangles below with small gap between them.",11,5.0,5
group086,6,66,6,B,"Could be a person kneeling right, with small legs pointing out to the left.",14,5.0,5
group086,6,67,6,G,"Big left leg, small right leg.",6,4.0,5
group086,6,67,6,G,"Has two triangles, upper one has small gap, bottom one is barely attached.",13,4.0,5
group086,6,67,6,G,Facing right.,2,4.0,5
group086,6,68,6,F,Sitting looking left knees bent.,5,5.0,5
group086,6,69,6,C,Angry man with no legs,5,4.0,5
group086,6,70,6,A,"Dancing bear, Frankenstein, plague doctor, soccer player",7,4.0,5
group086,6,71,6,D,Priest holding towel,3,5.0,5
group087,6,0,1,J,the image is like the left part of a square,10,5.0,5
group087,6,0,1,J,the closest to a whole square,6,5.0,5
group087,6,0,1,J,if you look at it like it's a person it's pointing right,12,5.0,5
group087,6,1,1,E,"ok, looking at it like they're people, this is the one with two things sticking out of its head",19,5.0,5
group087,6,1,1,E,like someone sitting with their back against a wall looking down,11,5.0,5
group087,6,1,1,E,maybe wearing a bow or something,6,5.0,5
group087,6,2,1,K,"this has two diamond ""heads"" on the top.  then a triangle pointing right, and another one below that also pointing right",21,4.0,5
group087,6,2,1,K,there's a like one diamond below the other,8,4.0,5
group087,6,3,1,L,"this one is like a person facing right.  pointing right and they have their knees bend, but are still standing",20,5.0,5
group087,6,4,1,H,"going with the person thing, this is the one that looks like they have no arms or legs",18,5.0,5
group087,6,4,1,H,the bottom part is facing right,6,5.0,5
group087,6,5,1,B,this one looks like someone on their knees with both arms spread out to the sides,16,3.0,5
group087,6,5,1,B,"the middle chest area isn't a solid color, there's a white void",12,3.0,5
group087,6,5,1,B,arms to the left and right,6,3.0,5
group087,6,5,1,B,"on knees, legs pointed to the left",7,3.0,5
group087,6,5,1,B,"no, like a full person",5,3.0,5
group087,6,5,1,B,looks like they want to give you a hug,9,3.0,5
group087,6,6,1,D,this one is like a lowercase i with an arm pointing left,12,3.0,5
group087,6,6,1,D,bottom would be like the right side of a square,10,3.0,5
group087,6,7,1,A,"this one has two distinct ""feet""",6,5.0,5
group087,6,7,1,A,both are pointing left,4,5.0,5
group087,6,7,1,A,head leaning to the right,5,5.0,5
group087,6,8,1,G,this one looks the least like a person,8,4.0,5
group087,6,8,1,G,"abstract, jagged",2,4.0,5
group087,6,8,1,G,the head would be to the left of the shoulders maybe,11,4.0,5
group087,6,9,1,C,this is the guy that's just torso and arms up in the air,13,5.0,5
group087,6,9,1,C,"arms forming a y, body slanting left",7,5.0,5
group087,6,10,1,I,this is the other one with two distinct feet kinda things,11,5.0,5
group087,6,10,1,I,looks like they're making a yoga pose,7,5.0,5
group087,6,10,1,I,two arms pointing left,4,5.0,5
group087,6,10,1,I,"one left flat on ground, other pointed right",8,5.0,5
group087,6,11,1,F,this is a back against the wall,7,5.0,5
group087,6,11,1,F,facing left,2,5.0,5
group087,6,11,1,F,"sitting, knees up a bit",5,5.0,5
group087,6,12,2,D,this one looks like a person standing giving a lecture,10,5.0,5
group087,6,12,2,D,facing left with their arms out,6,5.0,5
group087,6,13,2,F,this one is someone sat against a wall,8,4.0,5
group087,6,13,2,F,knees bent and feet pointed up,6,4.0,5
group087,6,13,2,F,distinct neck,2,4.0,5
group087,6,14,2,I,this is someone standing on one leg,7,5.0,5
group087,6,14,2,I,leaning forwards with the other leg up behind them,9,5.0,5
group087,6,14,2,I,two 'arms' facing left,4,5.0,5
group087,6,15,2,G,this one doesn't look like a person that much,9,4.0,5
group087,6,15,2,G,but is very dynamic,4,4.0,5
group087,6,15,2,G,could say it has one large leg and one small triangle leg,12,4.0,5
group087,6,15,2,G,head leaning left a bit,5,4.0,5
group087,6,15,2,G,not two triangles tho,4,4.0,5
group087,6,15,2,G,the bottom part is a slanted rectangle,7,4.0,5
group087,6,16,2,A,this one looks like a person with two feet,9,5.0,5
group087,6,16,2,A,head leaning back/right,3,5.0,5
group087,6,16,2,A,one foot is raised up a little,7,5.0,5
group087,6,17,2,K,this one looks like someone facing right,7,1.0,5
group087,6,17,2,K,maybe running,2,1.0,5
group087,6,17,2,K,with one arm pointed right,5,1.0,5
group087,6,17,2,K,the bottom part is a right angle facing left,9,1.0,5
group087,6,17,2,K,yes but you cant see the feet,7,1.0,5
group087,6,17,2,K,not the one with 2 arms out,7,1.0,5
group087,6,17,2,K,kinda with two diamond heads,5,1.0,5
group087,6,17,2,K,stacked on top of each other,6,1.0,5
group087,6,18,2,L,this one is someone standing with knees slightly bent,9,5.0,5
group087,6,18,2,L,facing right and arm out to the right too,9,5.0,5
group087,6,19,2,B,this one looks like someone doing martial arts,8,3.0,5
group087,6,19,2,B,bent down and arms out to the left and right,10,3.0,5
group087,6,19,2,B,you can see their foot at the bottom left,9,3.0,5
group087,6,20,2,H,this one looks like it doesn't have arms or legs,10,5.0,5
group087,6,20,2,H,it doesn't have anything sticking out of it's head,9,5.0,5
group087,6,20,2,H,could see it as a guy sitting with knees facing right,11,5.0,5
group087,6,21,2,E,this one has two triangles sticking out of it's head,10,5.0,5
group087,6,21,2,E,like someone with their back against a wall on the left,11,5.0,5
group087,6,22,2,J,this one has the longest shape like straight down on the left hand side,14,5.0,5
group087,6,22,2,J,a head then the body is a big square with some of the right hand side cut out,18,5.0,5
group087,6,22,2,J,the head is on the centre on top,8,5.0,5
group087,6,23,2,C,this one looks like a guy leaning back/ to the left with their arms up and out to the sides,20,5.0,5
group087,6,23,2,C,"like someone gesturing ""WHHAAAAT?""",4,5.0,5
group087,6,24,3,C,"This is the guy with his hands up, as if he is asking ""Whaaaat?""",14,5.0,5
group087,6,25,3,L,This is the person crouched with their knees out. Their hand points to the right.,15,4.0,5
group087,6,25,3,L,They look like they are preparing to run,8,4.0,5
group087,6,25,3,L,"No, they are standing",4,4.0,5
group087,6,26,3,F,"This is a person sitting down, as if their back is against the wall",14,5.0,5
group087,6,26,3,F,"They have a defined foot, pointing left",7,5.0,5
group087,6,27,3,I,"This is the person doing the yoga pose, standing on one legs with arms out to the left",18,5.0,5
group087,6,28,3,K,"This is a strange looking one. It has two diamonds, one on top of the other. It is pointing right.",20,5.0,5
group087,6,29,3,G,This is a strange one. It has a large rectangular base with a triangle off to the side. It has a weird shape behind the diamond head.,27,5.0,5
group087,6,29,3,G,"It has a ""torso"" above the rectangular piece",8,5.0,5
group087,6,30,3,A,"This one has two feet. One is planted on the ground and the other is in the air. It has two head pieces, one is a trapezoid and the other is a diamond/square",33,5.0,5
group087,6,31,3,B,"This is another abstract one. It is bulky and has a diamond for the head that looks like it is falling off, onto a triangle.",25,3.0,5
group087,6,31,3,B,The diamond is falling to the right,7,3.0,5
group087,6,31,3,B,"No, it just has a small triangle on the bottom left that looks a little like a foot",18,3.0,5
group087,6,32,3,D,This looks like a person giving a speech. They are facing left and have their arms out. Their feet are also facing left.,23,5.0,5
group087,6,33,3,H,This is the person with no arms or feet. It looks like they are sitting down.,16,5.0,5
group087,6,34,3,J,"This is the one with the straight left side, like a square. It is pointing towards the right.",18,5.0,5
group087,6,35,3,E,"This is the one with a ""bow,"" two triangles coming out of the head. They are facing to the right and have their back against a wall.",27,5.0,5
group087,6,36,4,H,"the little bean person, no arms or legs",8,5.0,5
group087,6,36,4,H,more like a reverse lowercase j,6,5.0,5
group087,6,36,4,H,facing the right,3,5.0,5
group087,6,37,4,A,"the figure with two distinct feet, looks like a turtle person with a shell leaning their head back",18,4.0,5
group087,6,37,4,A,"facing left, one foot in the air, one planted on the ground",12,4.0,5
group087,6,38,4,C,"the whaaaa guy, looks like a shrug emoji",8,2.0,5
group087,6,38,4,C,"slanted body, arms in the air",6,2.0,5
group087,6,39,4,J,the very square figure with the straight left side,9,3.0,5
group087,6,40,4,G,"looks like a person kneeling on one foot while taking a step forward to the right. leaning back, head cast back as if about to sing.",26,2.0,5
group087,6,40,4,G,"small triangle foot on the right, the diamond head is oriented so it's more square than any of the others",20,2.0,5
group087,6,41,4,K,"this one has two diamond heads stacked on top of each other, looks like a person kneeling on their knees facing the right with a hand out",27,5.0,5
group087,6,42,4,E,"the one with a big bow or maybe bunny ears, sitting facing the right.",14,4.0,5
group087,6,43,4,D,the person giving a lecture,5,4.0,5
group087,6,43,4,D,facing left,2,4.0,5
group087,6,44,4,I,"person on one foot facing the left, two hands out and one in the air - looks like an ice skater gliding to me",24,5.0,5
group087,6,44,4,I,"one foot in the air, rather",6,5.0,5
group087,6,45,4,F,"person sitting facing the left with bent knees in front of them, against a wall. maybe they're taking a nap :)",21,4.0,5
group087,6,46,4,L,"person standing with bent knees facing the right, as if bowing",11,3.0,5
group087,6,46,4,L,triangle hand out in front of them,7,3.0,5
group087,6,47,4,B,"this is the one in the yoga pose i think. it looks to me like a little mouse looking to the left, one ear is a square and one is a triangle",32,5.0,5
group087,6,48,5,D,lecture,1,5.0,5
group087,6,48,5,D,facing to the left,4,5.0,5
group087,6,49,5,F,leaning against a wall,4,4.0,5
group087,6,50,5,C,whaaat guy,2,3.0,5
group087,6,51,5,I,yoga one,2,1.0,5
group087,6,51,5,I,"one leg on the floor, one in the air",9,1.0,5
group087,6,52,5,B,mouse looking one,3,1.0,5
group087,6,53,5,H,the 'i' looking one,4,4.0,5
group087,6,53,5,H,or reverse j,3,4.0,5
group087,6,54,5,A,the zombie one,3,5.0,5
group087,6,54,5,A,head leaning back to right,5,5.0,5
group087,6,54,5,A,"front leg on the floor, back leg in the air",10,5.0,5
group087,6,54,5,A,in front of him,4,5.0,5
group087,6,55,5,E,bunny ears one,3,5.0,5
group087,6,55,5,E,also looks like a bow,5,5.0,5
group087,6,56,5,K,two diamond heads one,4,5.0,5
group087,6,56,5,K,can also be seen as the person kneeling with his feet up behind him,14,5.0,5
group087,6,57,5,J,the square body,3,4.0,5
group087,6,57,5,J,looks like its been bitten out o f,8,4.0,5
group087,6,58,5,G,abstract one,2,5.0,5
group087,6,59,5,L,the bowling one,3,5.0,5
group087,6,59,5,L,"knees bent, still standing",4,5.0,5
group087,6,60,6,D,The speaker or lecturer,4,5.0,5
group087,6,61,6,E,Bunny ears,2,4.0,5
group087,6,62,6,J,square guy,2,4.0,5
group087,6,63,6,G,abstract one,2,5.0,5
group087,6,64,6,I,ice skater,2,5.0,5
group087,6,65,6,F,siesta guy or sad guy,5,5.0,5
group087,6,66,6,H,"""i"" guy or reverse j",5,4.0,5
group087,6,67,6,B,mouse,1,4.0,5
group087,6,68,6,L,"knees bent, facing right looks like bowler",7,5.0,5
group087,6,68,6,L,still standing,2,5.0,5
group087,6,68,6,L,standing,1,5.0,5
group087,6,69,6,A,zombie with one foot up on left diamond in back,10,5.0,5
group087,6,70,6,K,praying on knees hand out facing right,7,4.0,5
group087,6,70,6,K,two diamond heads,3,4.0,5
group087,6,71,6,C,Whaaat,1,4.0,5
group088,6,0,1,L,person with bended knees and arms pointed to right,9,3.0,5
group088,6,0,1,L,with only one head,4,3.0,5
group088,6,0,1,L,straight back,2,3.0,5
group088,6,0,1,L,not sitting on knee,4,3.0,5
group088,6,1,1,J,completely straight back on the left hand side,8,5.0,5
group088,6,1,1,J,bottom and top corners on left hand side form right angles,11,5.0,5
group088,6,1,1,J,right arm / hand sticks out further than right foot. no left arm or foot is visible,17,5.0,5
group088,6,2,1,C,left and right arms in the air with right arm in a higher position that reaches above head,18,5.0,5
group088,6,2,1,C,yes leaning to left,4,5.0,5
group088,6,2,1,C,no feet,2,5.0,5
group088,6,2,1,C,yes does look like diving football goalkeeper,7,5.0,5
group088,6,3,1,B,looks to be in a kneeling position with right arm only touching body at bottom point of head,18,4.0,5
group088,6,3,1,B,yes left and right arms are visible but right arm only attaches at one point to bottom point of head,20,4.0,5
group088,6,3,1,B,left foot is visible of sorts but looks like a tail,11,4.0,5
group088,6,3,1,B,head would be on right,5,4.0,5
group088,6,4,1,F,looks like a person sitting down with the back on the left and there legs stretched out to the right and bent at knee,24,2.0,5
group088,6,4,1,F,nothing on head. head sits slightly forward from back,9,2.0,5
group088,6,4,1,F,person is not kneeling. they are facing left,8,2.0,5
group088,6,5,1,A,one leg is in the middle with foot pointing to left,11,4.0,5
group088,6,5,1,A,second leg also protrudes from middle also pointing to left,10,4.0,5
group088,6,5,1,A,person is standing. looks like they could be dancing,9,4.0,5
group088,6,5,1,A,kinda reminds me of peugeot badge,6,4.0,5
group088,6,5,1,A,yes head on right hand side of body,8,4.0,5
group088,6,6,1,E,doesn't really resemble a person at all.,7,5.0,5
group088,6,6,1,E,kind of like a an area graph with a palm tree or windmill on top,15,5.0,5
group088,6,6,1,E,two triangles (bunny ears) sticking out of head,8,5.0,5
group088,6,6,1,E,of it was a person they would be sitting facing right,11,5.0,5
group088,6,6,1,E,i'm guessing what would normally be arms would be sticking out of head,13,5.0,5
group088,6,7,1,G,both arms sticking out back pointing to left - almost like angel wings,13,1.0,5
group088,6,7,1,G,legs pointing to left,4,1.0,5
group088,6,7,1,G,head would be pointing to left,6,1.0,5
group088,6,7,1,G,it's not the one that looks like an ice skater,10,1.0,5
group088,6,8,1,I,ice skater lol,3,4.0,5
group088,6,9,1,K,like someone kneeling / praying with arms pointing right,9,5.0,5
group088,6,9,1,K,head joins onto another diamond shape,6,5.0,5
group088,6,9,1,K,although 2nd diamond blends into body,6,5.0,5
group088,6,10,1,H,no arms visible,3,5.0,5
group088,6,10,1,H,yes could be crossed legged as feet aren't visible. would be pointing to right,14,5.0,5
group088,6,11,1,D,looks like person standing with arms pointing out to left,10,4.0,5
group088,6,11,1,D,if the were wearing robe would look like it was around their arms,13,4.0,5
group088,6,11,1,D,straight back down the right,5,4.0,5
group088,6,11,1,D,or holding a tray would work,6,4.0,5
group088,6,12,2,C,football guy,2,5.0,5
group088,6,12,2,C,arms up,2,5.0,5
group088,6,13,2,B,we haven't had this one yet,6,3.0,5
group088,6,13,2,B,looking to the left,4,3.0,5
group088,6,13,2,B,triangle attached to back head,5,3.0,5
group088,6,13,2,B,on knees,2,3.0,5
group088,6,13,2,B,one arm to left,4,3.0,5
group088,6,13,2,B,feet on left as well,5,3.0,5
group088,6,13,2,B,triangle attached to square head,5,3.0,5
group088,6,13,2,B,yes sitting down,3,3.0,5
group088,6,13,2,B,one arm above foot,4,3.0,5
group088,6,13,2,B,top - square on angle,5,3.0,5
group088,6,13,2,B,attached to square (head) is triangle,6,3.0,5
group088,6,14,2,I,ice skater,2,5.0,5
group088,6,15,2,E,bunny ears!,2,4.0,5
group088,6,16,2,D,robe guy,2,5.0,5
group088,6,16,2,D,straight back,2,5.0,5
group088,6,16,2,D,standing,1,5.0,5
group088,6,16,2,D,tray guy!,2,5.0,5
group088,6,17,2,G,like yoga lunge,3,4.0,5
group088,6,17,2,G,arms & looking to the right,6,4.0,5
group088,6,17,2,G,"yes could be, arms up",5,4.0,5
group088,6,17,2,G,like a cape behind them,5,4.0,5
group088,6,17,2,G,triangle leg (on the right),5,4.0,5
group088,6,18,2,L,new one,2,0.0,5
group089,6,0,1,G,arms extended,2,0.0,5
group089,6,0,1,G,on leg forward,3,0.0,5
group089,6,0,1,G,one leg backwards,3,0.0,5
group089,6,0,1,G,both legs on ground,4,0.0,5
group089,6,0,1,G,right leg slightly higher,4,0.0,5
group089,6,0,1,G,arms are head level,4,0.0,5
group089,6,0,1,G,pointed slightly up,3,0.0,5
group089,6,0,1,G,back leg is thicc,4,0.0,5
group089,6,0,1,G,front leg is a triangle,5,0.0,5
group089,6,1,1,I,one left straight on the floor,6,5.0,5
group089,6,1,1,I,back leg pointed back at a 90 degree angle,9,5.0,5
group089,6,1,1,I,arms forward,2,5.0,5
group089,6,1,1,I,head tilted back,3,5.0,5
group089,6,1,1,I,two triangle arms,3,5.0,5
group089,6,1,1,I,one arm below the other,5,5.0,5
group089,6,2,1,F,sat on the floor,4,5.0,5
group089,6,2,1,F,knees up to the chest,5,5.0,5
group089,6,2,1,F,diamond head,2,5.0,5
group089,6,2,1,F,thicc body,2,5.0,5
group089,6,2,1,F,like a triangle on a rectangle,6,5.0,5
group089,6,2,1,F,they look pensive,3,5.0,5
group089,6,2,1,F,like they might be waiting,5,5.0,5
group089,6,2,1,F,you can clearly see legs,5,5.0,5
group089,6,3,1,J,this is a weird one,5,4.0,5
group089,6,3,1,J,the most square kinda body,5,4.0,5
group089,6,3,1,J,tiny little triangle arm,4,4.0,5
group089,6,3,1,J,only one arm,3,4.0,5
group089,6,3,1,J,only one foot,3,4.0,5
group089,6,3,1,J,diamond head,2,4.0,5
group089,6,3,1,J,ya boi be thicc,4,4.0,5
group089,6,3,1,J,his lift side is very rectangular,6,4.0,5
group089,6,3,1,J,and right side is where the right arm and leg is,11,4.0,5
group089,6,3,1,J,strong penguin vibes,3,4.0,5
group089,6,4,1,A,he's doing that like spooky ghost pose,7,3.0,5
group089,6,4,1,A,both arms are together points to the left,8,3.0,5
group089,6,4,1,A,like elbows high,3,3.0,5
group089,6,4,1,A,hands down,2,3.0,5
group089,6,4,1,A,one leg is flat on the floor,7,3.0,5
group089,6,4,1,A,the other leg is raised to the right,8,3.0,5
group089,6,4,1,A,in a straight line,4,3.0,5
group089,6,4,1,A,his head is a square,5,3.0,5
group089,6,4,1,A,but as if he looking backwards,6,3.0,5
group089,6,4,1,A,Strong zombie vibes,3,3.0,5
group089,6,5,1,D,priest vibes,2,5.0,5
group089,6,5,1,D,he's stood up straight,4,5.0,5
group089,6,5,1,D,Long sleevy stevey,3,5.0,5
group089,6,5,1,D,tiny little triangle foot,4,5.0,5
group089,6,5,1,D,diamond head,2,5.0,5
group089,6,5,1,D,Religious boi,2,5.0,5
group089,6,5,1,D,both arms are together,4,5.0,5
group089,6,5,1,D,stood up straight,3,5.0,5
group089,6,5,1,D,standing,1,5.0,5
group089,6,5,1,D,with real smol hands,4,5.0,5
group089,6,5,1,D,not penguin boi,3,5.0,5
group089,6,5,1,D,this one's more triangular,4,5.0,5
group089,6,6,1,H,this dudes in a sleeping bag,6,5.0,5
group089,6,6,1,H,like a worm with a triangle head,7,5.0,5
group089,6,6,1,H,looks real cosy,3,5.0,5
group089,6,6,1,H,he's got like,3,5.0,5
group089,6,6,1,H,most of his body is straight,6,5.0,5
group089,6,6,1,H,then his feet are like point out to the right,10,5.0,5
group089,6,6,1,H,yeah little wormy end haha,5,5.0,5
group089,6,6,1,H,he's got no arms,4,5.0,5
group089,6,6,1,H,he's kinda sitting,3,5.0,5
group089,6,6,1,H,no ears,2,5.0,5
group089,6,6,1,H,like he's got legs,4,5.0,5
group089,6,7,1,L,he's facing right,3,4.0,5
group089,6,7,1,L,he's got one big triangle arm,6,4.0,5
group089,6,7,1,L,flat on the top,4,4.0,5
group089,6,7,1,L,and he's bent his knees,5,4.0,5
group089,6,7,1,L,he's more stood up,4,4.0,5
group089,6,7,1,L,but with bent knees,4,4.0,5
group089,6,7,1,L,yeah the heads kinda sand timer,6,4.0,5
group089,6,7,1,L,but the bottom of it,5,4.0,5
group089,6,7,1,L,is flat,2,4.0,5
group089,6,7,1,L,but their legs are pointed up,6,4.0,5
group089,6,7,1,L,not that one,3,4.0,5
group089,6,7,1,L,the one with the flat feet,6,4.0,5
group089,6,7,1,L,only to the right,4,4.0,5
group089,6,7,1,L,that back is flat,4,4.0,5
group089,6,8,1,E,bunny ears,2,5.0,5
group089,6,8,1,E,sat on the floor,4,5.0,5
group089,6,8,1,E,head slumped down,3,5.0,5
group089,6,8,1,E,no arms,2,5.0,5
group089,6,9,1,B,this is tricky,3,4.0,5
group089,6,9,1,B,mad shapes,2,4.0,5
group089,6,9,1,B,shes goes one arm to the right,7,4.0,5
group089,6,9,1,B,that is a big triangle,5,4.0,5
group089,6,9,1,B,only just connected,3,4.0,5
group089,6,9,1,B,the other arm points to the left,7,4.0,5
group089,6,9,1,B,little foot on the left yeah,6,4.0,5
group089,6,9,1,B,kneeling yes,2,4.0,5
group089,6,9,1,B,thing knees,2,4.0,5
group089,6,9,1,B,*thicc,1,4.0,5
group089,6,10,1,C,oh snap,2,5.0,5
group089,6,10,1,C,looks like he's mid flight,5,5.0,5
group089,6,10,1,C,he's flailing his arms,4,5.0,5
group089,6,10,1,C,no legs,2,5.0,5
group089,6,10,1,C,He's gonna faceplant,3,5.0,5
group089,6,10,1,C,long boi,2,5.0,5
group089,6,10,1,C,"two arms, a head and a body",7,5.0,5
group089,6,10,1,C,arms in the air yeah,5,5.0,5
group089,6,11,1,K,oh it's the praying bird,5,5.0,5
group089,6,11,1,K,with her little feet point up,6,5.0,5
group089,6,11,1,K,arms out pointing right,4,5.0,5
group089,6,11,1,K,flat top to the arms,5,5.0,5
group089,6,11,1,K,a little hump in the top of her back,9,5.0,5
group089,6,11,1,K,feet pointing up yeah,4,5.0,5
group089,6,11,1,K,one clear head,3,5.0,5
group089,6,12,2,I,Dancing like figure skating,4,4.0,5
group089,6,12,2,I,left leg pointing out to the right,7,4.0,5
group089,6,12,2,I,one foot on ground,4,4.0,5
group089,6,13,2,K,"kneeling feet straight up, arms to the right",8,5.0,5
group089,6,13,2,K,diamond head,2,5.0,5
group089,6,13,2,K,"yes, praying bird",3,5.0,5
group089,6,13,2,K,little hump on back,4,5.0,5
group089,6,14,2,D,priest vibes again lol,4,5.0,5
group089,6,14,2,D,diamond head,2,5.0,5
group089,6,14,2,D,facing left,2,5.0,5
group089,6,14,2,D,flat back,2,5.0,5
group089,6,14,2,D,sleevy stevey,2,5.0,5
group089,6,14,2,D,pointing left,2,5.0,5
group089,6,15,2,L,"kneeling to the right, more or less crouching",8,5.0,5
group089,6,15,2,L,"diamond head, triangle arms to the right",7,5.0,5
group089,6,15,2,L,"slightly couched, flat back",4,5.0,5
group089,6,15,2,L,"like the first one, but slightly raised up",8,5.0,5
group089,6,15,2,L,not disconnected,2,5.0,5
group089,6,15,2,L,bent legs,2,5.0,5
group089,6,16,2,G,more of a square head,5,2.0,5
group089,6,16,2,G,one triangle arm on right side,6,2.0,5
group089,6,16,2,G,upwards,1,2.0,5
group089,6,16,2,G,and one downish,3,2.0,5
group089,6,16,2,G,"slightly,",1,2.0,5
group089,6,16,2,G,"i'd have to say knees on ground, maybe more on their ass",12,2.0,5
group089,6,16,2,G,one barely connected triangle bottom right,6,2.0,5
group089,6,16,2,G,thicc bottom,2,2.0,5
group089,6,17,2,H,sleeping bag dude,3,4.0,5
group089,6,17,2,H,wormy boi,2,4.0,5
group089,6,17,2,H,diamond head,2,4.0,5
group089,6,17,2,H,thick body no arms,4,4.0,5
group089,6,18,2,E,bunny ears,2,4.0,5
group089,6,19,2,A,"pretty sure yall called this one thriller, i got it wrong.",11,4.0,5
group089,6,19,2,A,foot up,2,4.0,5
group089,6,19,2,A,one on ground,3,4.0,5
group089,6,20,2,F,man sitting,2,5.0,5
group089,6,20,2,F,leaning against a fence with a poncho on,8,5.0,5
group089,6,20,2,F,knees up,2,5.0,5
group089,6,21,2,J,more square like body,4,5.0,5
group089,6,21,2,J,one triangle arm to the right,6,5.0,5
group089,6,21,2,J,diamond head,2,5.0,5
group089,6,21,2,J,penguin boi,2,5.0,5
group089,6,22,2,C,flailing arms,2,5.0,5
group089,6,22,2,C,"diamond head, leaning to the left",6,5.0,5
group089,6,22,2,C,face plant dude,3,5.0,5
group089,6,23,2,B,barely connected triangle,3,4.0,5
group089,6,23,2,B,diamond head in between,4,4.0,5
group089,6,23,2,B,like big bertha but not,5,4.0,5
group089,6,24,3,A,big bertha's sister,3,3.0,5
group089,6,24,3,A,lil betty,2,3.0,5
group089,6,24,3,A,its thriller,2,3.0,5
group089,6,24,3,A,thriller,1,3.0,5
group089,6,25,3,L,monk boy praying but with no hood,7,4.0,5
group089,6,25,3,L,triangle arm pointed right,4,4.0,5
group089,6,26,3,B,big berthas lil sister,4,4.0,5
group089,6,26,3,B,disconnected arm,2,4.0,5
group089,6,26,3,B,little foot popping out to the left,7,4.0,5
group089,6,27,3,F,sad man with poncho,4,4.0,5
group089,6,27,3,F,feet pointing left,3,4.0,5
group089,6,28,3,I,figure skater,2,4.0,5
group089,6,28,3,I,with two jacked up arms,5,4.0,5
group089,6,29,3,H,caterpillar boi,2,5.0,5
group089,6,29,3,H,sleeping bag,2,5.0,5
group089,6,30,3,K,on monk like last time but he HAS the hood,10,5.0,5
group089,6,30,3,K,feet pointed up,3,5.0,5
group089,6,30,3,K,pointing right like his brother,5,5.0,5
group089,6,30,3,K,i call him monk with hood,6,5.0,5
group089,6,30,3,K,monk with no hump,4,5.0,5
group089,6,30,3,K,is his brother,3,5.0,5
group089,6,30,3,K,monk with hump is the right one,7,5.0,5
group089,6,31,3,G,big bertha,2,4.0,5
group089,6,31,3,G,she has a thicc booty,5,4.0,5
group089,6,31,3,G,ands he's doing opera or kissing someone's hand,8,4.0,5
group089,6,31,3,G,she has one little triangle foot,6,4.0,5
group089,6,32,3,D,like the penguin boi,4,4.0,5
group089,6,32,3,D,but he's pointing left,4,4.0,5
group089,6,32,3,D,like a little gnome wizard pointing left,7,4.0,5
group089,6,32,3,D,his body looks like a boot,6,4.0,5
group089,6,32,3,D,pointing left,2,4.0,5
group089,6,33,3,J,penguin boi,2,3.0,5
group089,6,34,3,E,bunny ears,2,5.0,5
group089,6,35,3,C,falling down guy,3,5.0,5
group089,6,35,3,C,arms in the air,4,5.0,5
group089,6,35,3,C,he throws his arms up in the air sometimes,9,5.0,5
group089,6,36,4,J,penguin,1,3.0,5
group089,6,36,4,J,boi,1,3.0,5
group089,6,37,4,H,sleeping bag boi,3,3.0,5
group089,6,37,4,H,diamond head,2,3.0,5
group089,6,37,4,H,curves to right at bottom,5,3.0,5
group089,6,38,4,L,crouched,1,5.0,5
group089,6,38,4,L,flat back,2,5.0,5
group089,6,38,4,L,arms to right,3,5.0,5
group089,6,39,4,I,figure skater !,3,3.0,5
group089,6,40,4,E,classic bunny ears,3,2.0,5
group089,6,41,4,D,priest,1,4.0,5
group089,6,41,4,D,arms to left pointing,4,4.0,5
group089,6,42,4,C,falling**,1,5.0,5
group089,6,42,4,C,arms in the air,4,5.0,5
group089,6,43,4,B,disconnected triangle,2,4.0,5
group089,6,43,4,B,small foot to left,4,4.0,5
group089,6,44,4,A,zombie,1,4.0,5
group089,6,44,4,A,thriller vibe,2,4.0,5
group090,6,0,1,K,Kneeling with hands out. Has a slight tail standing up,10,2.0,5
group090,6,0,1,K,"Tail pointing up, hands right",5,2.0,5
group090,6,1,1,I,"Standing on one leg, leaning to the left",8,5.0,5
group090,6,2,1,B,"kneeling down, facing right. arms in the air slightly",9,2.0,5
group090,6,2,1,B,foot or tail sticking out to left,7,2.0,5
group090,6,3,1,C,leaning to the left like they have scored a goal,10,5.0,5
group090,6,3,1,C,arms in the air,4,5.0,5
group090,6,3,1,C,body slightly diagonal,3,5.0,5
group090,6,3,1,C,"yes, either side",3,5.0,5
group090,6,4,1,G,not really a body shape. Looks like a somebody sitting down maybe. Head just attached,15,2.0,5
group090,6,4,1,G,Looking to the left.,4,2.0,5
group090,6,4,1,G,But there is a picture of somebody sitting down - ignore that,12,2.0,5
group090,6,4,1,G,like a tail to the right,6,2.0,5
group090,6,4,1,G,arms behind the head,4,2.0,5
group090,6,4,1,G,just a weird body shape,5,2.0,5
group090,6,4,1,G,like the shape of italy,5,2.0,5
group090,6,5,1,J,almost a square body. arm pointing slightly to the right,10,5.0,5
group090,6,5,1,J,small triangle to bottom right,5,5.0,5
group090,6,5,1,J,it's the squarest body of them all,7,5.0,5
group090,6,5,1,J,"yes, straight to the top",5,5.0,5
group090,6,6,1,F,sitting down in slouched position facing left,7,5.0,5
group090,6,6,1,F,proper body shape,3,5.0,5
group090,6,6,1,F,yes - knees bent,4,5.0,5
group090,6,7,1,H,straight up body but curves to the right slightly at the bottom,12,5.0,5
group090,6,7,1,H,no arms or legs,4,5.0,5
group090,6,7,1,H,"no hands, no arms.",4,5.0,5
group090,6,7,1,H,"Almost hexagon body, but has a bit at the bottom right",11,5.0,5
group090,6,8,1,A,"like a dancing bear. Facing left, 1 leg slightly lifted",10,4.0,5
group090,6,8,1,A,arms hanging to the right too,6,4.0,5
group090,6,8,1,A,head looks like it could fall off,7,4.0,5
group090,6,9,1,L,like a priest praying. Facing right. Almost in kneeling position,10,4.0,5
group090,6,9,1,L,No tail or legs in the air,7,4.0,5
group090,6,10,1,D,"Another priest type one. Facing left, standing up",8,5.0,5
group090,6,10,1,D,arms and hand straight,4,5.0,5
group090,6,11,1,E,weird shape. Like a palm tree or bunny ears from the head,12,4.0,5
group090,6,11,1,E,body is of 2 triangles. Looking right,7,4.0,5
group090,6,12,2,C,leaning diagonally to the left,5,5.0,5
group090,6,12,2,C,like a goalkeeper,3,5.0,5
group090,6,12,2,C,yes. on either side,4,5.0,5
group090,6,13,2,D,like a priest giving a blessing arms straight,8,5.0,5
group090,6,13,2,D,standing straight facing left,4,5.0,5
group090,6,13,2,D,arm to left,3,5.0,5
group090,6,14,2,H,like italy,2,2.0,5
group090,6,14,2,H,body like a sack,4,2.0,5
group090,6,14,2,H,no arms,2,2.0,5
group090,6,14,2,H,shapeless body,2,2.0,5
group090,6,15,2,E,body looks like a triangle,5,4.0,5
group090,6,15,2,E,head has 2 bunny ears sticking out,7,4.0,5
group090,6,16,2,F,like man sitting under a tree,6,4.0,5
group090,6,16,2,F,knees bent,2,4.0,5
group090,6,16,2,F,yes facing left,3,4.0,5
group090,6,17,2,A,like a bear with one leg lifted,7,4.0,5
group090,6,17,2,A,head is teetering off,4,4.0,5
group090,6,18,2,I,like a man leaning forward with leg straight,8,5.0,5
group090,6,18,2,I,facing left,2,5.0,5
group090,6,18,2,I,tail sticking out,3,5.0,5
group090,6,19,2,K,like a nun kneeling down facing right,7,5.0,5
group090,6,19,2,K,arms on right,3,5.0,5
group090,6,19,2,K,straight body,2,5.0,5
group090,6,20,2,L,like a priest half kneeling down,6,5.0,5
group090,6,20,2,L,facing right,2,5.0,5
group090,6,21,2,B,like a woman kneeling down,5,5.0,5
group090,6,21,2,B,triangle in front of head,5,5.0,5
group090,6,21,2,B,head facing right,3,5.0,5
group090,6,21,2,B,tilting down slightly,3,5.0,5
group090,6,21,2,B,no splits,2,5.0,5
group090,6,21,2,B,body quite straight,3,5.0,5
group090,6,21,2,B,has a small triangular tail,5,5.0,5
group090,6,22,2,G,body leaning forward to the right,6,4.0,5
group090,6,22,2,G,2 arms to the right,5,4.0,5
group090,6,22,2,G,looks like he is kneeling,5,4.0,5
group090,6,22,2,G,body not a block,4,4.0,5
group090,6,22,2,G,graceful body,2,4.0,5
group090,6,22,2,G,no legs. look like kneeling,5,4.0,5
group090,6,22,2,G,looks more female,3,4.0,5
group090,6,23,2,J,almost square body,3,5.0,5
group090,6,23,2,J,bigger on top than bottom,5,5.0,5
group090,6,23,2,J,yes. small,2,5.0,5
group090,6,24,3,C,goalkeeper,1,4.0,5
group090,6,24,3,C,save,1,4.0,5
group090,6,24,3,C,arms out,2,4.0,5
group090,6,25,3,L,kneeling right,2,5.0,5
group090,6,25,3,L,tail down,2,5.0,5
group090,6,25,3,L,blockier than other kneeling pose,5,5.0,5
group090,6,25,3,L,arms out straight,3,5.0,5
group090,6,25,3,L,arms t the right,4,5.0,5
group090,6,26,3,A,hunchback,1,4.0,5
group090,6,26,3,A,head falling off,3,4.0,5
group090,6,26,3,A,leg out to the left,5,4.0,5
group090,6,26,3,A,bear yep,2,4.0,5
group090,6,27,3,H,block with tail to the right,6,4.0,5
group090,6,27,3,H,no arms or legs,4,4.0,5
group090,6,28,3,D,looking left,2,5.0,5
group090,6,28,3,D,looks like lecturer on pulpit,5,5.0,5
group090,6,28,3,D,looks like book in hand,5,5.0,5
group090,6,28,3,D,arms to left holding book i would  say,8,5.0,5
group090,6,29,3,E,bunny ears,2,4.0,5
group090,6,29,3,E,triangle body,2,4.0,5
group090,6,30,3,F,man sitting under tree,4,5.0,5
group090,6,30,3,F,knees bent,2,5.0,5
group090,6,31,3,B,head tilted right,3,3.0,5
group090,6,31,3,B,triangle hands,2,3.0,5
group090,6,31,3,B,kneeling,1,3.0,5
group090,6,31,3,B,tail down,2,3.0,5
group090,6,31,3,B,arms facing out away from body,6,3.0,5
group090,6,31,3,B,not the graceful one,4,3.0,5
group090,6,31,3,B,more blocky,2,3.0,5
group090,6,31,3,B,kneeling head tilted right,4,3.0,5
group090,6,32,3,G,graceful pose,2,4.0,5
group090,6,32,3,G,back bent,2,4.0,5
group090,6,32,3,G,arm up and down,4,4.0,5
group090,6,33,3,K,nun,1,4.0,5
group090,6,33,3,K,slender pose kneeling,3,4.0,5
group090,6,33,3,K,to the right,3,4.0,5
group090,6,33,3,K,tail up,2,4.0,5
group090,6,34,3,J,body block,2,5.0,5
group090,6,34,3,J,straight line on top of body,6,5.0,5
group090,6,35,3,I,ice skater,2,5.0,5
group090,6,35,3,I,looking left,2,5.0,5
group090,6,36,4,H,"sitting down, no arms or legs, looks like a sack",10,5.0,5
group090,6,37,4,B,looks like a mouse,4,4.0,5
group090,6,37,4,B,head tilting to the right,5,4.0,5
group090,6,37,4,B,triangle coming from it,4,4.0,5
group090,6,37,4,B,no no the bunny ears,5,4.0,5
group090,6,37,4,B,one arm to the left,5,4.0,5
group090,6,37,4,B,the other triangle is attached to the bottom of the head,11,4.0,5
group090,6,37,4,B,triangle arms look like wings almost,6,4.0,5
group090,6,37,4,B,with head on top,4,4.0,5
group090,6,38,4,A,dancing bear,2,5.0,5
group090,6,39,4,G,looks like italy apparently,4,4.0,5
group090,6,39,4,G,body facing to the left,5,4.0,5
group090,6,39,4,G,arm to the right,4,4.0,5
group090,6,39,4,G,looks like somebody is lying down leaning on one arm,10,4.0,5
group090,6,39,4,G,head tilted to the left,5,4.0,5
group090,6,39,4,G,no curve,2,4.0,5
group090,6,40,4,K,looks like kneeling down praying,5,5.0,5
group090,6,40,4,K,tail upwards,2,5.0,5
group090,6,40,4,K,arms to the right,4,5.0,5
group090,6,41,4,D,standing up reading,3,4.0,5
group090,6,41,4,D,arms to the left,4,4.0,5
group090,6,42,4,J,body like a block,4,5.0,5
group090,6,42,4,J,small triangle arm to the right,6,5.0,5
group090,6,42,4,J,tiny tail to the right,5,5.0,5
group090,6,43,4,E,bunny ears,2,5.0,5
group090,6,44,4,L,"looks like priest is praying, but crouching",7,5.0,5
group090,6,44,4,L,arms to the right,4,5.0,5
group090,6,45,4,F,"sitting down, curved back",4,5.0,5
group090,6,45,4,F,as someone said - looks like they are sitting under a tree,12,5.0,5
group090,6,46,4,C,goalkeeper,1,5.0,5
group090,6,47,4,I,"ice skater - ps. well done to whoever went first, that was harder than it looks! :)",17,4.0,5
group090,6,47,4,I,arms to the left,4,4.0,5
group090,6,48,5,L,almost crouching knees bent almost praying facing right,8,5.0,5
group090,6,49,5,D,like someone giving a lecture or a priest giving a blessing with hands on the left,16,4.0,5
group090,6,50,5,F,the person under the apple tree with the neck,9,5.0,5
group090,6,50,5,F,legs bent facing left,4,5.0,5
group090,6,51,5,E,the bunny or girl in a kimono facing right,9,5.0,5
group090,6,52,5,H,the cocoon or sack with a tail to the right,10,3.0,5
group090,6,53,5,C,the goalkeeper diagonal body two hands in the air on both sides,12,5.0,5
group090,6,54,5,B,maybe this is the handmaid's tale on not too sure looks like she's kneeling two triangles for arms on either side one is only attached at the head,28,5.0,5
group090,6,55,5,I,the figure skater with one leg straight two arms on the left side a tail on the right,18,5.0,5
group090,6,56,5,J,the fat priest facing right very blocky body almost a rectangle on the left side,15,3.0,5
group090,6,56,5,J,has arm and leg,4,3.0,5
group090,6,56,5,J,on the same side,4,3.0,5
group090,6,56,5,J,on the right side,4,3.0,5
group090,6,57,5,A,the dancing bear or zombie doing thriller dance facing left one leg up the other leg straight head on the right side looks like it's falling off,27,4.0,5
group090,6,58,5,G,the graceful one doing the splits kind of with hands in the air head on a slant to the left,20,5.0,5
group090,6,58,5,G,to triangles on the right side,6,5.0,5
group090,6,59,5,K,the priest praying kneeling down with a tail on the left side facing up,14,5.0,5
group090,6,59,5,K,very interesting italy loll,4,5.0,5
group090,6,60,6,D,"standing up, facing left, reading book, etc",7,5.0,5
group090,6,60,6,D,priest at pulpit,3,5.0,5
group090,6,61,6,C,goalie!,1,3.0,5
group090,6,61,6,C,goalpost cheer pose,3,3.0,5
group090,6,62,6,K,"kneeling, facing right, tiny tail up a bit on left side",11,4.0,5
group090,6,63,6,E,bunny ears,2,3.0,5
group090,6,64,6,B,"""handmaid's tale""",2,4.0,5
group090,6,64,6,B,"two arms, one on each side",6,4.0,5
group090,6,65,6,G,graceful pose,2,5.0,5
group090,6,65,6,G,"""italy""",1,5.0,5
group090,6,66,6,I,ice skater,2,4.0,5
group090,6,66,6,I,"one foot on ground, one up",6,4.0,5
group090,6,67,6,A,dancing bear / zombie,4,4.0,5
group090,6,68,6,H,big sack,2,4.0,5
group090,6,68,6,H,metapod,1,4.0,5
group090,6,69,6,F,sitting under a tree,4,3.0,5
group090,6,70,6,J,"fat, blocky, straight line",4,5.0,5
group090,6,71,6,L,"kneeling, but NO tail",4,5.0,5
group090,6,71,6,L,facing right,2,5.0,5
group091,6,0,1,L,kneeled down and praying,4,2.0,5
group091,6,0,1,L,down,1,2.0,5
group091,6,1,1,E,sort of looks like a rabbit taking a nap,9,5.0,5
group091,6,2,1,K,"kneeled down and praying, but with feet up",8,3.0,5
group091,6,3,1,I,"balanced on one foot whilst leaning forward, with one foot back",11,5.0,5
group091,6,4,1,A,looking back after just taking a football kick,8,5.0,5
group091,6,4,1,A,balanced on one foot,4,5.0,5
group091,6,4,1,A,head  is sort of out of place,7,5.0,5
group091,6,5,1,B,on his knees pretending to be a chicken,8,4.0,5
group091,6,5,1,B,bless him,2,4.0,5
group091,6,5,1,B,or praying,2,4.0,5
group091,6,5,1,B,both knees down,3,4.0,5
group091,6,6,1,J,sitting by a wall,4,0.0,5
group091,6,6,1,J,with his arms up and crossed (?),7,0.0,5
group091,6,6,1,J,legs down,2,0.0,5
group091,6,6,1,J,sitting down,2,0.0,5
group091,6,7,1,D,standing up and reading,4,5.0,5
group091,6,7,1,D,arms holding the book,4,5.0,5
group091,6,8,1,G,"like a ghost, except his head is looking backwards",9,0.0,5
group091,6,8,1,G,or pulled backwards,3,0.0,5
group091,6,9,1,H,a baby in a blanket,5,4.0,5
group091,6,9,1,H,with his feet pointing out to the right,8,4.0,5
group091,6,9,1,H,no limbs sticking out,4,4.0,5
group091,6,9,1,H,man sitting by a wall except has no lower legs,10,4.0,5
group091,6,9,1,H,and no arms,3,4.0,5
group091,6,9,1,H,sitting on a wall on the left,7,4.0,5
group091,6,10,1,F,the one that looks most like a man sitting by a wall,12,4.0,5
group091,6,10,1,F,looking slightly down,3,4.0,5
group091,6,10,1,F,wall to the right,4,4.0,5
group091,6,10,1,F,head to the right,4,4.0,5
group091,6,10,1,F,feet to the left,4,4.0,5
group091,6,10,1,F,knees up,2,4.0,5
group091,6,10,1,F,head looking down,3,4.0,5
group091,6,11,1,C,classic ghost or man with his hands up,8,5.0,5
group091,6,11,1,C,slanted,1,5.0,5
group091,6,11,1,C,slanted to the left,4,5.0,5
group091,6,11,1,C,both arms up,3,5.0,5
group091,6,11,1,C,and out,2,5.0,5
group091,6,11,1,C,no legs ^,3,5.0,5
group091,6,12,2,G,"arms pointing to right, legs and head to left",9,5.0,5
group091,6,12,2,G,lunge-type position,2,5.0,5
group091,6,13,2,H,"no arms or legs pointing out, standing upright",8,3.0,5
group091,6,13,2,H,"no, hexagon shape on left side",6,3.0,5
group091,6,13,2,H,same shape on right side except triangle at bottom right,10,3.0,5
group091,6,14,2,J,similar to last - no obvious arms or legs pointing out,11,5.0,5
group091,6,14,2,J,flat left side,3,5.0,5
group091,6,14,2,J,jagged right side,3,5.0,5
group091,6,14,2,J,standing upright,2,5.0,5
group091,6,15,2,L,"whole body facing right, knees bent and arms up in praying position",12,3.0,5
group091,6,15,2,L,"stood up, knees in air",5,3.0,5
group091,6,16,2,A,"body facing to the left, head facing behind",8,5.0,5
group091,6,16,2,A,one leg off ground kicking forward to left,8,5.0,5
group091,6,16,2,A,arms up,2,5.0,5
group091,6,17,2,F,"sat on ground, whole body facing left, knees at right angle",11,5.0,5
group091,6,17,2,F,head tilted slightly forward/hunched over,5,5.0,5
group091,6,18,2,C,"whole body tilted to the left, as if falling over",10,5.0,5
group091,6,18,2,C,arms in air,3,5.0,5
group091,6,18,2,C,like a ghost falling over,5,5.0,5
group091,6,19,2,I,"right leg kicking behind to right, left leg on ground",10,5.0,5
group091,6,19,2,I,arms pointing forwards to the left,6,5.0,5
group091,6,20,2,E,looks like a rabbit sat down against a wall on the left,12,4.0,5
group091,6,20,2,E,bunny ears/arms above,3,4.0,5
group091,6,20,2,E,facing right,2,4.0,5
group091,6,21,2,K,"kneeled down, arms in pray position facing right",8,5.0,5
group091,6,21,2,K,legs up behind,3,5.0,5
group091,6,22,2,B,"facing right, kneeled down, legs behind, one arm in front and one behind",13,5.0,5
group091,6,22,2,B,head tilted slightly forwards,4,5.0,5
group091,6,23,2,D,"stood up, facing left, arms up in front of left side",11,4.0,5
group091,6,23,2,D,looks like a foot pointing out on left too,9,4.0,5
group091,6,23,2,D,"not kicking, both feet on ground",6,4.0,5
group091,6,23,2,D,and looks like holding book on left,7,4.0,5
group091,6,23,2,D,yeh flat side on right,5,4.0,5
group091,6,24,3,J,Holding a book to the right,6,4.0,5
group091,6,24,3,J,Wall on the left,4,4.0,5
group091,6,24,3,J,Head a perfect diamond,4,4.0,5
group091,6,24,3,J,Left and upper side of his body is a square . right side is jagged,15,4.0,5
group091,6,25,3,B,This is the chicken one for those who remember,9,4.0,5
group091,6,25,3,B,Triangle square triangle,3,4.0,5
group091,6,26,3,D,"Okay the robe one, where the wall could be on the right side of him",15,5.0,5
group091,6,26,3,D,Holding a book out to the left,7,5.0,5
group091,6,26,3,D,"Head is almost a perfect diamond, slanted slightly left",9,5.0,5
group091,6,26,3,D,Really looks like a podium,5,5.0,5
group091,6,27,3,H,"Alright thick body, with knees pointing out right",8,5.0,5
group091,6,27,3,H,"Head is a perfect diamond, but he has no neck.",10,5.0,5
group091,6,27,3,H,Arms are invisible,3,5.0,5
group091,6,27,3,H,Kind of looks like a shrimp,6,5.0,5
group091,6,27,3,H,"Like a jumbo shrimp, if the head was the tail",10,5.0,5
group091,6,27,3,H,knees if it were a guy are pointing right,9,5.0,5
group091,6,28,3,E,"The Rabbit one, bunny ears. Need I say more",9,5.0,5
group091,6,28,3,E,His head would be facing downwards looking at his feet,10,5.0,5
group091,6,28,3,E,His body is a mostly perfect right angle triangle,9,5.0,5
group091,6,28,3,E,Look for the bunny ears. The two triangles attached to a square head. Sitting down,15,5.0,5
group091,6,29,3,F,"Man sitting down on the ground, with a wall on the right hand side. He is looking downwards",18,5.0,5
group091,6,29,3,F,Looks like the right knee is bent.,7,5.0,5
group091,6,29,3,F,excuse me left knee is bent,6,5.0,5
group091,6,29,3,F,"His arms are at his sides, mostly invisible.",8,5.0,5
group091,6,29,3,F,Maybe wearing a coat or jacket,6,5.0,5
group091,6,29,3,F,Left?,1,5.0,5
group091,6,30,3,K,"Kneeling down, praying with feet point up to the sky.",10,5.0,5
group091,6,30,3,K,"Head is a perfect diamond, knees are visibly bent to the right.",12,5.0,5
group091,6,31,3,L,"Now, NOT the same one as just before, but the one where they're praying with their knees bent but still standing.",21,4.0,5
group091,6,31,3,L,"Arms and hands are together, as if holding a bible.",10,4.0,5
group091,6,31,3,L,Straight out to the right.,5,4.0,5
group091,6,31,3,L,"Yes, body facing right",4,4.0,5
group091,6,32,3,G,Legs are pointing out together with the body facing left.,10,4.0,5
group091,6,32,3,G,"The arms are behind, as if being supported on a pole, while sitting down",14,4.0,5
group091,6,32,3,G,Head is pretty hunched over to the left. Would hurt your neck if u tried.,15,4.0,5
group091,6,32,3,G,Hockey stick yes,3,4.0,5
group091,6,32,3,G,Like being sucked if you were clinging on to something on the right,13,4.0,5
group091,6,33,3,C,The classic ghost. Arms are up in the air,9,5.0,5
group091,6,33,3,C,Whole body slanted left,4,5.0,5
group091,6,33,3,C,The right arm is further from the head than left,10,5.0,5
group091,6,33,3,C,No legs visible,3,5.0,5
group091,6,34,3,I,The medicine ball lunge!,4,5.0,5
group091,6,34,3,I,Foot is facing out to the right,7,5.0,5
group091,6,34,3,I,"Arms are pointing left, as if holding a ball",9,5.0,5
group091,6,34,3,I,And the body is balancing on one leg,8,5.0,5
group091,6,34,3,I,The head is a perfect diamond.,6,5.0,5
group091,6,34,3,I,Yeah like a spinning back kick maybe lol,8,5.0,5
group091,6,35,3,A,So this is one of the football kickers,8,5.0,5
group091,6,35,3,A,"Looks like the right leg is out, left is on the ground",12,5.0,5
group091,6,35,3,A,He kind of looks like a lizard man or something,10,5.0,5
group091,6,35,3,A,Yes feet facing left,4,5.0,5
group091,6,35,3,A,Head is slanted really oddly to the right,8,5.0,5
group091,6,36,4,J,top and left is smooth like a square,8,4.0,5
group091,6,36,4,J,"arm is pointed out to the right, head is a perfect diamond",12,4.0,5
group091,6,36,4,J,looks like maybe a foot pointed out to right,9,4.0,5
group091,6,37,4,G,looks like they're lunging to the right,7,5.0,5
group091,6,37,4,G,"head is to the left, looks like a slightly slanted square",11,5.0,5
group091,6,38,4,L,looks like they're kneeling and praying but still stood up,10,4.0,5
group091,6,38,4,L,facing right,2,4.0,5
group091,6,39,4,D,"facing left, like reading a book",6,4.0,5
group091,6,39,4,D,looks like they're wearing a robe,6,4.0,5
group091,6,39,4,D,feet poking out at the bottom also facing left,9,4.0,5
group091,6,40,4,E,rabbit one,2,4.0,5
group091,6,40,4,E,left side is flat,4,4.0,5
group091,6,40,4,E,looks like a rabbit sitting down,6,4.0,5
group091,6,41,4,F,sitting against a wall facing left,6,5.0,5
group091,6,41,4,F,wall is on right,4,5.0,5
group091,6,41,4,F,knees bent,2,5.0,5
group091,6,42,4,B,chicken one,2,5.0,5
group091,6,42,4,B,with the 2 triangles,4,5.0,5
group091,6,43,4,K,kneeling and praying facing right with feet sticking up,9,5.0,5
group091,6,44,4,C,whole body slanting left with arms in the air,9,5.0,5
group091,6,45,4,A,head to the right with the arms out to the left,11,5.0,5
group091,6,45,4,A,one foot in the air to the left,8,5.0,5
group091,6,46,4,I,looks like an arabesque facing the left with their arms out to the left,14,4.0,5
group091,6,46,4,I,and one foot sticking out to the right,8,4.0,5
group091,6,46,4,I,yeah medicine ball,3,4.0,5
group091,6,46,4,I,head is a perfect diamond,5,4.0,5
group091,6,46,4,I,arms sticking out to the left and one leg sticking straight out to the right behind him,17,4.0,5
group091,6,46,4,I,one foot on the ground facing left,7,4.0,5
group091,6,47,4,H,the one that looks like a baby,7,4.0,5
group091,6,47,4,H,no arms,2,4.0,5
group091,6,48,5,I,"looks like an ice skater,  standing on one foot",9,5.0,5
group091,6,48,5,I,"other leg out behind,",4,5.0,5
group091,6,48,5,I,arms out to the left,5,5.0,5
group091,6,49,5,B,"kneeling, arms out both sides, chicken",6,5.0,5
group091,6,50,5,G,"hockey stick bottom, square head slightly angled",7,5.0,5
group091,6,50,5,G,arms to the right top and bottom,7,5.0,5
group091,6,50,5,G,black hole suckee!,3,5.0,5
group091,6,51,5,E,"rabbit ears, flat bottom",4,5.0,5
group091,6,52,5,F,"woman sitting down with a cape, knees up and facing left",11,4.0,5
group091,6,52,5,F,wall at her back to the right,7,4.0,5
group091,6,52,5,F,head down,2,4.0,5
group091,6,52,5,F,leg out to the left,5,4.0,5
group091,6,52,5,F,no arms,2,4.0,5
group091,6,53,5,A,bottom half looks like they've just kicked a ball,9,5.0,5
group091,6,53,5,A,top looks like they have a beak and are carrying a small flag behind,14,5.0,5
group091,6,53,5,A,legs facing left,3,5.0,5
group091,6,54,5,K,"kneeling to the right with a book, feet pointing upwards",10,5.0,5
group091,6,54,5,K,2 diamonds on top,4,5.0,5
group091,6,54,5,K,pointy feet,2,5.0,5
group091,6,54,5,K,possibly praying,2,5.0,5
group091,6,54,5,K,knees bent at the right,5,5.0,5
group091,6,55,5,D,"robe, reading a book, facing left, standing up with feet to the left",13,5.0,5
group091,6,55,5,D,diamond top centre,3,5.0,5
group091,6,55,5,D,"yes, or bishop!",3,5.0,5
group091,6,56,5,C,"slanted shadow or ghost, arms up, no feet",8,5.0,5
group091,6,57,5,L,"praying with book, facing right, legs zig zag",8,4.0,5
group091,6,57,5,L,"flat bottom, standing",3,4.0,5
group091,6,58,5,J,like a playing card with the right side torn off,10,5.0,5
group091,6,58,5,J,"flat top, left and bottom",5,5.0,5
group091,6,59,5,H,"baby with a blanket, or a hot water bottle",9,5.0,5
group091,6,59,5,H,no arms or feet,4,5.0,5
group091,6,60,6,D,"speaker facing left, like a professor",6,5.0,5
group091,6,60,6,D,"flat bottom, flat right",4,5.0,5
group091,6,61,6,L,"praying right, but feet flat, not behind",7,4.0,5
group091,6,62,6,H,"baby in blanket, no arms, no legs",7,4.0,5
group091,6,63,6,E,"sitting indian, bottom completely flat",5,5.0,5
group091,6,64,6,K,"praying right, feet up behind",5,5.0,5
group091,6,65,6,A,"football kick, one foot on the ground, both feet to the left",12,5.0,5
group091,6,66,6,C,"classic ghost, both arms up, no legs, slanting back to the left",12,5.0,5
group091,6,67,6,I,"one foot on the ground, other foot kick to the right",11,4.0,5
group091,6,68,6,B,"one of the two weird shapes, this one has triangle-square-triangle on top",12,5.0,5
group091,6,69,6,J,"left side all flat, diamond centered on top, feet and hands to the right",14,5.0,5
group091,6,70,6,F,"person sitting, facing left, wall on right,no arms, legs bent",10,5.0,5
group091,6,71,6,G,"one of the two weird shapes, lower left like hockey stick",11,4.0,5
group091,6,71,6,G,"arms like on a pole, yes",6,4.0,5
group092,6,0,1,H,looks like half a banana with a diamond on top,10,4.0,5
group092,6,0,1,H,no arms,2,4.0,5
group092,6,0,1,H,upright,1,4.0,5
group092,6,0,1,H,bottom leaning right,3,4.0,5
group092,6,1,1,F,looks like a person sitting,5,5.0,5
group092,6,1,1,F,legs bent towards the left,5,5.0,5
group092,6,1,1,F,diamond head hunched a little,5,5.0,5
group092,6,1,1,F,no arms,2,5.0,5
group092,6,1,1,F,head slightly down,3,5.0,5
group092,6,1,1,F,knees bent,2,5.0,5
group092,6,1,1,F,no head is a diamond,5,5.0,5
group092,6,2,1,D,standing upright,2,4.0,5
group092,6,2,1,D,looks like it holding hands open,6,4.0,5
group092,6,2,1,D,feet facing left,3,4.0,5
group092,6,2,1,D,looks like he's getting communion,5,4.0,5
group092,6,2,1,D,left,1,4.0,5
group092,6,2,1,D,might look like a waiter,5,4.0,5
group092,6,3,1,B,"messy, diamond on top with 2 triangles pointed below",9,5.0,5
group092,6,3,1,B,right below the diamond,4,5.0,5
group092,6,3,1,B,kinda sitting down doesn't look like a person,8,5.0,5
group092,6,3,1,B,one pointed left and the other pointed right,8,5.0,5
group092,6,3,1,B,below the triangles looks like a mountain,7,5.0,5
group092,6,4,1,L,looks like the waiter but knees bent pointed to the right,11,3.0,5
group092,6,4,1,L,standing upright,2,3.0,5
group092,6,4,1,L,yes if it looks like knees,6,3.0,5
group092,6,4,1,L,wait no flat base,4,3.0,5
group092,6,4,1,L,yes half knees,3,3.0,5
group092,6,4,1,L,its looks like a person standing bending their knees slightly,10,3.0,5
group092,6,4,1,L,holding out their hands to the right,7,3.0,5
group092,6,5,1,C,person raising both arms,4,5.0,5
group092,6,5,1,C,not centered,2,5.0,5
group092,6,5,1,C,no legs,2,5.0,5
group092,6,5,1,C,a bit to the left,5,5.0,5
group092,6,6,1,K,looks a person kneeling on the floor with their hands out to the right,14,4.0,5
group092,6,6,1,K,upright,1,4.0,5
group092,6,6,1,K,yes slight triangle,3,4.0,5
group092,6,6,1,K,yes diamond on top with and diamond bellow,8,4.0,5
group092,6,7,1,J,body is a square with a bite taken from it on the right,13,5.0,5
group092,6,7,1,J,diamond head,2,5.0,5
group092,6,7,1,J,bottom of the bite could look like feet,8,5.0,5
group092,6,7,1,J,yes to the right,4,5.0,5
group092,6,7,1,J,more of the bite is on the bottom,8,5.0,5
group092,6,7,1,J,yes whole left side is a square,7,5.0,5
group092,6,8,1,E,head are two opposite triangles with a square bellow,9,5.0,5
group092,6,8,1,E,person looks to be sitting down,6,5.0,5
group092,6,8,1,E,pointed to the right,4,5.0,5
group092,6,8,1,E,asiting and knees bent slightly,5,5.0,5
group092,6,8,1,E,yes bigger on right,4,5.0,5
group092,6,8,1,E,more pointed,2,5.0,5
group092,6,9,1,G,"messy, has 2 heads, the left a square and the right a triangle",13,4.0,5
group092,6,9,1,G,facing left,2,4.0,5
group092,6,9,1,G,sitting down like the last one kinda,7,4.0,5
group092,6,9,1,G,"yes one arm, a triangle facing right",7,4.0,5
group092,6,10,1,A,hopping on one foot,4,5.0,5
group092,6,10,1,A,left leg raised,3,5.0,5
group092,6,10,1,A,2 heads,2,5.0,5
group092,6,10,1,A,upright,1,5.0,5
group092,6,10,1,A,yes triangle pointed nose,4,5.0,5
group092,6,10,1,A,right head is a diamond left is pointed down triangle,10,5.0,5
group092,6,11,1,I,looks like an ice skater with  leg raised,8,5.0,5
group092,6,11,1,I,yes body has two triangle facing left,7,5.0,5
group092,6,12,2,F,Sitting down with the legs facing left and no arms.,10,4.0,5
group092,6,12,2,F,Yes feet out and right bottom corner missing.,8,4.0,5
group092,6,12,2,F,With bent knees.,3,4.0,5
group092,6,13,2,E,Two triangles on top.  Legs facing to the right sitting down.,11,5.0,5
group092,6,13,2,E,Knee is slightly up one right triangle is bigger than the left.,12,5.0,5
group092,6,13,2,E,Diamond under the two triangles.,5,5.0,5
group092,6,14,2,H,Looks like half of a banana.  No arms diamond head.,10,4.0,5
group092,6,14,2,H,Banana figure bends left at the bottom,7,4.0,5
group092,6,14,2,H,No triangle at the bottom,5,4.0,5
group092,6,14,2,H,No feet or arms are showing.,6,4.0,5
group092,6,14,2,H,left,1,4.0,5
group092,6,15,2,A,Standing on one foot and feet are facing left,9,5.0,5
group092,6,15,2,A,Head is back,3,5.0,5
group092,6,15,2,A,Diamond head falling back,4,5.0,5
group092,6,15,2,A,Yes triangle nose facing down.,5,5.0,5
group092,6,16,2,G,Sitting down facing left.  Diamond head moving to the left.,10,4.0,5
group092,6,16,2,G,Both triangle arms facing behind and one looks to be bracing themselves.,12,4.0,5
group092,6,16,2,G,Yes looks messy,3,4.0,5
group092,6,16,2,G,Triangle for bottom arm on the right,7,4.0,5
group092,6,17,2,L,"Standing but kneeling, facing right, arm out to right",9,4.0,5
group092,6,17,2,L,Looks like they are carrying a tray.,7,4.0,5
group092,6,17,2,L,Flat back on the left,5,4.0,5
group092,6,17,2,L,Diamond head knees half bent.,5,4.0,5
group092,6,18,2,C,"Leaning left, facing forward, two triangles for arms up in the air, no legs",14,4.0,5
group092,6,18,2,C,"Yes, looks like a ghost.",5,4.0,5
group092,6,19,2,J,"Diamond head, flat back, feet facing to the right, arm facing right.",12,4.0,5
group092,6,19,2,J,Standing.,1,4.0,5
group092,6,19,2,J,Very square shape but cut outs on the right side where feet and arm would be,16,4.0,5
group092,6,20,2,B,"Diamond head, kneeling to the right, two large triangles for arms one leg behind them pointing left.",17,5.0,5
group092,6,20,2,B,Head looks bowed a bit.,5,5.0,5
group092,6,20,2,B,yes left side triangle merged with body,7,5.0,5
group092,6,21,2,D,standing facing left with arms out like they are carrying a tray.,12,5.0,5
group092,6,21,2,D,flat back on the right,5,5.0,5
group092,6,21,2,D,Foot sticking out left wearing a gown,7,5.0,5
group092,6,22,2,I,Looks like an ice skater on one leg,8,5.0,5
group092,6,22,2,I,Two triangle arms out in front facing to the left,10,5.0,5
group092,6,22,2,I,Yes skating to the left,5,5.0,5
group092,6,23,2,K,Kneeling down on knees facing right with a tray out in front,12,5.0,5
group092,6,23,2,K,"Yes, triangle out back to the left.",7,5.0,5
group092,6,23,2,K,Yes legs pointing back and upward to the left.,9,5.0,5
group092,6,23,2,K,"Yes, diamond head and another bellow.",6,5.0,5
group092,6,24,3,K,"Two diamonds on top of each other, tray held out to the right and feet up behind, diamond feet pointing upwards",21,5.0,5
group092,6,24,3,K,yes kneeling,2,5.0,5
group092,6,24,3,K,yes legs on the left,5,5.0,5
group092,6,24,3,K,full down on knees,4,5.0,5
group092,6,25,3,G,"diamond head tilted back on the left, arms up to the right and both together, one foot up and facing right",21,3.0,5
group092,6,25,3,G,kind of kneeling position,4,3.0,5
group092,6,25,3,G,tiny triangle facing left under the head,7,3.0,5
group092,6,25,3,G,"right arm up in front of head with two points, one point facing right and the other facing down",19,3.0,5
group092,6,25,3,G,yes one leg in front and one behind,8,3.0,5
group092,6,26,3,J,"flat back on the left, diamond head, triangle arm on the right",12,5.0,5
group092,6,26,3,J,the square one with the bite missing on the right,10,5.0,5
group092,6,27,3,L,"half kneel, squat, diamond head straight on top and arms left like holding a tray",15,4.0,5
group092,6,27,3,L,flat back on left,4,4.0,5
group092,6,27,3,L,bottom of feet go back slightly further than the back on the left,13,4.0,5
group092,6,28,3,E,"the one with two triangles on top like bunny ears, diamond below the triangles and two triangles in the base, like mountains",22,5.0,5
group092,6,28,3,E,"yes facing right, flat back on the left and flat base",11,5.0,5
group092,6,29,3,H,"the banana one, diamond head on top and base curved to the right",13,4.0,5
group092,6,30,3,B,"kneeling fully down on knees, diamond on top, arms out one either side",13,5.0,5
group092,6,30,3,B,"left arms points left, right arm has point where it joins the body and other points are facing right and down",21,5.0,5
group092,6,30,3,B,yes triangle arms,3,5.0,5
group092,6,30,3,B,right one is only joined on by one point,9,5.0,5
group092,6,31,3,D,"standing, flat back on the right, diamond head on top and tray held to the left with hanging square sleeve under the tray",23,5.0,5
group092,6,32,3,C,"ghost pose, arms up with one on each side, head closer to the left arm, body leaning towards the left",20,5.0,5
group092,6,33,3,A,"diamond head rolling backwards, flat back on the right, stood on one leg with the other one up and pointing right",21,5.0,5
group092,6,33,3,A,second head on the right side with nose facing down,10,5.0,5
group092,6,34,3,F,"sat down, facing right, head tilted forwards and no arms, knees up.",12,5.0,5
group092,6,34,3,F,toes pointing left,3,5.0,5
group092,6,34,3,F,pointy feet and knees,4,5.0,5
group092,6,35,3,I,"ice skater, stood on one leg, other up to the right, two triangles pointing to the left",17,4.0,5
group092,6,36,4,A,"standing on one leg, facing left. pointy nose",8,5.0,5
group092,6,36,4,A,diamond hanging on back,4,5.0,5
group092,6,37,4,G,messy one. arms facing right up and down,8,5.0,5
group092,6,38,4,L,half kneel facing right. holding a tray to the right,10,5.0,5
group092,6,39,4,C,the ghost. leaning left arms upward,6,5.0,5
group092,6,40,4,D,standing holding a tray to the left. wearing a robe. flat right side,13,5.0,5
group092,6,41,4,I,the ice skater,3,5.0,5
group092,6,42,4,J,the square shape with a bite on the right side. triangle arm facing right,14,5.0,5
group092,6,43,4,B,triangle arms. one attached to body,6,5.0,5
group092,6,43,4,B,full kneel with triangle leg pointing left,7,5.0,5
group092,6,43,4,B,no tray,2,5.0,5
group092,6,43,4,B,kneeling facing right,3,5.0,5
group092,6,44,4,F,sitting facing left with knees bent. no arms,8,5.0,5
group092,6,44,4,F,pointy knees and feet,4,5.0,5
group092,6,44,4,F,the sad man,3,5.0,5
group092,6,45,4,K,full kneel facing right with legs bent back and upward. holding tray to the right,15,5.0,5
group092,6,45,4,K,yes full kneel,3,5.0,5
group092,6,46,4,E,the bunny. sitting facing right,5,4.0,5
group092,6,47,4,H,the banana. no arms or legs,6,5.0,5
group092,6,48,5,K,A nun praying on knees facing right,7,5.0,5
group092,6,48,5,K,Could be tray or prayer hands.,6,5.0,5
group092,6,49,5,C,ghost swaying to left,4,4.0,5
group092,6,50,5,B,Kneeling two triangle arms feet to left,7,5.0,5
group092,6,51,5,I,Ice skater going left on one leg.,7,5.0,5
group092,6,52,5,G,The messy one square and triangle on top.,8,5.0,5
group092,6,53,5,F,Sad man knees up to left.,6,4.0,5
group092,6,54,5,D,Standing in a gown with tray on left.,8,5.0,5
group092,6,55,5,A,Standing on one foot diamond hanging on back.,8,3.0,5
group092,6,56,5,J,"Square one with bite out right, small arm right.",9,4.0,5
group092,6,57,5,H,"Banana bending right at bottom  , diamond head.",8,5.0,5
group092,6,58,5,E,Bunny with legs to the right.,6,4.0,5
group092,6,60,6,J,bite out,2,5.0,5
group092,6,60,6,J,straight side on left,4,5.0,5
group092,6,61,6,A,facing left,2,3.0,5
group092,6,61,6,A,"pointy nose,on  one leg",4,3.0,5
group092,6,62,6,G,messy one,2,5.0,5
group092,6,62,6,G,triangle s out to right,5,5.0,5
group092,6,63,6,D,gown,1,4.0,5
group092,6,63,6,D,facing left standing holding tray,5,4.0,5
group092,6,63,6,D,upright,1,4.0,5
group092,6,64,6,E,bunny ears,2,4.0,5
group092,6,64,6,E,facing right sitting,3,4.0,5
group092,6,65,6,K,facing right,2,5.0,5
group092,6,65,6,K,full kneeling holding tray,4,5.0,5
group092,6,65,6,K,upright head,2,5.0,5
group092,6,66,6,C,ghost,1,5.0,5
group092,6,66,6,C,both arms up high left right,6,5.0,5
group092,6,66,6,C,leaning to left,3,5.0,5
group092,6,67,6,L,half kneel facing right with tray,6,4.0,5
group092,6,67,6,L,uptight diamond head,3,4.0,5
group092,6,68,6,H,banana,1,5.0,5
group092,6,68,6,H,lower torso bends to right,5,5.0,5
group092,6,69,6,F,sad man,2,4.0,5
group092,6,69,6,F,facing left sitting,3,4.0,5
group092,6,70,6,I,ice skater,2,3.0,5
group092,6,70,6,I,facing left,2,3.0,5
group092,6,71,6,B,full kneeling facing right,4,4.0,5
group092,6,71,6,B,triangular arms,2,4.0,5
group092,6,71,6,B,arms out left and right,5,4.0,5
group093,6,0,1,J,looks like a water fountain,5,4.0,5
group093,6,0,1,J,top point going right,4,4.0,5
group093,6,0,1,J,in the middle,3,4.0,5
group093,6,1,1,C,looks like someone is about to do a snow angel,10,4.0,5
group093,6,1,1,C,laying flat,2,4.0,5
group093,6,1,1,C,at an angle,3,4.0,5
group093,6,1,1,C,i suppose you could say they are in the air,10,4.0,5
group093,6,2,1,E,box with wings falling down a mountain,7,5.0,5
group093,6,3,1,B,kneeling down with arms out facing right,7,4.0,5
group093,6,3,1,B,they are looking down,4,4.0,5
group093,6,3,1,B,legs are flat,3,4.0,5
group093,6,3,1,B,like he's kneeling,3,4.0,5
group093,6,4,1,G,head facing left,3,3.0,5
group093,6,4,1,G,arm is raised on the right (triangle),7,3.0,5
group093,6,4,1,G,triangle on right leg,4,3.0,5
group093,6,4,1,G,on the ground,3,3.0,5
group093,6,4,1,G,they r looking straight ahead,5,3.0,5
group093,6,5,1,L,is about to pray,4,3.0,5
group093,6,5,1,L,has a book,3,3.0,5
group093,6,5,1,L,not fully no,3,3.0,5
group093,6,5,1,L,slanted,1,3.0,5
group093,6,5,1,L,back is straight,3,3.0,5
group093,6,5,1,L,straight*,1,3.0,5
group093,6,5,1,L,bent knees,2,3.0,5
group093,6,6,1,H,someone sitting on knees,4,4.0,5
group093,6,6,1,H,back straight,2,4.0,5
group093,6,6,1,H,not many angles on it,5,4.0,5
group093,6,6,1,H,no arms,2,4.0,5
group093,6,6,1,H,yes almost like a chair,5,4.0,5
group093,6,6,1,H,hard to tell what way they are facing,8,4.0,5
group093,6,6,1,H,straight,1,4.0,5
group093,6,6,1,H,"good eye, yes",3,4.0,5
group093,6,7,1,F,someone who is depressed lol,5,4.0,5
group093,6,7,1,F,on their butt with knees up,6,4.0,5
group094,6,0,1,A,Someone with their head backwards.,5,4.0,5
group094,6,0,1,A,"Something like a leg, a little raised, and a square on the same side.",14,4.0,5
group094,6,1,1,L,Slightly bent person holding something.,5,4.0,5
group094,6,1,1,L,His knees and arms point to the right.,8,4.0,5
group094,6,2,1,H,"Person sitting with legs backwards, so they go unnoticed.",9,3.0,5
group094,6,2,1,H,The legs are as a point to the right.,9,3.0,5
group094,6,2,1,H,"No, the head is at the top.",7,3.0,5
group094,6,2,1,H,as if she were sitting on her own legs.,9,3.0,5
group094,6,3,1,B,"She has a triangle on her back, and she is kind of sitting, she has breasts, her head is pointing to the left.",23,1.0,5
group094,6,3,1,B,If they point to the left.,6,1.0,5
group094,6,4,1,I,"He has one leg raised backwards, is leaning on one leg, and his arms are pointing to the left.",19,5.0,5
group094,6,5,1,G,It's like a person dancing.,5,3.0,5
group094,6,5,1,G,His legs and head are backwards,6,3.0,5
group094,6,5,1,G,"One of the legs and one arm is formed separately to the right, like two triangles.",16,3.0,5
group094,6,5,1,G,Does not look like a goalkeeper,6,3.0,5
group094,6,6,1,K,"It looks like a person praying, as if kneeling down.",10,5.0,5
group094,6,6,1,K,"His arms appear to be together to the right, and his legs to the left.",15,5.0,5
group094,6,6,1,K,Yes on your knees.,4,5.0,5
group094,6,7,1,C,It looks like a goalkeeper diving for a ball.,9,5.0,5
group094,6,8,1,F,"It is like a person sitting with his legs forward, both his head and legs pointing to the left.",19,5.0,5
group094,6,8,1,F,Yes by looking at the knees.,6,5.0,5
group094,6,9,1,J,It looks like a person with no legs.,8,5.0,5
group094,6,9,1,J,is the rarest figure has two points pointing to the right.,11,5.0,5
group094,6,9,1,J,It looks just like a penguin.,6,5.0,5
group094,6,10,1,E,"Sitting and has like two rabbit ears on his head, legs pointing to the right.",15,4.0,5
group094,6,11,1,D,He is a stand-up person.,5,1.0,5
group094,6,11,1,D,Holding something to the left.,5,1.0,5
group094,6,12,2,E,looks like a woman singing opera,6,0.0,5
group094,6,12,2,E,facing left,2,0.0,5
group094,6,12,2,E,wearing a dress with a train,6,0.0,5
group094,6,12,2,E,"no legs visible, base of pic is flat",8,0.0,5
group094,6,12,2,E,not kneeling,2,0.0,5
group094,6,12,2,E,square on the back,4,0.0,5
group094,6,13,2,H,person with no legs,4,4.0,5
group094,6,13,2,H,facing backwards,2,4.0,5
group094,6,13,2,H,sitting on legs so they're not visible,7,4.0,5
group094,6,13,2,H,no arms,2,4.0,5
group094,6,13,2,H,just a head and body,5,4.0,5
group094,6,13,2,H,right,1,4.0,5
group094,6,13,2,H,2,1,4.0,5
group094,6,14,2,J,square body,2,5.0,5
group094,6,14,2,J,facing right,2,5.0,5
group094,6,14,2,J,arms out to the right,5,5.0,5
group094,6,15,2,C,goalkeeper,1,4.0,5
group094,6,15,2,C,no legs,2,4.0,5
group094,6,15,2,C,diving to the left,4,4.0,5
group094,6,16,2,G,person on one knee,4,3.0,5
group094,6,16,2,G,facing right,2,3.0,5
group094,6,16,2,G,arms up almost like proposing marriage,6,3.0,5
group094,6,16,2,G,no not knees one,4,3.0,5
group094,6,16,2,G,one leg is a small triangle,6,3.0,5
group094,6,16,2,G,on the right,3,3.0,5
group094,6,17,2,D,"person facing left, flat back on right",7,5.0,5
group094,6,17,2,D,holding out square box,4,5.0,5
group094,6,18,2,F,"person sitting, facing left",4,5.0,5
group094,6,18,2,F,looking at knees,3,5.0,5
group094,6,19,2,I,"person kicking to the right, arms on left side",9,5.0,5
group094,6,19,2,I,like karate,2,5.0,5
group094,6,20,2,K,"person praying, facing right",4,4.0,5
group094,6,20,2,K,on knees,2,4.0,5
group094,6,20,2,K,tiny triangle on her back,5,4.0,5
group094,6,20,2,K,base of image is flat,5,4.0,5
group094,6,21,2,A,person sleepwalking to the left,5,4.0,5
group094,6,21,2,A,arms are raised,3,4.0,5
group094,6,21,2,A,one leg up,3,4.0,5
group094,6,22,2,L,"knees slightly bent, facing right",5,5.0,5
group094,6,22,2,L,arm out to right,4,5.0,5
group094,6,22,2,L,arms and knees facing same direction,6,5.0,5
group094,6,23,2,B,"girl looks like she's praying, facing left. A triangle is her ponytail",12,4.0,5
group094,6,23,2,B,arms and legs out to left side,7,4.0,5
group094,6,23,2,B,base of pic is almost flat,6,4.0,5
group094,6,24,3,C,goalkeeper,1,3.0,5
group094,6,25,3,K,facing right arms right legs left,6,4.0,5
group094,6,25,3,K,small triangle on back,4,4.0,5
group094,6,25,3,K,kneeling,1,4.0,5
group094,6,26,3,D,facing left holding a box,5,5.0,5
group094,6,26,3,D,feet small facing left,4,5.0,5
group094,6,27,3,L,slightly kneeling facing right holding hands out,7,4.0,5
group094,6,28,3,G,proposing marriage,2,4.0,5
group094,6,28,3,G,facing right,2,4.0,5
group094,6,28,3,G,on one knee,3,4.0,5
group094,6,28,3,G,small triangle leg,3,4.0,5
group094,6,28,3,G,large thick leg facing left,5,4.0,5
group094,6,28,3,G,head facing right,3,4.0,5
group094,6,29,3,B,facing right with triangle ponytail,5,4.0,5
group094,6,29,3,B,left sorry,2,4.0,5
group094,6,29,3,B,arms out left like praying,5,4.0,5
group094,6,30,3,I,karate as we called it before,6,4.0,5
group094,6,30,3,I,arms out left,3,4.0,5
group094,6,31,3,A,sleep walker as we called it before,7,5.0,5
group094,6,31,3,A,one leg up to the left,6,5.0,5
group094,6,32,3,J,penguin,1,3.0,5
group094,6,32,3,J,straight back on the left,5,3.0,5
group094,6,33,3,E,bunny ears,2,4.0,5
group094,6,34,3,F,sitting facing left,3,5.0,5
group094,6,34,3,F,no arms,2,5.0,5
group094,6,34,3,F,knees bent,2,5.0,5
group094,6,35,3,H,no arms no legs,4,3.0,5
group094,6,35,3,H,like bent candle,3,3.0,5
group094,6,35,3,H,bend on the right,4,3.0,5
group094,6,35,3,H,bottom,1,3.0,5
group094,6,36,4,D,Carrying a box to the left,6,5.0,5
group094,6,37,4,A,"Pretty much sleepwalking to the left, leg raised up with a square on a back on his right",18,4.0,5
group094,6,38,4,I,"Karate or standing on one leg, other one is raised to the right, hands going left",16,4.0,5
group094,6,39,4,J,Penguin,1,4.0,5
group094,6,40,4,E,Bunny ears,2,3.0,5
group094,6,41,4,K,"On knees, hands to the right, straight posture",8,3.0,5
group094,6,42,4,G,"Weirdest figure, triangle ponytail",4,0.0,5
group094,6,43,4,B,"On legs, hands both sides, head more on the right",10,4.0,5
group094,6,43,4,B,Like trying to fly or something but on knees. Hard for me to tell,14,4.0,5
group094,6,44,4,C,Goalkeeper,1,5.0,5
group094,6,44,4,C,"Hands up, trying to save the ball",7,5.0,5
group094,6,44,4,C,Diving in air,3,5.0,5
group094,6,45,4,L,"Slightly bent legs, heading right",5,5.0,5
group094,6,45,4,L,Flat image,2,5.0,5
group094,6,46,4,H,"Sitting like a monk, can't really see hands, heading right",10,4.0,5
group094,6,46,4,H,"Seem crossed, maybe can see knees, but it's safe to say no hands or legs",15,4.0,5
group094,6,47,4,F,"Sitting to left with legs slightly up, head looking at the legs",12,5.0,5
group094,6,48,5,F,"same again, sitting facing left, knees bent, looking at legs",10,5.0,5
group094,6,49,5,B,the weird triangle ponytail one,5,4.0,5
group094,6,50,5,I,karate,1,4.0,5
group094,6,51,5,G,"facing left, small triangle for one leg, fat left trailing behind",11,4.0,5
group094,6,51,5,G,"another small triangle for hand, same as front foot",9,4.0,5
group094,6,51,5,G,"facing right, sorry",3,4.0,5
group094,6,51,5,G,"yes, sorry, proposal",3,4.0,5
group094,6,52,5,L,"knees slightly bent, holding hands in front, facing right",9,4.0,5
group094,6,53,5,J,penguin,1,4.0,5
group094,6,54,5,E,bunny ears,2,4.0,5
group094,6,55,5,H,no arms or legs,4,5.0,5
group094,6,56,5,D,holding a box facing left,5,4.0,5
group094,6,57,5,A,sleepwalker,1,4.0,5
group094,6,57,5,A,"walking left, one leg raised",5,4.0,5
group094,6,58,5,K,"on knees facing right with hands out in front, small triangle on back",13,5.0,5
group094,6,59,5,C,goalkeeper,1,5.0,5
group094,6,60,6,E,Bunny ears,2,5.0,5
group094,6,61,6,L,Knees slightly bent to the right,6,3.0,5
group094,6,61,6,L,Arms out to right as well,6,3.0,5
group094,6,61,6,L,Not kneeling down completely,4,3.0,5
group094,6,61,6,L,Flat back,2,3.0,5
group094,6,62,6,J,Penguin,1,4.0,5
group094,6,63,6,K,Kneeling down with arms out to right,7,4.0,5
group094,6,63,6,K,Small triangle on back,4,4.0,5
group094,6,64,6,C,Goalkeeper,1,3.0,5
group094,6,65,6,H,The wonky candle without arms,5,4.0,5
group094,6,65,6,H,Sort of legs pointing right,5,4.0,5
group094,6,66,6,D,Holding a box to the left,6,4.0,5
group094,6,67,6,G,Proposing one,2,4.0,5
group094,6,67,6,G,Small triangle leg on the right,6,4.0,5
group094,6,67,6,G,Arms up and head tilted back,6,4.0,5
group094,6,68,6,B,Weird triangle ponytail girl,4,5.0,5
group094,6,69,6,F,Man sitting down looking at knees,6,5.0,5
group094,6,69,6,F,Facing left,2,5.0,5
group094,6,70,6,A,Sleepwalking to left with square on upper back,8,5.0,5
group094,6,71,6,I,Karate,1,4.0,5
group095,6,0,1,B,arms spread out,3,3.0,5
group095,6,0,1,B,kneeling,1,3.0,5
group095,6,0,1,B,facing right,2,3.0,5
group095,6,0,1,B,look like triangles,3,3.0,5
group095,6,1,1,L,facing right,2,2.0,5
group095,6,1,1,L,looks like an offering,4,2.0,5
group095,6,1,1,L,being made,2,2.0,5
group095,6,1,1,L,not fully upright but also not kneeling,7,2.0,5
group095,6,2,1,E,square head with two triangles on top,7,5.0,5
group095,6,2,1,E,looks sort of like a bunny,6,5.0,5
group095,6,2,1,E,yes to two triangles,4,5.0,5
group095,6,2,1,E,kneeling*,1,5.0,5
group095,6,2,1,E,looks like sitting if anything,5,5.0,5
group095,6,3,1,K,looks like an offering again,5,3.0,5
group095,6,3,1,K,facing right,2,3.0,5
group095,6,3,1,K,but the back is not straight,6,3.0,5
group095,6,3,1,K,to diamond head,3,3.0,5
group095,6,3,1,K,as well,2,3.0,5
group095,6,3,1,K,kneeling,1,3.0,5
group095,6,3,1,K,triangle pointing out from back,5,3.0,5
group095,6,4,1,H,kneeling,1,4.0,5
group095,6,4,1,H,facing right,2,4.0,5
group095,6,4,1,H,back straight,2,4.0,5
group095,6,4,1,H,arms not visible,3,4.0,5
group095,6,4,1,H,feet not visible,3,4.0,5
group095,6,5,1,J,diamond head,2,5.0,5
group095,6,5,1,J,on one side of the body,6,5.0,5
group095,6,5,1,J,it is a continuous line,5,5.0,5
group095,6,5,1,J,with no bend,3,5.0,5
group095,6,5,1,J,facing right i'm guessing,4,5.0,5
group095,6,5,1,J,so the left side is a continuous,7,5.0,5
group095,6,5,1,J,not really kneeling,3,5.0,5
group095,6,5,1,J,the right side has an arm pointing right,8,5.0,5
group095,6,5,1,J,yes but with a point,5,5.0,5
group095,6,5,1,J,on the bottom right,4,5.0,5
group095,6,5,1,J,going inward,2,5.0,5
group095,6,6,1,A,square head,2,5.0,5
group095,6,6,1,A,legs facing left side,4,5.0,5
group095,6,6,1,A,one leg on ground,4,5.0,5
group095,6,6,1,A,the other in the air,5,5.0,5
group095,6,6,1,A,about 45 degrees,3,5.0,5
group095,6,6,1,A,head tilted backwards,3,5.0,5
group095,6,6,1,A,on the left side,4,5.0,5
group095,6,6,1,A,not that one,3,5.0,5
group095,6,6,1,A,the two legs are on facing the same side,9,5.0,5
group095,6,6,1,A,on the left,3,5.0,5
group095,6,7,1,D,looks like an offering,4,5.0,5
group095,6,7,1,D,facing left side,3,5.0,5
group095,6,7,1,D,straight back,2,5.0,5
group095,6,7,1,D,its straight from the body,5,5.0,5
group095,6,7,1,D,then a triangle neck,4,5.0,5
group095,6,7,1,D,and then straight from the body onwards,7,5.0,5
group095,6,7,1,D,"on the left, it sort of looks like a bowl and then a square underneath it",16,5.0,5
group095,6,8,1,F,diamond head,2,5.0,5
group095,6,8,1,F,the person is sitting down,5,5.0,5
group095,6,8,1,F,facing left,2,5.0,5
group095,6,8,1,F,looks dejected,2,5.0,5
group095,6,8,1,F,legs bent,2,5.0,5
group095,6,8,1,F,"yes knees up, feet facing slightly upward",7,5.0,5
group095,6,9,1,G,head is looking upwards,4,2.0,5
group095,6,9,1,G,facing to the right,4,2.0,5
group095,6,9,1,G,one foot is in the air,6,2.0,5
group095,6,9,1,G,much larger,2,2.0,5
group095,6,9,1,G,very long leg on the ground,6,2.0,5
group095,6,9,1,G,facing the opposite direction,4,2.0,5
group095,6,9,1,G,it's not the one that looks like a martial artist,10,2.0,5
group095,6,10,1,I,its the other image,4,4.0,5
group095,6,10,1,I,that was chosen,3,4.0,5
group095,6,10,1,I,the martial artist,3,4.0,5
group095,6,10,1,I,one leg in the air,5,4.0,5
group095,6,10,1,I,the other on the ground,5,4.0,5
group095,6,10,1,I,arms facing left,3,4.0,5
group095,6,11,1,C,two arms pointing upwards,4,5.0,5
group095,6,11,1,C,no legs visible,3,5.0,5
group095,6,11,1,C,the arms are on the left and right of the body respectively,12,5.0,5
group095,6,11,1,C,the head is looking upwards,5,5.0,5
group095,6,12,2,J,The left side is a perfect straight line,8,5.0,5
group095,6,12,2,J,Triangle stub on the right,5,5.0,5
group095,6,12,2,J,Diamond head,2,5.0,5
group095,6,12,2,J,Looks like he is facing away from the screen,9,5.0,5
group095,6,13,2,E,This person looks like he has rabbit ears,8,5.0,5
group095,6,13,2,E,Facing head down,3,5.0,5
group095,6,13,2,E,Head is square,3,5.0,5
group095,6,14,2,C,This is the two arms no legs parallelogram dude,9,5.0,5
group095,6,14,2,C,Arms up like he is surprised,6,5.0,5
group095,6,15,2,A,This was the person who was NOT the material artist,10,1.0,5
group095,6,15,2,A,One thick leg,3,1.0,5
group095,6,15,2,A,Other one is to the left,6,1.0,5
group095,6,15,2,A,Yes to arms crooked,4,1.0,5
group095,6,15,2,A,The body is like a trapezoid,6,1.0,5
group095,6,15,2,A,Head looks facing back,4,1.0,5
group095,6,15,2,A,Arms are same height as head,6,1.0,5
group095,6,15,2,A,No its fat,3,1.0,5
group095,6,16,2,G,This person is kneeling down on legs,7,1.0,5
group095,6,16,2,G,arms spread like wings to the right of them,9,1.0,5
group095,6,16,2,G,head tilted back left of the body,7,1.0,5
group095,6,16,2,G,Very slim body,3,1.0,5
group095,6,17,2,L,This person looks like he is holding a bowl and the bowl and arms are facing right,17,4.0,5
group095,6,17,2,L,Knees bent and pointy bit is to the right,9,4.0,5
group095,6,17,2,L,Facing away from your screen,5,4.0,5
group095,6,17,2,L,It looks cut off the feet on this one,9,4.0,5
group095,6,18,2,I,"This person has one leg down, one leg up",9,4.0,5
group095,6,18,2,I,The leg up is on the right,7,4.0,5
group095,6,18,2,I,Both arms are triangles on the left of the person,10,4.0,5
group095,6,18,2,I,Backwards kick,2,4.0,5
group095,6,19,2,D,This person is holding a bowl which is facing left,10,4.0,5
group095,6,19,2,D,The bottom of this person is a smooth line,9,4.0,5
group095,6,19,2,D,They are facing away from your screen,7,4.0,5
group095,6,19,2,D,Straight back on the right,5,4.0,5
group095,6,19,2,D,Yes to the square,4,4.0,5
group095,6,20,2,K,This person is holding a bowl facing right,8,5.0,5
group095,6,20,2,K,head away from screen,4,5.0,5
group095,6,20,2,K,NOT STRAIGHT BACK,3,5.0,5
group095,6,20,2,K,Legs are kicked up pointy behind them on the left,10,5.0,5
group095,6,21,2,B,This person has arms spread almost level,7,5.0,5
group095,6,21,2,B,One foot is seen on the left,7,5.0,5
group095,6,21,2,B,Looks like kneeling,3,5.0,5
group095,6,21,2,B,Facing away from the screen the person's head,8,5.0,5
group095,6,21,2,B,One arm looks attached,4,5.0,5
group095,6,21,2,B,Head looks away from screen,5,5.0,5
group095,6,21,2,B,One foot is behind to the left,7,5.0,5
group095,6,21,2,B,Fatter body,2,5.0,5
group095,6,21,2,B,Looks like kneeling on the legs,6,5.0,5
group095,6,21,2,B,Just outwards,2,5.0,5
group095,6,21,2,B,It looks like you see the back of the head,10,5.0,5
group095,6,22,2,H,This person's head is facing away from you,8,4.0,5
group095,6,22,2,H,Cannot see arms or legs well,6,4.0,5
group095,6,22,2,H,Looks like a blob,4,4.0,5
group095,6,22,2,H,Diamond head,2,4.0,5
group095,6,22,2,H,The body looks like arms are crossed in and so are legs so you cant see them,17,4.0,5
group095,6,22,2,H,Yes triangle bottom right,4,4.0,5
group095,6,22,2,H,Not holding anything,3,4.0,5
group095,6,23,2,F,Person is sitting down looking away,6,5.0,5
group095,6,23,2,F,Looks dejected,2,5.0,5
group095,6,23,2,F,You can see one foot,5,5.0,5
group095,6,23,2,F,Arms underneath that foot,4,5.0,5
group095,6,23,2,F,Back is facing right,4,5.0,5
group095,6,23,2,F,Head facing outwards,3,5.0,5
group095,6,23,2,F,Leg is to the left,5,5.0,5
group095,6,23,2,F,Yes to the knee,4,5.0,5
group095,6,23,2,F,Person is not holding anything,5,5.0,5
group095,6,24,3,B,Two triangular arms.,3,5.0,5
group095,6,24,3,B,The one on the right is mostly detached from the body.,11,5.0,5
group095,6,24,3,B,The one on the left is connected.,7,5.0,5
group095,6,24,3,B,Small triangular foot on the left.,6,5.0,5
group095,6,24,3,B,Only one visible.,3,5.0,5
group095,6,24,3,B,The right side shows the character to be kneeling.,9,5.0,5
group095,6,24,3,B,Head is slightly bowed.,4,5.0,5
group095,6,25,3,C,The one with two arms either side and the parallelogram body.,11,4.0,5
group095,6,26,3,G,Thin body. Two arms flailed backwards.  Legs merged forwards.,9,3.0,5
group095,6,26,3,G,More like it's sitting up.,5,3.0,5
group095,6,26,3,G,Small triangle facing the left beneath the head.,8,3.0,5
group095,6,26,3,G,The legs are very thick in comparison to the body.,10,3.0,5
group095,6,26,3,G,The arms are just little triangles on the right.,9,3.0,5
group095,6,26,3,G,One mounted high and the other low.,7,3.0,5
group095,6,27,3,D,One with the square beneath the 'bowl'.,7,5.0,5
group095,6,27,3,D,Straight right back.,3,5.0,5
group095,6,27,3,D,Small left foot.,3,5.0,5
group095,6,28,3,L,"Trapezoid, merged legs.",3,4.0,5
group095,6,28,3,L,"One arm visible. Triangular, angled upwards and to the right.",10,4.0,5
group095,6,28,3,L,Head bowed down.,3,4.0,5
group095,6,28,3,L,Triangular shoulders.,2,4.0,5
group095,6,28,3,L,"Perhaps kneeling, could be squatting.",5,4.0,5
group095,6,28,3,L,One thick leg.,3,4.0,5
group095,6,28,3,L,"Yes, with the arm above it.",6,4.0,5
group095,6,29,3,E,Rabbit one,2,5.0,5
group095,6,29,3,E,Two triangles comprising the base.,5,5.0,5
group095,6,29,3,E,One square angled downwards as the head.,7,5.0,5
group095,6,30,3,I,Backwards kick.,2,4.0,5
group095,6,30,3,I,Two triangular arms to the left.,6,4.0,5
group095,6,30,3,I,Head turned back.,3,4.0,5
group095,6,31,3,J,Straight left back.,3,4.0,5
group095,6,31,3,J,Flat shoulders.,2,4.0,5
group095,6,31,3,J,Pointed arm at top of bodu.,6,4.0,5
group095,6,31,3,J,Small foot at the bottom.,5,4.0,5
group095,6,31,3,J,Regular rhombus head sitting on the flat shoulders.,8,4.0,5
group095,6,31,3,J,Bulky,1,4.0,5
group095,6,31,3,J,Could be described as plump.,5,4.0,5
group095,6,32,3,F,Dejected / Stargazing one,4,5.0,5
group095,6,32,3,F,Detailed leg on the left.,5,5.0,5
group095,6,32,3,F,Pointed shoe.,2,5.0,5
group095,6,32,3,F,Raised knee.,2,5.0,5
group095,6,33,3,H,The one with the weird body.,6,5.0,5
group095,6,33,3,H,"Sorry, controls broke momentarily.",4,5.0,5
group095,6,33,3,H,Pointed bit to the right at the bottom.,8,5.0,5
group095,6,33,3,H,Triangular shoulders.,2,5.0,5
group095,6,33,3,H,The bottom angles forward.,4,5.0,5
group095,6,33,3,H,"It roughly makes an L shape with the head on top, bowed.",12,5.0,5
group095,6,33,3,H,No legs.,2,5.0,5
group095,6,33,3,H,Just what might be knees.,5,5.0,5
group095,6,33,3,H,Very rough shape.,3,5.0,5
group095,6,33,3,H,No arms.,2,5.0,5
group095,6,34,3,K,Feet pointed upwards on the left.,6,5.0,5
group095,6,34,3,K,Triangle on back of shoulders.  Kneeling.,6,5.0,5
group095,6,34,3,K,One arm visible on the right.,6,5.0,5
group095,6,34,3,K,Perhaps praying in a typically Christian way.,7,5.0,5
group095,6,34,3,K,Hands clasped forwards.,3,5.0,5
group095,6,35,3,A,The one with the raised crooked arms which could be mistaken for wings.,13,4.0,5
group095,6,35,3,A,"Two more detailed legs, pointed shoes.",6,4.0,5
group095,6,35,3,A,One is on the ground.,5,4.0,5
group095,6,35,3,A,One is raised to the left.,6,4.0,5
group095,6,35,3,A,Both shoe points are directed left.,6,4.0,5
group095,6,35,3,A,The raised arm is also on the left.,8,4.0,5
group095,6,35,3,A,With the head facing the right.,6,4.0,5
group095,6,36,4,F,"dejected looking person, knee pointed upwards",6,4.0,5
group095,6,36,4,F,pointed foot,2,4.0,5
group095,6,36,4,F,facing left,2,4.0,5
group095,6,37,4,L,"triangular shoulders, holding a bowl to the right with a square underneath",12,3.0,5
group095,6,37,4,L,slightly kneeling / crouching,4,3.0,5
group095,6,37,4,L,facing right,2,3.0,5
group095,6,37,4,L,"my bad, no square",4,3.0,5
group095,6,38,4,H,"the man with no arms, legs / knee slightly pointed to the right",13,5.0,5
group095,6,38,4,H,thick body,2,5.0,5
group095,6,38,4,H,triangular shoulders,2,5.0,5
group095,6,39,4,I,"one leg on the ground, the other raised like a backwards kick",12,5.0,5
group095,6,39,4,I,two triangle arms pointing to the left,7,5.0,5
group095,6,39,4,I,leg on the ground is thicker than the one in the air,12,5.0,5
group095,6,39,4,I,leg on the ground is pointing to the left,9,5.0,5
group095,6,40,4,E,bunny ears,2,3.0,5
group095,6,41,4,G,"two triangle arms to the right, one is higher than the other",12,4.0,5
group095,6,41,4,G,small triangle pointing to the left beneath the head,9,4.0,5
group095,6,41,4,G,thin body and thick legs going to the left,9,4.0,5
group095,6,42,4,C,"legs not visible, arms raised in the air as if celebrating",11,5.0,5
group095,6,42,4,C,arms are triangular,3,5.0,5
group095,6,43,4,K,"back is not straight, triangle arms pointing to the right",10,5.0,5
group095,6,43,4,K,kneeling,1,5.0,5
group095,6,43,4,K,foot pointing upwards on the left,6,5.0,5
group095,6,43,4,K,facing right,2,5.0,5
group095,6,43,4,K,"not that one, the one that looks more like an offering",11,5.0,5
group095,6,44,4,J,"completely straight back with a thick body, small triangle arm pointing right",12,4.0,5
group095,6,44,4,J,flat shoulders,2,4.0,5
group095,6,44,4,J,small dent in the bottom right with a tiny triangular foot pointing right,13,4.0,5
group095,6,45,4,A,"one foot on the ground with the other raised about 45 degrees, pointed shoes",14,5.0,5
group095,6,45,4,A,arms could be mistaken for wings,6,5.0,5
group095,6,46,4,D,bowl with the square underneath facing left,7,4.0,5
group095,6,46,4,D,completely straight back,3,4.0,5
group095,6,46,4,D,triangular shoulders,2,4.0,5
group095,6,46,4,D,small triangle bottom left for his foot,7,4.0,5
group095,6,47,4,B,"triangle arms either side of his body, one on the right is slightly detached",14,4.0,5
group095,6,47,4,B,one foot visible to the left,6,4.0,5
group095,6,47,4,B,kneeling,1,4.0,5
group095,6,48,5,C,parallelogram person,2,4.0,5
group095,6,48,5,C,head facing left,3,4.0,5
group095,6,49,5,K,Kneeling person making an offering,5,5.0,5
group095,6,49,5,K,he's,1,5.0,5
group095,6,50,5,G,"Thick left leg, small right leg",6,1.0,5
group095,6,50,5,G,"head on left side of body, arm on right",9,1.0,5
group095,6,50,5,G,Looks like dancing,3,1.0,5
group095,6,50,5,G,"No, one shape on the right",6,1.0,5
group095,6,51,5,L,Diamond head and triangle shoulders,5,5.0,5
group095,6,51,5,L,"arms on the right, making an offer",7,5.0,5
group095,6,51,5,L,trapezoid feet,2,5.0,5
group095,6,51,5,L,half-kneeling,1,5.0,5
group095,6,51,5,L,"Yes, squat, knees pointing right",5,5.0,5
group095,6,52,5,E,Bunny ears,2,4.0,5
group095,6,53,5,B,Diamond head,2,5.0,5
group095,6,53,5,B,"kneeling, with right arm triangle almost detached from body",9,5.0,5
group095,6,53,5,B,foot pointing left,3,5.0,5
group095,6,54,5,J,"Thick body, like a rectangle on the left",8,5.0,5
group095,6,54,5,J,small triangle pointing outwards on the right,7,5.0,5
group095,6,54,5,J,Small foot on the right,5,5.0,5
group095,6,55,5,H,Triangle shoulders,2,4.0,5
group095,6,55,5,H,No arms visible,3,4.0,5
group095,6,55,5,H,That's right,2,4.0,5
group095,6,55,5,H,Diamond head slightly to the right,6,4.0,5
group095,6,56,5,D,Offering with a bowl,4,5.0,5
group095,6,56,5,D,"Straight back, not kneeling",4,5.0,5
group095,6,56,5,D,Square beneath,2,5.0,5
group095,6,56,5,D,small triangle on left,4,5.0,5
group095,6,56,5,D,Right side is straight back,5,5.0,5
group095,6,57,5,I,Back kick,2,4.0,5
group095,6,57,5,I,Left leg on ground,4,4.0,5
group095,6,57,5,I,"Yes, both arms on left",5,4.0,5
group095,6,58,5,A,One leg kicking out to the left,7,4.0,5
group095,6,58,5,A,Other leg on ground,4,4.0,5
group095,6,58,5,A,arms look like wings,4,4.0,5
group095,6,59,5,F,Dejected/stargazing,1,5.0,5
group095,6,59,5,F,Leg out to the left,5,5.0,5
group095,6,60,6,C,parallelogram,1,4.0,5
group095,6,60,6,C,2 arms raised,3,4.0,5
group095,6,61,6,G,two triangles on right,4,5.0,5
group095,6,61,6,G,trapezoid bottom left,3,5.0,5
group095,6,61,6,G,looks like a horse mayb,5,5.0,5
group095,6,61,6,G,small triangle below head on the left,7,5.0,5
group095,6,62,6,E,bunny ears,2,5.0,5
group095,6,63,6,J,flat shoulders,2,5.0,5
group095,6,63,6,J,"left side completely flat,",4,5.0,5
group095,6,63,6,J,right side small triangle on bottom,6,5.0,5
group095,6,64,6,H,no limbs,2,4.0,5
group095,6,64,6,H,triangle shoulders,2,4.0,5
group095,6,64,6,H,bottom right is pointed,4,4.0,5
group095,6,64,6,H,hexagonish,1,4.0,5
group095,6,65,6,L,knees on right,3,4.0,5
group095,6,65,6,L,triangle arm on right,4,4.0,5
group095,6,65,6,L,feet on left,3,4.0,5
group095,6,65,6,L,triangle shoulders,2,4.0,5
group095,6,66,6,A,one foot on ground,4,5.0,5
group095,6,66,6,A,one foot 45 in the air on left,8,5.0,5
group095,6,66,6,A,detailed shoe,2,5.0,5
group095,6,67,6,D,bowl on left,3,5.0,5
group095,6,67,6,D,square beneath bowl,3,5.0,5
group095,6,67,6,D,foot on left,3,5.0,5
group095,6,68,6,F,dejected stargazing,2,5.0,5
group095,6,68,6,F,left pointed foot,3,5.0,5
group095,6,69,6,K,left foot pointed upward,4,5.0,5
group095,6,69,6,K,triangle shoulder,2,5.0,5
group095,6,69,6,K,arm triangle on right,4,5.0,5
group095,6,69,6,K,"bowl, no square",3,5.0,5
group095,6,70,6,B,right arm triangle is slightly detached,6,5.0,5
group095,6,70,6,B,left arm triangle is attached,5,5.0,5
group095,6,70,6,B,bottom left triangle,3,5.0,5
group095,6,70,6,B,"bottom right, right angle",4,5.0,5
group095,6,71,6,I,kick,1,4.0,5
group095,6,71,6,I,2 triangles on left,4,4.0,5
group095,6,71,6,I,"2 triangles on left, back kick, one foot on ground",10,4.0,5
group096,6,0,1,D,it looks like a guy is holding a cup of soup facing to the left of your screen,18,3.0,5
group096,6,1,1,E,"it looks like a person sitting against a wall facing to the RIGHT of your screen, but they have two separate triangles on their head",25,4.0,5
group096,6,1,1,E,kind of like wacky hair,5,4.0,5
group096,6,2,1,G,"this one looks like a guy leaning backwards resting on his arms face the left of your screen, and they have a rotated square and a triangle on their head",30,4.0,5
group096,6,2,1,G,"their ""arm"" is an upside down triangle",7,4.0,5
group096,6,2,1,G,no like they are leaning backwards,6,4.0,5
group096,6,2,1,G,half leaning half laying,4,4.0,5
group096,6,2,1,G,there is an upside down triangle for their arm,9,4.0,5
group096,6,2,1,G,and they are facing the left of your screen,9,4.0,5
group096,6,2,1,G,there is a rotated square on the left side of their head,12,4.0,5
group096,6,2,1,G,and a triangle rotated 45 degrees on the left side of their head,13,4.0,5
group096,6,3,1,H,this one looks like a guy in a sleeping bag with his head sticking out,15,5.0,5
group096,6,3,1,H,their head is a rotated square,6,5.0,5
group096,6,3,1,H,pointed,1,5.0,5
group096,6,4,1,I,this one looks like a guy doing a yoga pose facing to the left of the screen,17,5.0,5
group096,6,4,1,I,standing,1,5.0,5
group096,6,4,1,I,it looks like a figure skater,6,5.0,5
group096,6,4,1,I,with a pointer head,4,5.0,5
group096,6,5,1,K,this one looks like someone praying facing the right of your screen,12,4.0,5
group096,6,5,1,K,on their knees,3,4.0,5
group096,6,5,1,K,with a pointed head,4,4.0,5
group096,6,5,1,K,yes kneeling fully,3,4.0,5
group096,6,6,1,J,this one looks like a box with a head. only their arms and feet would be sticking out of the box,21,4.0,5
group096,6,6,1,J,facing to the right of the screen,7,4.0,5
group096,6,6,1,J,with a pointed square head,5,4.0,5
group096,6,7,1,C,this one looks like someone is falling,7,5.0,5
group096,6,7,1,C,or swimming,2,5.0,5
group096,6,7,1,C,both arms are in the air,6,5.0,5
group096,6,7,1,C,no legs,2,5.0,5
group096,6,8,1,B,this one looks like an animal facing the left of the screen,12,3.0,5
group096,6,8,1,B,with a pointy nose,4,3.0,5
group096,6,8,1,B,and a square on their head that's only slightly angled,10,3.0,5
group096,6,8,1,B,and a triangle on the back of its head rotated 90 degrees,12,3.0,5
group096,6,8,1,B,with the flat piece facing the LEFT of your screen,10,3.0,5
group096,6,8,1,B,no looks like an animal with a pointy nose facing the left of the screen,15,3.0,5
group096,6,8,1,B,it almost looks shorter than the rest,7,3.0,5
group096,6,8,1,B,looking straight to the left of your screen,8,3.0,5
group096,6,8,1,B,just a little triangle for feet,6,3.0,5
group096,6,8,1,B,that are also facing the left of the screen,9,3.0,5
group096,6,8,1,B,there is a square and a triangle on the top of its head,13,3.0,5
group096,6,9,1,L,last one was hard,4,5.0,5
group096,6,9,1,L,it facing the right of the screen,7,5.0,5
group096,6,9,1,L,squatting looks like it's holding a bowl,7,5.0,5
group096,6,9,1,L,with bent legs,3,5.0,5
group096,6,10,1,A,this one is the one with the pointy nose looking down at its feet,14,5.0,5
group096,6,10,1,A,one foot is in the air,6,5.0,5
group096,6,10,1,A,left,1,5.0,5
group096,6,10,1,A,looking down at its feet,5,5.0,5
group096,6,10,1,A,facing left of the screen,5,5.0,5
group096,6,11,1,F,this one looks like someone with a box head leaning against a wall,13,3.0,5
group096,6,11,1,F,with bad posture,3,3.0,5
group096,6,11,1,F,and their knees are bent,5,3.0,5
group096,6,11,1,F,"learning against a wall to the right of the screen, but they are facing the left of the screen",19,3.0,5
group097,6,0,1,J,"diamond head, small arm pointing right, small foot pointing right, large belly pointing right. Flat left-hand side.",17,4.0,5
group097,6,1,1,H,"small tail pointing right in the bottom right-hand side of the picture. Slight indent on the bottom left-hand side of the picture. Flat sides, but left side is longer than the right-side.",32,4.0,5
group097,6,1,1,H,head slightly to the right of shoulder,7,4.0,5
group097,6,1,1,H,flat bottom,2,4.0,5
group097,6,1,1,H,pointing out in bottom-right of picture to right-hand side,9,4.0,5
group097,6,1,1,H,no arms,2,4.0,5
group097,6,2,1,E,bunny rabbit ears. Flat left-hand side and flat bottom.,9,5.0,5
group097,6,3,1,A,Standing on one leg. Other foot pointing out on left-hand side. 2 heads.,13,5.0,5
group097,6,3,1,A,One head a perfect square. Other head one side slanted,10,5.0,5
group097,6,3,1,A,Kicking yes,2,5.0,5
group097,6,3,1,A,trapezoid yes,2,5.0,5
group097,6,4,1,G,"small triangle on right-hand side of picture. 2 heads, one square in top-left of picture.",15,3.0,5
group097,6,4,1,G,Flat bottom in bottom-right hand side of picture,8,3.0,5
group097,6,4,1,G,Thin chest,2,3.0,5
group097,6,4,1,G,Small triangle pointing out to the left at the top of the chest,13,3.0,5
group097,6,4,1,G,Small triangle foot on in bottom-right of picture barely attached,10,3.0,5
group097,6,5,1,L,Triangle pointing out to right-hand side of picture. Looks like a soldier carrying a gun.,15,3.0,5
group097,6,5,1,L,Legs in a zig zag,5,3.0,5
group097,6,5,1,L,Head slightly to the right of shoulders,7,3.0,5
group097,6,5,1,L,Flat back on left-hand side,5,3.0,5
group097,6,5,1,L,Gun pointing to right-hand side,5,3.0,5
group097,6,5,1,L,Not left,2,3.0,5
group097,6,5,1,L,Clear?,1,3.0,5
group097,6,6,1,I,Standing on one left. Two triangles sticking out to left-hand side.,11,5.0,5
group097,6,6,1,I,Small triangle as a tail on right-hand side,8,5.0,5
group097,6,6,1,I,Standing on one leg*,4,5.0,5
group097,6,7,1,F,Looks like a man on the floor in pain,9,4.0,5
group097,6,7,1,F,Triangle foot on far-left of picture,6,4.0,5
group097,6,7,1,F,Head in top-right of picture,5,4.0,5
group097,6,7,1,F,Barely attached to chest,4,4.0,5
group097,6,7,1,F,"Flat bottom, with slight indent in bottom-right of picture",9,4.0,5
group097,6,7,1,F,flat back on right-hand side of picture,7,4.0,5
group097,6,8,1,K,Triangle pointing out to the right-hand side in the middle of the picture and bottom of the picture,18,5.0,5
group097,6,8,1,K,Head looks like it is stacked on another diamond,9,5.0,5
group097,6,8,1,K,Small triangle tail in bottom left-hand side of picture,9,5.0,5
group097,6,8,1,K,"Two jutting out bits, one in bottom left, one to the left of shoulders slightly above it",17,5.0,5
group097,6,8,1,K,Two bits jutting out to right,6,5.0,5
group097,6,9,1,D,"Looks like a man carrying a gun, but pointing out to the left-hand side this time",16,5.0,5
group097,6,9,1,D,Very thick chest,3,5.0,5
group097,6,9,1,D,Flat back on right-hand side,5,5.0,5
group097,6,9,1,D,Head slightly to the left of shoulders,7,5.0,5
group097,6,10,1,C,Looks like one of those puppets you get a car sales shops,12,5.0,5
group097,6,10,1,C,Going out to the left,5,5.0,5
group097,6,10,1,C,diagonally,1,5.0,5
group097,6,10,1,C,"One arm waving to the top-right, one arm waving to the left",12,5.0,5
group097,6,11,1,B,Looks like someone kneeling on the floor,7,3.0,5
group097,6,11,1,B,triangle arm on right not attached to body,8,3.0,5
group097,6,11,1,B,Other arm attached on left-hand side,6,3.0,5
group097,6,11,1,B,Small triangle foot on left-hand side,6,3.0,5
group097,6,11,1,B,"Flat bottom, with indent on the left-hand side",8,3.0,5
group097,6,11,1,B,Head in-between the two arms,5,3.0,5
group097,6,12,2,K,"diamond head on top of diamond chest, kneeling with arm out to the right, jutting out tail on the left",20,5.0,5
group097,6,13,2,B,"this one is also kneeling, diamond head between arms,  with triangle arms spread out, right arm barely attached, small triangle tail on left",23,5.0,5
group097,6,14,2,F,this is the sad man sitting on the floor in pain,11,5.0,5
group097,6,14,2,F,"back on the right, looking towards the left",8,5.0,5
group097,6,15,2,A,"this is the man standing on one leg, his left foot in the arm, arms raised to the left, head tipping backwards to the right",25,5.0,5
group097,6,15,2,A,*in the air,3,5.0,5
group097,6,15,2,A,the head tilted to the right,6,5.0,5
group097,6,16,2,I,"balanced on one leg, other leg sticking out behind him to the right. head and two triangle arms to the left",21,4.0,5
group097,6,17,2,C,this is the crime scene one,6,5.0,5
group097,6,17,2,C,falling backwards to the left,5,5.0,5
group097,6,17,2,C,with arms spread out,4,5.0,5
group097,6,18,2,G,this one is kneeling with diamond head tilted to the left. flat on the bottom. two triangles sticking out on the right,22,4.0,5
group097,6,18,2,G,long extra flat bit at the bottom to the left,10,4.0,5
group097,6,18,2,G,"no, thin chest",3,4.0,5
group097,6,19,2,H,this one has a diamond head and a body with no arms or legs,14,4.0,5
group097,6,19,2,H,just a little jutty bit on the right,8,4.0,5
group097,6,20,2,E,this looks a little like a windmill,7,5.0,5
group097,6,20,2,E,the left side is flat,5,5.0,5
group097,6,21,2,L,"kneeling with zigzag legs, arms/gun out to the right",9,4.0,5
group097,6,22,2,D,"standing up but also with gun sticking out, this time to the left, flat right side",16,5.0,5
group097,6,22,2,D,small triangle at bottom left,5,5.0,5
group097,6,23,2,J,"completely flat on the left, triangle arm and foot sticking out to the right, diamond head",16,5.0,5
group097,6,23,2,J,looks like he's standing,4,5.0,5
group097,6,23,2,J,thick chest,2,5.0,5
group097,6,24,3,H,"no arms or legs, head slightly to the right, triangle on the right hand side at the bottom.",18,5.0,5
group097,6,25,3,G,"Looks like someone kneeling with one thick leg on the left and one smaller triangular leg on the right. Head to the left, almost falling off. Thin chest.",28,4.0,5
group097,6,26,3,A,"standing on one leg, other leg kicking out to the left. Square head to the right, trapezoid head to the left.",21,5.0,5
group097,6,27,3,F,"sick man sitting on the floor. small triangular foot, knees bent upwards. Flat back with small indent on the bottom right.",21,5.0,5
group097,6,28,3,J,completely flat on the left hand side. diamond head in the centre. One small triangle on the top right hand side and another at the bottom. Small triangular indent just above the bottom on the right hand side.,38,5.0,5
group097,6,29,3,C,car sales puppet/ crime scene man!,6,4.0,5
group097,6,30,3,B,"kneeling again, flat bottom with small indent on the left with a smaller triangle above it. larger triangle on the right hand side, connected to the head by its point.",30,4.0,5
group097,6,30,3,B,"small gap between the triangle on the right and the ""body""",11,4.0,5
group097,6,31,3,I,"standing on one leg, looks like an ice skating pose! two triangular points on the left hand side, smaller triangle on the right hand side sticking out on its own.",30,5.0,5
group097,6,31,3,I,"square head on top, slightly to the left.",8,5.0,5
group097,6,32,3,K,square head on top of a diamond.,7,5.0,5
group097,6,32,3,K,Flat on the bottom with two pointy triangles on the right hand side.,13,5.0,5
group097,6,32,3,K,small jutty bit on the left hand side.,8,5.0,5
group097,6,32,3,K,looks like two diamonds stacked on top of each other.,10,5.0,5
group097,6,33,3,L,man with gun pointing to the right. Zig Zag legs,10,5.0,5
group097,6,34,3,E,Bunny rabbit ears/ windmill!,4,5.0,5
group097,6,35,3,D,man with gun again but this time pointing to the left. straight on right hand side. Small triangular foot on the bottom left,23,5.0,5
group097,6,36,4,I,"Standing on one foot, 2 triangles to the left, one to the right",13,5.0,5
group097,6,36,4,I,Ballet pose to the left,5,5.0,5
group097,6,37,4,F,The sad man,3,4.0,5
group097,6,37,4,F,"flat bottom, flat right side",5,4.0,5
group097,6,38,4,A,Trapezoid head man,3,4.0,5
group097,6,38,4,A,standing on one foot,4,4.0,5
group097,6,38,4,A,2 heads,2,4.0,5
group097,6,39,4,H,No arms or legs,4,5.0,5
group097,6,39,4,H,Just one triangle on bottom right,6,5.0,5
group097,6,40,4,G,"looks a bit like a mermaid, tail laid out to the left",12,5.0,5
group097,6,40,4,G,square head to the left,5,5.0,5
group097,6,40,4,G,both arms to the right,5,5.0,5
group097,6,40,4,G,both arms are triangles barely attached,6,5.0,5
group097,6,41,4,E,bunny windmill,2,4.0,5
group097,6,42,4,C,crime scene,2,4.0,5
group097,6,42,4,C,falling to the left,4,4.0,5
group097,6,43,4,K,"kneeling, gun to the right",5,3.0,5
group097,6,43,4,K,diamond head on diamond chest,5,3.0,5
group097,6,45,4,L,kneeling man with gun to the right,7,5.0,5
group097,6,45,4,L,zig zag legs,3,5.0,5
group097,6,46,4,B,the one that looks like it's barely holding together,9,4.0,5
group097,6,46,4,B,triangles barely attached,3,4.0,5
group097,6,46,4,B,kneeling,1,4.0,5
group097,6,46,4,B,square head with triangle barely attached,6,4.0,5
group097,6,47,4,D,"kneeling, pointing to the left",5,4.0,5
group097,6,47,4,D,flat right side,3,4.0,5
group097,6,47,4,D,like an altar boy holding a plate,7,4.0,5
group097,6,48,5,J,Fully flat left side,4,4.0,5
group097,6,48,5,J,Jagged right side with 2 points,6,4.0,5
group097,6,49,5,C,Guy falling to the left arms up,7,3.0,5
group097,6,50,5,G,"Head tilted to the left, Large leg pointing left flat on the ground",13,5.0,5
group097,6,50,5,G,2 arms almost unattached on the right side,8,5.0,5
group097,6,51,5,F,Sad man,2,4.0,5
group097,6,52,5,B,Square and triangle barely attached with flat bottom,8,4.0,5
group097,6,52,5,B,triangle pointing left,3,4.0,5
group097,6,52,5,B,with triangle feet pointing left,5,4.0,5
group097,6,53,5,H,"No arms or legs, only small tail to the right",10,3.0,5
group097,6,54,5,E,Bunny ears,2,3.0,5
group097,6,55,5,L,Zig zag legs pointing right,5,4.0,5
group097,6,55,5,L,flat left side,3,4.0,5
group097,6,56,5,K,Diamond head on diamond body,5,3.0,5
group097,6,57,5,I,Left up to the right,5,5.0,5
group097,6,57,5,I,2 triangles stacked for a body,6,5.0,5
group097,6,57,5,I,standing on 1 leg,4,5.0,5
group097,6,58,5,A,"Leg to the left, about to kick",7,5.0,5
group097,6,58,5,A,2 heads,2,5.0,5
group097,6,59,5,D,"Gun to the left, flat feet",6,4.0,5
group097,6,59,5,D,flat right side,3,4.0,5
group097,6,60,6,I,ice skater,2,4.0,5
group097,6,60,6,I,two triangles to the left,5,4.0,5
group097,6,60,6,I,standing on one foot,4,4.0,5
group097,6,61,6,J,flat left hand side,4,4.0,5
group097,6,61,6,J,small triangle at bottom and small triangle at top for arms,11,4.0,5
group097,6,62,6,G,square head to the left of body barely attached,9,5.0,5
group097,6,63,6,D,looks like a waiter,4,4.0,5
group097,6,63,6,D,flat right side,3,4.0,5
group097,6,64,6,H,no arms or legs tail to right,7,5.0,5
group097,6,65,6,L,zig zag legs,3,2.0,5
group097,6,66,6,C,crime scene man,3,4.0,5
group097,6,66,6,C,car sales puppet,3,4.0,5
group097,6,67,6,K,diamond on diamond head,4,4.0,5
group097,6,68,6,A,trapezoid head,2,4.0,5
group097,6,68,6,A,standing on one leg,4,4.0,5
group097,6,69,6,B,square head with triangle barely attached,6,3.0,5
group097,6,69,6,B,flat bottom with indent on left,6,3.0,5
group097,6,70,6,F,sad man,2,4.0,5
group097,6,70,6,F,knees pointing upwards,3,4.0,5
group097,6,71,6,E,bunny ears/ windmill,3,4.0,5
group098,6,0,1,F,it looks like a man sitting down,7,5.0,5
group098,6,1,1,E,it looks like a mountain,5,3.0,5
group098,6,1,1,E,that has a windmill on top,6,3.0,5
group098,6,2,1,B,it looks like a man kneeling,6,2.0,5
group098,6,2,1,B,with wings,2,2.0,5
group098,6,2,1,B,but it's not the one that looks like totally a bird,11,2.0,5
group098,6,2,1,B,its other foot is showing,5,2.0,5
group098,6,2,1,B,i would say that his head is a square that is tilted,12,2.0,5
group098,6,2,1,B,but yeah he is definitely kneeling,6,2.0,5
group098,6,2,1,B,with two triangular arms,4,2.0,5
group098,6,2,1,B,he is not the one that looks like praying,9,2.0,5
group098,6,3,1,G,this man looks like its offering something,7,0.0,5
group098,6,3,1,G,he is looking up,4,0.0,5
group098,6,3,1,G,and he looks like he is offering something,8,0.0,5
group098,6,3,1,G,nope he is slightly kneeling,5,0.0,5
group098,6,4,1,K,ok this one is kneeling and praying,7,4.0,5
group098,6,4,1,K,or he could be trying to beg for money or something,11,4.0,5
group098,6,4,1,K,his head is straight,4,4.0,5
group098,6,4,1,K,his backside,2,4.0,5
group098,6,4,1,K,is much larger than the other one that also looks like praying,12,4.0,5
group098,6,5,1,I,this man is standing on one foot,7,5.0,5
group098,6,5,1,I,and his other foot is way back,7,5.0,5
group098,6,5,1,I,he looks like he is ice skating,7,5.0,5
group098,6,6,1,J,is the most covered,4,5.0,5
group098,6,6,1,J,he has the most mass,5,5.0,5
group098,6,6,1,J,his other arm is sticking out,6,5.0,5
group098,6,7,1,H,this one has the shape of the previous one,9,5.0,5
group098,6,7,1,H,but he is a lite version of it,8,5.0,5
group098,6,7,1,H,he has no arms,4,5.0,5
group098,6,8,1,D,this one looks like a priest,6,5.0,5
group098,6,8,1,D,standing and holding a book,5,5.0,5
group098,6,9,1,A,this dude is also seems like he is offering something to the sun god,14,5.0,5
group098,6,9,1,A,both of his feet are shown,6,5.0,5
group098,6,9,1,A,standing on one foot,4,5.0,5
group098,6,9,1,A,yes his head is backwards,5,5.0,5
group098,6,9,1,A,and his other foot is forward,6,5.0,5
group098,6,10,1,L,ok this one is kneeling and praying too,8,4.0,5
group098,6,10,1,L,but he is the ;ite version of the previous one,10,4.0,5
group098,6,10,1,L,he is not all the way down,7,4.0,5
group098,6,11,1,C,this one is definitely flying,5,4.0,5
group098,6,11,1,C,like an eagle,3,4.0,5
group098,6,11,1,C,he looks like NATU if you are aware of pokemon,10,4.0,5
group098,6,12,2,I,ice skater,2,5.0,5
group098,6,13,2,C,guy offering something,3,1.0,5
group098,6,13,2,C,two hands in the air,5,1.0,5
group098,6,13,2,C,no feet,2,1.0,5
group098,6,13,2,C,no two arms in the air parallel,7,1.0,5
group098,6,14,2,H,2nd largest guy,3,4.0,5
group098,6,14,2,H,he's kinda sitting,3,4.0,5
group098,6,14,2,H,no just a body and a head,7,4.0,5
group098,6,14,2,H,2nd largest,2,4.0,5
group098,6,15,2,G,like a zombie crawling,4,3.0,5
group098,6,15,2,G,he's laying down head raised backwards,6,3.0,5
group098,6,15,2,G,2 arms one in the air,6,3.0,5
group098,6,16,2,D,priest holding a book,4,4.0,5
group098,6,16,2,D,standing straight,2,4.0,5
group098,6,17,2,A,opposite ice skater,3,4.0,5
group098,6,17,2,A,stood on one foot,4,4.0,5
group098,6,18,2,F,guy laying down slumped over,5,5.0,5
group098,6,18,2,F,he's looking at his legs,5,5.0,5
group098,6,18,2,F,normal head,2,5.0,5
group098,6,19,2,K,guy offering something but with a shape on his back,10,5.0,5
group098,6,19,2,K,below the head yes,4,5.0,5
group098,6,20,2,B,kinda looks like a mouse,5,2.0,5
group098,6,20,2,B,triangle shaped head small body,5,2.0,5
group098,6,21,2,L,other guy offering something,4,5.0,5
group098,6,21,2,L,bent knees,2,5.0,5
group098,6,22,2,J,largest guy,2,5.0,5
group098,6,22,2,J,small arms,2,5.0,5
group098,6,23,2,E,the other one with 2 ears,6,5.0,5
group098,6,23,2,E,windmill,1,5.0,5
group098,6,24,3,K,man kneeling offering,3,5.0,5
group098,6,24,3,K,small triangle top of back,5,5.0,5
group098,6,25,3,A,man on one foot head backwards one foot sticking forward,10,4.0,5
group098,6,26,3,C,person falling,2,4.0,5
group098,6,26,3,C,no legs,2,4.0,5
group098,6,26,3,C,torso and head two arms,5,4.0,5
group098,6,27,3,L,man offering not. mid air kneeling,6,3.0,5
group098,6,27,3,L,or praying. mid air kneel,5,3.0,5
group098,6,27,3,L,like he's kneeling on a step,6,3.0,5
group098,6,27,3,L,invisible one,2,3.0,5
group098,6,28,3,D,priest stood straight reading his book,6,5.0,5
group098,6,29,3,G,zombie. arms splayed out one arm top of head one arm bottom at knee height,15,5.0,5
group098,6,30,3,E,windmill,1,5.0,5
group098,6,30,3,E,mountain,1,5.0,5
group098,6,31,3,I,ice skater,2,5.0,5
group098,6,32,3,J,biggest torso person,3,4.0,5
group098,6,32,3,J,one little arm,3,4.0,5
group098,6,32,3,J,poking out to the right,5,4.0,5
group098,6,33,3,H,second torso guy,3,4.0,5
group098,6,33,3,H,no arms or feet,4,4.0,5
group098,6,34,3,F,man sat by tree,4,5.0,5
group098,6,34,3,F,sat on arms,3,5.0,5
group098,6,34,3,F,sat on hands,3,5.0,5
group098,6,34,3,F,looking at knee,3,5.0,5
group098,6,35,3,B,praying kneeling person with diamond head with a triangle sticking out of it,13,2.0,5
group098,6,35,3,B,offering,1,2.0,5
group098,6,36,4,E,windmill on mountain,3,5.0,5
group098,6,37,4,C,torso falling with arms up and no legs,8,5.0,5
group098,6,38,4,J,biggest torso,2,4.0,5
group098,6,39,4,B,animal with square and triangle ears on top of head,10,4.0,5
group098,6,39,4,B,looks like a mouse nose,5,4.0,5
group098,6,40,4,K,person kneeling offering,3,5.0,5
group098,6,40,4,K,with triangle on back,4,5.0,5
group098,6,41,4,I,ice skater,2,5.0,5
group098,6,42,4,H,second biggest torso with no arms just a head,9,5.0,5
group098,6,43,4,L,person half bent knees offering,5,4.0,5
group098,6,44,4,A,opposite ice skater  :),4,4.0,5
group098,6,45,4,G,zombie person with one arm high and the other low,10,5.0,5
group098,6,46,4,D,standing priest figure,3,4.0,5
group098,6,46,4,D,reading a book,3,4.0,5
group098,6,47,4,F,person sat with bent knees looking at them,8,5.0,5
group098,6,48,5,K,triangle top of back offering,5,4.0,5
group098,6,49,5,D,priest,1,5.0,5
group098,6,49,5,D,book,1,5.0,5
group098,6,50,5,F,sitting hands under leg,4,5.0,5
group098,6,50,5,F,looking up,2,5.0,5
group098,6,50,5,F,sitting and relaxing,3,5.0,5
group098,6,51,5,L,half kneel offering,3,5.0,5
group098,6,52,5,A,opposite ice skater,3,5.0,5
group098,6,53,5,B,only one with triangle on head,6,4.0,5
group098,6,53,5,B,not windmill,2,4.0,5
group098,6,53,5,B,it's the only one with triangle on its head Literally,10,4.0,5
group098,6,53,5,B,a square head with triangle by it,7,4.0,5
group098,6,54,5,E,windmill,1,3.0,5
group098,6,55,5,J,biggest one,2,4.0,5
group098,6,56,5,C,flying with no feet,4,5.0,5
group098,6,57,5,G,the same zombie one one arm up one down,9,4.0,5
group098,6,58,5,H,no arms just body and head,6,4.0,5
group098,6,59,5,I,ice skater,2,3.0,5
group098,6,60,6,F,sitting looking at knees,4,4.0,5
group098,6,61,6,J,biggest torso,2,3.0,5
group098,6,62,6,D,priest with book,3,2.0,5
group098,6,63,6,L,"offering, half kneeling",3,3.0,5
group098,6,64,6,B,kneeling with arms spread out,5,1.0,5
group098,6,64,6,B,not the flying one,4,1.0,5
group098,6,65,6,H,second biggest torso,3,5.0,5
group098,6,65,6,H,"no arms, sitting",3,5.0,5
group098,6,66,6,C,flying one,2,5.0,5
group098,6,66,6,C,or falling,2,5.0,5
group098,6,67,6,E,windmill on mountain,3,4.0,5
group098,6,68,6,I,ice skater,2,4.0,5
group098,6,69,6,K,"offering, kneeling, triangle on back",5,3.0,5
group098,6,70,6,A,opposite ice skater,3,4.0,5
group098,6,71,6,G,crawling zombie,2,5.0,5
group099,6,0,1,F,sitting person,2,4.0,5
group099,6,0,1,F,facing left,2,4.0,5
group099,6,0,1,F,yes knees bend,3,4.0,5
group099,6,1,1,G,facing right,2,4.0,5
group099,6,1,1,G,standing,1,4.0,5
group099,6,1,1,G,trailing skirt behind,3,4.0,5
group099,6,1,1,G,arms raised,2,4.0,5
group099,6,1,1,G,yes .leg to right in air and head leant back,10,4.0,5
group099,6,2,1,I,One leg in air to the right,7,4.0,5
group099,6,3,1,K,arms to right,3,4.0,5
group099,6,3,1,K,Looks on their knees,4,4.0,5
group099,6,3,1,K,feet up at the end and bent knees,8,4.0,5
group099,6,3,1,K,Kneeling,1,4.0,5
group099,6,4,1,J,Very square body,3,5.0,5
group099,6,4,1,J,One hand sticking out top right,6,5.0,5
group099,6,4,1,J,Straight line all down left side like a block,9,5.0,5
group099,6,5,1,B,Triangle hand to right,4,4.0,5
group099,6,5,1,B,Kneeling,1,4.0,5
group099,6,5,1,B,Wings ?,2,4.0,5
group099,6,5,1,B,Wings on back facing right.,5,4.0,5
group099,6,5,1,B,Feet not pointing up,4,4.0,5
group099,6,5,1,B,Triangle feet,2,4.0,5
group099,6,5,1,B,(on left),2,4.0,5
group100,6,0,1,H,Hello! This is the 6th from the to upper left. It looks like a person kneeling up sideways. Second to the left,22,0.0,5
group100,6,1,1,J,the head looks like a straight diamonds. Right arms sideway. Right leg bended. Left body straight.,16,0.0,5
group100,6,2,1,K,Icon looks like he's praying and kneeling down with hands level raise up,13,4.0,5
group100,6,2,1,K,The feelt shaped like a duck,6,4.0,5
group100,6,2,1,K,arms forward,2,4.0,5
group100,6,2,1,K,back breast lol,3,4.0,5
group100,6,3,1,G,about to fall,3,1.0,5
group100,6,3,1,G,arms at the back,4,1.0,5
group100,6,3,1,G,leaning down while both arms at the back,8,1.0,5
group100,6,3,1,G,legs laying horizontally,3,1.0,5
group100,6,3,1,G,looks like being persecuted,4,1.0,5
group100,6,3,1,G,crossifix,1,1.0,5
group100,6,4,1,L,Squat,1,1.0,5
group100,6,4,1,L,both arms forward,3,1.0,5
group100,6,4,1,L,straight diamond up,3,1.0,5
group101,6,0,1,E,looks like a bunny,4,1.0,5
group101,6,1,1,D,looks like a praying man standing up straight,8,1.0,5
group101,6,1,1,D,looking at the sky,4,1.0,5
group101,6,2,1,C,a guy leaning forward,4,3.0,5
group101,6,2,1,C,no feet,2,3.0,5
group101,6,2,1,C,looks like he's screaming at the sky,7,3.0,5
group101,6,2,1,C,outwards,1,3.0,5
group101,6,2,1,C,you can see both arms,5,3.0,5
group101,6,3,1,H,has no arms or legs,5,5.0,5
group101,6,3,1,H,no ears either,3,5.0,5
group101,6,3,1,H,looks like the letter j,5,5.0,5
group101,6,3,1,H,but backwards,2,5.0,5
group101,6,4,1,L,a person praying with their knees bent slightly,8,5.0,5
group101,6,4,1,L,facing the right side,4,5.0,5
group101,6,4,1,L,and a straight back,4,5.0,5
group101,6,4,1,L,no pointy tail the other one,6,5.0,5
group101,6,5,1,J,looks like the previous cocoon one,6,4.0,5
group101,6,5,1,J,no arms or legs,4,4.0,5
group101,6,5,1,J,very straight back,3,4.0,5
group101,6,5,1,J,not the same one as before,6,4.0,5
group101,6,5,1,J,back is straight,3,4.0,5
group101,6,5,1,J,facing the right,3,4.0,5
group101,6,5,1,J,the body looks light a boot,6,4.0,5
group101,6,6,1,B,the head has one triangle coming out of it,9,3.0,5
group101,6,7,1,F,looks like a homeless man sitting on the street,9,5.0,5
group101,6,7,1,F,with no bunny ears,4,5.0,5
group101,6,8,1,K,looks like a big mouth open towards the right,9,0.0,5
group101,6,8,1,K,has a diamond head,4,0.0,5
group101,6,8,1,K,no ears,2,0.0,5
group101,6,8,1,K,looks like a less than sign,6,0.0,5
group101,6,9,1,A,walking man,2,5.0,5
group101,6,9,1,A,with one foot up,4,5.0,5
group101,6,9,1,A,not the barrelina one,4,5.0,5
group101,6,9,1,A,looks like his head is falling off,7,5.0,5
group101,6,9,1,A,the head is on the right side,7,5.0,5
group101,6,9,1,A,but the legs are facing the other way,8,5.0,5
group101,6,10,1,G,the body looks like a heel,6,5.0,5
group101,6,11,1,I,looks like a figure skater,5,5.0,5
group101,6,11,1,I,one foot up,3,5.0,5
group101,6,12,2,A,One leg on ground,4,3.0,5
group101,6,12,2,A,square head falling to the right,6,3.0,5
group101,6,12,2,A,One leg facing opposite direction,5,3.0,5
group101,6,12,2,A,in mid air,3,3.0,5
group101,6,12,2,A,Weird looking creature,3,3.0,5
group101,6,12,2,A,Thriller guy,2,3.0,5
group101,6,13,2,B,The one which looks like a mouse,7,5.0,5
group101,6,13,2,B,Facing leftwards,2,5.0,5
group101,6,14,2,I,Figure skater,2,4.0,5
group101,6,14,2,I,Facing leftwards,2,4.0,5
group101,6,15,2,F,Homeless guy,2,4.0,5
group101,6,15,2,F,With legs out,3,4.0,5
group101,6,15,2,F,facing leftwards,2,4.0,5
group101,6,16,2,G,The boot,2,3.0,5
group101,6,16,2,G,with square head falling to the left,7,3.0,5
group101,6,16,2,G,with triangle bottom right,4,3.0,5
group101,6,17,2,K,Praying person,2,4.0,5
group101,6,17,2,K,with diamond head,3,4.0,5
group101,6,17,2,K,facing rightwards,2,4.0,5
group101,6,17,2,K,triangular tail pointing upwards,4,4.0,5
group101,6,17,2,K,kneeling on floor,3,4.0,5
group101,6,18,2,E,Right angle thing with bunny ears,6,3.0,5
group101,6,18,2,E,with double slope body,4,3.0,5
group101,6,18,2,E,facing rightwards,2,3.0,5
group101,6,18,2,E,Yes two triangles on hea,5,3.0,5
group101,6,18,2,E,head,1,3.0,5
group101,6,19,2,H,Guy facing rightwards,3,4.0,5
group101,6,19,2,H,with no limbs,3,4.0,5
group101,6,19,2,H,Yes cocoon,2,4.0,5
group101,6,20,2,D,Guy facing leftwards,3,5.0,5
group101,6,20,2,D,diamond head,2,5.0,5
group101,6,20,2,D,arms ut,2,5.0,5
group101,6,20,2,D,with feet pointing leftwards,4,5.0,5
group101,6,20,2,D,arms out,2,5.0,5
group101,6,20,2,D,standing upright,2,5.0,5
group101,6,21,2,J,The one which looks most like a square,8,5.0,5
group101,6,21,2,J,facing rightwards,2,5.0,5
group101,6,21,2,J,hand out facing right,4,5.0,5
group101,6,21,2,J,and feet,2,5.0,5
group101,6,21,2,J,diamond head,2,5.0,5
group101,6,21,2,J,Not the boot,3,5.0,5
group101,6,21,2,J,the boot,2,5.0,5
group101,6,21,2,J,The one which is pointing rightwards,6,5.0,5
group101,6,22,2,C,Leaning leftwards,2,0.0,5
group102,6,0,1,J,diamond above,2,3.0,5
group102,6,0,1,J,diamond above a flat trapezium,5,3.0,5
group102,6,0,1,J,the diamond on top of a flat surface,8,3.0,5
group102,6,0,1,J,no legs no arms,4,3.0,5
group102,6,1,1,E,two diamonds above,3,4.0,5
group102,6,1,1,E,a square in the middle,5,4.0,5
group102,6,1,1,E,a triangle below,3,4.0,5
group102,6,1,1,E,not the one sitting down,5,4.0,5
group102,6,1,1,E,a square is in between,5,4.0,5
group102,6,1,1,E,the square is bent,4,4.0,5
group102,6,1,1,E,two triangles above,3,4.0,5
group102,6,2,1,D,a standing form,3,4.0,5
group102,6,2,1,D,not sitting,2,4.0,5
group102,6,2,1,D,diamond above,2,4.0,5
group102,6,2,1,D,looks like wearing an apron,5,4.0,5
group102,6,2,1,D,diamond head facing upwards,4,4.0,5
group102,6,2,1,D,yeah has hands,3,4.0,5
group102,6,2,1,D,no bent legs,3,4.0,5
group102,6,3,1,I,has a tail,3,5.0,5
group102,6,3,1,I,like a triangle,3,5.0,5
group102,6,3,1,I,diamond head,2,5.0,5
group102,6,3,1,I,one leg,2,5.0,5
group102,6,3,1,I,slanting,1,5.0,5
group102,6,3,1,I,like a z hand,4,5.0,5
group102,6,3,1,I,yeah to the left,4,5.0,5
group102,6,4,1,C,hands up,2,5.0,5
group102,6,4,1,C,like one celebrating,3,5.0,5
group102,6,4,1,C,bent body,2,5.0,5
group102,6,4,1,C,solid straight body,3,5.0,5
group102,6,4,1,C,slanting body to the left,5,5.0,5
group102,6,5,1,A,head  at the neck,4,4.0,5
group102,6,5,1,A,facing to the left,4,4.0,5
group102,6,5,1,A,one leg is raised,4,4.0,5
group102,6,5,1,A,one leg raised,3,4.0,5
group102,6,6,1,G,a triangle on the floor,5,3.0,5
group102,6,6,1,G,a rectangle on the floor,5,3.0,5
group102,6,6,1,G,square facing to the left,5,3.0,5
group102,6,6,1,G,heads facing to the right,5,3.0,5
group102,6,6,1,G,one arm attached to the leg,6,3.0,5
group102,6,6,1,G,like a triangle attached to the leg,7,3.0,5
group102,6,7,1,F,sitting down,2,5.0,5
group102,6,7,1,F,faced to the left,4,5.0,5
group102,6,7,1,F,facing left,2,5.0,5
group102,6,8,1,K,facing right,2,1.0,5
group102,6,8,1,K,hands like a triangle,4,1.0,5
group102,6,8,1,K,no ears,2,1.0,5
group102,6,8,1,K,protrusion on the legs,4,1.0,5
group102,6,8,1,K,yeah like a chef going to serve food,8,1.0,5
group102,6,8,1,K,but straight legs,3,1.0,5
group102,6,9,1,B,triangle body,2,5.0,5
group102,6,9,1,B,not standing,2,5.0,5
group102,6,9,1,B,like a triangle on its legs,6,5.0,5
group102,6,10,1,L,like a chef carrying food but with slanting legs,9,5.0,5
group102,6,10,1,L,diamond head,2,5.0,5
group102,6,11,1,H,no arms,2,2.0,5
group102,6,11,1,H,just head and body,4,2.0,5
group102,6,11,1,H,facing right,2,2.0,5
group102,6,11,1,H,bent knees,2,2.0,5
group102,6,11,1,H,diamond head,2,2.0,5
group103,6,0,1,J,straight edged on one side,5,4.0,5
group103,6,0,1,J,diamond on top,3,4.0,5
group103,6,0,1,J,then zig zag on right,5,4.0,5
group103,6,0,1,J,standing,1,4.0,5
group103,6,0,1,J,zig zag on the side I meant,7,4.0,5
group103,6,0,1,J,the right side,3,4.0,5
group103,6,0,1,J,it's like a rectangle for the left,7,4.0,5
group103,6,0,1,J,then zig zag on the right side,7,4.0,5
group103,6,1,1,H,diamond on top,3,0.0,5
group103,6,1,1,H,then triangle,2,0.0,5
group103,6,1,1,H,then swooshes out to the right,6,0.0,5
group103,6,1,1,H,like someone kneeling,3,0.0,5
group103,6,1,1,H,kneeling,1,0.0,5
group103,6,1,1,H,nut maybe bent legs,4,0.0,5
group103,6,1,1,H,the legs are to one side,6,0.0,5
group103,6,2,1,L,this is the one that some people picked for the last one,12,4.0,5
group103,6,2,1,L,bent legs,2,4.0,5
group103,6,2,1,L,then hands out straight,4,4.0,5
group103,6,2,1,L,diamond on top,3,4.0,5
group103,6,3,1,E,wearing some sort of crown,5,5.0,5
group103,6,3,1,E,square head,2,5.0,5
group103,6,3,1,E,triangle body,2,5.0,5
group103,6,3,1,E,sat down,2,5.0,5
group103,6,3,1,E,like two mountains,3,5.0,5
group103,6,3,1,E,the body,2,5.0,5
group103,6,3,1,E,straight edge on the floor,5,5.0,5
group103,6,4,1,A,square on the back,4,4.0,5
group103,6,4,1,A,standing up,2,4.0,5
group103,6,4,1,A,pointing to the left,4,4.0,5
group103,6,4,1,A,looks like a beak,4,4.0,5
group103,6,5,1,D,square as head but in a diamond shape,8,4.0,5
group103,6,5,1,D,hands holding out,3,4.0,5
group103,6,5,1,D,pointing to the left,4,4.0,5
group103,6,5,1,D,no leg,2,4.0,5
group103,6,5,1,D,its a triangle morphed with a rectangle,7,4.0,5
group103,6,5,1,D,then a triangle foot,4,4.0,5
group103,6,5,1,D,triangle for shoulders and a diamond head,7,4.0,5
group103,6,6,1,G,laid down,2,4.0,5
group103,6,6,1,G,looks like a rabbit,4,4.0,5
group103,6,6,1,G,hand behind back,3,4.0,5
group103,6,6,1,G,different one,2,4.0,5
group103,6,6,1,G,its laid down,3,4.0,5
group103,6,6,1,G,triangle behind it,3,4.0,5
group103,6,6,1,G,reaching behind,2,4.0,5
group103,6,6,1,G,to the right,3,4.0,5
group103,6,6,1,G,legs are layed down,4,4.0,5
group103,6,6,1,G,then sitting up,3,4.0,5
group103,6,7,1,C,both arms up in the air,6,5.0,5
group103,6,7,1,C,diamond head,2,5.0,5
group103,6,7,1,C,slanted body,2,5.0,5
group103,6,7,1,C,leaning to the left,4,5.0,5
group103,6,7,1,C,no legs,2,5.0,5
group103,6,8,1,I,on one leg,3,4.0,5
group103,6,8,1,I,other leg pointing left,4,4.0,5
group103,6,8,1,I,sort of balancing,3,4.0,5
group103,6,8,1,I,to arms in front,4,4.0,5
group103,6,8,1,I,yes right sorry,3,4.0,5
group103,6,8,1,I,yes looks like a tail,5,4.0,5
group103,6,9,1,K,kneeling down,2,4.0,5
group103,6,9,1,K,facing to the right,4,4.0,5
group103,6,9,1,K,triangle at the feet,4,4.0,5
group103,6,9,1,K,triangle,1,4.0,5
group103,6,9,1,K,arms reaching out,3,4.0,5
group103,6,9,1,K,arms are just like flat down,6,4.0,5
group103,6,9,1,K,best way to describe it,5,4.0,5
group103,6,9,1,K,together,1,4.0,5
group103,6,9,1,K,diamond head,2,4.0,5
group103,6,9,1,K,diamond neck yes,3,4.0,5
group103,6,10,1,B,square and triangle on top of another triangle,8,1.0,5
group103,6,10,1,B,small triangle to the left,5,1.0,5
group103,6,10,1,B,Straight sided on the floor,5,1.0,5
group103,6,10,1,B,no legs,2,1.0,5
group103,6,10,1,B,sort of like and animal layed down,7,1.0,5
group103,6,10,1,B,out like a tail,4,1.0,5
group103,6,11,1,F,square head,2,5.0,5
group103,6,11,1,F,looks like someone sat on their bum haha,8,5.0,5
group103,6,11,1,F,legs bent upwards,3,5.0,5
group103,6,11,1,F,no arms,2,5.0,5
group103,6,11,1,F,legs facing the left,4,5.0,5
group103,6,11,1,F,yeah diamond sorry,3,5.0,5
group103,6,12,2,D,graduation to the left,4,1.0,5
group103,6,12,2,D,diamond head,2,1.0,5
group103,6,12,2,D,walking left no legs,4,1.0,5
group103,6,12,2,D,straight back,2,1.0,5
group103,6,13,2,A,running man to the right,5,2.0,5
group103,6,13,2,A,on one leg running to the right,7,2.0,5
group103,6,13,2,A,square head,2,2.0,5
group103,6,13,2,A,sound off,2,2.0,5
group103,6,13,2,A,arms behind and turning to the right,7,2.0,5
group103,6,13,2,A,like a beak in back with square head,8,2.0,5
group103,6,13,2,A,beak behind,2,2.0,5
group103,6,13,2,A,head leaning to the right,5,2.0,5
group103,6,13,2,A,on one foot,3,2.0,5
group103,6,13,2,A,beak in back head in front,6,2.0,5
group103,6,14,2,H,sitting praying no legs no arms,6,4.0,5
group103,6,14,2,H,diamond head,2,4.0,5
group103,6,14,2,H,sound off,2,4.0,5
group103,6,14,2,H,yes picked before,3,4.0,5
group103,6,14,2,H,maybe kneeling,2,4.0,5
group103,6,14,2,H,to right,2,4.0,5
group103,6,14,2,H,no hands,2,4.0,5
group103,6,14,2,H,THE KNEELER!,2,4.0,5
group103,6,14,2,H,straight body no hands,4,4.0,5
group103,6,15,2,E,RABBIT MAN!,2,5.0,5
group103,6,15,2,E,sitting with rabbit ears!,4,5.0,5
group103,6,15,2,E,facing right,2,5.0,5
group103,6,15,2,E,yep RABBIT MAN,3,5.0,5
group103,6,16,2,G,RECLINER MAN!,2,5.0,5
group103,6,16,2,G,legs flat,2,5.0,5
group103,6,17,2,I,BALANCE MAN!,2,5.0,5
group103,6,17,2,I,with a triangle tail,4,5.0,5
group103,6,17,2,I,arms to the left,4,5.0,5
group103,6,17,2,I,BALANCE MAN,2,5.0,5
group103,6,18,2,C,WORSHIPPER MAN!,2,2.0,5
group103,6,18,2,C,Diamond head,2,2.0,5
group103,6,18,2,C,arms outstretched up,3,2.0,5
group103,6,18,2,C,lean to the left,4,2.0,5
group103,6,18,2,C,standing and no legs,4,2.0,5
group103,6,18,2,C,let's call him PREACHER MAN,5,2.0,5
group103,6,18,2,C,all slanted,2,2.0,5
group103,6,18,2,C,looks like someone preaching,4,2.0,5
group103,6,18,2,C,one arm is rectangle,4,2.0,5
group103,6,19,2,K,diamond head hump back,4,3.0,5
group103,6,19,2,K,kneeling to the right,4,3.0,5
group103,6,19,2,K,arms out to the right,5,3.0,5
group103,6,19,2,K,Hump on back left,4,3.0,5
group103,6,19,2,K,more prage please?,3,3.0,5
group103,6,19,2,K,porage,1,3.0,5
group103,6,20,2,B,wears a tie kneeling,4,4.0,5
group103,6,20,2,B,white tie,2,4.0,5
group103,6,20,2,B,under triangle head,3,4.0,5
group103,6,20,2,B,diamond head sorry,3,4.0,5
group103,6,20,2,B,two yes,2,4.0,5
group103,6,20,2,B,white tie man,3,4.0,5
group103,6,20,2,B,give me a hug,4,4.0,5
group103,6,20,2,B,straight,1,4.0,5
group103,6,21,2,J,Straight back,2,4.0,5
group103,6,21,2,J,fat stomach,2,4.0,5
group103,6,21,2,J,fat man,2,4.0,5
group103,6,21,2,J,triangle foot,2,4.0,5
group103,6,21,2,J,to the right,3,4.0,5
group103,6,21,2,J,diamond head,2,4.0,5
group103,6,21,2,J,standing,1,4.0,5
group103,6,21,2,J,left,1,4.0,5
group103,6,21,2,J,one hand yes,3,4.0,5
group103,6,21,2,J,FAT MAN,2,4.0,5
group103,6,22,2,F,Diamond head,2,4.0,5
group103,6,22,2,F,tile to the left,4,4.0,5
group103,6,22,2,F,sitting with legs,3,4.0,5
group103,6,22,2,F,to the left,3,4.0,5
group103,6,22,2,F,sorry man,2,4.0,5
group103,6,22,2,F,I'm so sad,3,4.0,5
group103,6,22,2,F,thinking about things,3,4.0,5
group103,6,22,2,F,SIT MAN!,2,4.0,5
group103,6,23,2,L,serving to the right,4,5.0,5
group103,6,23,2,L,partially kneeling,2,5.0,5
group103,6,23,2,L,cup of tea? yes yes,5,5.0,5
group103,6,24,3,B,this one's white tie,4,4.0,5
group103,6,25,3,G,recliner man,2,3.0,5
group103,6,25,3,G,square head falling off to left,6,3.0,5
group103,6,25,3,G,triangle on opposite side to head,6,3.0,5
group103,6,25,3,G,hanging triangle at bottom right,5,3.0,5
group103,6,26,3,I,man with tail on right (is that balance man?),9,4.0,5
group103,6,26,3,I,two arms on left (triangles),5,4.0,5
group103,6,27,3,J,fat man,2,5.0,5
group103,6,27,3,J,diamond head on top of fat body,7,5.0,5
group103,6,27,3,J,arm pointing right,3,5.0,5
group103,6,27,3,J,triangle foot points right,4,5.0,5
group103,6,28,3,L,serving man,2,5.0,5
group103,6,28,3,L,partially kneeling,2,5.0,5
group103,6,28,3,L,arms point right,3,5.0,5
group103,6,29,3,C,body slanting to left,4,5.0,5
group103,6,29,3,C,arms outstretched,2,5.0,5
group103,6,29,3,C,both arms up,3,5.0,5
group103,6,29,3,C,body like parallelogram,3,5.0,5
group103,6,30,3,K,diamond head on top of diamond neck,7,4.0,5
group103,6,30,3,K,arms to right,3,4.0,5
group103,6,30,3,K,feet tucked up at left - triangle,7,4.0,5
group103,6,30,3,K,like server man - yes i see hunch back now ;-),11,4.0,5
group103,6,31,3,D,"standing, diamond head on triangle neck",6,5.0,5
group103,6,31,3,D,pointing left with square under arm (like wide sleeve),9,5.0,5
group103,6,31,3,D,no hat,2,5.0,5
group103,6,31,3,D,sounds good,2,5.0,5
group103,6,31,3,D,feet are triangle pointing left,5,5.0,5
group103,6,32,3,F,man sitting down facing left,5,5.0,5
group103,6,32,3,F,head barely connected to body,5,5.0,5
group103,6,32,3,F,"yes, looks sad",3,5.0,5
group103,6,32,3,F,no ears,2,5.0,5
group103,6,32,3,F,just tears,2,5.0,5
group103,6,33,3,E,"rabbit man, facing right",4,5.0,5
group103,6,33,3,E,sitting down,2,5.0,5
group103,6,34,3,A,beaky man kicking out to left,6,5.0,5
group103,6,34,3,A,square head rolling down back to right,7,5.0,5
group103,6,35,3,H,"sitting down, no arms no legs",6,4.0,5
group103,6,35,3,H,diamond head on triangle neck,5,4.0,5
group103,6,35,3,H,triangle at base pointing right,5,4.0,5
group103,6,35,3,H,not as fat as fat man,6,4.0,5
group103,6,36,4,B,Diamond head,2,4.0,5
group103,6,36,4,B,Triangle hand,2,4.0,5
group103,6,36,4,B,Sitting facing right,3,4.0,5
group103,6,36,4,B,Legs facing left,3,4.0,5
group103,6,36,4,B,Two hands scattered,3,4.0,5
group103,6,36,4,B,White tie man,3,4.0,5
group103,6,37,4,J,Fat man,2,5.0,5
group103,6,38,4,K,Diamond head,2,4.0,5
group103,6,38,4,K,Triangle neck,2,4.0,5
group103,6,38,4,K,Facing right,2,4.0,5
group103,6,38,4,K,Yes kneeling half way,4,4.0,5
group103,6,38,4,K,Hump back man,3,4.0,5
group103,6,39,4,D,Graduate man,2,5.0,5
group103,6,40,4,I,Balanced man,2,5.0,5
group103,6,41,4,L,Worship man,2,1.0,5
group103,6,41,4,L,Yes preacher,2,1.0,5
group103,6,42,4,C,Bird man,2,2.0,5
group103,6,42,4,C,Yes the one kneeling was the preacher man now,9,2.0,5
group103,6,42,4,C,Both hand up and spread,5,2.0,5
group103,6,42,4,C,No feet,2,2.0,5
group103,6,43,4,H,Second fat man,3,3.0,5
group103,6,43,4,H,Worm man,2,3.0,5
group104,6,0,1,F,sitting down,2,5.0,5
group104,6,0,1,F,head forward,2,5.0,5
group104,6,0,1,F,sideways on,2,5.0,5
group104,6,0,1,F,only see one leg,4,5.0,5
group104,6,1,1,H,cant see arms or legs,5,4.0,5
group104,6,1,1,H,triangle pointing sideways at bottom,5,4.0,5
group104,6,1,1,H,symmetrical except for bottom third,5,4.0,5
group104,6,1,1,H,not really,2,4.0,5
group104,6,1,1,H,straight sides,2,4.0,5
group104,6,1,1,H,neck a little lopsided,4,4.0,5
group104,6,2,1,E,sideways sitting down,3,5.0,5
group104,6,2,1,E,head tilted down,3,5.0,5
group104,6,2,1,E,two triangles sticking out of head,6,5.0,5
group104,6,2,1,E,no leg out,3,5.0,5
group104,6,3,1,J,diamond shape head,3,4.0,5
group104,6,3,1,J,straight left body,3,4.0,5
group104,6,3,1,J,one small arm sticking out on right,7,4.0,5
group104,6,3,1,J,left side of body right angle,6,4.0,5
group104,6,3,1,J,left,1,4.0,5
group104,6,4,1,D,holding object out to left,5,4.0,5
group104,6,4,1,D,left foot pointing out to left,6,4.0,5
group104,6,4,1,D,basket yes,2,4.0,5
group104,6,4,1,D,no feet in the air,5,4.0,5
group104,6,4,1,D,person just standing,3,4.0,5
group104,6,4,1,D,bottom corner right angle,4,4.0,5
group104,6,4,1,D,right corner,2,4.0,5
group104,6,5,1,B,middle of body looks like it's split open,8,4.0,5
group104,6,5,1,B,both arms out to the sides like flying,8,4.0,5
group104,6,5,1,B,kneeling down,2,4.0,5
group104,6,5,1,B,foot on left has flat bottom,6,4.0,5
group104,6,5,1,B,and slightly raised,3,4.0,5
group104,6,6,1,K,looks like a crocodile's mouth on the right,8,4.0,5
group104,6,6,1,K,bottom left right angle,4,4.0,5
group104,6,6,1,K,not sure which way facing,5,4.0,5
group104,6,6,1,K,or like pac man,4,4.0,5
group104,6,6,1,K,head is a diamond on top of another diamond,9,4.0,5
group104,6,7,1,C,person leaning to the left,5,5.0,5
group104,6,7,1,C,both arms up,3,5.0,5
group104,6,7,1,C,cant see legs,3,5.0,5
group104,6,7,1,C,bit like ghost,3,5.0,5
group104,6,7,1,C,slopsided ghost,2,5.0,5
group104,6,8,1,G,"sat down sideways on, one arm up one arm down",10,4.0,5
group104,6,8,1,G,arms both on the right,5,4.0,5
group104,6,8,1,G,"head square, central to image",5,4.0,5
group104,6,8,1,G,small trunk,2,4.0,5
group104,6,8,1,G,ie small waste,3,4.0,5
group104,6,8,1,G,flat along bottom,3,4.0,5
group104,6,9,1,I,ice skater with one leg up,6,5.0,5
group104,6,9,1,I,diamond for head,3,5.0,5
group104,6,9,1,I,two arms to the left,5,5.0,5
group104,6,10,1,A,head is as high as body,6,5.0,5
group104,6,10,1,A,one leg up,3,5.0,5
group104,6,10,1,A,one leg on floor,4,5.0,5
group104,6,10,1,A,karate kid,2,5.0,5
group104,6,11,1,L,bottom half looks like a zigzag,6,5.0,5
group104,6,11,1,L,one arm out to right,5,5.0,5
group104,6,11,1,L,diamond head,2,5.0,5
group104,6,12,2,J,diamond head,2,4.0,5
group104,6,12,2,J,right angle on left,4,4.0,5
group104,6,12,2,J,small arm on right side top,6,4.0,5
group104,6,12,2,J,bottom has a small foot facing right,7,4.0,5
group104,6,12,2,J,right angle left shoulder yeah,5,4.0,5
group104,6,13,2,A,standing with foot up,4,5.0,5
group104,6,13,2,A,left side,2,5.0,5
group104,6,13,2,A,square head on the right side,6,5.0,5
group104,6,13,2,A,standing on only one leg,5,5.0,5
group104,6,13,2,A,not the ice skater though,5,5.0,5
group104,6,14,2,K,this one not zig zag bottom,6,4.0,5
group104,6,14,2,K,but kneeling like in church,5,4.0,5
group104,6,14,2,K,facing to right,3,4.0,5
group104,6,14,2,K,yeah right angle bottom left,5,4.0,5
group104,6,14,2,K,has a little tail sticking straight up,7,4.0,5
group104,6,15,2,I,ice skater,2,5.0,5
group104,6,15,2,I,two arms left,3,5.0,5
group104,6,16,2,L,zig zag bottom in church facing right,7,5.0,5
group104,6,16,2,L,kneeling,1,5.0,5
group104,6,16,2,L,oh same one as before,5,5.0,5
group104,6,16,2,L,diamond head,2,5.0,5
group104,6,16,2,L,facing right,2,5.0,5
group104,6,16,2,L,looks like it's sitting,4,5.0,5
group104,6,17,2,D,facing left holding something,4,4.0,5
group104,6,17,2,D,standing,1,4.0,5
group104,6,17,2,D,maybe holding a basket,4,4.0,5
group104,6,18,2,E,bunny rabbit,2,5.0,5
group104,6,19,2,F,sitting down facing left,4,4.0,5
group104,6,19,2,F,one leg showing,3,4.0,5
group104,6,20,2,H,no arms,2,4.0,5
group104,6,20,2,H,diamond head,2,4.0,5
group104,6,20,2,H,looking to the left slightly,5,4.0,5
group104,6,20,2,H,has a small tail on the bottom right,8,4.0,5
group104,6,21,2,G,"head to the left, one arm is high and the other arm is lower",14,4.0,5
group104,6,21,2,G,the bottom is kind of large,6,4.0,5
group104,6,21,2,G,not the ghost one,4,4.0,5
group104,6,21,2,G,square head,2,4.0,5
group104,6,21,2,G,close to the center,4,4.0,5
group104,6,21,2,G,oh small waist,3,4.0,5
group104,6,22,2,C,ghost flying,2,4.0,5
group104,6,22,2,C,no legs,2,4.0,5
group104,6,22,2,C,two arms in the air,5,4.0,5
group104,6,23,2,B,this one is the little angel,6,5.0,5
group104,6,23,2,B,has a split in the body,6,5.0,5
group104,6,23,2,B,small triangle on the bottom left,6,5.0,5
group104,6,23,2,B,slightly above the ground,4,5.0,5
group104,6,23,2,B,yeah the triangles are on the top,7,5.0,5
group104,6,24,3,J,Standing figure,2,4.0,5
group104,6,24,3,J,Straight side on left,4,4.0,5
group104,6,24,3,J,Little triangle on right,4,4.0,5
group104,6,24,3,J,Diamond head,2,4.0,5
group104,6,25,3,H,No legs,2,4.0,5
group104,6,25,3,H,Diamond head,2,4.0,5
group104,6,25,3,H,Triangle tail on right,4,4.0,5
group104,6,25,3,H,No arms,2,4.0,5
group104,6,25,3,H,Yes to tail,3,4.0,5
group104,6,26,3,E,Bunny,1,5.0,5
group104,6,26,3,E,Sitting down,2,5.0,5
group104,6,27,3,I,Ice skater,2,4.0,5
group104,6,28,3,A,One foot down the other kicking up to left,9,5.0,5
group104,6,28,3,A,Square head,2,5.0,5
group104,6,28,3,A,Head same level as shoulder,5,5.0,5
group104,6,29,3,G,Sitting down one arm up one down,7,4.0,5
group104,6,29,3,G,Head square,2,4.0,5
group104,6,29,3,G,Arms to right,3,4.0,5
group104,6,29,3,G,Yes. Big bottom small waist.,5,4.0,5
group104,6,30,3,F,Sitting down one leg on left,6,4.0,5
group104,6,30,3,F,Head slightly forward,3,4.0,5
group104,6,30,3,F,No arms,2,4.0,5
group104,6,31,3,B,Split in body,3,5.0,5
group104,6,31,3,B,Flying nun/little angel,3,5.0,5
group104,6,31,3,B,Like a leg out to left which doesn't touch the ground,11,5.0,5
group104,6,32,3,L,Zig zag bottom,3,4.0,5
group104,6,32,3,L,In church,2,4.0,5
group104,6,32,3,L,Triangle arm on right,4,4.0,5
group104,6,33,3,C,Ghost,1,5.0,5
group104,6,33,3,C,Arms up,2,5.0,5
group104,6,34,3,K,Kneeling,1,4.0,5
group104,6,34,3,K,Facing right,2,4.0,5
group104,6,34,3,K,Right angle at bottom left,5,4.0,5
group104,6,34,3,K,Right angle bottom left,4,4.0,5
group104,6,35,3,D,Standing facing left,3,5.0,5
group104,6,35,3,D,Holding basket,2,5.0,5
group104,6,35,3,D,Right angle bottom right,4,5.0,5
group104,6,36,4,F,sitting down one leg out on left,7,5.0,5
group104,6,36,4,F,no arms,2,5.0,5
group104,6,36,4,F,head looking sorta down,4,5.0,5
group104,6,37,4,B,left not touching ground on bottom,6,3.0,5
group104,6,37,4,B,triangle on right,3,3.0,5
group104,6,37,4,B,head looking up,3,3.0,5
group104,6,37,4,B,sitting,1,3.0,5
group104,6,37,4,B,one arm out on left,5,3.0,5
group104,6,37,4,B,no kick,2,3.0,5
group104,6,37,4,B,left bottom slightly off ground,5,3.0,5
group104,6,37,4,B,pointy left bottom,3,3.0,5
group104,6,37,4,B,triangle on right barely touching,5,3.0,5
group104,6,37,4,B,the head,2,3.0,5
group104,6,38,4,A,kicking to left,3,4.0,5
group104,6,38,4,A,one leg on ground,4,4.0,5
group104,6,38,4,A,head same level as body,5,4.0,5
group104,6,39,4,I,ice skater,2,4.0,5
group104,6,39,4,I,two arms out on left,5,4.0,5
group104,6,40,4,E,rabbit,1,4.0,5
group104,6,41,4,C,ghost/flying thing,2,4.0,5
group104,6,41,4,C,arms out,2,4.0,5
group104,6,42,4,K,"diamond head, arm out on right",6,2.0,5
group104,6,42,4,K,right angle on left bottom,5,2.0,5
group104,6,42,4,K,pointing on left,3,2.0,5
group104,6,42,4,K,pointy,1,2.0,5
group104,6,42,4,K,not completely,2,2.0,5
group104,6,43,4,L,zig zag bottom,3,5.0,5
group104,6,43,4,L,arm out on right,4,5.0,5
group104,6,44,4,H,"no arms stubby ""tail"" on right",6,4.0,5
group104,6,45,4,G,crocodile,1,3.0,5
group104,6,45,4,G,square head,2,3.0,5
group104,6,45,4,G,no right angles except for head,6,3.0,5
group104,6,45,4,G,"square head, not tilted like the diamonds",7,3.0,5
group104,6,45,4,G,slightly tilted to the left,5,3.0,5
group104,6,45,4,G,small triangle on right almost not attached,7,3.0,5
group104,6,46,4,D,"priest sorta figure, tiny foot sticking out on bottom left",10,5.0,5
group104,6,46,4,D,straight on right,3,5.0,5
group104,6,46,4,D,right angle on bottom right,5,5.0,5
group104,6,46,4,D,diamond head,2,5.0,5
group104,6,47,4,J,very straight on left side,5,5.0,5
group104,6,47,4,J,tiny arm on right,4,5.0,5
group104,6,47,4,J,fairly square except for right,5,5.0,5
group104,6,47,4,J,diamond head,2,5.0,5
group104,6,47,4,J,right angle on bottom left,5,5.0,5
group104,6,48,5,H,kneeling down no legs no arms,6,5.0,5
group104,6,48,5,H,can just see maybe knee cap sticking out,8,5.0,5
group104,6,48,5,H,yes straight upper body,4,5.0,5
group104,6,48,5,H,there's only two images kneeling down and it's not the one with pac man,14,5.0,5
group104,6,48,5,H,yes diamond head,3,5.0,5
group104,6,49,5,C,the only ghost,3,5.0,5
group104,6,49,5,C,casper,1,5.0,5
group104,6,49,5,C,no legs,2,5.0,5
group104,6,50,5,E,the only rabbit on this page lol,7,5.0,5
group104,6,50,5,E,rabbit,1,5.0,5
group104,6,51,5,B,this is the one with the split in the body one tiny foot sticking out to the left,18,5.0,5
group104,6,52,5,A,this is the person kicking out one leg and is standing. I am not talking about the skater,18,5.0,5
group104,6,53,5,J,"this person is the thickest of them all diamond head, almost is a full square",15,4.0,5
group104,6,53,5,J,lol standing straight up,4,4.0,5
group104,6,53,5,J,straight on left side,4,4.0,5
group104,6,53,5,J,come guys its the thickest one lol,7,4.0,5
group104,6,53,5,J,in a good way,4,4.0,5
group104,6,54,5,I,"skater , blades of glory",5,5.0,5
group104,6,54,5,I,ice skater,2,5.0,5
group104,6,54,5,I,"arms out , one leg kicked out",7,5.0,5
group104,6,54,5,I,leaning forward could also be a yoga pose,8,5.0,5
group104,6,54,5,I,pose,1,5.0,5
group104,6,55,5,G,"this person is laying down , has that tiny little triangle of a tail sticking out , almost looks like the triangle is at the middle of this person's back",30,5.0,5
group104,6,55,5,G,it's a weird one to describe,6,5.0,5
group104,6,55,5,G,small waist thank you,4,5.0,5
group104,6,55,5,G,yes small waist,3,5.0,5
group104,6,55,5,G,the only one that has a small waist,8,5.0,5
group104,6,55,5,G,like a string bean,4,5.0,5
group104,6,56,5,D,"this person is standing straight up and is holding that basket , is what we all have been calling it",20,4.0,5
group104,6,57,5,F,this person has a square head and you can see one leg and is slightly leaning their head forward,19,5.0,5
group104,6,57,5,F,is sitting down,3,5.0,5
group104,6,57,5,F,leg to the left,4,5.0,5
group104,6,58,5,L,the only one with a zig zag bottom,8,5.0,5
group104,6,59,5,K,"ok so this women has pac man on her back and you can see her breast , that's what i have seen the whole time lol",26,3.0,5
group104,6,59,5,K,u cant miss pac man,5,3.0,5
group104,6,59,5,K,yeah but that's not pac man,6,3.0,5
group104,6,59,5,K,on the kneeling priest plus we did that one already,10,3.0,5
group104,6,60,6,L,it's the pac man but not the pack man,9,5.0,5
group104,6,60,6,L,it's the zig zag one,5,5.0,5
group104,6,61,6,C,ghost with arms out oup,5,4.0,5
group104,6,61,6,C,up,1,4.0,5
group104,6,62,6,F,sitting down,2,4.0,5
group104,6,62,6,F,leg out to left,4,4.0,5
group104,6,62,6,F,triangle square heat,3,4.0,5
group104,6,62,6,F,head,1,4.0,5
group104,6,63,6,H,the one with no arms and no legs,8,5.0,5
group104,6,63,6,H,straight sides pretty much,4,5.0,5
group104,6,63,6,H,triangle to right on bottom,5,5.0,5
group104,6,64,6,D,one with basket,3,5.0,5
group104,6,64,6,D,diamond head,2,5.0,5
group104,6,64,6,D,facing left,2,5.0,5
group104,6,65,6,I,ice skater,2,4.0,5
group104,6,66,6,K,priest pac man,3,5.0,5
group104,6,66,6,K,"sitting down, not the zig zag one",7,5.0,5
group104,6,67,6,A,the karate one,3,4.0,5
group104,6,68,6,G,the huge crocodile mouth,4,5.0,5
group104,6,68,6,G,triangle on bottom right and hexagon thing on upper right,10,5.0,5
group104,6,69,6,J,"straight edge along left side, wine glass shape on right side",11,4.0,5
group104,6,69,6,J,with diamond head,3,4.0,5
group104,6,69,6,J,thick one,2,4.0,5
group104,6,70,6,B,flying nun,2,4.0,5
group104,6,70,6,B,split on upper body,4,4.0,5
group104,6,70,6,B,triangle arms sticking out,4,4.0,5
group104,6,71,6,E,rabbit,1,4.0,5
group104,6,71,6,E,ears,1,4.0,5
